/*******************************************************************************
 * Size: 19 px
 * Bpp: 4
 * Opts: --no-compress --no-prefilter --bpp 4 --format lvgl --lv-include lvgl.h --size 19 --font fonts/Barlow-Medium.ttf -r 0x20-0x7E,0xB0,0x2022,0x2013,0x2019 --font fonts/FontAwesome5.woff -r 61441,61448,61451,61452,61453,61457,61459,61461,61465,61468,61473,61478,61479,61480,61502,61507,61512,61515,61516,61517,61521,61522,61523,61524,61543,61544,61550,61552,61553,61556,61559,61560,61561,61563,61587,61589,61636,61637,61639,61641,61664,61671,61674,61683,61724,61732,61787,61931,62016,62017,62018,62019,62020,62087,62099,62189,62212,62810,63426,63650,0xf004,0xf005,0xf015,0xf0ad,0xf095,0xf075,0xf0e0,0xf11e,0xf0c2,0xf185,0xf186,0xf6c4,0xf73d,0xf2dc,0xf0e7,0xf75f,0xf72e,0xf043,0xf554,0xf1b9,0xf54b,0xf279,0xf124,0xf4d7,0xf540,0xf06d,0xf05b,0xf3cd,0xf2c9,0xf017,0xf073,0xf1eb,0xf6c3,0xf740,0xf7ab,0xf0f2,0xf2b9,0xf1e6,0xf155,0xf0b1,0xf07a,0xf2e7,0xf3c5,0xf057,0xf00d,0xf058,0xf1da,0xf140 -o ../src/fonts/font_sm.c --lv-font-name font_sm
 ******************************************************************************/

#ifdef LV_LVGL_H_INCLUDE_SIMPLE
#include "lvgl.h"
#else
#include "lvgl.h"
#endif

#ifndef FONT_SM
#define FONT_SM 1
#endif

#if FONT_SM

/*-----------------
 *    BITMAPS
 *----------------*/

/*Store the image of the glyphs*/
static LV_ATTRIBUTE_LARGE_CONST const uint8_t glyph_bitmap[] = {
    /* U+0020 " " */

    /* U+0021 "!" */
    0xc, 0xf0, 0xc, 0xf0, 0xb, 0xf0, 0xb, 0xf0,
    0xb, 0xf0, 0xa, 0xf0, 0xa, 0xe0, 0xa, 0xe0,
    0x9, 0xe0, 0x0, 0x0, 0x0, 0x0, 0x4, 0x50,
    0x1f, 0xf3, 0xc, 0xd1,

    /* U+0022 "\"" */
    0x8f, 0x38, 0xf2, 0x7f, 0x27, 0xf2, 0x6f, 0x17,
    0xf1, 0x6f, 0x16, 0xf0, 0x2, 0x0, 0x20,

    /* U+0023 "#" */
    0x0, 0x7, 0x60, 0x2, 0x83, 0x0, 0x1, 0xfb,
    0x0, 0x7f, 0x50, 0x0, 0x5f, 0x80, 0xb, 0xf2,
    0x1, 0xff, 0xff, 0xff, 0xff, 0xf7, 0x9, 0xef,
    0xaa, 0xaf, 0xea, 0x40, 0xc, 0xf0, 0x2, 0xfa,
    0x0, 0x0, 0xee, 0x0, 0x4f, 0x80, 0x0, 0xf,
    0xc0, 0x6, 0xf6, 0x0, 0xcf, 0xff, 0xff, 0xff,
    0xfc, 0x7, 0xcf, 0xca, 0xae, 0xfa, 0x80, 0x7,
    0xf5, 0x0, 0xdf, 0x0, 0x0, 0xaf, 0x30, 0xf,
    0xc0, 0x0, 0xc, 0xf0, 0x2, 0xfa, 0x0, 0x0,

    /* U+0024 "$" */
    0x0, 0x0, 0x7f, 0x10, 0x0, 0x0, 0x0, 0x9f,
    0x20, 0x0, 0x0, 0x7f, 0xff, 0xfc, 0x20, 0x6,
    0xfc, 0x66, 0x9f, 0xf1, 0xc, 0xf0, 0x0, 0x6,
    0xf7, 0xd, 0xd0, 0x0, 0x1, 0xfa, 0xa, 0xf6,
    0x0, 0x0, 0x10, 0x1, 0xdf, 0xc6, 0x0, 0x0,
    0x0, 0x8, 0xff, 0xe7, 0x0, 0x0, 0x0, 0x6,
    0xdf, 0xc0, 0x1, 0x0, 0x0, 0x9, 0xf8, 0x1f,
    0x90, 0x0, 0x0, 0xfb, 0xf, 0xd0, 0x0, 0x1,
    0xfa, 0x9, 0xfc, 0x53, 0x5d, 0xf4, 0x0, 0x9f,
    0xff, 0xff, 0x70, 0x0, 0x1, 0x9f, 0x61, 0x0,
    0x0, 0x0, 0x6f, 0x20, 0x0,

    /* U+0025 "%" */
    0x3, 0xcf, 0xb1, 0x0, 0x4, 0xf1, 0x0, 0x1e,
    0x83, 0xac, 0x0, 0xc, 0x80, 0x0, 0x5d, 0x0,
    0xf, 0x20, 0x5f, 0x10, 0x0, 0x6c, 0x0, 0xf,
    0x20, 0xd7, 0x0, 0x0, 0x1f, 0x50, 0x8d, 0x6,
    0xe0, 0x0, 0x0, 0x5, 0xff, 0xd2, 0xe, 0x60,
    0x0, 0x0, 0x0, 0x1, 0x0, 0x7e, 0x0, 0x0,
    0x0, 0x0, 0x0, 0x0, 0xe5, 0x0, 0x0, 0x0,
    0x0, 0x0, 0x8, 0xd0, 0x1a, 0xec, 0x30, 0x0,
    0x0, 0x1f, 0x50, 0xcb, 0x38, 0xe1, 0x0, 0x0,
    0x9c, 0x2, 0xf1, 0x0, 0xd6, 0x0, 0x1, 0xf4,
    0x2, 0xf0, 0x0, 0xc6, 0x0, 0x9, 0xb0, 0x0,
    0xc8, 0x5, 0xf1, 0x0, 0x2f, 0x30, 0x0, 0x1b,
    0xfd, 0x40,

    /* U+0026 "&" */
    0x0, 0x8, 0xef, 0xc5, 0x0, 0x0, 0x0, 0x9f,
    0xeb, 0xff, 0x60, 0x0, 0x0, 0xfe, 0x0, 0x2f,
    0xc0, 0x0, 0x0, 0xfc, 0x0, 0xf, 0xd0, 0x0,
    0x0, 0xcf, 0x30, 0x7f, 0xa0, 0x0, 0x0, 0x3f,
    0xd8, 0xfe, 0x20, 0x0, 0x0, 0x9, 0xff, 0xd2,
    0x0, 0x0, 0x0, 0x6f, 0xff, 0x90, 0x0, 0x0,
    0x5, 0xff, 0x5c, 0xf5, 0x0, 0x60, 0xd, 0xf3,
    0x1, 0xef, 0x39, 0xf5, 0x1f, 0xc0, 0x0, 0x2f,
    0xff, 0xa0, 0xf, 0xe0, 0x0, 0xa, 0xff, 0x10,
    0x9, 0xfc, 0x78, 0xdf, 0xef, 0xa0, 0x0, 0x7d,
    0xff, 0xc6, 0x9, 0xf7,

    /* U+0027 "'" */
    0x8f, 0x47, 0xf3, 0x6f, 0x35, 0xf2, 0x1, 0x0,

    /* U+0028 "(" */
    0x0, 0x9, 0x80, 0x6, 0xf7, 0x0, 0xdf, 0x10,
    0x3f, 0xc0, 0x8, 0xf7, 0x0, 0xbf, 0x40, 0xe,
    0xf2, 0x0, 0xff, 0x10, 0xf, 0xf0, 0x0, 0xff,
    0x0, 0xf, 0xf1, 0x0, 0xdf, 0x30, 0x9, 0xf6,
    0x0, 0x5f, 0xa0, 0x0, 0xfe, 0x0, 0x9, 0xf5,
    0x0, 0x1f, 0xc0,

    /* U+0029 ")" */
    0x3a, 0x50, 0x0, 0xee, 0x0, 0x8, 0xf6, 0x0,
    0x3f, 0xc0, 0x0, 0xef, 0x10, 0xc, 0xf4, 0x0,
    0x9f, 0x70, 0x8, 0xf8, 0x0, 0x7f, 0x90, 0x8,
    0xf8, 0x0, 0x9f, 0x70, 0xb, 0xf5, 0x0, 0xef,
    0x20, 0x1f, 0xe0, 0x6, 0xf8, 0x0, 0xcf, 0x20,
    0x4f, 0x80, 0x0,

    /* U+002A "*" */
    0x0, 0xa, 0x40, 0x0, 0x16, 0xc, 0x51, 0x50,
    0x3e, 0xce, 0xbf, 0xa0, 0x0, 0xbf, 0xf5, 0x0,
    0x2c, 0xee, 0xdf, 0x70, 0x28, 0xc, 0x53, 0x80,
    0x0, 0xb, 0x40, 0x0,

    /* U+002B "+" */
    0x0, 0x1, 0xf7, 0x0, 0x0, 0x0, 0x1f, 0x70,
    0x0, 0x0, 0x1, 0xf7, 0x0, 0x2, 0x99, 0xaf,
    0xc9, 0x96, 0x4f, 0xff, 0xff, 0xff, 0xb0, 0x0,
    0x1f, 0x70, 0x0, 0x0, 0x1, 0xf7, 0x0, 0x0,
    0x0, 0x1f, 0x70, 0x0, 0x0, 0x0, 0x31, 0x0,
    0x0,

    /* U+002C "," */
    0x1a, 0x45, 0xf3, 0x7f, 0xa, 0xb0, 0xd7, 0x0,

    /* U+002D "-" */
    0x29, 0x99, 0x99, 0x84, 0xff, 0xff, 0xfe,

    /* U+002E "." */
    0x16, 0x19, 0xfb, 0x5f, 0x70,

    /* U+002F "/" */
    0x0, 0x0, 0x1f, 0xb0, 0x0, 0x6, 0xf6, 0x0,
    0x0, 0xcf, 0x10, 0x0, 0x1f, 0xc0, 0x0, 0x6,
    0xf6, 0x0, 0x0, 0xbf, 0x10, 0x0, 0x1f, 0xc0,
    0x0, 0x6, 0xf7, 0x0, 0x0, 0xbf, 0x10, 0x0,
    0x1f, 0xc0, 0x0, 0x6, 0xf7, 0x0, 0x0, 0xbf,
    0x20, 0x0, 0xf, 0xc0, 0x0, 0x5, 0xf7, 0x0,
    0x0,

    /* U+0030 "0" */
    0x1, 0xae, 0xfd, 0x80, 0x1, 0xef, 0xca, 0xef,
    0xb0, 0x8f, 0x80, 0x0, 0xcf, 0x4c, 0xf1, 0x0,
    0x5, 0xf8, 0xdf, 0x0, 0x0, 0x4f, 0x9d, 0xf0,
    0x0, 0x4, 0xf9, 0xdf, 0x0, 0x0, 0x4f, 0x9d,
    0xf0, 0x0, 0x4, 0xf9, 0xdf, 0x0, 0x0, 0x4f,
    0x9d, 0xf0, 0x0, 0x4, 0xf9, 0xcf, 0x10, 0x0,
    0x5f, 0x88, 0xf8, 0x0, 0xb, 0xf4, 0x1e, 0xfc,
    0xad, 0xfb, 0x0, 0x2a, 0xef, 0xd8, 0x0,

    /* U+0031 "1" */
    0x1, 0x8f, 0xf2, 0xf, 0xff, 0xf2, 0x9, 0x4a,
    0xf2, 0x0, 0xa, 0xf2, 0x0, 0xa, 0xf2, 0x0,
    0xa, 0xf2, 0x0, 0xa, 0xf2, 0x0, 0xa, 0xf2,
    0x0, 0xa, 0xf2, 0x0, 0xa, 0xf2, 0x0, 0xa,
    0xf2, 0x0, 0xa, 0xf2, 0x0, 0xa, 0xf2, 0x0,
    0xa, 0xf2,

    /* U+0032 "2" */
    0x0, 0x4c, 0xff, 0xb3, 0x0, 0x4, 0xff, 0xbb,
    0xff, 0x40, 0xd, 0xf3, 0x0, 0x3f, 0xc0, 0xf,
    0xd0, 0x0, 0xe, 0xf0, 0x7, 0x60, 0x0, 0x1f,
    0xe0, 0x0, 0x0, 0x0, 0x8f, 0x80, 0x0, 0x0,
    0x3, 0xfe, 0x10, 0x0, 0x0, 0x1d, 0xf5, 0x0,
    0x0, 0x0, 0xbf, 0x90, 0x0, 0x0, 0x8, 0xfc,
    0x0, 0x0, 0x0, 0x5f, 0xe1, 0x0, 0x0, 0x3,
    0xff, 0x20, 0x0, 0x0, 0xd, 0xfd, 0xaa, 0xaa,
    0xa3, 0xf, 0xff, 0xff, 0xff, 0xf5,

    /* U+0033 "3" */
    0xf, 0xff, 0xff, 0xff, 0xb0, 0xaa, 0xaa, 0xaf,
    0xfb, 0x0, 0x0, 0x7, 0xfe, 0x20, 0x0, 0x5,
    0xff, 0x30, 0x0, 0x3, 0xff, 0x50, 0x0, 0x0,
    0xdf, 0xf9, 0x20, 0x0, 0x5, 0x88, 0xfe, 0x10,
    0x0, 0x0, 0x6, 0xf8, 0x0, 0x0, 0x0, 0x1f,
    0xc0, 0x74, 0x0, 0x0, 0xfd, 0x1f, 0xc0, 0x0,
    0x1f, 0xc0, 0xcf, 0x30, 0x8, 0xf8, 0x4, 0xff,
    0xab, 0xfe, 0x10, 0x3, 0xbf, 0xea, 0x20,

    /* U+0034 "4" */
    0x0, 0x0, 0x8f, 0x60, 0x0, 0x0, 0x0, 0xef,
    0x0, 0x0, 0x0, 0x5, 0xf9, 0x0, 0x0, 0x0,
    0xc, 0xf2, 0x0, 0x0, 0x0, 0x2f, 0xc0, 0x0,
    0x0, 0x0, 0x9f, 0x50, 0x7, 0x40, 0x0, 0xfe,
    0x0, 0x2f, 0xb0, 0x6, 0xf8, 0x0, 0x2f, 0xb0,
    0xd, 0xf2, 0x0, 0x2f, 0xb0, 0x2f, 0xff, 0xff,
    0xff, 0xfb, 0x1b, 0xbb, 0xbb, 0xbf, 0xe8, 0x0,
    0x0, 0x0, 0x2f, 0xb0, 0x0, 0x0, 0x0, 0x2f,
    0xb0, 0x0, 0x0, 0x0, 0x2f, 0xa0,

    /* U+0035 "5" */
    0xdf, 0xff, 0xff, 0xf9, 0xe, 0xf9, 0x99, 0x99,
    0x50, 0xee, 0x0, 0x0, 0x0, 0xe, 0xe0, 0x0,
    0x0, 0x0, 0xee, 0x0, 0x0, 0x0, 0xe, 0xe2,
    0x79, 0x60, 0x0, 0xef, 0xff, 0xff, 0xe2, 0xe,
    0xf9, 0x10, 0x8f, 0xb0, 0x56, 0x0, 0x0, 0xef,
    0x0, 0x0, 0x0, 0xc, 0xf0, 0x9a, 0x0, 0x0,
    0xdf, 0x9, 0xf6, 0x0, 0x4f, 0xc0, 0x2e, 0xfb,
    0xaf, 0xf4, 0x0, 0x2a, 0xef, 0xb3, 0x0,

    /* U+0036 "6" */
    0x3, 0xbe, 0xfb, 0x30, 0x4, 0xff, 0xbb, 0xff,
    0x20, 0xcf, 0x50, 0x6, 0xfa, 0xe, 0xf0, 0x0,
    0x1f, 0xc0, 0xee, 0x0, 0x0, 0x10, 0xe, 0xe1,
    0x68, 0x60, 0x0, 0xef, 0xef, 0xff, 0xe1, 0xe,
    0xfb, 0x11, 0x9f, 0xa0, 0xef, 0x10, 0x0, 0xef,
    0xe, 0xe0, 0x0, 0xb, 0xf1, 0xdf, 0x0, 0x0,
    0xdf, 0x9, 0xf6, 0x0, 0x3f, 0xc0, 0x1e, 0xfb,
    0xaf, 0xf4, 0x0, 0x2a, 0xef, 0xc4, 0x0,

    /* U+0037 "7" */
    0x6f, 0xff, 0xff, 0xff, 0xc6, 0xfb, 0xaa, 0xab,
    0xfb, 0x4c, 0x10, 0x0, 0x7f, 0x70, 0x0, 0x0,
    0xd, 0xf1, 0x0, 0x0, 0x3, 0xfc, 0x0, 0x0,
    0x0, 0x8f, 0x60, 0x0, 0x0, 0xe, 0xf1, 0x0,
    0x0, 0x4, 0xfb, 0x0, 0x0, 0x0, 0x9f, 0x50,
    0x0, 0x0, 0xf, 0xf0, 0x0, 0x0, 0x5, 0xfa,
    0x0, 0x0, 0x0, 0xaf, 0x40, 0x0, 0x0, 0x1f,
    0xe0, 0x0, 0x0, 0x6, 0xf8, 0x0, 0x0,

    /* U+0038 "8" */
    0x0, 0x2b, 0xff, 0xb2, 0x0, 0x2, 0xef, 0xbb,
    0xfe, 0x20, 0x9, 0xf6, 0x0, 0x6f, 0x90, 0xc,
    0xf0, 0x0, 0xf, 0xc0, 0xb, 0xf1, 0x0, 0x2f,
    0xb0, 0x5, 0xfc, 0x33, 0xcf, 0x40, 0x0, 0xaf,
    0xff, 0xf9, 0x0, 0x4, 0xfd, 0x66, 0xdf, 0x40,
    0xc, 0xf1, 0x0, 0x1f, 0xc0, 0xf, 0xd0, 0x0,
    0xd, 0xf0, 0xf, 0xe0, 0x0, 0xe, 0xf0, 0xc,
    0xf5, 0x0, 0x5f, 0xc0, 0x3, 0xff, 0xbb, 0xff,
    0x40, 0x0, 0x4b, 0xff, 0xb3, 0x0,

    /* U+0039 "9" */
    0x0, 0x4c, 0xfe, 0xa2, 0x0, 0x4f, 0xfb, 0xbf,
    0xe1, 0xc, 0xf4, 0x0, 0x7f, 0x80, 0xfd, 0x0,
    0x0, 0xfc, 0x1f, 0xb0, 0x0, 0xf, 0xe0, 0xfd,
    0x0, 0x0, 0xfe, 0xc, 0xf3, 0x0, 0x6f, 0xe0,
    0x5f, 0xfa, 0xaf, 0xfe, 0x0, 0x5d, 0xfd, 0x6f,
    0xe0, 0x0, 0x0, 0x0, 0xfe, 0xa, 0xc0, 0x0,
    0xf, 0xe0, 0xbf, 0x50, 0x4, 0xfb, 0x4, 0xff,
    0xbb, 0xff, 0x40, 0x4, 0xcf, 0xeb, 0x30,

    /* U+003A ":" */
    0xae, 0x3e, 0xf6, 0x36, 0x0, 0x0, 0x0, 0x0,
    0x0, 0x26, 0xe, 0xf6, 0xae, 0x30,

    /* U+003B ";" */
    0x8, 0x80, 0x4f, 0xf5, 0x1d, 0xd1, 0x0, 0x0,
    0x0, 0x0, 0x0, 0x0, 0x6, 0x70, 0xd, 0xb0,
    0xf, 0x70, 0x1f, 0x40, 0x3f, 0x10,

    /* U+003C "<" */
    0x0, 0x0, 0x0, 0x3, 0x70, 0x0, 0x0, 0x4c,
    0xfb, 0x0, 0x6, 0xdf, 0xe8, 0x10, 0x7e, 0xfd,
    0x60, 0x0, 0x5f, 0xe5, 0x0, 0x0, 0x3, 0xef,
    0xc5, 0x0, 0x0, 0x0, 0x6d, 0xfe, 0x71, 0x0,
    0x0, 0x5, 0xdf, 0xf7, 0x0, 0x0, 0x0, 0x4c,
    0xb0, 0x0, 0x0, 0x0, 0x1,

    /* U+003D "=" */
    0x29, 0x99, 0x99, 0x99, 0x64, 0xff, 0xff, 0xff,
    0xfb, 0x0, 0x0, 0x0, 0x0, 0x0, 0x0, 0x0,
    0x0, 0x0, 0x29, 0x99, 0x99, 0x99, 0x64, 0xff,
    0xff, 0xff, 0xfb,

    /* U+003E ">" */
    0x36, 0x0, 0x0, 0x0, 0x5, 0xfe, 0x81, 0x0,
    0x0, 0x5, 0xcf, 0xf9, 0x10, 0x0, 0x0, 0x3b,
    0xff, 0xa2, 0x0, 0x0, 0x2, 0xaf, 0xb0, 0x0,
    0x2, 0x9f, 0xf8, 0x0, 0x4b, 0xff, 0x92, 0x2,
    0xdf, 0xf8, 0x10, 0x0, 0x5e, 0x71, 0x0, 0x0,
    0x1, 0x0, 0x0, 0x0, 0x0,

    /* U+003F "?" */
    0x0, 0x7d, 0xfd, 0x80, 0x0, 0x9f, 0xeb, 0xef,
    0xc0, 0x1f, 0xd0, 0x0, 0xcf, 0x44, 0xf8, 0x0,
    0x6, 0xf6, 0x15, 0x20, 0x0, 0x9f, 0x50, 0x0,
    0x0, 0x6f, 0xe0, 0x0, 0x0, 0x7f, 0xe3, 0x0,
    0x0, 0x5f, 0xd1, 0x0, 0x0, 0xa, 0xf4, 0x0,
    0x0, 0x0, 0x9f, 0x20, 0x0, 0x0, 0x0, 0x0,
    0x0, 0x0, 0x0, 0x36, 0x0, 0x0, 0x0, 0xf,
    0xf5, 0x0, 0x0, 0x0, 0xbe, 0x20, 0x0,

    /* U+0040 "@" */
    0x0, 0x0, 0x4a, 0xdf, 0xeb, 0x40, 0x0, 0x0,
    0x1b, 0xe9, 0x53, 0x49, 0xfa, 0x0, 0x1, 0xdb,
    0x10, 0x0, 0x0, 0x3e, 0x80, 0xb, 0xb0, 0x0,
    0x0, 0x0, 0x5, 0xf1, 0x4f, 0x10, 0x1a, 0xec,
    0xb9, 0x0, 0xf6, 0xaa, 0x0, 0xbc, 0x37, 0xf7,
    0x0, 0xc8, 0xd7, 0x1, 0xf2, 0x0, 0xf5, 0x0,
    0xc8, 0xf5, 0x4, 0xf0, 0x1, 0xf3, 0x0, 0xe6,
    0xe5, 0x6, 0xd0, 0x4, 0xf2, 0x2, 0xf2, 0xc8,
    0x4, 0xf3, 0x1c, 0xf7, 0x1b, 0xb0, 0x8d, 0x0,
    0xaf, 0xfb, 0x9f, 0xfd, 0x20, 0x1f, 0x80, 0x1,
    0x10, 0x1, 0x20, 0x0, 0x5, 0xfb, 0x41, 0x13,
    0x76, 0x0, 0x0, 0x0, 0x3b, 0xff, 0xff, 0xb4,
    0x0, 0x0, 0x0, 0x0, 0x2, 0x20, 0x0, 0x0,
    0x0,

    /* U+0041 "A" */
    0x0, 0x0, 0x4f, 0xf3, 0x0, 0x0, 0x0, 0x0,
    0xaf, 0xf8, 0x0, 0x0, 0x0, 0x0, 0xee, 0xfd,
    0x0, 0x0, 0x0, 0x3, 0xf9, 0xaf, 0x20, 0x0,
    0x0, 0x8, 0xf4, 0x5f, 0x70, 0x0, 0x0, 0xd,
    0xf0, 0x1f, 0xc0, 0x0, 0x0, 0x2f, 0xb0, 0xc,
    0xf1, 0x0, 0x0, 0x7f, 0x60, 0x7, 0xf6, 0x0,
    0x0, 0xcf, 0x10, 0x2, 0xfb, 0x0, 0x1, 0xfd,
    0x0, 0x0, 0xef, 0x0, 0x6, 0xff, 0xff, 0xff,
    0xff, 0x50, 0xa, 0xf9, 0x88, 0x88, 0x9f, 0xa0,
    0xf, 0xe0, 0x0, 0x0, 0xf, 0xe0, 0x4f, 0xa0,
    0x0, 0x0, 0xa, 0xf3,

    /* U+0042 "B" */
    0x6f, 0xff, 0xff, 0xd8, 0x0, 0x7f, 0xc9, 0x9a,
    0xef, 0xd0, 0x7f, 0x60, 0x0, 0xc, 0xf4, 0x7f,
    0x60, 0x0, 0x6, 0xf7, 0x7f, 0x60, 0x0, 0x5,
    0xf6, 0x7f, 0x60, 0x0, 0xc, 0xe1, 0x7f, 0xb9,
    0x9a, 0xdd, 0x20, 0x7f, 0xff, 0xff, 0xff, 0x90,
    0x7f, 0x60, 0x0, 0x3d, 0xf4, 0x7f, 0x60, 0x0,
    0x4, 0xf9, 0x7f, 0x60, 0x0, 0x3, 0xf9, 0x7f,
    0x60, 0x0, 0xa, 0xf7, 0x7f, 0xca, 0xaa, 0xdf,
    0xd0, 0x6f, 0xff, 0xff, 0xd8, 0x10,

    /* U+0043 "C" */
    0x0, 0x7d, 0xfe, 0xb4, 0x0, 0xb, 0xfe, 0xab,
    0xff, 0x60, 0x5f, 0xb0, 0x0, 0x2f, 0xf1, 0xaf,
    0x20, 0x0, 0x8, 0xf5, 0xcf, 0x0, 0x0, 0x3,
    0x93, 0xcf, 0x0, 0x0, 0x0, 0x0, 0xcf, 0x0,
    0x0, 0x0, 0x0, 0xcf, 0x0, 0x0, 0x0, 0x0,
    0xcf, 0x0, 0x0, 0x0, 0x0, 0xcf, 0x0, 0x0,
    0x3, 0x93, 0xaf, 0x20, 0x0, 0x8, 0xf5, 0x5f,
    0xb0, 0x0, 0x2f, 0xf1, 0xb, 0xfe, 0xab, 0xff,
    0x60, 0x0, 0x7d, 0xfe, 0xb4, 0x0,

    /* U+0044 "D" */
    0x6f, 0xff, 0xff, 0xd8, 0x0, 0x7f, 0xc9, 0x9a,
    0xdf, 0xc0, 0x7f, 0x60, 0x0, 0xb, 0xf6, 0x7f,
    0x60, 0x0, 0x4, 0xfa, 0x7f, 0x60, 0x0, 0x2,
    0xfa, 0x7f, 0x60, 0x0, 0x2, 0xfa, 0x7f, 0x60,
    0x0, 0x2, 0xfa, 0x7f, 0x60, 0x0, 0x2, 0xfa,
    0x7f, 0x60, 0x0, 0x2, 0xfa, 0x7f, 0x60, 0x0,
    0x2, 0xfa, 0x7f, 0x60, 0x0, 0x4, 0xfa, 0x7f,
    0x60, 0x0, 0xc, 0xf6, 0x7f, 0xca, 0xaa, 0xef,
    0xc0, 0x6f, 0xff, 0xff, 0xd8, 0x0,

    /* U+0045 "E" */
    0x6f, 0xff, 0xff, 0xff, 0xf5, 0x7f, 0xc9, 0x99,
    0x99, 0x93, 0x7f, 0x60, 0x0, 0x0, 0x0, 0x7f,
    0x60, 0x0, 0x0, 0x0, 0x7f, 0x60, 0x0, 0x0,
    0x0, 0x7f, 0x60, 0x0, 0x0, 0x0, 0x7f, 0xca,
    0xaa, 0xa2, 0x0, 0x7f, 0xff, 0xff, 0xf4, 0x0,
    0x7f, 0x60, 0x0, 0x0, 0x0, 0x7f, 0x60, 0x0,
    0x0, 0x0, 0x7f, 0x60, 0x0, 0x0, 0x0, 0x7f,
    0x60, 0x0, 0x0, 0x0, 0x7f, 0xca, 0xaa, 0xaa,
    0xa3, 0x6f, 0xff, 0xff, 0xff, 0xf5,

    /* U+0046 "F" */
    0x6f, 0xff, 0xff, 0xff, 0xf5, 0x7f, 0xc9, 0x99,
    0x99, 0x93, 0x7f, 0x60, 0x0, 0x0, 0x0, 0x7f,
    0x60, 0x0, 0x0, 0x0, 0x7f, 0x60, 0x0, 0x0,
    0x0, 0x7f, 0x60, 0x0, 0x0, 0x0, 0x7f, 0xca,
    0xaa, 0xa2, 0x0, 0x7f, 0xff, 0xff, 0xf3, 0x0,
    0x7f, 0x60, 0x0, 0x0, 0x0, 0x7f, 0x60, 0x0,
    0x0, 0x0, 0x7f, 0x60, 0x0, 0x0, 0x0, 0x7f,
    0x60, 0x0, 0x0, 0x0, 0x7f, 0x60, 0x0, 0x0,
    0x0, 0x6f, 0x50, 0x0, 0x0, 0x0,

    /* U+0047 "G" */
    0x0, 0x7d, 0xfe, 0xb3, 0x0, 0xb, 0xfe, 0xab,
    0xff, 0x50, 0x5f, 0xb0, 0x0, 0x3f, 0xf0, 0xaf,
    0x30, 0x0, 0x8, 0xf5, 0xcf, 0x0, 0x0, 0x5,
    0xd5, 0xcf, 0x0, 0x0, 0x0, 0x0, 0xcf, 0x0,
    0x0, 0x0, 0x0, 0xcf, 0x0, 0x2f, 0xff, 0xf6,
    0xcf, 0x0, 0x1a, 0xac, 0xf7, 0xcf, 0x0, 0x0,
    0x6, 0xf7, 0xaf, 0x30, 0x0, 0x7, 0xf5, 0x5f,
    0xb0, 0x0, 0x1d, 0xf1, 0xb, 0xfe, 0xbb, 0xff,
    0x70, 0x0, 0x7d, 0xff, 0xc5, 0x0,

    /* U+0048 "H" */
    0x6f, 0x50, 0x0, 0x0, 0xfb, 0x7f, 0x60, 0x0,
    0x0, 0xfc, 0x7f, 0x60, 0x0, 0x0, 0xfc, 0x7f,
    0x60, 0x0, 0x0, 0xfc, 0x7f, 0x60, 0x0, 0x0,
    0xfc, 0x7f, 0x60, 0x0, 0x0, 0xfc, 0x7f, 0xcb,
    0xbb, 0xbb, 0xfc, 0x7f, 0xff, 0xff, 0xff, 0xfc,
    0x7f, 0x60, 0x0, 0x0, 0xfc, 0x7f, 0x60, 0x0,
    0x0, 0xfc, 0x7f, 0x60, 0x0, 0x0, 0xfc, 0x7f,
    0x60, 0x0, 0x0, 0xfc, 0x7f, 0x60, 0x0, 0x0,
    0xfc, 0x6f, 0x50, 0x0, 0x0, 0xfb,

    /* U+0049 "I" */
    0x6f, 0x57, 0xf6, 0x7f, 0x67, 0xf6, 0x7f, 0x67,
    0xf6, 0x7f, 0x67, 0xf6, 0x7f, 0x67, 0xf6, 0x7f,
    0x67, 0xf6, 0x7f, 0x66, 0xf5,

    /* U+004A "J" */
    0x0, 0x0, 0x0, 0x5, 0xf6, 0x0, 0x0, 0x0,
    0x6, 0xf7, 0x0, 0x0, 0x0, 0x6, 0xf7, 0x0,
    0x0, 0x0, 0x6, 0xf7, 0x0, 0x0, 0x0, 0x6,
    0xf7, 0x0, 0x0, 0x0, 0x6, 0xf7, 0x0, 0x0,
    0x0, 0x6, 0xf7, 0x0, 0x0, 0x0, 0x6, 0xf7,
    0x6d, 0x30, 0x0, 0x6, 0xf7, 0x8f, 0x40, 0x0,
    0x6, 0xf6, 0x7f, 0x60, 0x0, 0x8, 0xf5, 0x2f,
    0xd1, 0x0, 0x2e, 0xf1, 0x8, 0xfe, 0xab, 0xff,
    0x70, 0x0, 0x5c, 0xff, 0xc4, 0x0,

    /* U+004B "K" */
    0x6f, 0x50, 0x0, 0x6, 0xfa, 0x7, 0xf6, 0x0,
    0x4, 0xfd, 0x0, 0x7f, 0x60, 0x2, 0xef, 0x20,
    0x7, 0xf6, 0x1, 0xdf, 0x40, 0x0, 0x7f, 0x60,
    0xbf, 0x70, 0x0, 0x7, 0xf6, 0x9f, 0xa0, 0x0,
    0x0, 0x7f, 0xcf, 0xfb, 0x0, 0x0, 0x7, 0xff,
    0xdc, 0xf5, 0x0, 0x0, 0x7f, 0xe1, 0x2f, 0xe0,
    0x0, 0x7, 0xf6, 0x0, 0x8f, 0x90, 0x0, 0x7f,
    0x60, 0x0, 0xdf, 0x30, 0x7, 0xf6, 0x0, 0x4,
    0xfd, 0x0, 0x7f, 0x60, 0x0, 0xa, 0xf7, 0x6,
    0xf5, 0x0, 0x0, 0x1e, 0xf1,

    /* U+004C "L" */
    0x6f, 0x50, 0x0, 0x0, 0x0, 0x7f, 0x60, 0x0,
    0x0, 0x0, 0x7f, 0x60, 0x0, 0x0, 0x0, 0x7f,
    0x60, 0x0, 0x0, 0x0, 0x7f, 0x60, 0x0, 0x0,
    0x0, 0x7f, 0x60, 0x0, 0x0, 0x0, 0x7f, 0x60,
    0x0, 0x0, 0x0, 0x7f, 0x60, 0x0, 0x0, 0x0,
    0x7f, 0x60, 0x0, 0x0, 0x0, 0x7f, 0x60, 0x0,
    0x0, 0x0, 0x7f, 0x60, 0x0, 0x0, 0x0, 0x7f,
    0x60, 0x0, 0x0, 0x0, 0x7f, 0xca, 0xaa, 0xaa,
    0xa1, 0x6f, 0xff, 0xff, 0xff, 0xf2,

    /* U+004D "M" */
    0x6f, 0xa0, 0x0, 0x0, 0x1f, 0xf0, 0x7f, 0xf4,
    0x0, 0x0, 0xbf, 0xf0, 0x7f, 0xfe, 0x0, 0x5,
    0xff, 0xf0, 0x7f, 0xef, 0x90, 0x1e, 0xfe, 0xf0,
    0x7f, 0x6e, 0xf3, 0x9f, 0x8c, 0xf0, 0x7f, 0x64,
    0xfe, 0xfd, 0xc, 0xf0, 0x7f, 0x60, 0xaf, 0xf4,
    0xc, 0xf0, 0x7f, 0x60, 0x1e, 0x90, 0xc, 0xf0,
    0x7f, 0x60, 0x0, 0x0, 0xc, 0xf0, 0x7f, 0x60,
    0x0, 0x0, 0xc, 0xf0, 0x7f, 0x60, 0x0, 0x0,
    0xc, 0xf0, 0x7f, 0x60, 0x0, 0x0, 0xc, 0xf0,
    0x7f, 0x60, 0x0, 0x0, 0xc, 0xf0, 0x6f, 0x50,
    0x0, 0x0, 0xc, 0xf0,

    /* U+004E "N" */
    0x6f, 0x90, 0x0, 0x0, 0x9f, 0x27, 0xff, 0x20,
    0x0, 0x9, 0xf3, 0x7f, 0xfb, 0x0, 0x0, 0x9f,
    0x37, 0xfe, 0xf5, 0x0, 0x9, 0xf3, 0x7f, 0x7f,
    0xd0, 0x0, 0x9f, 0x37, 0xf5, 0x7f, 0x70, 0x9,
    0xf3, 0x7f, 0x50, 0xdf, 0x10, 0x9f, 0x37, 0xf5,
    0x4, 0xfa, 0x9, 0xf3, 0x7f, 0x50, 0xb, 0xf3,
    0x9f, 0x37, 0xf5, 0x0, 0x2f, 0xc9, 0xf3, 0x7f,
    0x50, 0x0, 0x8f, 0xef, 0x37, 0xf5, 0x0, 0x0,
    0xef, 0xf3, 0x7f, 0x50, 0x0, 0x6, 0xff, 0x36,
    0xf5, 0x0, 0x0, 0xc, 0xf2,

    /* U+004F "O" */
    0x0, 0x6c, 0xfe, 0xb4, 0x0, 0xa, 0xfe, 0xab,
    0xff, 0x60, 0x4f, 0xc1, 0x0, 0x2e, 0xf2, 0xaf,
    0x30, 0x0, 0x7, 0xf7, 0xcf, 0x0, 0x0, 0x4,
    0xf9, 0xcf, 0x0, 0x0, 0x3, 0xf9, 0xcf, 0x0,
    0x0, 0x3, 0xf9, 0xcf, 0x0, 0x0, 0x3, 0xf9,
    0xcf, 0x0, 0x0, 0x3, 0xf9, 0xcf, 0x0, 0x0,
    0x3, 0xf9, 0xaf, 0x30, 0x0, 0x6, 0xf7, 0x4f,
    0xc0, 0x0, 0x2e, 0xf2, 0xa, 0xfe, 0xab, 0xff,
    0x70, 0x0, 0x6c, 0xfe, 0xb4, 0x0,

    /* U+0050 "P" */
    0x8f, 0xff, 0xff, 0xe9, 0x10, 0x9f, 0xb9, 0x99,
    0xdf, 0xd0, 0x9f, 0x40, 0x0, 0xa, 0xf6, 0x9f,
    0x40, 0x0, 0x4, 0xf9, 0x9f, 0x40, 0x0, 0x3,
    0xf9, 0x9f, 0x40, 0x0, 0xa, 0xf6, 0x9f, 0xa8,
    0x89, 0xcf, 0xd0, 0x9f, 0xff, 0xff, 0xe9, 0x10,
    0x9f, 0x40, 0x0, 0x0, 0x0, 0x9f, 0x40, 0x0,
    0x0, 0x0, 0x9f, 0x40, 0x0, 0x0, 0x0, 0x9f,
    0x40, 0x0, 0x0, 0x0, 0x9f, 0x40, 0x0, 0x0,
    0x0, 0x8f, 0x30, 0x0, 0x0, 0x0,

    /* U+0051 "Q" */
    0x0, 0x8, 0xdf, 0xe9, 0x10, 0x0, 0xd, 0xfd,
    0xad, 0xfe, 0x10, 0x8, 0xf9, 0x0, 0x8, 0xf9,
    0x0, 0xef, 0x0, 0x0, 0xe, 0xe0, 0xf, 0xd0,
    0x0, 0x0, 0xcf, 0x0, 0xfd, 0x0, 0x0, 0xc,
    0xf1, 0xf, 0xd0, 0x0, 0x0, 0xcf, 0x10, 0xfd,
    0x0, 0x0, 0xc, 0xf1, 0xf, 0xd0, 0x0, 0x0,
    0xcf, 0x10, 0xfd, 0x0, 0x0, 0xc, 0xf0, 0xe,
    0xf0, 0x0, 0x0, 0xee, 0x0, 0x9f, 0x80, 0x0,
    0x7f, 0xa0, 0x1, 0xef, 0xc9, 0xcf, 0xe2, 0x0,
    0x1, 0x9e, 0xfe, 0x91, 0x0, 0x0, 0x0, 0x6f,
    0x70, 0x0, 0x0, 0x0, 0x5, 0xf6, 0x0, 0x0,

    /* U+0052 "R" */
    0x6f, 0xff, 0xff, 0xea, 0x10, 0x7f, 0xc9, 0x99,
    0xdf, 0xd0, 0x7f, 0x60, 0x0, 0xa, 0xf6, 0x7f,
    0x60, 0x0, 0x3, 0xf9, 0x7f, 0x60, 0x0, 0x3,
    0xf9, 0x7f, 0x60, 0x0, 0x9, 0xf6, 0x7f, 0xb8,
    0x88, 0xcf, 0xd0, 0x7f, 0xff, 0xff, 0xf9, 0x10,
    0x7f, 0x60, 0x8, 0xf4, 0x0, 0x7f, 0x60, 0x1,
    0xfc, 0x0, 0x7f, 0x60, 0x0, 0x9f, 0x30, 0x7f,
    0x60, 0x0, 0x2f, 0xb0, 0x7f, 0x60, 0x0, 0xa,
    0xf2, 0x6f, 0x50, 0x0, 0x3, 0xf9,

    /* U+0053 "S" */
    0x0, 0x2a, 0xdf, 0xea, 0x20, 0x0, 0x3f, 0xfb,
    0xac, 0xff, 0x40, 0xb, 0xf4, 0x0, 0x5, 0xfd,
    0x0, 0xdf, 0x0, 0x0, 0xc, 0xf1, 0xb, 0xf3,
    0x0, 0x0, 0x47, 0x0, 0x4f, 0xf8, 0x10, 0x0,
    0x0, 0x0, 0x4e, 0xff, 0xa3, 0x0, 0x0, 0x0,
    0x5, 0xcf, 0xfa, 0x10, 0x0, 0x0, 0x0, 0x3c,
    0xfb, 0x0, 0x95, 0x0, 0x0, 0xc, 0xf2, 0x1f,
    0xb0, 0x0, 0x0, 0x9f, 0x30, 0xdf, 0x50, 0x0,
    0x1e, 0xf1, 0x4, 0xff, 0xca, 0xbf, 0xf7, 0x0,
    0x2, 0xae, 0xff, 0xb5, 0x0,

    /* U+0054 "T" */
    0x4f, 0xff, 0xff, 0xff, 0xff, 0x22, 0xaa, 0xad,
    0xfb, 0xaa, 0xa1, 0x0, 0x0, 0x8f, 0x40, 0x0,
    0x0, 0x0, 0x8, 0xf4, 0x0, 0x0, 0x0, 0x0,
    0x8f, 0x40, 0x0, 0x0, 0x0, 0x8, 0xf4, 0x0,
    0x0, 0x0, 0x0, 0x8f, 0x40, 0x0, 0x0, 0x0,
    0x8, 0xf4, 0x0, 0x0, 0x0, 0x0, 0x8f, 0x40,
    0x0, 0x0, 0x0, 0x8, 0xf4, 0x0, 0x0, 0x0,
    0x0, 0x8f, 0x40, 0x0, 0x0, 0x0, 0x8, 0xf4,
    0x0, 0x0, 0x0, 0x0, 0x8f, 0x40, 0x0, 0x0,
    0x0, 0x8, 0xf4, 0x0, 0x0,

    /* U+0055 "U" */
    0x8f, 0x30, 0x0, 0x0, 0xfb, 0x9f, 0x40, 0x0,
    0x1, 0xfc, 0x9f, 0x40, 0x0, 0x1, 0xfc, 0x9f,
    0x40, 0x0, 0x1, 0xfc, 0x9f, 0x40, 0x0, 0x1,
    0xfc, 0x9f, 0x40, 0x0, 0x1, 0xfc, 0x9f, 0x40,
    0x0, 0x1, 0xfc, 0x9f, 0x40, 0x0, 0x1, 0xfc,
    0x9f, 0x40, 0x0, 0x1, 0xfc, 0x8f, 0x40, 0x0,
    0x1, 0xfb, 0x7f, 0x70, 0x0, 0x4, 0xf9, 0x1f,
    0xe2, 0x0, 0x1c, 0xf4, 0x7, 0xff, 0xba, 0xef,
    0xa0, 0x0, 0x4b, 0xff, 0xc6, 0x0,

    /* U+0056 "V" */
    0x4f, 0xa0, 0x0, 0x0, 0x2f, 0xa0, 0xfe, 0x0,
    0x0, 0x7, 0xf6, 0xb, 0xf3, 0x0, 0x0, 0xbf,
    0x10, 0x6f, 0x70, 0x0, 0xf, 0xc0, 0x1, 0xfc,
    0x0, 0x4, 0xf8, 0x0, 0xc, 0xf1, 0x0, 0x9f,
    0x30, 0x0, 0x8f, 0x50, 0xd, 0xe0, 0x0, 0x3,
    0xfa, 0x2, 0xf9, 0x0, 0x0, 0xe, 0xe0, 0x6f,
    0x40, 0x0, 0x0, 0x9f, 0x3b, 0xf0, 0x0, 0x0,
    0x5, 0xf8, 0xfb, 0x0, 0x0, 0x0, 0xf, 0xff,
    0x60, 0x0, 0x0, 0x0, 0xbf, 0xf1, 0x0, 0x0,
    0x0, 0x6, 0xfc, 0x0, 0x0,

    /* U+0057 "W" */
    0x6f, 0x70, 0x0, 0xb, 0xf5, 0x0, 0x0, 0xbf,
    0x12, 0xfb, 0x0, 0x0, 0xff, 0x90, 0x0, 0xf,
    0xd0, 0xe, 0xf0, 0x0, 0x3f, 0xfd, 0x0, 0x3,
    0xf9, 0x0, 0xaf, 0x30, 0x6, 0xfe, 0xf1, 0x0,
    0x7f, 0x50, 0x6, 0xf7, 0x0, 0xaf, 0x7f, 0x50,
    0xb, 0xf1, 0x0, 0x1f, 0xb0, 0xe, 0xd2, 0xf9,
    0x0, 0xfd, 0x0, 0x0, 0xdf, 0x2, 0xf9, 0xe,
    0xd0, 0x3f, 0x90, 0x0, 0x9, 0xf3, 0x6f, 0x50,
    0xaf, 0x17, 0xf5, 0x0, 0x0, 0x5f, 0x79, 0xf1,
    0x7, 0xf5, 0xbf, 0x10, 0x0, 0x1, 0xfb, 0xde,
    0x0, 0x3f, 0x9f, 0xd0, 0x0, 0x0, 0xd, 0xff,
    0xa0, 0x0, 0xff, 0xf9, 0x0, 0x0, 0x0, 0x8f,
    0xf6, 0x0, 0xb, 0xff, 0x50, 0x0, 0x0, 0x4,
    0xff, 0x20, 0x0, 0x7f, 0xf1, 0x0, 0x0, 0x0,
    0xf, 0xe0, 0x0, 0x3, 0xfc, 0x0, 0x0,

    /* U+0058 "X" */
    0x2f, 0xc0, 0x0, 0x0, 0x5f, 0x90, 0x9f, 0x60,
    0x0, 0xe, 0xf1, 0x1, 0xee, 0x10, 0x8, 0xf7,
    0x0, 0x6, 0xf9, 0x1, 0xfd, 0x0, 0x0, 0xd,
    0xf2, 0xaf, 0x40, 0x0, 0x0, 0x3f, 0xdf, 0xb0,
    0x0, 0x0, 0x0, 0xaf, 0xf2, 0x0, 0x0, 0x0,
    0xa, 0xff, 0x20, 0x0, 0x0, 0x3, 0xfd, 0xfb,
    0x0, 0x0, 0x0, 0xdf, 0x2a, 0xf4, 0x0, 0x0,
    0x6f, 0x90, 0x1f, 0xd0, 0x0, 0x1e, 0xe1, 0x0,
    0x8f, 0x70, 0x9, 0xf6, 0x0, 0x0, 0xef, 0x12,
    0xfc, 0x0, 0x0, 0x5, 0xf9,

    /* U+0059 "Y" */
    0x2f, 0xb0, 0x0, 0x0, 0xaf, 0x40, 0xbf, 0x30,
    0x0, 0x2f, 0xd0, 0x3, 0xfb, 0x0, 0xa, 0xf4,
    0x0, 0xb, 0xf3, 0x2, 0xfc, 0x0, 0x0, 0x3f,
    0xb0, 0xaf, 0x40, 0x0, 0x0, 0xbf, 0x6f, 0xc0,
    0x0, 0x0, 0x3, 0xff, 0xf4, 0x0, 0x0, 0x0,
    0xa, 0xfc, 0x0, 0x0, 0x0, 0x0, 0x5f, 0x70,
    0x0, 0x0, 0x0, 0x5, 0xf7, 0x0, 0x0, 0x0,
    0x0, 0x5f, 0x70, 0x0, 0x0, 0x0, 0x5, 0xf7,
    0x0, 0x0, 0x0, 0x0, 0x5f, 0x70, 0x0, 0x0,
    0x0, 0x5, 0xf6, 0x0, 0x0,

    /* U+005A "Z" */
    0x3f, 0xff, 0xff, 0xff, 0xf9, 0x1a, 0xaa, 0xaa,
    0xad, 0xf8, 0x0, 0x0, 0x0, 0x1e, 0xf1, 0x0,
    0x0, 0x0, 0xaf, 0x70, 0x0, 0x0, 0x4, 0xfc,
    0x0, 0x0, 0x0, 0xe, 0xf3, 0x0, 0x0, 0x0,
    0x8f, 0x80, 0x0, 0x0, 0x3, 0xfd, 0x0, 0x0,
    0x0, 0xc, 0xf4, 0x0, 0x0, 0x0, 0x7f, 0xa0,
    0x0, 0x0, 0x1, 0xfe, 0x10, 0x0, 0x0, 0xb,
    0xf5, 0x0, 0x0, 0x0, 0x2f, 0xfa, 0xaa, 0xaa,
    0xa5, 0x3f, 0xff, 0xff, 0xff, 0xf9,

    /* U+005B "[" */
    0x3a, 0xaa, 0x90, 0x6f, 0xff, 0xf0, 0x6f, 0x70,
    0x0, 0x6f, 0x70, 0x0, 0x6f, 0x70, 0x0, 0x6f,
    0x70, 0x0, 0x6f, 0x70, 0x0, 0x6f, 0x70, 0x0,
    0x6f, 0x70, 0x0, 0x6f, 0x70, 0x0, 0x6f, 0x70,
    0x0, 0x6f, 0x70, 0x0, 0x6f, 0x70, 0x0, 0x6f,
    0x70, 0x0, 0x6f, 0x70, 0x0, 0x6f, 0x70, 0x0,
    0x6f, 0xca, 0x90, 0x5f, 0xff, 0xf0,

    /* U+005C "\\" */
    0xaf, 0x20, 0x0, 0x5, 0xf8, 0x0, 0x0, 0xf,
    0xd0, 0x0, 0x0, 0xaf, 0x20, 0x0, 0x5, 0xf8,
    0x0, 0x0, 0xf, 0xd0, 0x0, 0x0, 0xaf, 0x20,
    0x0, 0x5, 0xf7, 0x0, 0x0, 0xf, 0xd0, 0x0,
    0x0, 0xbf, 0x20, 0x0, 0x5, 0xf7, 0x0, 0x0,
    0xf, 0xc0, 0x0, 0x0, 0xbf, 0x20, 0x0, 0x5,
    0xf6,

    /* U+005D "]" */
    0x5a, 0xaa, 0x88, 0xff, 0xfd, 0x0, 0xf, 0xd0,
    0x0, 0xfd, 0x0, 0xf, 0xd0, 0x0, 0xfd, 0x0,
    0xf, 0xd0, 0x0, 0xfd, 0x0, 0xf, 0xd0, 0x0,
    0xfd, 0x0, 0xf, 0xd0, 0x0, 0xfd, 0x0, 0xf,
    0xd0, 0x0, 0xfd, 0x0, 0xf, 0xd0, 0x0, 0xfd,
    0x59, 0x9f, 0xd8, 0xff, 0xfd,

    /* U+005E "^" */
    0x0, 0x4, 0x71, 0x0, 0x0, 0xd, 0xf8, 0x0,
    0x0, 0x3f, 0xde, 0x0, 0x0, 0x9e, 0x3f, 0x40,
    0x0, 0xf8, 0xd, 0xb0, 0x6, 0xf2, 0x7, 0xf1,
    0xc, 0xc0, 0x1, 0xf7, 0x2f, 0x60, 0x0, 0xbd,

    /* U+005F "_" */
    0x2, 0x22, 0x22, 0x22, 0x18, 0xff, 0xff, 0xff,
    0xff, 0x25, 0x55, 0x55, 0x55, 0x40,

    /* U+0060 "`" */
    0x28, 0x20, 0xd, 0xb0, 0x4, 0xf3,

    /* U+0061 "a" */
    0x0, 0x5c, 0xfe, 0xb2, 0x0, 0x7f, 0xfa, 0xbf,
    0xf2, 0xa, 0xe2, 0x0, 0x6f, 0x90, 0x0, 0x0,
    0x2, 0xfa, 0x1, 0x8d, 0xff, 0xff, 0xb0, 0xcf,
    0xd8, 0x89, 0xfb, 0x3f, 0xc0, 0x0, 0x2f, 0xb3,
    0xfa, 0x0, 0x7, 0xfb, 0xe, 0xf9, 0x7a, 0xff,
    0xb0, 0x2b, 0xfe, 0xb5, 0xfa,

    /* U+0062 "b" */
    0xaf, 0x20, 0x0, 0x0, 0xa, 0xf2, 0x0, 0x0,
    0x0, 0xaf, 0x20, 0x0, 0x0, 0xa, 0xf2, 0x0,
    0x0, 0x0, 0xaf, 0x5c, 0xfd, 0x70, 0xa, 0xff,
    0xda, 0xef, 0x80, 0xaf, 0xc0, 0x2, 0xff, 0x1a,
    0xf5, 0x0, 0xa, 0xf4, 0xaf, 0x30, 0x0, 0x7f,
    0x6a, 0xf3, 0x0, 0x7, 0xf6, 0xaf, 0x50, 0x0,
    0x9f, 0x4a, 0xfc, 0x0, 0x1e, 0xf0, 0xaf, 0xfd,
    0xae, 0xf7, 0xa, 0xf5, 0xcf, 0xd6, 0x0,

    /* U+0063 "c" */
    0x1, 0xae, 0xfc, 0x50, 0x1, 0xef, 0xba, 0xef,
    0x70, 0x9f, 0x60, 0x1, 0xef, 0x1d, 0xf0, 0x0,
    0x5, 0x71, 0xee, 0x0, 0x0, 0x0, 0xe, 0xe0,
    0x0, 0x0, 0x0, 0xdf, 0x0, 0x0, 0x45, 0x8,
    0xf7, 0x0, 0x1e, 0xf0, 0x1e, 0xfb, 0xae, 0xf7,
    0x0, 0x1a, 0xef, 0xc5, 0x0,

    /* U+0064 "d" */
    0x0, 0x0, 0x0, 0xaf, 0x20, 0x0, 0x0, 0xa,
    0xf2, 0x0, 0x0, 0x0, 0xaf, 0x20, 0x0, 0x0,
    0xa, 0xf2, 0x2, 0xbe, 0xe8, 0xbf, 0x21, 0xef,
    0xcb, 0xff, 0xf2, 0x8f, 0x90, 0x4, 0xff, 0x2c,
    0xf2, 0x0, 0xe, 0xf2, 0xef, 0x0, 0x0, 0xcf,
    0x2e, 0xf0, 0x0, 0xb, 0xf2, 0xcf, 0x10, 0x0,
    0xdf, 0x28, 0xf6, 0x0, 0x3f, 0xf2, 0x1e, 0xf9,
    0x8e, 0xff, 0x20, 0x2b, 0xee, 0x9b, 0xf2,

    /* U+0065 "e" */
    0x2, 0xae, 0xfc, 0x50, 0x1, 0xef, 0xba, 0xff,
    0x50, 0x9f, 0x50, 0x1, 0xfd, 0xd, 0xf0, 0x0,
    0xa, 0xf1, 0xef, 0xff, 0xff, 0xff, 0x2e, 0xf9,
    0x99, 0x99, 0x91, 0xcf, 0x0, 0x0, 0x0, 0x8,
    0xf7, 0x0, 0x9, 0x60, 0x1e, 0xfc, 0xad, 0xfa,
    0x0, 0x1a, 0xef, 0xd7, 0x0,

    /* U+0066 "f" */
    0x0, 0x1a, 0xef, 0x30, 0x9, 0xfe, 0xa2, 0x0,
    0xcf, 0x20, 0x0, 0xd, 0xf0, 0x0, 0x6f, 0xff,
    0xff, 0x34, 0xbf, 0xfb, 0xb2, 0x0, 0xef, 0x0,
    0x0, 0xe, 0xf0, 0x0, 0x0, 0xef, 0x0, 0x0,
    0xe, 0xf0, 0x0, 0x0, 0xef, 0x0, 0x0, 0xe,
    0xf0, 0x0, 0x0, 0xef, 0x0, 0x0, 0xd, 0xe0,
    0x0,

    /* U+0067 "g" */
    0x0, 0x3b, 0xfe, 0x9c, 0xf1, 0x2, 0xff, 0x98,
    0xef, 0xf1, 0xa, 0xf5, 0x0, 0x2f, 0xf1, 0xe,
    0xf0, 0x0, 0xc, 0xf1, 0xf, 0xd0, 0x0, 0xb,
    0xf1, 0xf, 0xd0, 0x0, 0xb, 0xf1, 0xe, 0xf0,
    0x0, 0xc, 0xf1, 0xb, 0xf5, 0x0, 0x2f, 0xf1,
    0x3, 0xff, 0xa9, 0xef, 0xf1, 0x0, 0x3b, 0xfe,
    0x8c, 0xf1, 0x0, 0x0, 0x0, 0xe, 0xf0, 0x0,
    0x0, 0x0, 0x7f, 0xc0, 0x0, 0x8, 0xce, 0xff,
    0x30, 0x0, 0xc, 0xfe, 0xa2, 0x0,

    /* U+0068 "h" */
    0xaf, 0x20, 0x0, 0x0, 0xa, 0xf2, 0x0, 0x0,
    0x0, 0xaf, 0x20, 0x0, 0x0, 0xa, 0xf2, 0x0,
    0x0, 0x0, 0xaf, 0x6c, 0xfd, 0x70, 0xa, 0xff,
    0xca, 0xff, 0x70, 0xaf, 0x80, 0x3, 0xfe, 0xa,
    0xf3, 0x0, 0xd, 0xf0, 0xaf, 0x20, 0x0, 0xcf,
    0xa, 0xf2, 0x0, 0xc, 0xf0, 0xaf, 0x20, 0x0,
    0xcf, 0xa, 0xf2, 0x0, 0xc, 0xf0, 0xaf, 0x20,
    0x0, 0xcf, 0xa, 0xf2, 0x0, 0xc, 0xf0,

    /* U+0069 "i" */
    0x7f, 0x5b, 0xf9, 0x16, 0x10, 0x0, 0x7f, 0x48,
    0xf5, 0x8f, 0x58, 0xf5, 0x8f, 0x58, 0xf5, 0x8f,
    0x58, 0xf5, 0x8f, 0x57, 0xf4,

    /* U+006A "j" */
    0x0, 0x9e, 0x30, 0xd, 0xf7, 0x0, 0x26, 0x0,
    0x0, 0x0, 0x0, 0x9f, 0x30, 0x9, 0xf3, 0x0,
    0x9f, 0x30, 0x9, 0xf3, 0x0, 0x9f, 0x30, 0x9,
    0xf3, 0x0, 0x9f, 0x30, 0x9, 0xf3, 0x0, 0x9f,
    0x30, 0x9, 0xf3, 0x0, 0x9f, 0x30, 0xd, 0xf1,
    0x8d, 0xfc, 0xc, 0xea, 0x10,

    /* U+006B "k" */
    0xaf, 0x20, 0x0, 0x0, 0xa, 0xf2, 0x0, 0x0,
    0x0, 0xaf, 0x20, 0x0, 0x0, 0xa, 0xf2, 0x0,
    0x0, 0x0, 0xaf, 0x20, 0x9, 0xf8, 0xa, 0xf2,
    0x7, 0xfb, 0x0, 0xaf, 0x26, 0xfd, 0x0, 0xa,
    0xf7, 0xff, 0x70, 0x0, 0xaf, 0xfd, 0xed, 0x0,
    0xa, 0xfe, 0x28, 0xf4, 0x0, 0xaf, 0x40, 0x1f,
    0xc0, 0xa, 0xf2, 0x0, 0xaf, 0x30, 0xaf, 0x20,
    0x3, 0xfa, 0xa, 0xf2, 0x0, 0xc, 0xf1,

    /* U+006C "l" */
    0xaf, 0x2a, 0xf2, 0xaf, 0x2a, 0xf2, 0xaf, 0x2a,
    0xf2, 0xaf, 0x2a, 0xf2, 0xaf, 0x2a, 0xf2, 0xaf,
    0x2a, 0xf2, 0xaf, 0x2a, 0xf2,

    /* U+006D "m" */
    0xaf, 0x6c, 0xfe, 0x80, 0x8e, 0xfc, 0x30, 0xaf,
    0xf9, 0x8f, 0xfd, 0xe8, 0xaf, 0xf1, 0xaf, 0x60,
    0x4, 0xff, 0x10, 0x9, 0xf5, 0xaf, 0x20, 0x0,
    0xfd, 0x0, 0x5, 0xf7, 0xaf, 0x20, 0x0, 0xfc,
    0x0, 0x5, 0xf8, 0xaf, 0x20, 0x0, 0xfc, 0x0,
    0x5, 0xf8, 0xaf, 0x20, 0x0, 0xfc, 0x0, 0x5,
    0xf8, 0xaf, 0x20, 0x0, 0xfc, 0x0, 0x5, 0xf8,
    0xaf, 0x20, 0x0, 0xfc, 0x0, 0x5, 0xf8, 0xaf,
    0x20, 0x0, 0xfc, 0x0, 0x4, 0xf7,

    /* U+006E "n" */
    0xaf, 0x6c, 0xfd, 0x70, 0xa, 0xff, 0xa8, 0xef,
    0x70, 0xaf, 0x70, 0x2, 0xfe, 0xa, 0xf3, 0x0,
    0xd, 0xf0, 0xaf, 0x20, 0x0, 0xcf, 0xa, 0xf2,
    0x0, 0xc, 0xf0, 0xaf, 0x20, 0x0, 0xcf, 0xa,
    0xf2, 0x0, 0xc, 0xf0, 0xaf, 0x20, 0x0, 0xcf,
    0xa, 0xf2, 0x0, 0xc, 0xf0,

    /* U+006F "o" */
    0x1, 0x9e, 0xfc, 0x50, 0x1, 0xdf, 0xca, 0xef,
    0x70, 0x8f, 0x80, 0x1, 0xef, 0x1d, 0xf0, 0x0,
    0x8, 0xf5, 0xfe, 0x0, 0x0, 0x6f, 0x7e, 0xe0,
    0x0, 0x6, 0xf7, 0xcf, 0x0, 0x0, 0x8f, 0x58,
    0xf7, 0x0, 0x1e, 0xf1, 0x1d, 0xfc, 0xae, 0xf7,
    0x0, 0x19, 0xef, 0xc5, 0x0,

    /* U+0070 "p" */
    0x8f, 0x7c, 0xfd, 0x70, 0x9, 0xff, 0xb7, 0xcf,
    0x90, 0x9f, 0xc0, 0x0, 0xdf, 0x19, 0xf6, 0x0,
    0x7, 0xf6, 0x9f, 0x50, 0x0, 0x5f, 0x79, 0xf5,
    0x0, 0x6, 0xf8, 0x9f, 0x70, 0x0, 0x8f, 0x69,
    0xfd, 0x0, 0x1e, 0xf2, 0x9f, 0xfd, 0xae, 0xf9,
    0x9, 0xf6, 0xcf, 0xe8, 0x0, 0x9f, 0x40, 0x0,
    0x0, 0x9, 0xf4, 0x0, 0x0, 0x0, 0x9f, 0x40,
    0x0, 0x0, 0x8, 0xf3, 0x0, 0x0, 0x0,

    /* U+0071 "q" */
    0x2, 0xae, 0xe9, 0xbf, 0x21, 0xef, 0x98, 0xef,
    0xf2, 0x8f, 0x60, 0x3, 0xff, 0x2c, 0xf1, 0x0,
    0xd, 0xf2, 0xef, 0x0, 0x0, 0xbf, 0x2e, 0xf0,
    0x0, 0xc, 0xf2, 0xcf, 0x20, 0x0, 0xef, 0x28,
    0xf9, 0x0, 0x4f, 0xf2, 0x1e, 0xfc, 0xbf, 0xff,
    0x20, 0x2b, 0xee, 0x8b, 0xf2, 0x0, 0x0, 0x0,
    0xaf, 0x20, 0x0, 0x0, 0xa, 0xf2, 0x0, 0x0,
    0x0, 0xaf, 0x20, 0x0, 0x0, 0xa, 0xf2,

    /* U+0072 "r" */
    0xaf, 0x4c, 0xf9, 0xaf, 0xff, 0xd7, 0xaf, 0xb0,
    0x0, 0xaf, 0x30, 0x0, 0xaf, 0x20, 0x0, 0xaf,
    0x20, 0x0, 0xaf, 0x20, 0x0, 0xaf, 0x20, 0x0,
    0xaf, 0x20, 0x0, 0xaf, 0x20, 0x0,

    /* U+0073 "s" */
    0x0, 0x7d, 0xfe, 0xa1, 0x0, 0x9f, 0xb7, 0x9f,
    0xe0, 0xf, 0xd0, 0x0, 0x7f, 0x40, 0xef, 0x50,
    0x0, 0x0, 0x5, 0xff, 0xfa, 0x40, 0x0, 0x1,
    0x8d, 0xff, 0xb0, 0x0, 0x0, 0x2, 0xcf, 0x50,
    0xfb, 0x0, 0x7, 0xf6, 0xb, 0xfb, 0x78, 0xff,
    0x10, 0x8, 0xdf, 0xea, 0x20,

    /* U+0074 "t" */
    0x0, 0x75, 0x0, 0x0, 0xf, 0xc0, 0x0, 0x0,
    0xfc, 0x0, 0x5, 0xff, 0xff, 0xf1, 0x38, 0xfe,
    0x88, 0x0, 0xf, 0xc0, 0x0, 0x0, 0xfc, 0x0,
    0x0, 0xf, 0xc0, 0x0, 0x0, 0xfc, 0x0, 0x0,
    0xf, 0xc0, 0x0, 0x0, 0xfe, 0x0, 0x0, 0xc,
    0xfc, 0x90, 0x0, 0x3c, 0xff, 0x0,

    /* U+0075 "u" */
    0xcf, 0x0, 0x0, 0xed, 0xcf, 0x0, 0x0, 0xee,
    0xcf, 0x0, 0x0, 0xee, 0xcf, 0x0, 0x0, 0xee,
    0xcf, 0x0, 0x0, 0xee, 0xcf, 0x0, 0x0, 0xee,
    0xcf, 0x0, 0x0, 0xfe, 0xbf, 0x40, 0x3, 0xfe,
    0x4f, 0xf8, 0x8f, 0xfe, 0x5, 0xdf, 0xd6, 0xed,

    /* U+0076 "v" */
    0x5f, 0x90, 0x0, 0x4f, 0xa1, 0xfe, 0x0, 0x9,
    0xf5, 0xb, 0xf3, 0x0, 0xef, 0x10, 0x6f, 0x80,
    0x2f, 0xb0, 0x1, 0xfc, 0x7, 0xf6, 0x0, 0xc,
    0xf1, 0xcf, 0x10, 0x0, 0x7f, 0x7f, 0xc0, 0x0,
    0x1, 0xff, 0xf7, 0x0, 0x0, 0xc, 0xff, 0x20,
    0x0, 0x0, 0x7f, 0xc0, 0x0,

    /* U+0077 "w" */
    0x5f, 0x70, 0x0, 0xee, 0x0, 0x5, 0xf7, 0x1f,
    0xb0, 0x3, 0xff, 0x30, 0xa, 0xf3, 0xd, 0xf0,
    0x7, 0xff, 0x70, 0xe, 0xe0, 0x8, 0xf3, 0xb,
    0xed, 0xb0, 0x2f, 0x90, 0x4, 0xf7, 0xf, 0x99,
    0xf0, 0x6f, 0x50, 0x0, 0xfb, 0x3f, 0x55, 0xf4,
    0xbf, 0x10, 0x0, 0xaf, 0x8f, 0x10, 0xf8, 0xfc,
    0x0, 0x0, 0x6f, 0xfc, 0x0, 0xcf, 0xf7, 0x0,
    0x0, 0x1f, 0xf8, 0x0, 0x7f, 0xf3, 0x0, 0x0,
    0xd, 0xf4, 0x0, 0x2f, 0xe0, 0x0,

    /* U+0078 "x" */
    0x4f, 0xa0, 0x0, 0x4f, 0xc0, 0xa, 0xf5, 0x0,
    0xef, 0x20, 0x1, 0xee, 0x19, 0xf7, 0x0, 0x0,
    0x4f, 0xcf, 0xc0, 0x0, 0x0, 0xa, 0xff, 0x20,
    0x0, 0x0, 0x9, 0xff, 0x20, 0x0, 0x0, 0x4f,
    0xcf, 0xc0, 0x0, 0x1, 0xef, 0x28, 0xf7, 0x0,
    0xa, 0xf6, 0x0, 0xdf, 0x20, 0x4f, 0xc0, 0x0,
    0x3f, 0xc0,

    /* U+0079 "y" */
    0x7f, 0x70, 0x0, 0x5f, 0x82, 0xfb, 0x0, 0xa,
    0xf3, 0xd, 0xf0, 0x0, 0xed, 0x0, 0x8f, 0x50,
    0x3f, 0x80, 0x2, 0xf9, 0x7, 0xf3, 0x0, 0xd,
    0xe0, 0xce, 0x0, 0x0, 0x8f, 0x4f, 0x90, 0x0,
    0x3, 0xfd, 0xf3, 0x0, 0x0, 0xe, 0xfe, 0x0,
    0x0, 0x0, 0x9f, 0x90, 0x0, 0x0, 0x8, 0xf4,
    0x0, 0x0, 0x0, 0xde, 0x0, 0x0, 0x8, 0xdf,
    0x70, 0x0, 0x1, 0xfe, 0x80, 0x0, 0x0,

    /* U+007A "z" */
    0x4f, 0xff, 0xff, 0xfe, 0x3c, 0xcc, 0xcd, 0xfd,
    0x0, 0x0, 0xd, 0xf4, 0x0, 0x0, 0xaf, 0x70,
    0x0, 0x7, 0xfb, 0x0, 0x0, 0x3f, 0xd0, 0x0,
    0x1, 0xef, 0x20, 0x0, 0xc, 0xf5, 0x0, 0x0,
    0x6f, 0xfb, 0xbb, 0xba, 0x6f, 0xff, 0xff, 0xfe,

    /* U+007B "{" */
    0x0, 0x28, 0x95, 0x0, 0xef, 0xf9, 0x1, 0xfe,
    0x10, 0x2, 0xfb, 0x0, 0x2, 0xfb, 0x0, 0x2,
    0xfb, 0x0, 0x2, 0xfb, 0x0, 0x4, 0xfa, 0x0,
    0x3e, 0xf4, 0x0, 0x5f, 0xe2, 0x0, 0x6, 0xf9,
    0x0, 0x2, 0xfb, 0x0, 0x2, 0xfb, 0x0, 0x2,
    0xfb, 0x0, 0x2, 0xfb, 0x0, 0x1, 0xfc, 0x0,
    0x0, 0xff, 0xb5, 0x0, 0x7e, 0xf9,

    /* U+007C "|" */
    0x3, 0x23, 0xfa, 0x3f, 0xa3, 0xfa, 0x3f, 0xa3,
    0xfa, 0x3f, 0xa3, 0xfa, 0x3f, 0xa3, 0xfa, 0x3f,
    0xa3, 0xfa, 0x3f, 0xa3, 0xfa, 0x3f, 0xa3, 0xfa,
    0x2f, 0x90,

    /* U+007D "}" */
    0x3a, 0x94, 0x0, 0x5f, 0xff, 0x20, 0x0, 0xbf,
    0x50, 0x0, 0x7f, 0x60, 0x0, 0x7f, 0x60, 0x0,
    0x7f, 0x60, 0x0, 0x7f, 0x60, 0x0, 0x6f, 0x70,
    0x0, 0x1e, 0xf6, 0x0, 0xc, 0xf8, 0x0, 0x5f,
    0xa0, 0x0, 0x7f, 0x60, 0x0, 0x7f, 0x60, 0x0,
    0x7f, 0x60, 0x0, 0x7f, 0x60, 0x0, 0x8f, 0x50,
    0x3a, 0xff, 0x40, 0x5f, 0xfa, 0x0,

    /* U+007E "~" */
    0x1, 0x79, 0x50, 0x2, 0x20, 0xd, 0xff, 0xfd,
    0xaf, 0xd0, 0x1a, 0x40, 0x5c, 0xfc, 0x20,

    /* U+00B0 "°" */
    0x0, 0x0, 0x0, 0x0, 0x3c, 0xfd, 0x50, 0x1f,
    0x94, 0x7f, 0x47, 0xd0, 0x0, 0xaa, 0x7c, 0x0,
    0x9, 0xa2, 0xf7, 0x15, 0xf5, 0x5, 0xff, 0xf8,
    0x0, 0x0, 0x21, 0x0,

    /* U+2013 "–" */
    0x3a, 0xaa, 0xaa, 0xa9, 0x4, 0xff, 0xff, 0xff,
    0xf0,

    /* U+2019 "’" */
    0xe, 0xd0, 0x3f, 0x70, 0x8f, 0x10, 0xdb, 0x0,
    0x10, 0x0,

    /* U+2022 "•" */
    0x2, 0x88, 0x10, 0xe, 0xff, 0xd0, 0x4f, 0xff,
    0xf3, 0x2f, 0xff, 0xf1, 0x6, 0xee, 0x50,

    /* U+F001 "" */
    0x0, 0x0, 0x0, 0x0, 0x0, 0x0, 0x0, 0x3,
    0x7c, 0x80, 0x0, 0x0, 0x0, 0x0, 0x0, 0x5,
    0x9e, 0xff, 0xff, 0x0, 0x0, 0x0, 0x0, 0x26,
    0xbf, 0xff, 0xff, 0xff, 0xf0, 0x0, 0x0, 0x38,
    0xdf, 0xff, 0xff, 0xff, 0xff, 0xff, 0x0, 0x0,
    0x2f, 0xff, 0xff, 0xff, 0xff, 0xff, 0xff, 0xf0,
    0x0, 0x4, 0xff, 0xff, 0xff, 0xff, 0xfe, 0xaa,
    0xff, 0x0, 0x0, 0x4f, 0xff, 0xff, 0xfd, 0x83,
    0x0, 0x6f, 0xf0, 0x0, 0x4, 0xff, 0xfb, 0x61,
    0x0, 0x0, 0x6, 0xff, 0x0, 0x0, 0x4f, 0xf2,
    0x0, 0x0, 0x0, 0x0, 0x6f, 0xf0, 0x0, 0x4,
    0xff, 0x20, 0x0, 0x0, 0x0, 0x6, 0xff, 0x0,
    0x0, 0x4f, 0xf2, 0x0, 0x0, 0x0, 0x0, 0x6f,
    0xf0, 0x0, 0x4, 0xff, 0x20, 0x0, 0x0, 0x0,
    0x6, 0xff, 0x0, 0x0, 0x4f, 0xf2, 0x0, 0x0,
    0x18, 0xde, 0xef, 0xf0, 0x0, 0x4, 0xff, 0x20,
    0x0, 0xd, 0xff, 0xff, 0xff, 0x2, 0x78, 0x9f,
    0xf2, 0x0, 0x1, 0xff, 0xff, 0xff, 0xf6, 0xff,
    0xff, 0xff, 0x20, 0x0, 0xb, 0xff, 0xff, 0xf8,
    0xff, 0xff, 0xff, 0xf1, 0x0, 0x0, 0x5, 0xac,
    0xa4, 0xc, 0xff, 0xff, 0xfe, 0x0, 0x0, 0x0,
    0x0, 0x0, 0x0, 0x1a, 0xff, 0xfb, 0x20, 0x0,
    0x0, 0x0, 0x0, 0x0, 0x0, 0x0, 0x20, 0x0,
    0x0, 0x0, 0x0, 0x0, 0x0, 0x0,

    /* U+F004 "" */
    0x0, 0x0, 0x36, 0x62, 0x0, 0x0, 0x2, 0x66,
    0x30, 0x0, 0x0, 0x1, 0xbf, 0xff, 0xfc, 0x20,
    0x1b, 0xff, 0xff, 0xb1, 0x0, 0x0, 0xdf, 0xff,
    0xff, 0xfe, 0x5e, 0xff, 0xff, 0xff, 0xd0, 0x0,
    0x7f, 0xff, 0xff, 0xff, 0xff, 0xff, 0xff, 0xff,
    0xff, 0x70, 0xd, 0xff, 0xff, 0xff, 0xff, 0xff,
    0xff, 0xff, 0xff, 0xfd, 0x0, 0xff, 0xff, 0xff,
    0xff, 0xff, 0xff, 0xff, 0xff, 0xff, 0xf0, 0xf,
    0xff, 0xff, 0xff, 0xff, 0xff, 0xff, 0xff, 0xff,
    0xfe, 0x0, 0xbf, 0xff, 0xff, 0xff, 0xff, 0xff,
    0xff, 0xff, 0xff, 0xb0, 0x3, 0xff, 0xff, 0xff,
    0xff, 0xff, 0xff, 0xff, 0xff, 0xf3, 0x0, 0x6,
    0xff, 0xff, 0xff, 0xff, 0xff, 0xff, 0xff, 0xf6,
    0x0, 0x0, 0x7, 0xff, 0xff, 0xff, 0xff, 0xff,
    0xff, 0xf7, 0x0, 0x0, 0x0, 0x7, 0xff, 0xff,
    0xff, 0xff, 0xff, 0xf7, 0x0, 0x0, 0x0, 0x0,
    0x8, 0xff, 0xff, 0xff, 0xff, 0xf8, 0x0, 0x0,
    0x0, 0x0, 0x0, 0x8, 0xff, 0xff, 0xff, 0xf8,
    0x0, 0x0, 0x0, 0x0, 0x0, 0x0, 0x9, 0xff,
    0xff, 0xf9, 0x0, 0x0, 0x0, 0x0, 0x0, 0x0,
    0x0, 0x9, 0xff, 0xf9, 0x0, 0x0, 0x0, 0x0,
    0x0, 0x0, 0x0, 0x0, 0xa, 0xfa, 0x0, 0x0,
    0x0, 0x0, 0x0, 0x0, 0x0, 0x0, 0x0, 0x2,
    0x0, 0x0, 0x0, 0x0, 0x0,

    /* U+F005 "" */
    0x0, 0x0, 0x0, 0x0, 0x1, 0x84, 0x0, 0x0,
    0x0, 0x0, 0x0, 0x0, 0x0, 0x0, 0x0, 0x9f,
    0xe0, 0x0, 0x0, 0x0, 0x0, 0x0, 0x0, 0x0,
    0x0, 0x2f, 0xff, 0x70, 0x0, 0x0, 0x0, 0x0,
    0x0, 0x0, 0x0, 0x9, 0xff, 0xfe, 0x0, 0x0,
    0x0, 0x0, 0x0, 0x0, 0x0, 0x1, 0xff, 0xff,
    0xf7, 0x0, 0x0, 0x0, 0x0, 0x0, 0x0, 0x0,
    0x9f, 0xff, 0xff, 0xe0, 0x0, 0x0, 0x0, 0x2,
    0x58, 0xac, 0xff, 0xff, 0xff, 0xff, 0xfd, 0xb9,
    0x63, 0x1, 0xff, 0xff, 0xff, 0xff, 0xff, 0xff,
    0xff, 0xff, 0xff, 0xf7, 0x1e, 0xff, 0xff, 0xff,
    0xff, 0xff, 0xff, 0xff, 0xff, 0xff, 0x60, 0x3e,
    0xff, 0xff, 0xff, 0xff, 0xff, 0xff, 0xff, 0xff,
    0x80, 0x0, 0x2e, 0xff, 0xff, 0xff, 0xff, 0xff,
    0xff, 0xff, 0x70, 0x0, 0x0, 0x2e, 0xff, 0xff,
    0xff, 0xff, 0xff, 0xff, 0x70, 0x0, 0x0, 0x0,
    0x2f, 0xff, 0xff, 0xff, 0xff, 0xff, 0x80, 0x0,
    0x0, 0x0, 0x1, 0xff, 0xff, 0xff, 0xff, 0xff,
    0xf7, 0x0, 0x0, 0x0, 0x0, 0x4f, 0xff, 0xff,
    0xff, 0xff, 0xff, 0xa0, 0x0, 0x0, 0x0, 0x7,
    0xff, 0xff, 0xff, 0xff, 0xff, 0xfd, 0x0, 0x0,
    0x0, 0x0, 0x9f, 0xff, 0xff, 0xdf, 0xff, 0xff,
    0xf0, 0x0, 0x0, 0x0, 0xc, 0xff, 0xfd, 0x50,
    0x2a, 0xff, 0xff, 0x20, 0x0, 0x0, 0x0, 0xcf,
    0xd5, 0x0, 0x0, 0x2, 0xbf, 0xf2, 0x0, 0x0,
    0x0, 0x1, 0x40, 0x0, 0x0, 0x0, 0x0, 0x23,
    0x0, 0x0,

    /* U+F008 "" */
    0x20, 0x0, 0x44, 0x44, 0x44, 0x44, 0x44, 0x42,
    0x0, 0x2e, 0x41, 0x5f, 0xff, 0xff, 0xff, 0xff,
    0xff, 0xb1, 0x4e, 0xff, 0xff, 0xfd, 0x88, 0x88,
    0x88, 0x8a, 0xff, 0xff, 0xff, 0x52, 0x6f, 0x80,
    0x0, 0x0, 0x0, 0x2f, 0xb2, 0x5f, 0xf3, 0x3,
    0xf8, 0x0, 0x0, 0x0, 0x2, 0xfa, 0x3, 0xff,
    0xa8, 0xaf, 0x80, 0x0, 0x0, 0x0, 0x2f, 0xd8,
    0xaf, 0xfc, 0xbc, 0xf9, 0x0, 0x0, 0x0, 0x3,
    0xfe, 0xbc, 0xff, 0x30, 0x3f, 0xff, 0xff, 0xff,
    0xff, 0xff, 0xa0, 0x3f, 0xf3, 0x4, 0xfe, 0xcc,
    0xcc, 0xcc, 0xcd, 0xfa, 0x3, 0xff, 0xff, 0xff,
    0x80, 0x0, 0x0, 0x0, 0x2f, 0xff, 0xff, 0xf7,
    0x47, 0xf8, 0x0, 0x0, 0x0, 0x2, 0xfc, 0x46,
    0xff, 0x30, 0x3f, 0x80, 0x0, 0x0, 0x0, 0x2f,
    0xa0, 0x3f, 0xf8, 0x69, 0xf8, 0x0, 0x0, 0x0,
    0x2, 0xfd, 0x68, 0xff, 0xed, 0xef, 0xfc, 0xcc,
    0xcc, 0xcc, 0xdf, 0xfd, 0xef, 0xc3, 0x3, 0xff,
    0xff, 0xff, 0xff, 0xff, 0xfa, 0x3, 0xc0,

    /* U+F00B "" */
    0x7a, 0xaa, 0xa2, 0x9, 0xaa, 0xaa, 0xaa, 0xaa,
    0xaa, 0x7f, 0xff, 0xff, 0x84, 0xff, 0xff, 0xff,
    0xff, 0xff, 0xff, 0xff, 0xff, 0xf8, 0x4f, 0xff,
    0xff, 0xff, 0xff, 0xff, 0xff, 0xff, 0xff, 0x84,
    0xff, 0xff, 0xff, 0xff, 0xff, 0xff, 0xdf, 0xff,
    0xf6, 0x2f, 0xff, 0xff, 0xff, 0xff, 0xff, 0xe0,
    0x11, 0x11, 0x0, 0x1, 0x11, 0x11, 0x11, 0x11,
    0x10, 0x8b, 0xbb, 0xb3, 0xa, 0xbb, 0xbb, 0xbb,
    0xbb, 0xbb, 0x8f, 0xff, 0xff, 0x84, 0xff, 0xff,
    0xff, 0xff, 0xff, 0xff, 0xff, 0xff, 0xf8, 0x4f,
    0xff, 0xff, 0xff, 0xff, 0xff, 0xff, 0xff, 0xff,
    0x84, 0xff, 0xff, 0xff, 0xff, 0xff, 0xff, 0xdf,
    0xff, 0xf6, 0x2f, 0xff, 0xff, 0xff, 0xff, 0xff,
    0xd0, 0x0, 0x0, 0x0, 0x0, 0x0, 0x0, 0x0,
    0x0, 0x0, 0x8b, 0xbb, 0xb3, 0xa, 0xbb, 0xbb,
    0xbb, 0xbb, 0xbb, 0x8f, 0xff, 0xff, 0x84, 0xff,
    0xff, 0xff, 0xff, 0xff, 0xff, 0xff, 0xff, 0xf8,
    0x4f, 0xff, 0xff, 0xff, 0xff, 0xff, 0xff, 0xff,
    0xff, 0x84, 0xff, 0xff, 0xff, 0xff, 0xff, 0xff,
    0xdf, 0xff, 0xf6, 0x2f, 0xff, 0xff, 0xff, 0xff,
    0xff, 0xd0, 0x0, 0x0, 0x0, 0x0, 0x0, 0x0,
    0x0, 0x0, 0x0,

    /* U+F00C "" */
    0x0, 0x0, 0x0, 0x0, 0x0, 0x0, 0x0, 0x0,
    0x20, 0x0, 0x0, 0x0, 0x0, 0x0, 0x0, 0x0,
    0x0, 0x6f, 0xc0, 0x0, 0x0, 0x0, 0x0, 0x0,
    0x0, 0x0, 0x6f, 0xff, 0xb0, 0x0, 0x0, 0x0,
    0x0, 0x0, 0x0, 0x6f, 0xff, 0xfd, 0x0, 0x0,
    0x0, 0x0, 0x0, 0x0, 0x6f, 0xff, 0xfd, 0x10,
    0x26, 0x0, 0x0, 0x0, 0x0, 0x6f, 0xff, 0xfd,
    0x10, 0x2e, 0xfa, 0x0, 0x0, 0x0, 0x6f, 0xff,
    0xfd, 0x10, 0xe, 0xff, 0xfa, 0x0, 0x0, 0x6f,
    0xff, 0xfd, 0x10, 0x0, 0xaf, 0xff, 0xfa, 0x0,
    0x6f, 0xff, 0xfd, 0x10, 0x0, 0x0, 0xbf, 0xff,
    0xfa, 0x6f, 0xff, 0xfd, 0x10, 0x0, 0x0, 0x0,
    0xbf, 0xff, 0xff, 0xff, 0xfd, 0x10, 0x0, 0x0,
    0x0, 0x0, 0xbf, 0xff, 0xff, 0xfd, 0x10, 0x0,
    0x0, 0x0, 0x0, 0x0, 0xbf, 0xff, 0xfd, 0x10,
    0x0, 0x0, 0x0, 0x0, 0x0, 0x0, 0xbf, 0xfd,
    0x10, 0x0, 0x0, 0x0, 0x0, 0x0, 0x0, 0x0,
    0xad, 0x10, 0x0, 0x0, 0x0, 0x0, 0x0,

    /* U+F00D "" */
    0x1b, 0xb1, 0x0, 0x0, 0x0, 0xab, 0x10, 0xcf,
    0xfc, 0x0, 0x0, 0xb, 0xff, 0xd0, 0xef, 0xff,
    0xc0, 0x0, 0xbf, 0xff, 0xe0, 0x3e, 0xff, 0xfc,
    0x1b, 0xff, 0xff, 0x30, 0x3, 0xef, 0xff, 0xff,
    0xff, 0xf3, 0x0, 0x0, 0x3e, 0xff, 0xff, 0xff,
    0x30, 0x0, 0x0, 0x3, 0xff, 0xff, 0xf4, 0x0,
    0x0, 0x0, 0xb, 0xff, 0xff, 0xfc, 0x0, 0x0,
    0x0, 0xbf, 0xff, 0xff, 0xff, 0xc0, 0x0, 0xc,
    0xff, 0xff, 0x6e, 0xff, 0xfc, 0x10, 0xbf, 0xff,
    0xf3, 0x3, 0xef, 0xff, 0xc0, 0xef, 0xff, 0x30,
    0x0, 0x3e, 0xff, 0xf0, 0x4f, 0xf3, 0x0, 0x0,
    0x3, 0xef, 0x40, 0x1, 0x10, 0x0, 0x0, 0x0,
    0x11, 0x0,

    /* U+F011 "" */
    0x0, 0x0, 0x0, 0x0, 0x7a, 0x60, 0x0, 0x0,
    0x0, 0x0, 0x0, 0x0, 0x0, 0xf, 0xff, 0x0,
    0x0, 0x0, 0x0, 0x0, 0x2, 0xb3, 0x0, 0xff,
    0xf0, 0x4, 0xb1, 0x0, 0x0, 0x3, 0xff, 0xd0,
    0xf, 0xff, 0x0, 0xef, 0xe2, 0x0, 0x1, 0xef,
    0xfe, 0x0, 0xff, 0xf0, 0x1e, 0xff, 0xd0, 0x0,
    0x9f, 0xfe, 0x20, 0xf, 0xff, 0x0, 0x3e, 0xff,
    0x80, 0x1f, 0xff, 0x40, 0x0, 0xff, 0xf0, 0x0,
    0x5f, 0xff, 0x6, 0xff, 0xb0, 0x0, 0xf, 0xff,
    0x0, 0x0, 0xcf, 0xf5, 0x9f, 0xf6, 0x0, 0x0,
    0xff, 0xf0, 0x0, 0x7, 0xff, 0x8b, 0xff, 0x40,
    0x0, 0xf, 0xff, 0x0, 0x0, 0x5f, 0xfa, 0xbf,
    0xf4, 0x0, 0x0, 0xdf, 0xc0, 0x0, 0x5, 0xff,
    0x99, 0xff, 0x70, 0x0, 0x0, 0x10, 0x0, 0x0,
    0x8f, 0xf8, 0x5f, 0xfd, 0x0, 0x0, 0x0, 0x0,
    0x0, 0xd, 0xff, 0x40, 0xff, 0xf6, 0x0, 0x0,
    0x0, 0x0, 0x7, 0xff, 0xe0, 0x7, 0xff, 0xf5,
    0x0, 0x0, 0x0, 0x6, 0xff, 0xf6, 0x0, 0xb,
    0xff, 0xfa, 0x30, 0x0, 0x3b, 0xff, 0xfb, 0x0,
    0x0, 0x1c, 0xff, 0xff, 0xfe, 0xff, 0xff, 0xfc,
    0x0, 0x0, 0x0, 0x9, 0xff, 0xff, 0xff, 0xff,
    0xf9, 0x0, 0x0, 0x0, 0x0, 0x2, 0x9d, 0xff,
    0xfd, 0x82, 0x0, 0x0, 0x0, 0x0, 0x0, 0x0,
    0x0, 0x0, 0x0, 0x0, 0x0, 0x0,

    /* U+F013 "" */
    0x0, 0x0, 0x0, 0x1, 0x34, 0x31, 0x0, 0x0,
    0x0, 0x0, 0x0, 0x0, 0x0, 0xff, 0xff, 0xb0,
    0x0, 0x0, 0x0, 0x0, 0x0, 0x0, 0xf, 0xff,
    0xfb, 0x0, 0x0, 0x0, 0x0, 0x3, 0x30, 0x29,
    0xff, 0xff, 0xf7, 0x0, 0x61, 0x0, 0x1, 0xef,
    0xbf, 0xff, 0xff, 0xff, 0xfd, 0xdf, 0xb0, 0x0,
    0xbf, 0xff, 0xff, 0xff, 0xff, 0xff, 0xff, 0xff,
    0x60, 0x2f, 0xff, 0xff, 0xff, 0xff, 0xff, 0xff,
    0xff, 0xfd, 0x4, 0xff, 0xff, 0xff, 0xa1, 0x3,
    0xdf, 0xff, 0xff, 0xd1, 0x1, 0xdf, 0xff, 0xc0,
    0x0, 0x1, 0xff, 0xff, 0xa0, 0x0, 0xb, 0xff,
    0xf7, 0x0, 0x0, 0xb, 0xff, 0xf7, 0x0, 0x0,
    0xbf, 0xff, 0x80, 0x0, 0x0, 0xcf, 0xff, 0x60,
    0x0, 0x5e, 0xff, 0xfe, 0x0, 0x0, 0x3f, 0xff,
    0xfc, 0x20, 0x5f, 0xff, 0xff, 0xfd, 0x53, 0x7f,
    0xff, 0xff, 0xff, 0x11, 0xff, 0xff, 0xff, 0xff,
    0xff, 0xff, 0xff, 0xff, 0xc0, 0x8, 0xff, 0xff,
    0xff, 0xff, 0xff, 0xff, 0xff, 0xf4, 0x0, 0xd,
    0xe7, 0xdf, 0xff, 0xff, 0xff, 0xa9, 0xf9, 0x0,
    0x0, 0x11, 0x0, 0x6f, 0xff, 0xfe, 0x30, 0x2,
    0x0, 0x0, 0x0, 0x0, 0x0, 0xff, 0xff, 0xb0,
    0x0, 0x0, 0x0, 0x0, 0x0, 0x0, 0xd, 0xff,
    0xf9, 0x0, 0x0, 0x0, 0x0, 0x0, 0x0, 0x0,
    0x0, 0x0, 0x0, 0x0, 0x0, 0x0,

    /* U+F015 "" */
    0x0, 0x0, 0x0, 0x0, 0x2, 0x85, 0x0, 0x7,
    0x98, 0x0, 0x0, 0x0, 0x0, 0x0, 0x0, 0x5f,
    0xff, 0x90, 0xd, 0xff, 0x10, 0x0, 0x0, 0x0,
    0x0, 0x7, 0xff, 0xff, 0xfb, 0x1d, 0xff, 0x10,
    0x0, 0x0, 0x0, 0x0, 0xaf, 0xfd, 0x3a, 0xff,
    0xde, 0xff, 0x10, 0x0, 0x0, 0x0, 0x1c, 0xff,
    0xb1, 0x30, 0x7f, 0xff, 0xff, 0x10, 0x0, 0x0,
    0x3, 0xef, 0xf9, 0x8, 0xfc, 0x14, 0xff, 0xff,
    0x10, 0x0, 0x0, 0x6f, 0xff, 0x60, 0xbf, 0xff,
    0xe3, 0x2d, 0xff, 0xa0, 0x0, 0x8, 0xff, 0xe4,
    0x2d, 0xff, 0xff, 0xff, 0x51, 0xbf, 0xfc, 0x10,
    0xbf, 0xfd, 0x24, 0xef, 0xff, 0xff, 0xff, 0xf8,
    0x9, 0xff, 0xe2, 0x9f, 0xb0, 0x6f, 0xff, 0xff,
    0xff, 0xff, 0xff, 0xb0, 0x6f, 0xe1, 0x6, 0x5,
    0xff, 0xff, 0xff, 0xff, 0xff, 0xff, 0xfb, 0x3,
    0x20, 0x0, 0x7, 0xff, 0xff, 0xff, 0xff, 0xff,
    0xff, 0xfd, 0x0, 0x0, 0x0, 0x7, 0xff, 0xff,
    0xf5, 0x44, 0xcf, 0xff, 0xfd, 0x0, 0x0, 0x0,
    0x7, 0xff, 0xff, 0xe0, 0x0, 0x8f, 0xff, 0xfd,
    0x0, 0x0, 0x0, 0x7, 0xff, 0xff, 0xe0, 0x0,
    0x8f, 0xff, 0xfd, 0x0, 0x0, 0x0, 0x7, 0xff,
    0xff, 0xe0, 0x0, 0x8f, 0xff, 0xfd, 0x0, 0x0,
    0x0, 0x5, 0xff, 0xff, 0xd0, 0x0, 0x7f, 0xff,
    0xfb, 0x0, 0x0, 0x0, 0x0, 0x0, 0x0, 0x0,
    0x0, 0x0, 0x0, 0x0, 0x0, 0x0,

    /* U+F017 "" */
    0x0, 0x0, 0x0, 0x4, 0x67, 0x64, 0x0, 0x0,
    0x0, 0x0, 0x0, 0x1, 0x9f, 0xff, 0xff, 0xff,
    0x91, 0x0, 0x0, 0x0, 0x5, 0xff, 0xff, 0xff,
    0xff, 0xff, 0xf4, 0x0, 0x0, 0x5, 0xff, 0xff,
    0xff, 0xff, 0xff, 0xff, 0xf5, 0x0, 0x3, 0xff,
    0xff, 0xff, 0x20, 0x2f, 0xff, 0xff, 0xf2, 0x0,
    0xcf, 0xff, 0xff, 0xf1, 0x1, 0xff, 0xff, 0xff,
    0xb0, 0x3f, 0xff, 0xff, 0xff, 0x10, 0x1f, 0xff,
    0xff, 0xff, 0x38, 0xff, 0xff, 0xff, 0xf1, 0x1,
    0xff, 0xff, 0xff, 0xf8, 0xbf, 0xff, 0xff, 0xff,
    0x10, 0x1f, 0xff, 0xff, 0xff, 0xac, 0xff, 0xff,
    0xff, 0xf1, 0x0, 0xef, 0xff, 0xff, 0xfc, 0xbf,
    0xff, 0xff, 0xff, 0x10, 0x1, 0xbf, 0xff, 0xff,
    0xb9, 0xff, 0xff, 0xff, 0xfb, 0x10, 0x0, 0xbf,
    0xff, 0xf9, 0x5f, 0xff, 0xff, 0xff, 0xfe, 0x50,
    0x1e, 0xff, 0xff, 0x50, 0xef, 0xff, 0xff, 0xff,
    0xff, 0xac, 0xff, 0xff, 0xe0, 0x6, 0xff, 0xff,
    0xff, 0xff, 0xff, 0xff, 0xff, 0xf6, 0x0, 0xa,
    0xff, 0xff, 0xff, 0xff, 0xff, 0xff, 0xfa, 0x0,
    0x0, 0xa, 0xff, 0xff, 0xff, 0xff, 0xff, 0xfa,
    0x0, 0x0, 0x0, 0x7, 0xef, 0xff, 0xff, 0xff,
    0xe6, 0x0, 0x0, 0x0, 0x0, 0x1, 0x6a, 0xcd,
    0xca, 0x60, 0x0, 0x0, 0x0,

    /* U+F019 "" */
    0x0, 0x0, 0x0, 0x4, 0x88, 0x84, 0x0, 0x0,
    0x0, 0x0, 0x0, 0x0, 0x0, 0xdf, 0xff, 0xd0,
    0x0, 0x0, 0x0, 0x0, 0x0, 0x0, 0xe, 0xff,
    0xfe, 0x0, 0x0, 0x0, 0x0, 0x0, 0x0, 0x0,
    0xef, 0xff, 0xe0, 0x0, 0x0, 0x0, 0x0, 0x0,
    0x0, 0xe, 0xff, 0xfe, 0x0, 0x0, 0x0, 0x0,
    0x0, 0x0, 0x0, 0xef, 0xff, 0xe0, 0x0, 0x0,
    0x0, 0x0, 0x0, 0x0, 0xe, 0xff, 0xfe, 0x0,
    0x0, 0x0, 0x0, 0x0, 0x36, 0x66, 0xef, 0xff,
    0xe6, 0x66, 0x30, 0x0, 0x0, 0xc, 0xff, 0xff,
    0xff, 0xff, 0xff, 0xfc, 0x0, 0x0, 0x0, 0x1d,
    0xff, 0xff, 0xff, 0xff, 0xfd, 0x10, 0x0, 0x0,
    0x0, 0x1d, 0xff, 0xff, 0xff, 0xfd, 0x10, 0x0,
    0x0, 0x0, 0x0, 0x1d, 0xff, 0xff, 0xfd, 0x10,
    0x0, 0x0, 0x0, 0x0, 0x0, 0x1d, 0xff, 0xfd,
    0x10, 0x0, 0x0, 0x4, 0x77, 0x77, 0x74, 0x1c,
    0xfc, 0x14, 0x77, 0x77, 0x74, 0xff, 0xff, 0xff,
    0xf7, 0x17, 0x17, 0xff, 0xff, 0xff, 0xff, 0xff,
    0xff, 0xff, 0xfb, 0x7b, 0xff, 0xff, 0xff, 0xff,
    0xff, 0xff, 0xff, 0xff, 0xff, 0xff, 0xff, 0xff,
    0xff, 0xff, 0xff, 0xff, 0xff, 0xff, 0xff, 0xff,
    0x1c, 0x66, 0xff, 0xef, 0xff, 0xff, 0xff, 0xff,
    0xff, 0xff, 0xff, 0xff, 0xe0, 0x22, 0x22, 0x22,
    0x22, 0x22, 0x22, 0x22, 0x22, 0x20,

    /* U+F01C "" */
    0x0, 0x0, 0x3, 0x44, 0x44, 0x44, 0x44, 0x43,
    0x0, 0x0, 0x0, 0x0, 0x0, 0xaf, 0xff, 0xff,
    0xff, 0xff, 0xff, 0xe2, 0x0, 0x0, 0x0, 0x6,
    0xff, 0xff, 0xff, 0xff, 0xff, 0xff, 0xfc, 0x0,
    0x0, 0x0, 0x2f, 0xfc, 0x22, 0x22, 0x22, 0x22,
    0x26, 0xff, 0x70, 0x0, 0x0, 0xbf, 0xf2, 0x0,
    0x0, 0x0, 0x0, 0x0, 0xbf, 0xf2, 0x0, 0x6,
    0xff, 0x60, 0x0, 0x0, 0x0, 0x0, 0x0, 0x1f,
    0xfc, 0x0, 0x2f, 0xfc, 0x0, 0x0, 0x0, 0x0,
    0x0, 0x0, 0x6, 0xff, 0x70, 0xbf, 0xf4, 0x22,
    0x20, 0x0, 0x0, 0x0, 0x22, 0x22, 0xcf, 0xf2,
    0xff, 0xff, 0xff, 0xfb, 0x0, 0x0, 0x5, 0xff,
    0xff, 0xff, 0xf5, 0xff, 0xff, 0xff, 0xff, 0x30,
    0x0, 0xd, 0xff, 0xff, 0xff, 0xf6, 0xff, 0xff,
    0xff, 0xff, 0xec, 0xcc, 0xcf, 0xff, 0xff, 0xff,
    0xf6, 0xff, 0xff, 0xff, 0xff, 0xff, 0xff, 0xff,
    0xff, 0xff, 0xff, 0xf6, 0xff, 0xff, 0xff, 0xff,
    0xff, 0xff, 0xff, 0xff, 0xff, 0xff, 0xf6, 0xff,
    0xff, 0xff, 0xff, 0xff, 0xff, 0xff, 0xff, 0xff,
    0xff, 0xf5, 0x6f, 0xff, 0xff, 0xff, 0xff, 0xff,
    0xff, 0xff, 0xff, 0xff, 0xb0,

    /* U+F021 "" */
    0x0, 0x0, 0x0, 0x0, 0x1, 0x0, 0x0, 0x0,
    0x6b, 0xa0, 0x0, 0x0, 0x3a, 0xef, 0xff, 0xd8,
    0x20, 0x9, 0xff, 0x0, 0x1, 0xbf, 0xff, 0xff,
    0xff, 0xff, 0x90, 0x8f, 0xf0, 0x2, 0xef, 0xff,
    0xda, 0x8a, 0xef, 0xff, 0xd9, 0xff, 0x0, 0xdf,
    0xfd, 0x40, 0x0, 0x0, 0x4d, 0xff, 0xff, 0xf0,
    0x9f, 0xfc, 0x10, 0x0, 0x0, 0x0, 0xb, 0xff,
    0xff, 0x1f, 0xfe, 0x10, 0x0, 0x0, 0x4f, 0xff,
    0xef, 0xff, 0xf6, 0xff, 0x60, 0x0, 0x0, 0x5,
    0xff, 0xff, 0xff, 0xff, 0x49, 0x91, 0x0, 0x0,
    0x0, 0x29, 0x99, 0x99, 0x99, 0x80, 0x0, 0x0,
    0x0, 0x0, 0x0, 0x0, 0x0, 0x0, 0x0, 0x0,
    0x0, 0x0, 0x0, 0x0, 0x0, 0x0, 0x0, 0x0,
    0xe, 0xff, 0xff, 0xff, 0xf3, 0x0, 0x0, 0x0,
    0x2f, 0xf6, 0xff, 0xff, 0xff, 0xff, 0x50, 0x0,
    0x0, 0x9, 0xff, 0x4f, 0xff, 0xfa, 0x99, 0xa2,
    0x0, 0x0, 0x3, 0xff, 0xe0, 0xff, 0xff, 0xd2,
    0x0, 0x0, 0x0, 0x2, 0xef, 0xf6, 0xf, 0xff,
    0xff, 0xf7, 0x10, 0x0, 0x7, 0xff, 0xfb, 0x0,
    0xff, 0x9b, 0xff, 0xff, 0xca, 0xbf, 0xff, 0xfc,
    0x0, 0xf, 0xf9, 0x7, 0xff, 0xff, 0xff, 0xff,
    0xf8, 0x0, 0x0, 0xff, 0x90, 0x1, 0x6c, 0xff,
    0xfd, 0x82, 0x0, 0x0, 0x4, 0x52, 0x0, 0x0,
    0x0, 0x0, 0x0, 0x0, 0x0, 0x0,

    /* U+F026 "" */
    0x0, 0x0, 0x0, 0x0, 0x61, 0x0, 0x0, 0x0,
    0xb, 0xf7, 0x0, 0x0, 0x0, 0xbf, 0xf8, 0x0,
    0x0, 0xb, 0xff, 0xf8, 0xbe, 0xee, 0xef, 0xff,
    0xf8, 0xff, 0xff, 0xff, 0xff, 0xf8, 0xff, 0xff,
    0xff, 0xff, 0xf8, 0xff, 0xff, 0xff, 0xff, 0xf8,
    0xff, 0xff, 0xff, 0xff, 0xf8, 0xff, 0xff, 0xff,
    0xff, 0xf8, 0xef, 0xff, 0xff, 0xff, 0xf8, 0x13,
    0x33, 0x4e, 0xff, 0xf8, 0x0, 0x0, 0x2, 0xef,
    0xf8, 0x0, 0x0, 0x0, 0x2e, 0xf7, 0x0, 0x0,
    0x0, 0x2, 0xb3,

    /* U+F027 "" */
    0x0, 0x0, 0x0, 0x0, 0x51, 0x0, 0x0, 0x0,
    0x0, 0x0, 0x0, 0xaf, 0x70, 0x0, 0x0, 0x0,
    0x0, 0x0, 0xaf, 0xf8, 0x0, 0x0, 0x0, 0x0,
    0x0, 0xaf, 0xff, 0x80, 0x0, 0x0, 0xae, 0xee,
    0xef, 0xff, 0xf8, 0x0, 0x0, 0xf, 0xff, 0xff,
    0xff, 0xff, 0x80, 0x9e, 0x20, 0xff, 0xff, 0xff,
    0xff, 0xf8, 0x6, 0xfd, 0xf, 0xff, 0xff, 0xff,
    0xff, 0x80, 0xa, 0xf2, 0xff, 0xff, 0xff, 0xff,
    0xf8, 0x0, 0xbf, 0x2f, 0xff, 0xff, 0xff, 0xff,
    0x80, 0x8f, 0xc0, 0xef, 0xff, 0xff, 0xff, 0xf8,
    0x7, 0xb1, 0x1, 0x44, 0x44, 0xef, 0xff, 0x80,
    0x0, 0x0, 0x0, 0x0, 0x2, 0xef, 0xf8, 0x0,
    0x0, 0x0, 0x0, 0x0, 0x2, 0xef, 0x70, 0x0,
    0x0, 0x0, 0x0, 0x0, 0x2, 0xb3, 0x0, 0x0,
    0x0,

    /* U+F028 "" */
    0x0, 0x0, 0x0, 0x0, 0x0, 0x0, 0x0, 0x0,
    0x0, 0x0, 0x0, 0x0, 0x0, 0x0, 0x0, 0x0,
    0x0, 0x0, 0xb, 0xd1, 0x0, 0x0, 0x0, 0x0,
    0x0, 0x0, 0x61, 0x0, 0x0, 0x8, 0xfe, 0x30,
    0x0, 0x0, 0x0, 0x0, 0xb, 0xf7, 0x0, 0x0,
    0x0, 0x7f, 0xe1, 0x0, 0x0, 0x0, 0x0, 0xbf,
    0xf8, 0x0, 0x8, 0xe3, 0x8, 0xfa, 0x0, 0x0,
    0x0, 0xb, 0xff, 0xf8, 0x0, 0x5, 0xff, 0x30,
    0xcf, 0x30, 0xbe, 0xee, 0xef, 0xff, 0xf8, 0x0,
    0x0, 0x5f, 0xd0, 0x4f, 0xa0, 0xff, 0xff, 0xff,
    0xff, 0xf8, 0x9, 0xe3, 0xa, 0xf5, 0xe, 0xf0,
    0xff, 0xff, 0xff, 0xff, 0xf8, 0x5, 0xfd, 0x2,
    0xfa, 0xa, 0xf2, 0xff, 0xff, 0xff, 0xff, 0xf8,
    0x0, 0xaf, 0x20, 0xfc, 0x9, 0xf3, 0xff, 0xff,
    0xff, 0xff, 0xf8, 0x0, 0xcf, 0x20, 0xfb, 0x9,
    0xf3, 0xff, 0xff, 0xff, 0xff, 0xf8, 0x8, 0xfb,
    0x4, 0xf9, 0xb, 0xf1, 0xef, 0xff, 0xff, 0xff,
    0xf8, 0x7, 0xb1, 0xc, 0xf3, 0xf, 0xe0, 0x13,
    0x33, 0x4e, 0xff, 0xf8, 0x0, 0x0, 0x9f, 0xb0,
    0x6f, 0x90, 0x0, 0x0, 0x2, 0xef, 0xf8, 0x0,
    0x8, 0xfe, 0x10, 0xef, 0x20, 0x0, 0x0, 0x0,
    0x2e, 0xf7, 0x0, 0x6, 0xa1, 0xa, 0xf8, 0x0,
    0x0, 0x0, 0x0, 0x2, 0xb3, 0x0, 0x0, 0x0,
    0xaf, 0xc0, 0x0, 0x0, 0x0, 0x0, 0x0, 0x0,
    0x0, 0x0, 0xb, 0xfc, 0x10, 0x0, 0x0, 0x0,
    0x0, 0x0, 0x0, 0x0, 0x0, 0x8, 0x90, 0x0,
    0x0,

    /* U+F03E "" */
    0x1, 0x22, 0x22, 0x22, 0x22, 0x22, 0x22, 0x22,
    0x21, 0x7, 0xff, 0xff, 0xff, 0xff, 0xff, 0xff,
    0xff, 0xff, 0xf8, 0xff, 0xff, 0xff, 0xff, 0xff,
    0xff, 0xff, 0xff, 0xff, 0xff, 0xfc, 0x10, 0x8f,
    0xff, 0xff, 0xff, 0xff, 0xff, 0xff, 0xff, 0x20,
    0x0, 0xdf, 0xff, 0xff, 0xff, 0xff, 0xff, 0xff,
    0xf3, 0x0, 0xe, 0xff, 0xff, 0xf7, 0x6f, 0xff,
    0xff, 0xff, 0xc2, 0x19, 0xff, 0xff, 0xf7, 0x0,
    0x5f, 0xff, 0xff, 0xff, 0xff, 0xff, 0xff, 0xf7,
    0x0, 0x0, 0x5f, 0xff, 0xff, 0xff, 0xb3, 0xef,
    0xf7, 0x0, 0x0, 0x0, 0x7f, 0xff, 0xff, 0xb0,
    0x2, 0xe7, 0x0, 0x0, 0x0, 0x6, 0xff, 0xff,
    0xb0, 0x0, 0x1, 0x0, 0x0, 0x0, 0x0, 0x6f,
    0xff, 0xf6, 0x0, 0x0, 0x0, 0x0, 0x0, 0x0,
    0x6, 0xff, 0xff, 0x96, 0x66, 0x66, 0x66, 0x66,
    0x66, 0x66, 0x9f, 0xff, 0xff, 0xff, 0xff, 0xff,
    0xff, 0xff, 0xff, 0xff, 0xff, 0x6f, 0xff, 0xff,
    0xff, 0xff, 0xff, 0xff, 0xff, 0xff, 0x60,

    /* U+F043 "" */
    0x0, 0x0, 0x1, 0x82, 0x0, 0x0, 0x0, 0x0,
    0x0, 0xa, 0xfb, 0x0, 0x0, 0x0, 0x0, 0x0,
    0xf, 0xff, 0x10, 0x0, 0x0, 0x0, 0x0, 0x6f,
    0xff, 0x70, 0x0, 0x0, 0x0, 0x0, 0xef, 0xff,
    0xe0, 0x0, 0x0, 0x0, 0x7, 0xff, 0xff, 0xf8,
    0x0, 0x0, 0x0, 0x2f, 0xff, 0xff, 0xff, 0x30,
    0x0, 0x0, 0xcf, 0xff, 0xff, 0xff, 0xd0, 0x0,
    0x8, 0xff, 0xff, 0xff, 0xff, 0xf9, 0x0, 0x2f,
    0xff, 0xff, 0xff, 0xff, 0xff, 0x20, 0x8f, 0xff,
    0xff, 0xff, 0xff, 0xff, 0x90, 0xdf, 0xff, 0xff,
    0xff, 0xff, 0xff, 0xe0, 0xff, 0xab, 0xff, 0xff,
    0xff, 0xff, 0xf0, 0xff, 0x75, 0xff, 0xff, 0xff,
    0xff, 0xf0, 0xcf, 0xb0, 0xdf, 0xff, 0xff, 0xff,
    0xd0, 0x6f, 0xf5, 0x19, 0xdf, 0xff, 0xff, 0x70,
    0xd, 0xff, 0x82, 0xf, 0xff, 0xfd, 0x0, 0x2,
    0xdf, 0xff, 0xff, 0xff, 0xe2, 0x0, 0x0, 0x19,
    0xff, 0xff, 0xfa, 0x10, 0x0, 0x0, 0x0, 0x4,
    0x54, 0x10, 0x0, 0x0,

    /* U+F048 "" */
    0x49, 0x80, 0x0, 0x0, 0x0, 0x56, 0xa, 0xff,
    0x0, 0x0, 0x0, 0x8f, 0xf3, 0xaf, 0xf0, 0x0,
    0x0, 0x9f, 0xff, 0x4a, 0xff, 0x0, 0x0, 0xbf,
    0xff, 0xf4, 0xaf, 0xf0, 0x0, 0xcf, 0xff, 0xff,
    0x4a, 0xff, 0x1, 0xcf, 0xff, 0xff, 0xf4, 0xaf,
    0xf2, 0xdf, 0xff, 0xff, 0xff, 0x4a, 0xff, 0xef,
    0xff, 0xff, 0xff, 0xf4, 0xaf, 0xff, 0xff, 0xff,
    0xff, 0xff, 0x4a, 0xff, 0xff, 0xff, 0xff, 0xff,
    0xf4, 0xaf, 0xf9, 0xff, 0xff, 0xff, 0xff, 0x4a,
    0xff, 0x7, 0xff, 0xff, 0xff, 0xf4, 0xaf, 0xf0,
    0x5, 0xff, 0xff, 0xff, 0x4a, 0xff, 0x0, 0x4,
    0xff, 0xff, 0xf4, 0xaf, 0xf0, 0x0, 0x3, 0xef,
    0xff, 0x4a, 0xff, 0x0, 0x0, 0x2, 0xef, 0xf3,
    0x9f, 0xf0, 0x0, 0x0, 0x2, 0xde, 0x10, 0x0,
    0x0, 0x0, 0x0, 0x0, 0x0,

    /* U+F04B "" */
    0x28, 0x60, 0x0, 0x0, 0x0, 0x0, 0x0, 0x0,
    0xd, 0xff, 0xd4, 0x0, 0x0, 0x0, 0x0, 0x0,
    0x0, 0xff, 0xff, 0xfa, 0x20, 0x0, 0x0, 0x0,
    0x0, 0xf, 0xff, 0xff, 0xff, 0x80, 0x0, 0x0,
    0x0, 0x0, 0xff, 0xff, 0xff, 0xff, 0xe5, 0x0,
    0x0, 0x0, 0xf, 0xff, 0xff, 0xff, 0xff, 0xfb,
    0x20, 0x0, 0x0, 0xff, 0xff, 0xff, 0xff, 0xff,
    0xff, 0x80, 0x0, 0xf, 0xff, 0xff, 0xff, 0xff,
    0xff, 0xff, 0xe5, 0x0, 0xff, 0xff, 0xff, 0xff,
    0xff, 0xff, 0xff, 0xfc, 0x1f, 0xff, 0xff, 0xff,
    0xff, 0xff, 0xff, 0xff, 0xf8, 0xff, 0xff, 0xff,
    0xff, 0xff, 0xff, 0xff, 0xff, 0x7f, 0xff, 0xff,
    0xff, 0xff, 0xff, 0xff, 0xff, 0x80, 0xff, 0xff,
    0xff, 0xff, 0xff, 0xff, 0xfb, 0x20, 0xf, 0xff,
    0xff, 0xff, 0xff, 0xff, 0xd4, 0x0, 0x0, 0xff,
    0xff, 0xff, 0xff, 0xff, 0x70, 0x0, 0x0, 0xf,
    0xff, 0xff, 0xff, 0xfa, 0x10, 0x0, 0x0, 0x0,
    0xff, 0xff, 0xff, 0xd4, 0x0, 0x0, 0x0, 0x0,
    0xf, 0xff, 0xff, 0x70, 0x0, 0x0, 0x0, 0x0,
    0x0, 0xaf, 0xf9, 0x10, 0x0, 0x0, 0x0, 0x0,
    0x0, 0x0, 0x52, 0x0, 0x0, 0x0, 0x0, 0x0,
    0x0, 0x0,

    /* U+F04C "" */
    0x18, 0x99, 0x98, 0x20, 0x0, 0x38, 0x99, 0x97,
    0xc, 0xff, 0xff, 0xfe, 0x0, 0x1f, 0xff, 0xff,
    0xfa, 0xff, 0xff, 0xff, 0xf1, 0x4, 0xff, 0xff,
    0xff, 0xdf, 0xff, 0xff, 0xff, 0x20, 0x4f, 0xff,
    0xff, 0xfd, 0xff, 0xff, 0xff, 0xf2, 0x4, 0xff,
    0xff, 0xff, 0xdf, 0xff, 0xff, 0xff, 0x20, 0x4f,
    0xff, 0xff, 0xfd, 0xff, 0xff, 0xff, 0xf2, 0x4,
    0xff, 0xff, 0xff, 0xdf, 0xff, 0xff, 0xff, 0x20,
    0x4f, 0xff, 0xff, 0xfd, 0xff, 0xff, 0xff, 0xf2,
    0x4, 0xff, 0xff, 0xff, 0xdf, 0xff, 0xff, 0xff,
    0x20, 0x4f, 0xff, 0xff, 0xfd, 0xff, 0xff, 0xff,
    0xf2, 0x4, 0xff, 0xff, 0xff, 0xdf, 0xff, 0xff,
    0xff, 0x20, 0x4f, 0xff, 0xff, 0xfd, 0xff, 0xff,
    0xff, 0xf2, 0x4, 0xff, 0xff, 0xff, 0xdf, 0xff,
    0xff, 0xff, 0x20, 0x4f, 0xff, 0xff, 0xfd, 0xff,
    0xff, 0xff, 0xf2, 0x4, 0xff, 0xff, 0xff, 0xdf,
    0xff, 0xff, 0xff, 0x10, 0x3f, 0xff, 0xff, 0xfc,
    0x6f, 0xff, 0xff, 0x80, 0x0, 0xaf, 0xff, 0xff,
    0x40, 0x0, 0x0, 0x0, 0x0, 0x0, 0x0, 0x0,
    0x0,

    /* U+F04D "" */
    0x18, 0x99, 0x99, 0x99, 0x99, 0x99, 0x99, 0x96,
    0xc, 0xff, 0xff, 0xff, 0xff, 0xff, 0xff, 0xff,
    0xf6, 0xff, 0xff, 0xff, 0xff, 0xff, 0xff, 0xff,
    0xff, 0x9f, 0xff, 0xff, 0xff, 0xff, 0xff, 0xff,
    0xff, 0xfa, 0xff, 0xff, 0xff, 0xff, 0xff, 0xff,
    0xff, 0xff, 0xaf, 0xff, 0xff, 0xff, 0xff, 0xff,
    0xff, 0xff, 0xfa, 0xff, 0xff, 0xff, 0xff, 0xff,
    0xff, 0xff, 0xff, 0xaf, 0xff, 0xff, 0xff, 0xff,
    0xff, 0xff, 0xff, 0xfa, 0xff, 0xff, 0xff, 0xff,
    0xff, 0xff, 0xff, 0xff, 0xaf, 0xff, 0xff, 0xff,
    0xff, 0xff, 0xff, 0xff, 0xfa, 0xff, 0xff, 0xff,
    0xff, 0xff, 0xff, 0xff, 0xff, 0xaf, 0xff, 0xff,
    0xff, 0xff, 0xff, 0xff, 0xff, 0xfa, 0xff, 0xff,
    0xff, 0xff, 0xff, 0xff, 0xff, 0xff, 0xaf, 0xff,
    0xff, 0xff, 0xff, 0xff, 0xff, 0xff, 0xfa, 0xff,
    0xff, 0xff, 0xff, 0xff, 0xff, 0xff, 0xff, 0xaf,
    0xff, 0xff, 0xff, 0xff, 0xff, 0xff, 0xff, 0xf9,
    0x6f, 0xff, 0xff, 0xff, 0xff, 0xff, 0xff, 0xfd,
    0x20, 0x0, 0x0, 0x0, 0x0, 0x0, 0x0, 0x0,
    0x0,

    /* U+F051 "" */
    0x28, 0x10, 0x0, 0x0, 0x4, 0x98, 0xb, 0xfe,
    0x20, 0x0, 0x0, 0x9f, 0xf1, 0xcf, 0xfe, 0x30,
    0x0, 0x9, 0xff, 0x1c, 0xff, 0xff, 0x40, 0x0,
    0x9f, 0xf1, 0xcf, 0xff, 0xff, 0x50, 0x9, 0xff,
    0x1c, 0xff, 0xff, 0xff, 0x60, 0x9f, 0xf1, 0xcf,
    0xff, 0xff, 0xff, 0x79, 0xff, 0x1c, 0xff, 0xff,
    0xff, 0xff, 0xef, 0xf1, 0xcf, 0xff, 0xff, 0xff,
    0xff, 0xff, 0x1c, 0xff, 0xff, 0xff, 0xff, 0xff,
    0xf1, 0xcf, 0xff, 0xff, 0xff, 0xdb, 0xff, 0x1c,
    0xff, 0xff, 0xff, 0xc1, 0x9f, 0xf1, 0xcf, 0xff,
    0xff, 0xb0, 0x9, 0xff, 0x1c, 0xff, 0xff, 0xa0,
    0x0, 0x9f, 0xf1, 0xcf, 0xff, 0x90, 0x0, 0x9,
    0xff, 0x1c, 0xff, 0x80, 0x0, 0x0, 0x9f, 0xf1,
    0x8f, 0x70, 0x0, 0x0, 0x8, 0xff, 0x0, 0x0,
    0x0, 0x0, 0x0, 0x0, 0x0,

    /* U+F052 "" */
    0x0, 0x0, 0x0, 0x0, 0x59, 0x20, 0x0, 0x0,
    0x0, 0x0, 0x0, 0x0, 0x7, 0xff, 0xe2, 0x0,
    0x0, 0x0, 0x0, 0x0, 0x0, 0x6f, 0xff, 0xfe,
    0x20, 0x0, 0x0, 0x0, 0x0, 0x5, 0xff, 0xff,
    0xff, 0xd1, 0x0, 0x0, 0x0, 0x0, 0x4f, 0xff,
    0xff, 0xff, 0xfc, 0x0, 0x0, 0x0, 0x3, 0xff,
    0xff, 0xff, 0xff, 0xff, 0xb0, 0x0, 0x0, 0x2e,
    0xff, 0xff, 0xff, 0xff, 0xff, 0xfa, 0x0, 0x1,
    0xef, 0xff, 0xff, 0xff, 0xff, 0xff, 0xff, 0x90,
    0xc, 0xff, 0xff, 0xff, 0xff, 0xff, 0xff, 0xff,
    0xf6, 0xf, 0xff, 0xff, 0xff, 0xff, 0xff, 0xff,
    0xff, 0xf9, 0x7, 0xff, 0xff, 0xff, 0xff, 0xff,
    0xff, 0xff, 0xe2, 0x0, 0x0, 0x0, 0x0, 0x0,
    0x0, 0x0, 0x0, 0x0, 0x6, 0xbb, 0xbb, 0xbb,
    0xbb, 0xbb, 0xbb, 0xbb, 0xa2, 0xf, 0xff, 0xff,
    0xff, 0xff, 0xff, 0xff, 0xff, 0xf9, 0xf, 0xff,
    0xff, 0xff, 0xff, 0xff, 0xff, 0xff, 0xfa, 0xf,
    0xff, 0xff, 0xff, 0xff, 0xff, 0xff, 0xff, 0xf9,
    0xb, 0xff, 0xff, 0xff, 0xff, 0xff, 0xff, 0xff,
    0xf5, 0x0, 0x0, 0x0, 0x0, 0x0, 0x0, 0x0,
    0x0, 0x0,

    /* U+F053 "" */
    0x0, 0x0, 0x0, 0x0, 0x10, 0x0, 0x0, 0x0,
    0x1d, 0xf4, 0x0, 0x0, 0x1, 0xdf, 0xfc, 0x0,
    0x0, 0x1d, 0xff, 0xf4, 0x0, 0x1, 0xdf, 0xff,
    0x40, 0x0, 0x1d, 0xff, 0xf4, 0x0, 0x1, 0xdf,
    0xff, 0x40, 0x0, 0x1d, 0xff, 0xf4, 0x0, 0x0,
    0xdf, 0xff, 0x40, 0x0, 0x0, 0xaf, 0xff, 0x70,
    0x0, 0x0, 0xa, 0xff, 0xf7, 0x0, 0x0, 0x0,
    0xaf, 0xff, 0x70, 0x0, 0x0, 0xa, 0xff, 0xf7,
    0x0, 0x0, 0x0, 0xaf, 0xff, 0x70, 0x0, 0x0,
    0xa, 0xff, 0xf7, 0x0, 0x0, 0x0, 0xaf, 0xfb,
    0x0, 0x0, 0x0, 0xa, 0xd1,

    /* U+F054 "" */
    0x2, 0x0, 0x0, 0x0, 0x0, 0x5f, 0xc0, 0x0,
    0x0, 0x0, 0xef, 0xfc, 0x0, 0x0, 0x0, 0x5f,
    0xff, 0xc0, 0x0, 0x0, 0x5, 0xff, 0xfc, 0x0,
    0x0, 0x0, 0x5f, 0xff, 0xc0, 0x0, 0x0, 0x5,
    0xff, 0xfc, 0x0, 0x0, 0x0, 0x5f, 0xff, 0xc0,
    0x0, 0x0, 0x6, 0xff, 0xfb, 0x0, 0x0, 0x9,
    0xff, 0xf8, 0x0, 0x0, 0x9f, 0xff, 0x90, 0x0,
    0x9, 0xff, 0xf9, 0x0, 0x0, 0x9f, 0xff, 0x90,
    0x0, 0x9, 0xff, 0xf9, 0x0, 0x0, 0x9f, 0xff,
    0x90, 0x0, 0x0, 0xdf, 0xf9, 0x0, 0x0, 0x0,
    0x2d, 0x80, 0x0, 0x0, 0x0,

    /* U+F057 "" */
    0x0, 0x0, 0x0, 0x1, 0x34, 0x31, 0x0, 0x0,
    0x0, 0x0, 0x0, 0x0, 0x7d, 0xff, 0xff, 0xfc,
    0x60, 0x0, 0x0, 0x0, 0x2, 0xdf, 0xff, 0xff,
    0xff, 0xff, 0xc1, 0x0, 0x0, 0x3, 0xff, 0xff,
    0xff, 0xff, 0xff, 0xff, 0xe2, 0x0, 0x1, 0xef,
    0xff, 0xff, 0xff, 0xff, 0xff, 0xff, 0xd0, 0x0,
    0xaf, 0xff, 0xf5, 0xcf, 0xff, 0xa6, 0xff, 0xff,
    0x80, 0x2f, 0xff, 0xf4, 0x0, 0xcf, 0xb0, 0x5,
    0xff, 0xff, 0x7, 0xff, 0xfe, 0x10, 0x0, 0x80,
    0x0, 0x2f, 0xff, 0xf5, 0xaf, 0xff, 0xfd, 0x10,
    0x0, 0x0, 0x2e, 0xff, 0xff, 0x8b, 0xff, 0xff,
    0xfd, 0x10, 0x0, 0x2e, 0xff, 0xff, 0xf9, 0xbf,
    0xff, 0xff, 0xb0, 0x0, 0x1, 0xcf, 0xff, 0xff,
    0x99, 0xff, 0xff, 0xa0, 0x0, 0x0, 0x0, 0xcf,
    0xff, 0xf7, 0x5f, 0xff, 0xe0, 0x0, 0x2c, 0x10,
    0x0, 0xff, 0xff, 0x31, 0xff, 0xff, 0x70, 0x2e,
    0xfd, 0x10, 0x9f, 0xff, 0xe0, 0x8, 0xff, 0xff,
    0x9e, 0xff, 0xfd, 0xaf, 0xff, 0xf6, 0x0, 0xc,
    0xff, 0xff, 0xff, 0xff, 0xff, 0xff, 0xfa, 0x0,
    0x0, 0x1d, 0xff, 0xff, 0xff, 0xff, 0xff, 0xfb,
    0x0, 0x0, 0x0, 0xa, 0xff, 0xff, 0xff, 0xff,
    0xf8, 0x0, 0x0, 0x0, 0x0, 0x3, 0x9d, 0xff,
    0xfd, 0x82, 0x0, 0x0, 0x0, 0x0, 0x0, 0x0,
    0x0, 0x0, 0x0, 0x0, 0x0, 0x0,

    /* U+F058 "" */
    0x0, 0x0, 0x0, 0x1, 0x34, 0x31, 0x0, 0x0,
    0x0, 0x0, 0x0, 0x0, 0x7d, 0xff, 0xff, 0xfc,
    0x60, 0x0, 0x0, 0x0, 0x2, 0xdf, 0xff, 0xff,
    0xff, 0xff, 0xc1, 0x0, 0x0, 0x3, 0xff, 0xff,
    0xff, 0xff, 0xff, 0xff, 0xe2, 0x0, 0x1, 0xef,
    0xff, 0xff, 0xff, 0xff, 0xff, 0xff, 0xd0, 0x0,
    0xaf, 0xff, 0xff, 0xff, 0xff, 0xff, 0xff, 0xff,
    0x80, 0x2f, 0xff, 0xff, 0xff, 0xff, 0xff, 0xf5,
    0x6f, 0xff, 0x7, 0xff, 0xff, 0xff, 0xff, 0xff,
    0xf4, 0x0, 0xbf, 0xf5, 0xaf, 0xff, 0xff, 0xff,
    0xff, 0xf4, 0x0, 0x6f, 0xff, 0x8b, 0xff, 0xf4,
    0x6f, 0xff, 0xf4, 0x0, 0x6f, 0xff, 0xf9, 0xbf,
    0xf9, 0x0, 0x5f, 0xf4, 0x0, 0x6f, 0xff, 0xff,
    0x99, 0xff, 0xf5, 0x0, 0x54, 0x0, 0x6f, 0xff,
    0xff, 0xf7, 0x5f, 0xff, 0xf5, 0x0, 0x0, 0x6f,
    0xff, 0xff, 0xff, 0x31, 0xff, 0xff, 0xf5, 0x0,
    0x6f, 0xff, 0xff, 0xff, 0xe0, 0x8, 0xff, 0xff,
    0xf5, 0x6f, 0xff, 0xff, 0xff, 0xf6, 0x0, 0xc,
    0xff, 0xff, 0xff, 0xff, 0xff, 0xff, 0xfa, 0x0,
    0x0, 0x1d, 0xff, 0xff, 0xff, 0xff, 0xff, 0xfb,
    0x0, 0x0, 0x0, 0xa, 0xff, 0xff, 0xff, 0xff,
    0xf8, 0x0, 0x0, 0x0, 0x0, 0x3, 0x9d, 0xff,
    0xfd, 0x82, 0x0, 0x0, 0x0, 0x0, 0x0, 0x0,
    0x0, 0x0, 0x0, 0x0, 0x0, 0x0,

    /* U+F05B "" */
    0x0, 0x0, 0x0, 0x0, 0x9d, 0x70, 0x0, 0x0,
    0x0, 0x0, 0x0, 0x0, 0x0, 0x1d, 0xfb, 0x10,
    0x0, 0x0, 0x0, 0x0, 0x0, 0x4, 0xcf, 0xff,
    0xff, 0xb3, 0x0, 0x0, 0x0, 0x0, 0x8, 0xff,
    0xff, 0xff, 0xff, 0xf7, 0x0, 0x0, 0x0, 0x8,
    0xff, 0xd6, 0xcf, 0xb7, 0xef, 0xf7, 0x0, 0x0,
    0x4, 0xff, 0xb1, 0xb, 0xf9, 0x1, 0xcf, 0xf3,
    0x0, 0x0, 0xcf, 0xe1, 0x0, 0x1, 0x0, 0x1,
    0xef, 0xc0, 0x0, 0x2f, 0xf6, 0x0, 0x0, 0x0,
    0x0, 0x6, 0xff, 0x20, 0x48, 0xff, 0x63, 0x0,
    0x4, 0x0, 0x3, 0x6f, 0xf8, 0x4f, 0xff, 0xff,
    0xe0, 0xa, 0xf7, 0x0, 0xef, 0xff, 0xff, 0xff,
    0xff, 0xfe, 0x0, 0x8f, 0x50, 0xe, 0xff, 0xff,
    0xf0, 0x5f, 0xf3, 0x0, 0x0, 0x0, 0x0, 0x3,
    0xff, 0x50, 0x1, 0xff, 0x90, 0x0, 0x0, 0x0,
    0x0, 0x9f, 0xf0, 0x0, 0x9, 0xff, 0x50, 0x8,
    0xc6, 0x0, 0x6f, 0xf8, 0x0, 0x0, 0x1d, 0xff,
    0x81, 0xcf, 0x92, 0x9f, 0xfd, 0x0, 0x0, 0x0,
    0x2e, 0xff, 0xff, 0xff, 0xff, 0xfd, 0x10, 0x0,
    0x0, 0x0, 0x1a, 0xff, 0xff, 0xff, 0xf9, 0x0,
    0x0, 0x0, 0x0, 0x0, 0x1, 0x6e, 0xfd, 0x61,
    0x0, 0x0, 0x0, 0x0, 0x0, 0x0, 0x0, 0xcf,
    0x90, 0x0, 0x0, 0x0, 0x0, 0x0, 0x0, 0x0,
    0x1, 0x20, 0x0, 0x0, 0x0, 0x0,

    /* U+F067 "" */
    0x0, 0x0, 0x0, 0x6, 0x74, 0x0, 0x0, 0x0,
    0x0, 0x0, 0x0, 0x6, 0xff, 0xf0, 0x0, 0x0,
    0x0, 0x0, 0x0, 0x0, 0x7f, 0xff, 0x10, 0x0,
    0x0, 0x0, 0x0, 0x0, 0x7, 0xff, 0xf1, 0x0,
    0x0, 0x0, 0x0, 0x0, 0x0, 0x7f, 0xff, 0x10,
    0x0, 0x0, 0x0, 0x0, 0x0, 0x7, 0xff, 0xf1,
    0x0, 0x0, 0x0, 0x0, 0x0, 0x0, 0x7f, 0xff,
    0x10, 0x0, 0x0, 0xa, 0xff, 0xff, 0xff, 0xff,
    0xff, 0xff, 0xff, 0xe4, 0xff, 0xff, 0xff, 0xff,
    0xff, 0xff, 0xff, 0xff, 0x9f, 0xff, 0xff, 0xff,
    0xff, 0xff, 0xff, 0xff, 0xf9, 0x59, 0x99, 0x99,
    0xcf, 0xff, 0xa9, 0x99, 0x99, 0x10, 0x0, 0x0,
    0x7, 0xff, 0xf1, 0x0, 0x0, 0x0, 0x0, 0x0,
    0x0, 0x7f, 0xff, 0x10, 0x0, 0x0, 0x0, 0x0,
    0x0, 0x7, 0xff, 0xf1, 0x0, 0x0, 0x0, 0x0,
    0x0, 0x0, 0x7f, 0xff, 0x10, 0x0, 0x0, 0x0,
    0x0, 0x0, 0x7, 0xff, 0xf1, 0x0, 0x0, 0x0,
    0x0, 0x0, 0x0, 0x4f, 0xfd, 0x0, 0x0, 0x0,
    0x0, 0x0, 0x0, 0x0, 0x12, 0x0, 0x0, 0x0,
    0x0,

    /* U+F068 "" */
    0xaf, 0xff, 0xff, 0xff, 0xff, 0xff, 0xff, 0xfe,
    0x4f, 0xff, 0xff, 0xff, 0xff, 0xff, 0xff, 0xff,
    0xf9, 0xff, 0xff, 0xff, 0xff, 0xff, 0xff, 0xff,
    0xff, 0x95, 0x99, 0x99, 0x99, 0x99, 0x99, 0x99,
    0x99, 0x91,

    /* U+F06D "" */
    0x0, 0x0, 0x0, 0x7a, 0x0, 0x0, 0x0, 0x0,
    0x0, 0x0, 0x3f, 0xf1, 0x0, 0x0, 0x0, 0x0,
    0x0, 0xb, 0xff, 0x60, 0x0, 0x0, 0x0, 0x0,
    0x1, 0xff, 0xfe, 0x20, 0x0, 0x0, 0x0, 0x0,
    0x4f, 0xff, 0xfd, 0x10, 0x0, 0x0, 0x0, 0x1,
    0xff, 0xff, 0xfd, 0x10, 0x0, 0x0, 0x20, 0xb,
    0xff, 0xff, 0xfe, 0x10, 0x0, 0x5f, 0x70, 0x1d,
    0xff, 0xff, 0xfc, 0x0, 0x1f, 0xf9, 0x0, 0x1d,
    0xff, 0xff, 0xf6, 0x8, 0xff, 0x90, 0x0, 0x3f,
    0xff, 0xff, 0xc0, 0xdf, 0xf9, 0x0, 0x0, 0xcf,
    0xff, 0xff, 0x1f, 0xff, 0xb0, 0x0, 0xd, 0xff,
    0xff, 0xf2, 0xff, 0xff, 0x50, 0x7, 0xff, 0xff,
    0xff, 0x3d, 0xff, 0xff, 0xde, 0xff, 0xff, 0xff,
    0xf1, 0x8f, 0xff, 0xff, 0xff, 0xff, 0xff, 0xfc,
    0x1, 0xff, 0xff, 0xff, 0xff, 0xff, 0xff, 0x40,
    0x6, 0xff, 0xff, 0xff, 0xff, 0xff, 0x90, 0x0,
    0x6, 0xff, 0xff, 0xff, 0xff, 0x90, 0x0, 0x0,
    0x2, 0xaf, 0xff, 0xfb, 0x40, 0x0, 0x0, 0x0,
    0x0, 0x1, 0x10, 0x0, 0x0, 0x0,

    /* U+F06E "" */
    0x0, 0x0, 0x0, 0x0, 0x0, 0x11, 0x0, 0x0,
    0x0, 0x0, 0x0, 0x0, 0x0, 0x0, 0x5b, 0xef,
    0xff, 0xfc, 0x71, 0x0, 0x0, 0x0, 0x0, 0x0,
    0x5e, 0xff, 0xfc, 0xab, 0xef, 0xff, 0x80, 0x0,
    0x0, 0x0, 0xa, 0xff, 0xfb, 0x20, 0x0, 0x7,
    0xff, 0xfd, 0x20, 0x0, 0x0, 0xbf, 0xff, 0xa0,
    0x1, 0xcb, 0x50, 0x4f, 0xff, 0xe3, 0x0, 0xa,
    0xff, 0xfe, 0x0, 0x0, 0xff, 0xf7, 0x9, 0xff,
    0xfe, 0x10, 0x5f, 0xff, 0xf8, 0x0, 0x4, 0xff,
    0xff, 0x2, 0xff, 0xff, 0xb0, 0xef, 0xff, 0xf6,
    0xb, 0xcf, 0xff, 0xff, 0x30, 0xff, 0xff, 0xf4,
    0xdf, 0xff, 0xf6, 0xc, 0xff, 0xff, 0xff, 0x20,
    0xff, 0xff, 0xf3, 0x3f, 0xff, 0xf9, 0x6, 0xff,
    0xff, 0xfb, 0x3, 0xff, 0xff, 0xa0, 0x8, 0xff,
    0xff, 0x10, 0x7f, 0xff, 0xb1, 0xa, 0xff, 0xfd,
    0x0, 0x0, 0x9f, 0xff, 0xb0, 0x1, 0x32, 0x0,
    0x6f, 0xff, 0xd2, 0x0, 0x0, 0x7, 0xff, 0xfc,
    0x40, 0x0, 0x19, 0xff, 0xfc, 0x10, 0x0, 0x0,
    0x0, 0x3b, 0xff, 0xfe, 0xcd, 0xff, 0xfe, 0x60,
    0x0, 0x0, 0x0, 0x0, 0x0, 0x27, 0xce, 0xff,
    0xda, 0x50, 0x0, 0x0, 0x0,

    /* U+F070 "" */
    0x16, 0x0, 0x0, 0x0, 0x0, 0x0, 0x0, 0x0,
    0x0, 0x0, 0x0, 0x0, 0xbf, 0xc1, 0x0, 0x0,
    0x0, 0x0, 0x0, 0x0, 0x0, 0x0, 0x0, 0x0,
    0xaf, 0xfe, 0x30, 0x0, 0x0, 0x1, 0x10, 0x0,
    0x0, 0x0, 0x0, 0x0, 0x7, 0xff, 0xf7, 0x3,
    0x8c, 0xff, 0xff, 0xd8, 0x20, 0x0, 0x0, 0x0,
    0x0, 0x3e, 0xff, 0xef, 0xff, 0xda, 0xbe, 0xff,
    0xfa, 0x10, 0x0, 0x0, 0x0, 0x1, 0xbf, 0xff,
    0xd3, 0x0, 0x0, 0x5e, 0xff, 0xe4, 0x0, 0x0,
    0x0, 0x0, 0x8, 0xff, 0xf6, 0x9, 0x94, 0x2,
    0xef, 0xff, 0x50, 0x0, 0x0, 0x62, 0x0, 0x4e,
    0xff, 0xac, 0xff, 0x70, 0x6f, 0xff, 0xf3, 0x0,
    0x3, 0xff, 0x40, 0x2, 0xcf, 0xff, 0xff, 0xf2,
    0xf, 0xff, 0xfe, 0x0, 0xb, 0xff, 0xf8, 0x0,
    0x9, 0xff, 0xff, 0xf6, 0xd, 0xff, 0xff, 0x70,
    0xa, 0xff, 0xff, 0x90, 0x0, 0x5f, 0xff, 0xf5,
    0xd, 0xff, 0xff, 0x60, 0x1, 0xff, 0xff, 0xd0,
    0x0, 0x2, 0xdf, 0xfc, 0x3f, 0xff, 0xfc, 0x0,
    0x0, 0x5f, 0xff, 0xf4, 0x0, 0x0, 0xa, 0xff,
    0xff, 0xff, 0xe1, 0x0, 0x0, 0x6, 0xff, 0xfe,
    0x10, 0x0, 0x0, 0x7f, 0xff, 0xfe, 0x30, 0x0,
    0x0, 0x0, 0x5f, 0xff, 0xe5, 0x0, 0x0, 0x3,
    0xef, 0xfc, 0x10, 0x0, 0x0, 0x0, 0x1, 0xaf,
    0xff, 0xfd, 0xd5, 0x0, 0x1b, 0xff, 0xd3, 0x0,
    0x0, 0x0, 0x0, 0x2, 0x7b, 0xef, 0xfd, 0x40,
    0x0, 0x8f, 0xff, 0x60, 0x0, 0x0, 0x0, 0x0,
    0x0, 0x0, 0x0, 0x0, 0x0, 0x4, 0xef, 0xf8,
    0x0, 0x0, 0x0, 0x0, 0x0, 0x0, 0x0, 0x0,
    0x0, 0x0, 0x1c, 0xf6, 0x0, 0x0, 0x0, 0x0,
    0x0, 0x0, 0x0, 0x0, 0x0, 0x0, 0x0, 0x40,

    /* U+F071 "" */
    0x0, 0x0, 0x0, 0x0, 0x0, 0x28, 0x50, 0x0,
    0x0, 0x0, 0x0, 0x0, 0x0, 0x0, 0x0, 0x0,
    0x1e, 0xff, 0x50, 0x0, 0x0, 0x0, 0x0, 0x0,
    0x0, 0x0, 0x0, 0x9, 0xff, 0xfe, 0x0, 0x0,
    0x0, 0x0, 0x0, 0x0, 0x0, 0x0, 0x2, 0xff,
    0xff, 0xf8, 0x0, 0x0, 0x0, 0x0, 0x0, 0x0,
    0x0, 0x0, 0xbf, 0xff, 0xff, 0xf2, 0x0, 0x0,
    0x0, 0x0, 0x0, 0x0, 0x0, 0x4f, 0xff, 0xff,
    0xff, 0xa0, 0x0, 0x0, 0x0, 0x0, 0x0, 0x0,
    0xd, 0xff, 0xff, 0xff, 0xff, 0x40, 0x0, 0x0,
    0x0, 0x0, 0x0, 0x7, 0xff, 0xf1, 0x0, 0xbf,
    0xfd, 0x0, 0x0, 0x0, 0x0, 0x0, 0x1, 0xff,
    0xff, 0x10, 0xb, 0xff, 0xf6, 0x0, 0x0, 0x0,
    0x0, 0x0, 0x9f, 0xff, 0xf2, 0x0, 0xcf, 0xff,
    0xe1, 0x0, 0x0, 0x0, 0x0, 0x3f, 0xff, 0xff,
    0x30, 0xd, 0xff, 0xff, 0x90, 0x0, 0x0, 0x0,
    0xc, 0xff, 0xff, 0xf4, 0x0, 0xef, 0xff, 0xff,
    0x20, 0x0, 0x0, 0x5, 0xff, 0xff, 0xff, 0x60,
    0xf, 0xff, 0xff, 0xfb, 0x0, 0x0, 0x0, 0xef,
    0xff, 0xff, 0xff, 0xbe, 0xff, 0xff, 0xff, 0xf4,
    0x0, 0x0, 0x8f, 0xff, 0xff, 0xff, 0x40, 0xd,
    0xff, 0xff, 0xff, 0xd0, 0x0, 0x1f, 0xff, 0xff,
    0xff, 0xf0, 0x0, 0xaf, 0xff, 0xff, 0xff, 0x70,
    0xa, 0xff, 0xff, 0xff, 0xff, 0x92, 0x5f, 0xff,
    0xff, 0xff, 0xff, 0x10, 0xff, 0xff, 0xff, 0xff,
    0xff, 0xff, 0xff, 0xff, 0xff, 0xff, 0xf5, 0xa,
    0xff, 0xff, 0xff, 0xff, 0xff, 0xff, 0xff, 0xff,
    0xff, 0xfe, 0x10, 0x4, 0x55, 0x55, 0x55, 0x55,
    0x55, 0x55, 0x55, 0x55, 0x55, 0x10,

    /* U+F073 "" */
    0x0, 0x1, 0x64, 0x0, 0x0, 0x6, 0x50, 0x0,
    0x0, 0x0, 0x6f, 0xe0, 0x0, 0x4, 0xff, 0x0,
    0x0, 0x0, 0x7, 0xff, 0x0, 0x0, 0x4f, 0xf0,
    0x0, 0x6, 0xff, 0xff, 0xff, 0xff, 0xff, 0xff,
    0xff, 0xc1, 0xff, 0xff, 0xff, 0xff, 0xff, 0xff,
    0xff, 0xff, 0x6f, 0xff, 0xff, 0xff, 0xff, 0xff,
    0xff, 0xff, 0xf7, 0x88, 0x88, 0x88, 0x88, 0x88,
    0x88, 0x88, 0x88, 0x36, 0x66, 0x66, 0x66, 0x66,
    0x66, 0x66, 0x66, 0x63, 0xff, 0xff, 0xff, 0xff,
    0xff, 0xff, 0xff, 0xff, 0x7f, 0xff, 0xff, 0xff,
    0xff, 0xff, 0xff, 0xff, 0xf7, 0xff, 0x60, 0x4f,
    0xf2, 0x7, 0xff, 0x0, 0xff, 0x7f, 0xf6, 0x4,
    0xff, 0x20, 0x7f, 0xf0, 0xf, 0xf7, 0xff, 0xff,
    0xff, 0xff, 0xff, 0xff, 0xff, 0xff, 0x7f, 0xff,
    0xff, 0xff, 0xff, 0xff, 0xff, 0xff, 0xf7, 0xff,
    0xb6, 0x9f, 0xf8, 0x6b, 0xff, 0x77, 0xff, 0x7f,
    0xf6, 0x4, 0xff, 0x20, 0x7f, 0xe0, 0xe, 0xf7,
    0xff, 0x60, 0x4f, 0xf3, 0x8, 0xff, 0x0, 0xff,
    0x7f, 0xff, 0xff, 0xff, 0xff, 0xff, 0xff, 0xff,
    0xf7, 0xbf, 0xff, 0xff, 0xff, 0xff, 0xff, 0xff,
    0xff, 0x20, 0x56, 0x66, 0x66, 0x66, 0x66, 0x66,
    0x65, 0x20,

    /* U+F074 "" */
    0x0, 0x0, 0x0, 0x0, 0x0, 0x0, 0x0, 0x24,
    0x0, 0x0, 0x0, 0x0, 0x0, 0x0, 0x0, 0x0,
    0xb, 0xf6, 0x0, 0x0, 0x0, 0x0, 0x0, 0x0,
    0x0, 0x0, 0xcf, 0xf6, 0xf, 0xff, 0xff, 0x40,
    0x0, 0x0, 0xaf, 0xff, 0xff, 0xf6, 0xff, 0xff,
    0xff, 0x30, 0x0, 0x8f, 0xff, 0xff, 0xff, 0xed,
    0xee, 0xff, 0xff, 0x20, 0x7f, 0xff, 0xef, 0xff,
    0xf5, 0x0, 0x1, 0xdf, 0xd1, 0x6f, 0xff, 0x80,
    0xcf, 0xf5, 0x0, 0x0, 0x1, 0xc2, 0x5f, 0xff,
    0x90, 0xb, 0xf5, 0x0, 0x0, 0x0, 0x0, 0x4f,
    0xff, 0xa0, 0x0, 0x12, 0x0, 0x0, 0x0, 0x0,
    0x3f, 0xff, 0xb0, 0x0, 0x2, 0x40, 0x0, 0x0,
    0x0, 0x2e, 0xff, 0xc0, 0x8b, 0x0, 0xbf, 0x60,
    0x0, 0x0, 0x2e, 0xff, 0xd1, 0x6f, 0xfa, 0xc,
    0xff, 0x60, 0xff, 0xff, 0xff, 0xe1, 0x6, 0xff,
    0xff, 0xff, 0xff, 0x6f, 0xff, 0xff, 0xe2, 0x0,
    0x7, 0xff, 0xff, 0xff, 0xfe, 0xde, 0xee, 0xe3,
    0x0, 0x0, 0x7, 0xee, 0xff, 0xff, 0x50, 0x0,
    0x0, 0x0, 0x0, 0x0, 0x0, 0xc, 0xff, 0x50,
    0x0, 0x0, 0x0, 0x0, 0x0, 0x0, 0x0, 0xbf,
    0x50, 0x0, 0x0, 0x0, 0x0, 0x0, 0x0, 0x0,
    0x1, 0x20, 0x0,

    /* U+F075 "" */
    0x0, 0x0, 0x0, 0x0, 0x45, 0x65, 0x40, 0x0,
    0x0, 0x0, 0x0, 0x0, 0x4, 0xbf, 0xff, 0xff,
    0xff, 0xb4, 0x0, 0x0, 0x0, 0x1, 0xaf, 0xff,
    0xff, 0xff, 0xff, 0xff, 0xa1, 0x0, 0x0, 0x1d,
    0xff, 0xff, 0xff, 0xff, 0xff, 0xff, 0xfd, 0x10,
    0x0, 0xcf, 0xff, 0xff, 0xff, 0xff, 0xff, 0xff,
    0xff, 0xb0, 0x5, 0xff, 0xff, 0xff, 0xff, 0xff,
    0xff, 0xff, 0xff, 0xf5, 0xb, 0xff, 0xff, 0xff,
    0xff, 0xff, 0xff, 0xff, 0xff, 0xfb, 0xe, 0xff,
    0xff, 0xff, 0xff, 0xff, 0xff, 0xff, 0xff, 0xfe,
    0xf, 0xff, 0xff, 0xff, 0xff, 0xff, 0xff, 0xff,
    0xff, 0xff, 0xd, 0xff, 0xff, 0xff, 0xff, 0xff,
    0xff, 0xff, 0xff, 0xfd, 0x9, 0xff, 0xff, 0xff,
    0xff, 0xff, 0xff, 0xff, 0xff, 0xf9, 0x2, 0xff,
    0xff, 0xff, 0xff, 0xff, 0xff, 0xff, 0xff, 0xf2,
    0x0, 0x6f, 0xff, 0xff, 0xff, 0xff, 0xff, 0xff,
    0xff, 0x60, 0x0, 0xf, 0xff, 0xff, 0xff, 0xff,
    0xff, 0xff, 0xf7, 0x0, 0x0, 0x7f, 0xff, 0xff,
    0xff, 0xff, 0xff, 0xfd, 0x30, 0x0, 0x1, 0xef,
    0xfe, 0x69, 0xce, 0xfe, 0xd9, 0x40, 0x0, 0x0,
    0xb, 0xfd, 0x71, 0x0, 0x0, 0x0, 0x0, 0x0,
    0x0, 0x0, 0x2, 0x10, 0x0, 0x0, 0x0, 0x0,
    0x0, 0x0, 0x0, 0x0,

    /* U+F077 "" */
    0x0, 0x0, 0x0, 0x0, 0x0, 0x0, 0x0, 0x0,
    0x0, 0x0, 0x0, 0x0, 0x9f, 0x30, 0x0, 0x0,
    0x0, 0x0, 0x0, 0x0, 0x9f, 0xff, 0x30, 0x0,
    0x0, 0x0, 0x0, 0x0, 0x9f, 0xff, 0xff, 0x30,
    0x0, 0x0, 0x0, 0x0, 0x9f, 0xff, 0xff, 0xff,
    0x30, 0x0, 0x0, 0x0, 0x9f, 0xff, 0x92, 0xdf,
    0xff, 0x30, 0x0, 0x0, 0x9f, 0xff, 0x90, 0x1,
    0xdf, 0xff, 0x30, 0x0, 0x9f, 0xff, 0x90, 0x0,
    0x1, 0xdf, 0xff, 0x30, 0x8f, 0xff, 0x90, 0x0,
    0x0, 0x1, 0xdf, 0xff, 0x29, 0xff, 0x90, 0x0,
    0x0, 0x0, 0x1, 0xdf, 0xf3, 0x9, 0x80, 0x0,
    0x0, 0x0, 0x0, 0x1, 0xb5, 0x0,

    /* U+F078 "" */
    0x0, 0x0, 0x0, 0x0, 0x0, 0x0, 0x0, 0x0,
    0x1, 0xdc, 0x10, 0x0, 0x0, 0x0, 0x0, 0x4f,
    0x80, 0xbf, 0xfc, 0x10, 0x0, 0x0, 0x0, 0x4f,
    0xff, 0x55, 0xff, 0xfc, 0x10, 0x0, 0x0, 0x4f,
    0xff, 0xd1, 0x5, 0xff, 0xfc, 0x10, 0x0, 0x4f,
    0xff, 0xd1, 0x0, 0x5, 0xff, 0xfc, 0x10, 0x4f,
    0xff, 0xd1, 0x0, 0x0, 0x5, 0xff, 0xfc, 0x5f,
    0xff, 0xd1, 0x0, 0x0, 0x0, 0x5, 0xff, 0xff,
    0xff, 0xd1, 0x0, 0x0, 0x0, 0x0, 0x5, 0xff,
    0xff, 0xd1, 0x0, 0x0, 0x0, 0x0, 0x0, 0x5,
    0xff, 0xd1, 0x0, 0x0, 0x0, 0x0, 0x0, 0x0,
    0x5, 0xb1, 0x0, 0x0, 0x0, 0x0,

    /* U+F079 "" */
    0x0, 0x0, 0x10, 0x0, 0x0, 0x0, 0x0, 0x0,
    0x0, 0x0, 0x0, 0x0, 0x0, 0x5, 0xfc, 0x10,
    0x0, 0x1, 0x11, 0x11, 0x11, 0x10, 0x0, 0x0,
    0x0, 0x6f, 0xff, 0xc1, 0x7, 0xff, 0xff, 0xff,
    0xff, 0xff, 0x10, 0x0, 0x6, 0xff, 0xff, 0xfd,
    0x14, 0xff, 0xff, 0xff, 0xff, 0xff, 0x30, 0x0,
    0x6f, 0xff, 0xff, 0xff, 0xd1, 0x35, 0x55, 0x55,
    0x57, 0xff, 0x30, 0x0, 0xcf, 0xc7, 0xff, 0x5f,
    0xf4, 0x0, 0x0, 0x0, 0x3, 0xff, 0x30, 0x0,
    0x27, 0x17, 0xff, 0x4, 0x60, 0x0, 0x0, 0x0,
    0x3, 0xff, 0x30, 0x0, 0x0, 0x7, 0xff, 0x0,
    0x0, 0x0, 0x0, 0x0, 0x3, 0xff, 0x30, 0x0,
    0x0, 0x7, 0xff, 0x0, 0x0, 0x0, 0x0, 0x0,
    0x3, 0xff, 0x30, 0x0, 0x0, 0x7, 0xff, 0x0,
    0x0, 0x0, 0x0, 0x19, 0x43, 0xff, 0x34, 0x91,
    0x0, 0x7, 0xff, 0x0, 0x0, 0x0, 0x0, 0x9f,
    0xf6, 0xff, 0x6f, 0xf9, 0x0, 0x7, 0xff, 0x66,
    0x66, 0x66, 0x62, 0x2e, 0xff, 0xff, 0xff, 0xe2,
    0x0, 0x7, 0xff, 0xff, 0xff, 0xff, 0xff, 0x22,
    0xef, 0xff, 0xfe, 0x20, 0x0, 0x3, 0xef, 0xff,
    0xff, 0xff, 0xfe, 0x30, 0x2e, 0xff, 0xe2, 0x0,
    0x0, 0x0, 0x0, 0x0, 0x0, 0x0, 0x0, 0x0,
    0x1, 0xdd, 0x10, 0x0, 0x0, 0x0, 0x0, 0x0,
    0x0, 0x0, 0x0, 0x0, 0x0, 0x0, 0x0, 0x0,

    /* U+F07A "" */
    0x9d, 0xdd, 0xd4, 0x0, 0x0, 0x0, 0x0, 0x0,
    0x0, 0x0, 0x0, 0xff, 0xff, 0xfb, 0x0, 0x0,
    0x0, 0x0, 0x0, 0x0, 0x0, 0x0, 0x58, 0x8c,
    0xfe, 0x77, 0x77, 0x77, 0x77, 0x77, 0x77, 0x77,
    0x60, 0x0, 0x5, 0xff, 0xff, 0xff, 0xff, 0xff,
    0xff, 0xff, 0xff, 0xf5, 0x0, 0x2, 0xff, 0xff,
    0xff, 0xff, 0xff, 0xff, 0xff, 0xff, 0xf2, 0x0,
    0x0, 0xef, 0xff, 0xff, 0xff, 0xff, 0xff, 0xff,
    0xff, 0xe0, 0x0, 0x0, 0xbf, 0xff, 0xff, 0xff,
    0xff, 0xff, 0xff, 0xff, 0xb0, 0x0, 0x0, 0x8f,
    0xff, 0xff, 0xff, 0xff, 0xff, 0xff, 0xff, 0x70,
    0x0, 0x0, 0x5f, 0xff, 0xff, 0xff, 0xff, 0xff,
    0xff, 0xff, 0x30, 0x0, 0x0, 0x2f, 0xff, 0xff,
    0xff, 0xff, 0xff, 0xff, 0xff, 0x0, 0x0, 0x0,
    0xe, 0xff, 0xff, 0xff, 0xff, 0xff, 0xff, 0xfc,
    0x0, 0x0, 0x0, 0xb, 0xff, 0xff, 0xff, 0xff,
    0xff, 0xff, 0xf7, 0x0, 0x0, 0x0, 0x8, 0xff,
    0x0, 0x0, 0x0, 0x0, 0x0, 0x0, 0x0, 0x0,
    0x0, 0x5, 0xff, 0x76, 0x66, 0x66, 0x66, 0x66,
    0x30, 0x0, 0x0, 0x0, 0x2, 0xff, 0xff, 0xff,
    0xff, 0xff, 0xff, 0xe0, 0x0, 0x0, 0x0, 0x1,
    0xff, 0xff, 0xff, 0xff, 0xff, 0xff, 0xd0, 0x0,
    0x0, 0x0, 0xb, 0xff, 0xe0, 0x0, 0x0, 0x1,
    0xef, 0xfa, 0x0, 0x0, 0x0, 0xe, 0xff, 0xf2,
    0x0, 0x0, 0x3, 0xff, 0xfd, 0x0, 0x0, 0x0,
    0x9, 0xff, 0xd0, 0x0, 0x0, 0x0, 0xdf, 0xf8,
    0x0, 0x0, 0x0, 0x0, 0x57, 0x10, 0x0, 0x0,
    0x0, 0x17, 0x50, 0x0,

    /* U+F07B "" */
    0x3, 0x44, 0x44, 0x43, 0x0, 0x0, 0x0, 0x0,
    0x0, 0x9, 0xff, 0xff, 0xff, 0xf7, 0x0, 0x0,
    0x0, 0x0, 0x0, 0xff, 0xff, 0xff, 0xff, 0xf7,
    0x0, 0x0, 0x0, 0x0, 0xf, 0xff, 0xff, 0xff,
    0xff, 0xfe, 0xee, 0xee, 0xee, 0xd4, 0xff, 0xff,
    0xff, 0xff, 0xff, 0xff, 0xff, 0xff, 0xff, 0xef,
    0xff, 0xff, 0xff, 0xff, 0xff, 0xff, 0xff, 0xff,
    0xff, 0xff, 0xff, 0xff, 0xff, 0xff, 0xff, 0xff,
    0xff, 0xff, 0xff, 0xff, 0xff, 0xff, 0xff, 0xff,
    0xff, 0xff, 0xff, 0xff, 0xff, 0xff, 0xff, 0xff,
    0xff, 0xff, 0xff, 0xff, 0xff, 0xff, 0xff, 0xff,
    0xff, 0xff, 0xff, 0xff, 0xff, 0xff, 0xff, 0xff,
    0xff, 0xff, 0xff, 0xff, 0xff, 0xff, 0xff, 0xff,
    0xff, 0xff, 0xff, 0xff, 0xff, 0xff, 0xff, 0xff,
    0xff, 0xff, 0xff, 0xff, 0xff, 0xff, 0xff, 0xff,
    0xff, 0xff, 0xff, 0xff, 0xff, 0xff, 0xff, 0xff,
    0xff, 0xff, 0xff, 0xff, 0xff, 0x6f, 0xff, 0xff,
    0xff, 0xff, 0xff, 0xff, 0xff, 0xff, 0x60,

    /* U+F093 "" */
    0x0, 0x0, 0x0, 0x0, 0x16, 0x0, 0x0, 0x0,
    0x0, 0x0, 0x0, 0x0, 0x0, 0x1c, 0xfb, 0x0,
    0x0, 0x0, 0x0, 0x0, 0x0, 0x0, 0x1c, 0xff,
    0xfb, 0x0, 0x0, 0x0, 0x0, 0x0, 0x0, 0x1c,
    0xff, 0xff, 0xfb, 0x0, 0x0, 0x0, 0x0, 0x0,
    0x1c, 0xff, 0xff, 0xff, 0xfb, 0x0, 0x0, 0x0,
    0x0, 0x1c, 0xff, 0xff, 0xff, 0xff, 0xfb, 0x0,
    0x0, 0x0, 0xb, 0xff, 0xff, 0xff, 0xff, 0xff,
    0xfa, 0x0, 0x0, 0x0, 0x69, 0x99, 0xff, 0xff,
    0xe9, 0x99, 0x50, 0x0, 0x0, 0x0, 0x0, 0xe,
    0xff, 0xfd, 0x0, 0x0, 0x0, 0x0, 0x0, 0x0,
    0x0, 0xef, 0xff, 0xd0, 0x0, 0x0, 0x0, 0x0,
    0x0, 0x0, 0xe, 0xff, 0xfd, 0x0, 0x0, 0x0,
    0x0, 0x0, 0x0, 0x0, 0xef, 0xff, 0xd0, 0x0,
    0x0, 0x0, 0x0, 0x0, 0x0, 0xe, 0xff, 0xfd,
    0x0, 0x0, 0x0, 0x4, 0x77, 0x77, 0x60, 0xef,
    0xff, 0xd0, 0x67, 0x77, 0x74, 0xff, 0xff, 0xff,
    0x25, 0x99, 0x84, 0x2f, 0xff, 0xff, 0xff, 0xff,
    0xff, 0xfe, 0x76, 0x66, 0x7e, 0xff, 0xff, 0xff,
    0xff, 0xff, 0xff, 0xff, 0xff, 0xff, 0xff, 0xff,
    0xff, 0xff, 0xff, 0xff, 0xff, 0xff, 0xff, 0xff,
    0x1c, 0x66, 0xff, 0xef, 0xff, 0xff, 0xff, 0xff,
    0xff, 0xff, 0xff, 0xff, 0xe0, 0x22, 0x22, 0x22,
    0x22, 0x22, 0x22, 0x22, 0x22, 0x20,

    /* U+F095 "" */
    0x0, 0x0, 0x0, 0x0, 0x0, 0x0, 0x0, 0x38,
    0x51, 0x0, 0x0, 0x0, 0x0, 0x0, 0x0, 0x0,
    0x0, 0xdf, 0xff, 0xe8, 0x0, 0x0, 0x0, 0x0,
    0x0, 0x0, 0x4, 0xff, 0xff, 0xff, 0x0, 0x0,
    0x0, 0x0, 0x0, 0x0, 0xa, 0xff, 0xff, 0xfe,
    0x0, 0x0, 0x0, 0x0, 0x0, 0x0, 0x1f, 0xff,
    0xff, 0xfd, 0x0, 0x0, 0x0, 0x0, 0x0, 0x0,
    0x5f, 0xff, 0xff, 0xfa, 0x0, 0x0, 0x0, 0x0,
    0x0, 0x0, 0x9, 0xff, 0xff, 0xf7, 0x0, 0x0,
    0x0, 0x0, 0x0, 0x0, 0x0, 0x6f, 0xff, 0xf2,
    0x0, 0x0, 0x0, 0x0, 0x0, 0x0, 0x0, 0x3f,
    0xff, 0xd0, 0x0, 0x0, 0x0, 0x0, 0x0, 0x0,
    0x0, 0xcf, 0xff, 0x60, 0x0, 0x0, 0x0, 0x0,
    0x0, 0x0, 0x7, 0xff, 0xfd, 0x0, 0x0, 0x0,
    0x0, 0x0, 0x0, 0x0, 0x4f, 0xff, 0xf4, 0x0,
    0x0, 0x1, 0x7d, 0xd1, 0x0, 0x6, 0xff, 0xff,
    0x80, 0x0, 0x2, 0x9f, 0xff, 0xfb, 0x1, 0x9f,
    0xff, 0xfb, 0x0, 0x0, 0xe, 0xff, 0xff, 0xff,
    0xbe, 0xff, 0xff, 0xb0, 0x0, 0x0, 0xc, 0xff,
    0xff, 0xff, 0xff, 0xff, 0xf9, 0x0, 0x0, 0x0,
    0x9, 0xff, 0xff, 0xff, 0xff, 0xfe, 0x60, 0x0,
    0x0, 0x0, 0x5, 0xff, 0xff, 0xff, 0xff, 0x91,
    0x0, 0x0, 0x0, 0x0, 0x1, 0xff, 0xff, 0xfb,
    0x61, 0x0, 0x0, 0x0, 0x0, 0x0, 0x0, 0x45,
    0x42, 0x0, 0x0, 0x0, 0x0, 0x0, 0x0, 0x0,

    /* U+F0AD "" */
    0x0, 0x0, 0x0, 0x0, 0x0, 0x2, 0x79, 0x81,
    0x0, 0x0, 0x0, 0x0, 0x0, 0x0, 0x0, 0x8f,
    0xff, 0xd0, 0x0, 0x0, 0x0, 0x0, 0x0, 0x0,
    0x9, 0xff, 0xfd, 0x10, 0x0, 0x0, 0x0, 0x0,
    0x0, 0x0, 0x2f, 0xff, 0xd1, 0x0, 0x0, 0x0,
    0x0, 0x0, 0x0, 0x0, 0x8f, 0xff, 0x70, 0x0,
    0x3, 0xb0, 0x0, 0x0, 0x0, 0x0, 0xaf, 0xff,
    0x90, 0x0, 0x3f, 0xf0, 0x0, 0x0, 0x0, 0x0,
    0x9f, 0xff, 0xd5, 0x24, 0xff, 0xe0, 0x0, 0x0,
    0x0, 0x0, 0x9f, 0xff, 0xff, 0xff, 0xff, 0xa0,
    0x0, 0x0, 0x0, 0x8, 0xff, 0xff, 0xff, 0xff,
    0xff, 0x20, 0x0, 0x0, 0x0, 0x8f, 0xff, 0xff,
    0xff, 0xff, 0xf5, 0x0, 0x0, 0x0, 0x8, 0xff,
    0xff, 0xff, 0xdf, 0xea, 0x30, 0x0, 0x0, 0x0,
    0x8f, 0xff, 0xff, 0xf3, 0x0, 0x0, 0x0, 0x0,
    0x0, 0x7, 0xff, 0xff, 0xff, 0x30, 0x0, 0x0,
    0x0, 0x0, 0x0, 0x7f, 0xff, 0xff, 0xf3, 0x0,
    0x0, 0x0, 0x0, 0x0, 0x7, 0xff, 0xff, 0xff,
    0x30, 0x0, 0x0, 0x0, 0x0, 0x0, 0x6f, 0xff,
    0xff, 0xf3, 0x0, 0x0, 0x0, 0x0, 0x0, 0x0,
    0xeb, 0x2e, 0xff, 0x30, 0x0, 0x0, 0x0, 0x0,
    0x0, 0x0, 0xeb, 0x3e, 0xf3, 0x0, 0x0, 0x0,
    0x0, 0x0, 0x0, 0x0, 0x6f, 0xfe, 0x30, 0x0,
    0x0, 0x0, 0x0, 0x0, 0x0, 0x0, 0x2, 0x41,
    0x0, 0x0, 0x0, 0x0, 0x0, 0x0, 0x0, 0x0,

    /* U+F0B1 "" */
    0x0, 0x0, 0x1, 0x66, 0x66, 0x66, 0x61, 0x0,
    0x0, 0x0, 0x0, 0x0, 0xef, 0xff, 0xff, 0xff,
    0xe0, 0x0, 0x0, 0x0, 0x0, 0x3f, 0xff, 0xff,
    0xff, 0xff, 0x30, 0x0, 0x0, 0x0, 0x4, 0xff,
    0x20, 0x0, 0x2f, 0xf4, 0x0, 0x0, 0x3b, 0xcc,
    0xdf, 0xfd, 0xcc, 0xcd, 0xff, 0xdc, 0xcb, 0x3e,
    0xff, 0xff, 0xff, 0xff, 0xff, 0xff, 0xff, 0xff,
    0xfd, 0xff, 0xff, 0xff, 0xff, 0xff, 0xff, 0xff,
    0xff, 0xff, 0xff, 0xff, 0xff, 0xff, 0xff, 0xff,
    0xff, 0xff, 0xff, 0xff, 0xff, 0xff, 0xff, 0xff,
    0xff, 0xff, 0xff, 0xff, 0xff, 0xf1, 0x11, 0x11,
    0x11, 0x0, 0x0, 0x1, 0x11, 0x11, 0x11, 0xff,
    0xff, 0xff, 0xf2, 0x0, 0x2, 0xff, 0xff, 0xff,
    0xff, 0xff, 0xff, 0xff, 0x20, 0x0, 0x2f, 0xff,
    0xff, 0xff, 0xff, 0xff, 0xff, 0xfd, 0xbb, 0xbd,
    0xff, 0xff, 0xff, 0xff, 0xff, 0xff, 0xff, 0xff,
    0xff, 0xff, 0xff, 0xff, 0xff, 0xff, 0xff, 0xff,
    0xff, 0xff, 0xff, 0xff, 0xff, 0xff, 0xff, 0xff,
    0xff, 0xff, 0xff, 0xff, 0xff, 0xff, 0xff, 0xff,
    0x6f, 0xff, 0xff, 0xff, 0xff, 0xff, 0xff, 0xff,
    0xff, 0x60, 0x0, 0x0, 0x0, 0x0, 0x0, 0x0,
    0x0, 0x0, 0x0,

    /* U+F0C2 "" */
    0x0, 0x0, 0x0, 0x1, 0x56, 0x41, 0x0, 0x0,
    0x0, 0x0, 0x0, 0x0, 0x0, 0x0, 0x0, 0x9f,
    0xff, 0xff, 0x90, 0x0, 0x0, 0x0, 0x0, 0x0,
    0x0, 0x0, 0xc, 0xff, 0xff, 0xff, 0xfc, 0x0,
    0x0, 0x0, 0x0, 0x0, 0x0, 0x0, 0x9f, 0xff,
    0xff, 0xff, 0xff, 0xbd, 0xfe, 0x70, 0x0, 0x0,
    0x0, 0x1, 0xff, 0xff, 0xff, 0xff, 0xff, 0xff,
    0xff, 0xf8, 0x0, 0x0, 0x0, 0x5, 0xff, 0xff,
    0xff, 0xff, 0xff, 0xff, 0xff, 0xff, 0x0, 0x0,
    0x0, 0x7, 0xff, 0xff, 0xff, 0xff, 0xff, 0xff,
    0xff, 0xff, 0x20, 0x0, 0x0, 0xaf, 0xff, 0xff,
    0xff, 0xff, 0xff, 0xff, 0xff, 0xff, 0x10, 0x0,
    0xb, 0xff, 0xff, 0xff, 0xff, 0xff, 0xff, 0xff,
    0xff, 0xff, 0xf9, 0x0, 0x6f, 0xff, 0xff, 0xff,
    0xff, 0xff, 0xff, 0xff, 0xff, 0xff, 0xff, 0xb0,
    0xcf, 0xff, 0xff, 0xff, 0xff, 0xff, 0xff, 0xff,
    0xff, 0xff, 0xff, 0xf4, 0xff, 0xff, 0xff, 0xff,
    0xff, 0xff, 0xff, 0xff, 0xff, 0xff, 0xff, 0xfa,
    0xff, 0xff, 0xff, 0xff, 0xff, 0xff, 0xff, 0xff,
    0xff, 0xff, 0xff, 0xfb, 0xbf, 0xff, 0xff, 0xff,
    0xff, 0xff, 0xff, 0xff, 0xff, 0xff, 0xff, 0xf9,
    0x4f, 0xff, 0xff, 0xff, 0xff, 0xff, 0xff, 0xff,
    0xff, 0xff, 0xff, 0xf4, 0x8, 0xff, 0xff, 0xff,
    0xff, 0xff, 0xff, 0xff, 0xff, 0xff, 0xff, 0x90,
    0x0, 0x5d, 0xff, 0xff, 0xff, 0xff, 0xff, 0xff,
    0xff, 0xff, 0xe7, 0x0, 0x0, 0x0, 0x12, 0x33,
    0x33, 0x33, 0x33, 0x33, 0x33, 0x32, 0x0, 0x0,

    /* U+F0C4 "" */
    0x0, 0x46, 0x40, 0x0, 0x0, 0x0, 0x0, 0x0,
    0x0, 0xbf, 0xff, 0xc1, 0x0, 0x0, 0x3, 0xac,
    0x80, 0x9f, 0xff, 0xff, 0xa0, 0x0, 0x4, 0xff,
    0xff, 0x7e, 0xfa, 0x8, 0xff, 0x0, 0x4, 0xff,
    0xff, 0xa0, 0xff, 0x70, 0x5f, 0xf1, 0x4, 0xff,
    0xff, 0xa0, 0xc, 0xfe, 0x9e, 0xff, 0x4, 0xff,
    0xff, 0xa0, 0x0, 0x3f, 0xff, 0xff, 0xfc, 0xff,
    0xff, 0xa0, 0x0, 0x0, 0x3a, 0xdf, 0xff, 0xff,
    0xff, 0xa0, 0x0, 0x0, 0x0, 0x0, 0x4f, 0xff,
    0xff, 0xa0, 0x0, 0x0, 0x0, 0x0, 0x5, 0xff,
    0xff, 0xfd, 0x10, 0x0, 0x0, 0x4, 0xce, 0xff,
    0xff, 0xff, 0xfd, 0x10, 0x0, 0x4, 0xff, 0xff,
    0xff, 0xbe, 0xff, 0xfd, 0x10, 0x0, 0xcf, 0xe7,
    0xdf, 0xf0, 0x2e, 0xff, 0xfd, 0x10, 0xf, 0xf6,
    0x4, 0xff, 0x10, 0x2e, 0xff, 0xfd, 0x10, 0xef,
    0xc3, 0xbf, 0xf0, 0x0, 0x2e, 0xff, 0xfd, 0x17,
    0xff, 0xff, 0xf9, 0x0, 0x0, 0x2e, 0xff, 0xf7,
    0x8, 0xff, 0xf9, 0x0, 0x0, 0x0, 0x17, 0x84,
    0x0, 0x0, 0x21, 0x0, 0x0, 0x0, 0x0, 0x0,
    0x0,

    /* U+F0C5 "" */
    0x0, 0x0, 0x8, 0x99, 0x99, 0x98, 0x7, 0x0,
    0x0, 0x0, 0x3, 0xff, 0xff, 0xff, 0xe0, 0xfb,
    0x0, 0x0, 0x0, 0x3f, 0xff, 0xff, 0xfe, 0xf,
    0xfb, 0x0, 0x11, 0x3, 0xff, 0xff, 0xff, 0xe0,
    0xef, 0xf8, 0xdf, 0xf9, 0x3f, 0xff, 0xff, 0xff,
    0x10, 0x0, 0xf, 0xff, 0x93, 0xff, 0xff, 0xff,
    0xff, 0xff, 0xf9, 0xff, 0xf9, 0x3f, 0xff, 0xff,
    0xff, 0xff, 0xff, 0xaf, 0xff, 0x93, 0xff, 0xff,
    0xff, 0xff, 0xff, 0xfa, 0xff, 0xf9, 0x3f, 0xff,
    0xff, 0xff, 0xff, 0xff, 0xaf, 0xff, 0x93, 0xff,
    0xff, 0xff, 0xff, 0xff, 0xfa, 0xff, 0xf9, 0x3f,
    0xff, 0xff, 0xff, 0xff, 0xff, 0xaf, 0xff, 0x93,
    0xff, 0xff, 0xff, 0xff, 0xff, 0xfa, 0xff, 0xf9,
    0x3f, 0xff, 0xff, 0xff, 0xff, 0xff, 0xaf, 0xff,
    0x93, 0xff, 0xff, 0xff, 0xff, 0xff, 0xfa, 0xff,
    0xf9, 0x3f, 0xff, 0xff, 0xff, 0xff, 0xff, 0x9f,
    0xff, 0xb0, 0xab, 0xbb, 0xbb, 0xbb, 0xbb, 0xb4,
    0xff, 0xff, 0x60, 0x0, 0x0, 0x0, 0x0, 0x0,
    0xf, 0xff, 0xff, 0xff, 0xff, 0xff, 0xe0, 0x0,
    0x0, 0xff, 0xff, 0xff, 0xff, 0xff, 0xfe, 0x0,
    0x0, 0x3, 0x66, 0x66, 0x66, 0x66, 0x66, 0x20,
    0x0, 0x0,

    /* U+F0C7 "" */
    0x5, 0x66, 0x66, 0x66, 0x66, 0x66, 0x30, 0x0,
    0xb, 0xff, 0xff, 0xff, 0xff, 0xff, 0xff, 0x60,
    0x0, 0xff, 0xff, 0xff, 0xff, 0xff, 0xff, 0xff,
    0x60, 0xf, 0xf6, 0x0, 0x0, 0x0, 0x0, 0x2f,
    0xff, 0x60, 0xff, 0x60, 0x0, 0x0, 0x0, 0x1,
    0xff, 0xff, 0x5f, 0xf6, 0x0, 0x0, 0x0, 0x0,
    0x1f, 0xff, 0xfa, 0xff, 0x60, 0x0, 0x0, 0x0,
    0x1, 0xff, 0xff, 0xaf, 0xf9, 0x55, 0x55, 0x55,
    0x55, 0x6f, 0xff, 0xfa, 0xff, 0xff, 0xff, 0xff,
    0xff, 0xff, 0xff, 0xff, 0xaf, 0xff, 0xff, 0xff,
    0xff, 0xff, 0xff, 0xff, 0xfa, 0xff, 0xff, 0xff,
    0xd4, 0x16, 0xff, 0xff, 0xff, 0xaf, 0xff, 0xff,
    0xf2, 0x0, 0x8, 0xff, 0xff, 0xfa, 0xff, 0xff,
    0xff, 0x0, 0x0, 0x5f, 0xff, 0xff, 0xaf, 0xff,
    0xff, 0xf3, 0x0, 0x9, 0xff, 0xff, 0xfa, 0xff,
    0xff, 0xff, 0xe6, 0x38, 0xff, 0xff, 0xff, 0xaf,
    0xff, 0xff, 0xff, 0xff, 0xff, 0xff, 0xff, 0xfa,
    0x8f, 0xff, 0xff, 0xff, 0xff, 0xff, 0xff, 0xff,
    0x40, 0x23, 0x33, 0x33, 0x33, 0x33, 0x33, 0x32,
    0x10,

    /* U+F0C9 "" */
    0x8a, 0xaa, 0xaa, 0xaa, 0xaa, 0xaa, 0xaa, 0xaa,
    0x4f, 0xff, 0xff, 0xff, 0xff, 0xff, 0xff, 0xff,
    0xfa, 0xef, 0xff, 0xff, 0xff, 0xff, 0xff, 0xff,
    0xff, 0x80, 0x0, 0x0, 0x0, 0x0, 0x0, 0x0,
    0x0, 0x0, 0x0, 0x0, 0x0, 0x0, 0x0, 0x0,
    0x0, 0x0, 0x0, 0x0, 0x0, 0x0, 0x0, 0x0,
    0x0, 0x0, 0x0, 0x8a, 0xaa, 0xaa, 0xaa, 0xaa,
    0xaa, 0xaa, 0xaa, 0x4f, 0xff, 0xff, 0xff, 0xff,
    0xff, 0xff, 0xff, 0xfa, 0xef, 0xff, 0xff, 0xff,
    0xff, 0xff, 0xff, 0xff, 0x80, 0x0, 0x0, 0x0,
    0x0, 0x0, 0x0, 0x0, 0x0, 0x0, 0x0, 0x0,
    0x0, 0x0, 0x0, 0x0, 0x0, 0x0, 0x0, 0x0,
    0x0, 0x0, 0x0, 0x0, 0x0, 0x0, 0x8a, 0xaa,
    0xaa, 0xaa, 0xaa, 0xaa, 0xaa, 0xaa, 0x4f, 0xff,
    0xff, 0xff, 0xff, 0xff, 0xff, 0xff, 0xfa, 0xef,
    0xff, 0xff, 0xff, 0xff, 0xff, 0xff, 0xff, 0x80,
    0x0, 0x0, 0x0, 0x0, 0x0, 0x0, 0x0, 0x0,

    /* U+F0E0 "" */
    0x6, 0x77, 0x77, 0x77, 0x77, 0x77, 0x77, 0x77,
    0x76, 0xb, 0xff, 0xff, 0xff, 0xff, 0xff, 0xff,
    0xff, 0xff, 0xfb, 0xff, 0xff, 0xff, 0xff, 0xff,
    0xff, 0xff, 0xff, 0xff, 0xfc, 0xff, 0xff, 0xff,
    0xff, 0xff, 0xff, 0xff, 0xff, 0xfc, 0x9, 0xff,
    0xff, 0xff, 0xff, 0xff, 0xff, 0xff, 0xf9, 0x9,
    0x5, 0xff, 0xff, 0xff, 0xff, 0xff, 0xff, 0xf5,
    0x6, 0xfd, 0x22, 0xdf, 0xff, 0xff, 0xff, 0xff,
    0xd2, 0x1a, 0xff, 0xff, 0x50, 0x9f, 0xff, 0xff,
    0xff, 0x90, 0x3e, 0xff, 0xff, 0xff, 0x90, 0x5e,
    0xff, 0xfe, 0x50, 0x7f, 0xff, 0xff, 0xff, 0xff,
    0xd2, 0x1b, 0xfa, 0x11, 0xcf, 0xff, 0xff, 0xff,
    0xff, 0xff, 0xe5, 0x0, 0x4, 0xef, 0xff, 0xff,
    0xff, 0xff, 0xff, 0xff, 0xfc, 0x9c, 0xff, 0xff,
    0xff, 0xff, 0xff, 0xff, 0xff, 0xff, 0xff, 0xff,
    0xff, 0xff, 0xff, 0xfe, 0xff, 0xff, 0xff, 0xff,
    0xff, 0xff, 0xff, 0xff, 0xff, 0x6f, 0xff, 0xff,
    0xff, 0xff, 0xff, 0xff, 0xff, 0xff, 0x60,

    /* U+F0E7 "" */
    0x0, 0x5a, 0xaa, 0xaa, 0x90, 0x0, 0x0, 0x0,
    0xdf, 0xff, 0xff, 0xf3, 0x0, 0x0, 0x0, 0xff,
    0xff, 0xff, 0xe0, 0x0, 0x0, 0x2, 0xff, 0xff,
    0xff, 0x90, 0x0, 0x0, 0x4, 0xff, 0xff, 0xff,
    0x40, 0x0, 0x0, 0x6, 0xff, 0xff, 0xff, 0x0,
    0x0, 0x0, 0x8, 0xff, 0xff, 0xfe, 0xbb, 0xbb,
    0x60, 0xa, 0xff, 0xff, 0xff, 0xff, 0xff, 0xc0,
    0xc, 0xff, 0xff, 0xff, 0xff, 0xff, 0x40, 0xe,
    0xff, 0xff, 0xff, 0xff, 0xfa, 0x0, 0xd, 0xff,
    0xff, 0xff, 0xff, 0xf2, 0x0, 0x0, 0x0, 0x0,
    0xcf, 0xff, 0x80, 0x0, 0x0, 0x0, 0x0, 0xff,
    0xfe, 0x0, 0x0, 0x0, 0x0, 0x4, 0xff, 0xf5,
    0x0, 0x0, 0x0, 0x0, 0x8, 0xff, 0xc0, 0x0,
    0x0, 0x0, 0x0, 0xc, 0xff, 0x30, 0x0, 0x0,
    0x0, 0x0, 0xf, 0xfa, 0x0, 0x0, 0x0, 0x0,
    0x0, 0x3f, 0xf1, 0x0, 0x0, 0x0, 0x0, 0x0,
    0x6f, 0x70, 0x0, 0x0, 0x0, 0x0, 0x0, 0x4,
    0x0, 0x0, 0x0, 0x0,

    /* U+F0EA "" */
    0x0, 0x0, 0x28, 0x81, 0x0, 0x0, 0x0, 0x0,
    0x4, 0x77, 0x7e, 0xff, 0xd7, 0x76, 0x30, 0x0,
    0x0, 0xff, 0xff, 0xf2, 0x4f, 0xff, 0xfd, 0x0,
    0x0, 0xf, 0xff, 0xff, 0x9a, 0xff, 0xff, 0xe0,
    0x0, 0x0, 0xff, 0xff, 0xff, 0xff, 0xff, 0xfe,
    0x0, 0x0, 0xf, 0xff, 0xff, 0xa3, 0x22, 0x22,
    0x10, 0x0, 0x0, 0xff, 0xff, 0xe0, 0x79, 0x99,
    0x98, 0x7, 0x0, 0xf, 0xff, 0xfc, 0xf, 0xff,
    0xff, 0xe0, 0xfb, 0x0, 0xff, 0xff, 0xc1, 0xff,
    0xff, 0xfe, 0xf, 0xfb, 0xf, 0xff, 0xfc, 0x1f,
    0xff, 0xff, 0xe0, 0xef, 0xf8, 0xff, 0xff, 0xc1,
    0xff, 0xff, 0xff, 0x10, 0x0, 0xf, 0xff, 0xfc,
    0x1f, 0xff, 0xff, 0xff, 0xff, 0xf9, 0xff, 0xff,
    0xc1, 0xff, 0xff, 0xff, 0xff, 0xff, 0xaf, 0xff,
    0xfc, 0x1f, 0xff, 0xff, 0xff, 0xff, 0xfa, 0xff,
    0xff, 0xc1, 0xff, 0xff, 0xff, 0xff, 0xff, 0xa9,
    0xcc, 0xc9, 0x1f, 0xff, 0xff, 0xff, 0xff, 0xfa,
    0x0, 0x0, 0x1, 0xff, 0xff, 0xff, 0xff, 0xff,
    0xa0, 0x0, 0x0, 0x1f, 0xff, 0xff, 0xff, 0xff,
    0xfa, 0x0, 0x0, 0x0, 0xff, 0xff, 0xff, 0xff,
    0xff, 0x90, 0x0, 0x0, 0x3, 0x55, 0x55, 0x55,
    0x55, 0x51,

    /* U+F0F2 "" */
    0x0, 0x0, 0x1, 0x66, 0x66, 0x66, 0x61, 0x0,
    0x0, 0x0, 0x0, 0x0, 0xef, 0xff, 0xff, 0xff,
    0xe0, 0x0, 0x0, 0x0, 0x0, 0x3f, 0xff, 0xff,
    0xff, 0xff, 0x30, 0x0, 0x0, 0x0, 0x4, 0xff,
    0x20, 0x0, 0x2f, 0xf4, 0x0, 0x0, 0x5e, 0xf8,
    0x4f, 0xff, 0xff, 0xff, 0xff, 0x48, 0xfe, 0x5e,
    0xff, 0x94, 0xff, 0xff, 0xff, 0xff, 0xf4, 0x9f,
    0xfe, 0xff, 0xf9, 0x4f, 0xff, 0xff, 0xff, 0xff,
    0x49, 0xff, 0xff, 0xff, 0x94, 0xff, 0xff, 0xff,
    0xff, 0xf4, 0x9f, 0xff, 0xff, 0xf9, 0x4f, 0xff,
    0xff, 0xff, 0xff, 0x49, 0xff, 0xff, 0xff, 0x94,
    0xff, 0xff, 0xff, 0xff, 0xf4, 0x9f, 0xff, 0xff,
    0xf9, 0x4f, 0xff, 0xff, 0xff, 0xff, 0x49, 0xff,
    0xff, 0xff, 0x94, 0xff, 0xff, 0xff, 0xff, 0xf4,
    0x9f, 0xff, 0xff, 0xf9, 0x4f, 0xff, 0xff, 0xff,
    0xff, 0x49, 0xff, 0xff, 0xff, 0x94, 0xff, 0xff,
    0xff, 0xff, 0xf4, 0x9f, 0xff, 0xff, 0xf9, 0x4f,
    0xff, 0xff, 0xff, 0xff, 0x49, 0xff, 0xff, 0xff,
    0x94, 0xff, 0xff, 0xff, 0xff, 0xf4, 0x9f, 0xff,
    0x7f, 0xf9, 0x4f, 0xff, 0xff, 0xff, 0xff, 0x49,
    0xff, 0x70, 0x1, 0x0, 0x11, 0x11, 0x11, 0x11,
    0x10, 0x1, 0x0,

    /* U+F0F3 "" */
    0x0, 0x0, 0x0, 0x2, 0x60, 0x0, 0x0, 0x0,
    0x0, 0x0, 0x0, 0x0, 0xcf, 0x60, 0x0, 0x0,
    0x0, 0x0, 0x0, 0x0, 0x5e, 0xfb, 0x30, 0x0,
    0x0, 0x0, 0x0, 0x4, 0xef, 0xff, 0xff, 0xb1,
    0x0, 0x0, 0x0, 0x4, 0xff, 0xff, 0xff, 0xff,
    0xd0, 0x0, 0x0, 0x0, 0xef, 0xff, 0xff, 0xff,
    0xff, 0x80, 0x0, 0x0, 0x5f, 0xff, 0xff, 0xff,
    0xff, 0xfe, 0x0, 0x0, 0x9, 0xff, 0xff, 0xff,
    0xff, 0xff, 0xf2, 0x0, 0x0, 0xaf, 0xff, 0xff,
    0xff, 0xff, 0xff, 0x40, 0x0, 0xb, 0xff, 0xff,
    0xff, 0xff, 0xff, 0xf5, 0x0, 0x0, 0xef, 0xff,
    0xff, 0xff, 0xff, 0xff, 0x70, 0x0, 0x2f, 0xff,
    0xff, 0xff, 0xff, 0xff, 0xfc, 0x0, 0x8, 0xff,
    0xff, 0xff, 0xff, 0xff, 0xff, 0xf2, 0x4, 0xff,
    0xff, 0xff, 0xff, 0xff, 0xff, 0xff, 0xd1, 0xef,
    0xff, 0xff, 0xff, 0xff, 0xff, 0xff, 0xff, 0x89,
    0xff, 0xff, 0xff, 0xff, 0xff, 0xff, 0xff, 0xe4,
    0x0, 0x0, 0x0, 0x0, 0x0, 0x0, 0x0, 0x0,
    0x0, 0x0, 0x0, 0xf, 0xff, 0xf9, 0x0, 0x0,
    0x0, 0x0, 0x0, 0x0, 0x7f, 0xfe, 0x20, 0x0,
    0x0, 0x0, 0x0, 0x0, 0x0, 0x25, 0x10, 0x0,
    0x0, 0x0,

    /* U+F11C "" */
    0x3, 0x44, 0x44, 0x44, 0x44, 0x44, 0x44, 0x44,
    0x44, 0x43, 0x0, 0x9f, 0xff, 0xff, 0xff, 0xff,
    0xff, 0xff, 0xff, 0xff, 0xff, 0xe1, 0xff, 0xff,
    0xff, 0xff, 0xff, 0xff, 0xff, 0xff, 0xff, 0xff,
    0xf5, 0xff, 0x82, 0x6f, 0x22, 0xf6, 0x24, 0xf3,
    0x27, 0xe2, 0x2f, 0xf6, 0xff, 0x60, 0x4f, 0x0,
    0xe4, 0x2, 0xf1, 0x5, 0xd0, 0xf, 0xf6, 0xff,
    0x94, 0x8f, 0x44, 0xf8, 0x46, 0xf6, 0x49, 0xe4,
    0x5f, 0xf6, 0xff, 0xff, 0xfe, 0xff, 0xef, 0xff,
    0xef, 0xfe, 0xef, 0xff, 0xf6, 0xff, 0xff, 0x20,
    0x89, 0x1, 0xf4, 0x4, 0xf0, 0xc, 0xff, 0xf6,
    0xff, 0xff, 0x20, 0x89, 0x1, 0xf4, 0x4, 0xf0,
    0xc, 0xff, 0xf6, 0xff, 0xff, 0xff, 0xff, 0xff,
    0xff, 0xff, 0xff, 0xff, 0xff, 0xf6, 0xff, 0x93,
    0x7f, 0x43, 0x33, 0x33, 0x33, 0x38, 0xe3, 0x4f,
    0xf6, 0xff, 0x60, 0x4f, 0x0, 0x0, 0x0, 0x0,
    0x5, 0xd0, 0xf, 0xf6, 0xff, 0xa6, 0x9f, 0x66,
    0x66, 0x66, 0x66, 0x6a, 0xe6, 0x6f, 0xf6, 0xff,
    0xff, 0xff, 0xff, 0xff, 0xff, 0xff, 0xff, 0xff,
    0xff, 0xf5, 0x6f, 0xff, 0xff, 0xff, 0xff, 0xff,
    0xff, 0xff, 0xff, 0xff, 0xb0,

    /* U+F11E "" */
    0x1a, 0xc5, 0x0, 0x0, 0x0, 0x0, 0x0, 0x0,
    0x0, 0xa, 0xff, 0xf2, 0x0, 0x0, 0x0, 0x0,
    0x0, 0x0, 0x0, 0xcf, 0xff, 0x54, 0x65, 0x20,
    0x0, 0x0, 0x0, 0x5, 0x15, 0xff, 0xff, 0xff,
    0xff, 0xe9, 0x52, 0x25, 0xaf, 0xfc, 0xe, 0xff,
    0xd8, 0xdf, 0xfe, 0xff, 0xff, 0xff, 0xef, 0xd0,
    0xef, 0x80, 0xc, 0xfe, 0x3, 0x8f, 0xfc, 0x40,
    0xed, 0xe, 0xf7, 0x0, 0xcf, 0xe0, 0x2, 0xff,
    0x90, 0xe, 0xd0, 0xef, 0x97, 0xc3, 0x14, 0x83,
    0x2f, 0xf9, 0x16, 0xfd, 0xe, 0xff, 0xff, 0x30,
    0x1f, 0xfd, 0x34, 0xbf, 0xff, 0xd0, 0xef, 0xff,
    0xd5, 0x43, 0xff, 0xe0, 0xa, 0xff, 0xfd, 0xe,
    0xfa, 0x10, 0xcf, 0xe0, 0x48, 0x20, 0x9a, 0x3e,
    0xd0, 0xef, 0x70, 0xc, 0xfe, 0x0, 0x2f, 0xf9,
    0x0, 0xed, 0xe, 0xf7, 0x47, 0xef, 0xf6, 0x22,
    0xff, 0x90, 0x1f, 0xd0, 0xef, 0xff, 0xff, 0xff,
    0xff, 0xef, 0xfc, 0x9f, 0xf9, 0xe, 0xfe, 0xa6,
    0x43, 0x47, 0xcf, 0xff, 0xff, 0xd5, 0x0, 0xef,
    0x70, 0x0, 0x0, 0x0, 0x3, 0x55, 0x20, 0x0,
    0xe, 0xf7, 0x0, 0x0, 0x0, 0x0, 0x0, 0x0,
    0x0, 0x0, 0xef, 0x70, 0x0, 0x0, 0x0, 0x0,
    0x0, 0x0, 0x0, 0xc, 0xf5, 0x0, 0x0, 0x0,
    0x0, 0x0, 0x0, 0x0, 0x0, 0x1, 0x0, 0x0,
    0x0, 0x0, 0x0, 0x0, 0x0, 0x0,

    /* U+F124 "" */
    0x0, 0x0, 0x0, 0x0, 0x0, 0x0, 0x0, 0x0,
    0x17, 0x81, 0x0, 0x0, 0x0, 0x0, 0x0, 0x0,
    0x0, 0x1, 0x8f, 0xff, 0xc0, 0x0, 0x0, 0x0,
    0x0, 0x0, 0x0, 0x2a, 0xff, 0xff, 0xfe, 0x0,
    0x0, 0x0, 0x0, 0x0, 0x4, 0xbf, 0xff, 0xff,
    0xff, 0x90, 0x0, 0x0, 0x0, 0x0, 0x5c, 0xff,
    0xff, 0xff, 0xff, 0xf1, 0x0, 0x0, 0x0, 0x6,
    0xdf, 0xff, 0xff, 0xff, 0xff, 0xfa, 0x0, 0x0,
    0x1, 0x8e, 0xff, 0xff, 0xff, 0xff, 0xff, 0xff,
    0x30, 0x0, 0x19, 0xff, 0xff, 0xff, 0xff, 0xff,
    0xff, 0xff, 0xb0, 0x0, 0xc, 0xff, 0xff, 0xff,
    0xff, 0xff, 0xff, 0xff, 0xf4, 0x0, 0x0, 0xff,
    0xff, 0xff, 0xff, 0xff, 0xff, 0xff, 0xfc, 0x0,
    0x0, 0x7, 0xff, 0xff, 0xff, 0xff, 0xff, 0xff,
    0xff, 0x50, 0x0, 0x0, 0x0, 0x11, 0x11, 0x11,
    0xbf, 0xff, 0xff, 0xd0, 0x0, 0x0, 0x0, 0x0,
    0x0, 0x0, 0xb, 0xff, 0xff, 0xf6, 0x0, 0x0,
    0x0, 0x0, 0x0, 0x0, 0x0, 0xbf, 0xff, 0xfe,
    0x0, 0x0, 0x0, 0x0, 0x0, 0x0, 0x0, 0xb,
    0xff, 0xff, 0x80, 0x0, 0x0, 0x0, 0x0, 0x0,
    0x0, 0x0, 0xbf, 0xff, 0xf1, 0x0, 0x0, 0x0,
    0x0, 0x0, 0x0, 0x0, 0xb, 0xff, 0xf9, 0x0,
    0x0, 0x0, 0x0, 0x0, 0x0, 0x0, 0x0, 0xaf,
    0xff, 0x20, 0x0, 0x0, 0x0, 0x0, 0x0, 0x0,
    0x0, 0x6, 0xff, 0x90, 0x0, 0x0, 0x0, 0x0,
    0x0, 0x0, 0x0, 0x0, 0x3, 0x40, 0x0, 0x0,
    0x0, 0x0,

    /* U+F140 "" */
    0x0, 0x0, 0x0, 0x2, 0x44, 0x30, 0x0, 0x0,
    0x0, 0x0, 0x0, 0x1, 0x8e, 0xff, 0xff, 0xfb,
    0x30, 0x0, 0x0, 0x0, 0x5, 0xff, 0xff, 0xff,
    0xff, 0xff, 0xa0, 0x0, 0x0, 0x6, 0xff, 0xf9,
    0x41, 0x12, 0x7e, 0xff, 0xc0, 0x0, 0x4, 0xff,
    0xd2, 0x0, 0x0, 0x0, 0x9, 0xff, 0xa0, 0x0,
    0xdf, 0xe1, 0x1, 0x8c, 0xda, 0x40, 0x9, 0xff,
    0x40, 0x5f, 0xf4, 0x3, 0xef, 0xff, 0xff, 0x80,
    0xd, 0xfc, 0xa, 0xfc, 0x0, 0xef, 0xfa, 0x9e,
    0xff, 0x40, 0x6f, 0xf1, 0xef, 0x80, 0x5f, 0xf5,
    0x0, 0xd, 0xfb, 0x1, 0xff, 0x4f, 0xf6, 0x8,
    0xfe, 0x0, 0x0, 0x7f, 0xe0, 0xf, 0xf5, 0xff,
    0x60, 0x7f, 0xf0, 0x0, 0x9, 0xfe, 0x0, 0xff,
    0x5d, 0xf9, 0x3, 0xff, 0xa0, 0x4, 0xff, 0x90,
    0x2f, 0xf3, 0x9f, 0xe0, 0xa, 0xff, 0xfe, 0xff,
    0xf2, 0x8, 0xff, 0x4, 0xff, 0x60, 0xa, 0xff,
    0xff, 0xe3, 0x1, 0xff, 0xa0, 0xb, 0xff, 0x30,
    0x3, 0x77, 0x50, 0x0, 0xcf, 0xf2, 0x0, 0x2e,
    0xff, 0x60, 0x0, 0x0, 0x2, 0xcf, 0xf7, 0x0,
    0x0, 0x3e, 0xff, 0xd8, 0x55, 0x6b, 0xff, 0xf8,
    0x0, 0x0, 0x0, 0x2c, 0xff, 0xff, 0xff, 0xff,
    0xe6, 0x0, 0x0, 0x0, 0x0, 0x4, 0xae, 0xff,
    0xfc, 0x71, 0x0, 0x0, 0x0, 0x0, 0x0, 0x0,
    0x0, 0x0, 0x0, 0x0, 0x0, 0x0,

    /* U+F155 "" */
    0x0, 0x0, 0x4, 0x61, 0x0, 0x0, 0x0, 0x0,
    0xe, 0xf7, 0x0, 0x0, 0x0, 0x0, 0xe, 0xf7,
    0x0, 0x0, 0x0, 0x3c, 0xff, 0xff, 0xe9, 0x10,
    0x3, 0xff, 0xff, 0xff, 0xff, 0xc0, 0xc, 0xff,
    0xfe, 0xef, 0xff, 0x30, 0xf, 0xff, 0x10, 0x0,
    0x32, 0x0, 0xf, 0xff, 0x20, 0x0, 0x0, 0x0,
    0xb, 0xff, 0xfb, 0x72, 0x0, 0x0, 0x2, 0xef,
    0xff, 0xff, 0xe7, 0x0, 0x0, 0x19, 0xff, 0xff,
    0xff, 0xa0, 0x0, 0x0, 0x3, 0x8c, 0xff, 0xf4,
    0x0, 0x0, 0x0, 0x0, 0x8f, 0xf9, 0x0, 0x5,
    0x10, 0x0, 0x9f, 0xf9, 0x0, 0xaf, 0xff, 0xff,
    0xff, 0xf4, 0x3, 0xff, 0xff, 0xff, 0xff, 0xa0,
    0x0, 0x4b, 0xff, 0xff, 0xd6, 0x0, 0x0, 0x0,
    0xe, 0xf7, 0x0, 0x0, 0x0, 0x0, 0xe, 0xf7,
    0x0, 0x0, 0x0, 0x0, 0x4, 0x51, 0x0, 0x0,

    /* U+F15B "" */
    0xad, 0xdd, 0xdd, 0xdd, 0x48, 0x40, 0x0, 0xf,
    0xff, 0xff, 0xff, 0xf5, 0xaf, 0x40, 0x0, 0xff,
    0xff, 0xff, 0xff, 0x5a, 0xff, 0x40, 0xf, 0xff,
    0xff, 0xff, 0xf5, 0xaf, 0xff, 0x40, 0xff, 0xff,
    0xff, 0xff, 0x59, 0xee, 0xed, 0xf, 0xff, 0xff,
    0xff, 0xf7, 0x0, 0x0, 0x0, 0xff, 0xff, 0xff,
    0xff, 0xfe, 0xee, 0xee, 0x1f, 0xff, 0xff, 0xff,
    0xff, 0xff, 0xff, 0xf1, 0xff, 0xff, 0xff, 0xff,
    0xff, 0xff, 0xff, 0x1f, 0xff, 0xff, 0xff, 0xff,
    0xff, 0xff, 0xf1, 0xff, 0xff, 0xff, 0xff, 0xff,
    0xff, 0xff, 0x1f, 0xff, 0xff, 0xff, 0xff, 0xff,
    0xff, 0xf1, 0xff, 0xff, 0xff, 0xff, 0xff, 0xff,
    0xff, 0x1f, 0xff, 0xff, 0xff, 0xff, 0xff, 0xff,
    0xf1, 0xff, 0xff, 0xff, 0xff, 0xff, 0xff, 0xff,
    0x1f, 0xff, 0xff, 0xff, 0xff, 0xff, 0xff, 0xf1,
    0xff, 0xff, 0xff, 0xff, 0xff, 0xff, 0xff, 0x1f,
    0xff, 0xff, 0xff, 0xff, 0xff, 0xff, 0xf1, 0xef,
    0xff, 0xff, 0xff, 0xff, 0xff, 0xff, 0x0, 0x22,
    0x22, 0x22, 0x22, 0x22, 0x22, 0x0,

    /* U+F185 "" */
    0x0, 0x0, 0x0, 0x0, 0x8, 0x0, 0x0, 0x0,
    0x0, 0x0, 0x0, 0x0, 0x0, 0x7, 0xf7, 0x0,
    0x0, 0x0, 0x0, 0x0, 0x0, 0x0, 0x0, 0xef,
    0xe0, 0x0, 0x0, 0x0, 0x0, 0x4, 0xfa, 0x40,
    0x7f, 0xff, 0x70, 0x4a, 0xf4, 0x0, 0x0, 0x2f,
    0xff, 0xff, 0xff, 0xff, 0xff, 0xff, 0x20, 0x0,
    0x0, 0xcf, 0xff, 0x93, 0x23, 0x9f, 0xff, 0xc0,
    0x0, 0x0, 0x7, 0xff, 0x32, 0x9b, 0x92, 0x3f,
    0xf7, 0x0, 0x0, 0x0, 0x7f, 0x53, 0xff, 0xff,
    0xf3, 0x5f, 0x70, 0x0, 0x5, 0xdf, 0xe0, 0xcf,
    0xff, 0xff, 0xc0, 0xef, 0xd5, 0xd, 0xff, 0xfc,
    0xf, 0xff, 0xff, 0xff, 0xc, 0xff, 0xfd, 0x6e,
    0xff, 0xd0, 0xff, 0xff, 0xff, 0xf0, 0xdf, 0xfe,
    0x60, 0x6, 0xdf, 0x19, 0xff, 0xff, 0xf9, 0x1f,
    0xd6, 0x0, 0x0, 0x4, 0xfa, 0xa, 0xff, 0xf9,
    0xa, 0xf4, 0x0, 0x0, 0x0, 0xaf, 0xfa, 0x11,
    0x31, 0x1a, 0xff, 0x90, 0x0, 0x0, 0xe, 0xff,
    0xff, 0xb9, 0xbf, 0xff, 0xfe, 0x0, 0x0, 0x4,
    0xff, 0xd8, 0xcf, 0xff, 0xc8, 0xdf, 0xf4, 0x0,
    0x0, 0x27, 0x20, 0x3, 0xff, 0xf3, 0x0, 0x27,
    0x20, 0x0, 0x0, 0x0, 0x0, 0xb, 0xfb, 0x0,
    0x0, 0x0, 0x0, 0x0, 0x0, 0x0, 0x0, 0x3f,
    0x30, 0x0, 0x0, 0x0, 0x0, 0x0, 0x0, 0x0,
    0x0, 0x10, 0x0, 0x0, 0x0, 0x0,

    /* U+F186 "" */
    0x0, 0x0, 0x0, 0x59, 0xcd, 0xc5, 0x0, 0x0,
    0x0, 0x0, 0x0, 0x6e, 0xff, 0xff, 0xc2, 0x0,
    0x0, 0x0, 0x0, 0xa, 0xff, 0xff, 0xfb, 0x0,
    0x0, 0x0, 0x0, 0x0, 0xaf, 0xff, 0xff, 0xd0,
    0x0, 0x0, 0x0, 0x0, 0x7, 0xff, 0xff, 0xff,
    0x50, 0x0, 0x0, 0x0, 0x0, 0x1f, 0xff, 0xff,
    0xfe, 0x0, 0x0, 0x0, 0x0, 0x0, 0x7f, 0xff,
    0xff, 0xfb, 0x0, 0x0, 0x0, 0x0, 0x0, 0xbf,
    0xff, 0xff, 0xfa, 0x0, 0x0, 0x0, 0x0, 0x0,
    0xef, 0xff, 0xff, 0xfb, 0x0, 0x0, 0x0, 0x0,
    0x0, 0xff, 0xff, 0xff, 0xfd, 0x0, 0x0, 0x0,
    0x0, 0x0, 0xff, 0xff, 0xff, 0xff, 0x30, 0x0,
    0x0, 0x0, 0x0, 0xcf, 0xff, 0xff, 0xff, 0xb0,
    0x0, 0x0, 0x0, 0x0, 0x8f, 0xff, 0xff, 0xff,
    0xf7, 0x0, 0x0, 0x0, 0x0, 0x2f, 0xff, 0xff,
    0xff, 0xff, 0x80, 0x0, 0x0, 0x0, 0xa, 0xff,
    0xff, 0xff, 0xff, 0xfd, 0x61, 0x0, 0x0, 0x0,
    0xdf, 0xff, 0xff, 0xff, 0xff, 0xff, 0xff, 0xd0,
    0x0, 0x2d, 0xff, 0xff, 0xff, 0xff, 0xff, 0xfe,
    0x20, 0x0, 0x0, 0xaf, 0xff, 0xff, 0xff, 0xff,
    0xb1, 0x0, 0x0, 0x0, 0x4, 0xae, 0xff, 0xfe,
    0xa4, 0x0, 0x0, 0x0, 0x0, 0x0, 0x0, 0x12,
    0x10, 0x0, 0x0, 0x0,

    /* U+F1B9 "" */
    0x0, 0x0, 0x0, 0x3, 0x44, 0x44, 0x31, 0x0,
    0x0, 0x0, 0x0, 0x0, 0x6, 0xef, 0xff, 0xff,
    0xff, 0xb1, 0x0, 0x0, 0x0, 0x0, 0x6f, 0xff,
    0xff, 0xff, 0xff, 0xfd, 0x0, 0x0, 0x0, 0x0,
    0xef, 0xc3, 0x22, 0x22, 0x26, 0xff, 0x60, 0x0,
    0x0, 0x6, 0xff, 0x20, 0x0, 0x0, 0x0, 0xaf,
    0xd0, 0x0, 0x2f, 0xff, 0xfc, 0x0, 0x0, 0x0,
    0x0, 0x3f, 0xff, 0xf9, 0xb, 0xff, 0xff, 0xdd,
    0xdd, 0xdd, 0xdd, 0xdf, 0xff, 0xd4, 0x5, 0xff,
    0xff, 0xff, 0xff, 0xff, 0xff, 0xff, 0xff, 0xc0,
    0x9, 0xf5, 0x9, 0xff, 0xff, 0xff, 0xff, 0xe3,
    0xd, 0xf0, 0xa, 0xf4, 0x0, 0xff, 0xff, 0xff,
    0xff, 0x80, 0xd, 0xf1, 0x9, 0xff, 0xcd, 0xff,
    0xff, 0xff, 0xff, 0xfc, 0xdf, 0xf0, 0x3, 0xff,
    0xff, 0xff, 0xff, 0xff, 0xff, 0xff, 0xff, 0xa0,
    0x0, 0xff, 0xfd, 0xaa, 0xaa, 0xaa, 0xaa, 0xaf,
    0xff, 0x70, 0x0, 0xff, 0xf8, 0x0, 0x0, 0x0,
    0x0, 0xf, 0xff, 0x70, 0x0, 0xbf, 0xf4, 0x0,
    0x0, 0x0, 0x0, 0xa, 0xff, 0x30,

    /* U+F1DA "" */
    0x0, 0x0, 0x0, 0x2, 0x44, 0x31, 0x0, 0x0,
    0x0, 0x9, 0x30, 0x0, 0x7d, 0xff, 0xff, 0xfb,
    0x40, 0x0, 0x0, 0xef, 0x33, 0xef, 0xff, 0xff,
    0xff, 0xff, 0xb0, 0x0, 0xe, 0xff, 0xff, 0xfa,
    0x41, 0x12, 0x6d, 0xff, 0xd1, 0x0, 0xef, 0xff,
    0xe3, 0x0, 0x0, 0x0, 0x8, 0xff, 0xb0, 0xe,
    0xff, 0xff, 0x30, 0x9, 0xd3, 0x0, 0x8, 0xff,
    0x50, 0xef, 0xff, 0xff, 0x30, 0xef, 0x70, 0x0,
    0xc, 0xfd, 0xa, 0xcc, 0xcc, 0xc6, 0xe, 0xf7,
    0x0, 0x0, 0x5f, 0xf2, 0x0, 0x0, 0x0, 0x0,
    0xef, 0x70, 0x0, 0x0, 0xff, 0x50, 0x0, 0x0,
    0x0, 0xe, 0xf7, 0x0, 0x0, 0xe, 0xf7, 0x0,
    0x0, 0x0, 0x0, 0xef, 0xf5, 0x0, 0x0, 0xff,
    0x60, 0x0, 0x0, 0x0, 0x6, 0xff, 0xf3, 0x0,
    0x1f, 0xf5, 0x0, 0x0, 0x0, 0x0, 0x3, 0xed,
    0x10, 0x6, 0xff, 0x10, 0x0, 0x0, 0x0, 0x0,
    0x0, 0x0, 0x0, 0xef, 0xb0, 0x0, 0x0, 0x0,
    0x0, 0x0, 0x0, 0x0, 0xbf, 0xf3, 0x0, 0x0,
    0x5d, 0x70, 0x0, 0x0, 0x2, 0xcf, 0xf8, 0x0,
    0x0, 0xb, 0xff, 0xe8, 0x55, 0x6a, 0xff, 0xf9,
    0x0, 0x0, 0x0, 0x1b, 0xff, 0xff, 0xff, 0xff,
    0xf7, 0x0, 0x0, 0x0, 0x0, 0x3, 0xae, 0xff,
    0xfc, 0x71, 0x0, 0x0, 0x0, 0x0, 0x0, 0x0,
    0x0, 0x0, 0x0, 0x0, 0x0, 0x0,

    /* U+F1E6 "" */
    0x0, 0x5, 0x10, 0x0, 0x0, 0x51, 0x0, 0x0,
    0x8, 0xfa, 0x0, 0x0, 0x6f, 0xc0, 0x0, 0x0,
    0xaf, 0xc0, 0x0, 0x8, 0xfe, 0x0, 0x0, 0xa,
    0xfc, 0x0, 0x0, 0x8f, 0xe0, 0x0, 0x0, 0xaf,
    0xc0, 0x0, 0x8, 0xfe, 0x0, 0x0, 0x9, 0xfb,
    0x0, 0x0, 0x7f, 0xd0, 0x0, 0x57, 0x77, 0x77,
    0x77, 0x77, 0x77, 0x77, 0xf, 0xff, 0xff, 0xff,
    0xff, 0xff, 0xff, 0xf3, 0xdf, 0xff, 0xff, 0xff,
    0xff, 0xff, 0xfe, 0x20, 0xdf, 0xff, 0xff, 0xff,
    0xff, 0xff, 0x10, 0xc, 0xff, 0xff, 0xff, 0xff,
    0xff, 0xf0, 0x0, 0xaf, 0xff, 0xff, 0xff, 0xff,
    0xfe, 0x0, 0x4, 0xff, 0xff, 0xff, 0xff, 0xff,
    0x80, 0x0, 0xb, 0xff, 0xff, 0xff, 0xff, 0xe1,
    0x0, 0x0, 0x1c, 0xff, 0xff, 0xff, 0xe2, 0x0,
    0x0, 0x0, 0x6, 0xcf, 0xfe, 0x81, 0x0, 0x0,
    0x0, 0x0, 0x1, 0xff, 0x50, 0x0, 0x0, 0x0,
    0x0, 0x0, 0x1f, 0xf5, 0x0, 0x0, 0x0, 0x0,
    0x0, 0x1, 0xff, 0x50, 0x0, 0x0, 0x0, 0x0,
    0x0, 0x9, 0x92, 0x0, 0x0, 0x0,

    /* U+F1EB "" */
    0x0, 0x0, 0x0, 0x0, 0x0, 0x0, 0x0, 0x0,
    0x0, 0x0, 0x0, 0x0, 0x0, 0x0, 0x0, 0x1,
    0x58, 0x9a, 0xa9, 0x74, 0x0, 0x0, 0x0, 0x0,
    0x0, 0x0, 0x7, 0xcf, 0xff, 0xff, 0xff, 0xff,
    0xfb, 0x50, 0x0, 0x0, 0x0, 0x7, 0xff, 0xff,
    0xff, 0xff, 0xff, 0xff, 0xff, 0xfd, 0x50, 0x0,
    0x3, 0xdf, 0xff, 0xff, 0xb8, 0x65, 0x57, 0x9d,
    0xff, 0xff, 0xfb, 0x10, 0x5f, 0xff, 0xfd, 0x50,
    0x0, 0x0, 0x0, 0x0, 0x17, 0xef, 0xff, 0xe2,
    0xdf, 0xff, 0x50, 0x0, 0x0, 0x0, 0x0, 0x0,
    0x0, 0x8, 0xff, 0xf9, 0x2e, 0xc2, 0x0, 0x0,
    0x37, 0x9a, 0xa9, 0x62, 0x0, 0x0, 0x4e, 0xc0,
    0x1, 0x0, 0x0, 0x5d, 0xff, 0xff, 0xff, 0xff,
    0xb3, 0x0, 0x1, 0x0, 0x0, 0x0, 0x1b, 0xff,
    0xff, 0xff, 0xff, 0xff, 0xff, 0x90, 0x0, 0x0,
    0x0, 0x0, 0xbf, 0xff, 0xe9, 0x64, 0x46, 0xaf,
    0xff, 0xf7, 0x0, 0x0, 0x0, 0x0, 0x3e, 0xf7,
    0x0, 0x0, 0x0, 0x1, 0xaf, 0xd1, 0x0, 0x0,
    0x0, 0x0, 0x2, 0x30, 0x0, 0x0, 0x0, 0x0,
    0x4, 0x10, 0x0, 0x0, 0x0, 0x0, 0x0, 0x0,
    0x0, 0x28, 0x71, 0x0, 0x0, 0x0, 0x0, 0x0,
    0x0, 0x0, 0x0, 0x0, 0x2, 0xff, 0xfd, 0x0,
    0x0, 0x0, 0x0, 0x0, 0x0, 0x0, 0x0, 0x0,
    0x7, 0xff, 0xff, 0x30, 0x0, 0x0, 0x0, 0x0,
    0x0, 0x0, 0x0, 0x0, 0x5, 0xff, 0xff, 0x10,
    0x0, 0x0, 0x0, 0x0, 0x0, 0x0, 0x0, 0x0,
    0x0, 0xaf, 0xf6, 0x0, 0x0, 0x0, 0x0, 0x0,
    0x0, 0x0, 0x0, 0x0, 0x0, 0x1, 0x0, 0x0,
    0x0, 0x0, 0x0, 0x0,

    /* U+F240 "" */
    0x3, 0x44, 0x44, 0x44, 0x44, 0x44, 0x44, 0x44,
    0x44, 0x44, 0x41, 0x0, 0x9f, 0xff, 0xff, 0xff,
    0xff, 0xff, 0xff, 0xff, 0xff, 0xff, 0xff, 0x30,
    0xff, 0xff, 0xff, 0xff, 0xff, 0xff, 0xff, 0xff,
    0xff, 0xff, 0xff, 0x80, 0xff, 0x71, 0x11, 0x11,
    0x11, 0x11, 0x11, 0x11, 0x11, 0x11, 0xaf, 0xf9,
    0xff, 0x64, 0xbb, 0xbb, 0xbb, 0xbb, 0xbb, 0xbb,
    0xbb, 0xb0, 0xaf, 0xfe, 0xff, 0x67, 0xff, 0xff,
    0xff, 0xff, 0xff, 0xff, 0xff, 0xf0, 0x7d, 0xfe,
    0xff, 0x67, 0xff, 0xff, 0xff, 0xff, 0xff, 0xff,
    0xff, 0xf0, 0x7, 0xfe, 0xff, 0x67, 0xff, 0xff,
    0xff, 0xff, 0xff, 0xff, 0xff, 0xf0, 0x7, 0xfe,
    0xff, 0x67, 0xff, 0xff, 0xff, 0xff, 0xff, 0xff,
    0xff, 0xf0, 0x8e, 0xfe, 0xff, 0x60, 0x0, 0x0,
    0x0, 0x0, 0x0, 0x0, 0x0, 0x0, 0xaf, 0xfe,
    0xff, 0xa6, 0x66, 0x66, 0x66, 0x66, 0x66, 0x66,
    0x66, 0x66, 0xcf, 0xd5, 0xef, 0xff, 0xff, 0xff,
    0xff, 0xff, 0xff, 0xff, 0xff, 0xff, 0xff, 0x70,
    0x5e, 0xff, 0xff, 0xff, 0xff, 0xff, 0xff, 0xff,
    0xff, 0xff, 0xfc, 0x10,

    /* U+F241 "" */
    0x3, 0x44, 0x44, 0x44, 0x44, 0x44, 0x44, 0x44,
    0x44, 0x44, 0x41, 0x0, 0x9f, 0xff, 0xff, 0xff,
    0xff, 0xff, 0xff, 0xff, 0xff, 0xff, 0xff, 0x30,
    0xff, 0xff, 0xff, 0xff, 0xff, 0xff, 0xff, 0xff,
    0xff, 0xff, 0xff, 0x80, 0xff, 0x71, 0x11, 0x11,
    0x11, 0x11, 0x11, 0x11, 0x11, 0x11, 0xaf, 0xf9,
    0xff, 0x62, 0xbb, 0xbb, 0xbb, 0xbb, 0xbb, 0xb7,
    0x0, 0x0, 0xaf, 0xfe, 0xff, 0x63, 0xff, 0xff,
    0xff, 0xff, 0xff, 0xfa, 0x0, 0x0, 0x7d, 0xfe,
    0xff, 0x63, 0xff, 0xff, 0xff, 0xff, 0xff, 0xfa,
    0x0, 0x0, 0x7, 0xfe, 0xff, 0x63, 0xff, 0xff,
    0xff, 0xff, 0xff, 0xfa, 0x0, 0x0, 0x7, 0xfe,
    0xff, 0x63, 0xff, 0xff, 0xff, 0xff, 0xff, 0xfa,
    0x0, 0x0, 0x8e, 0xfe, 0xff, 0x60, 0x0, 0x0,
    0x0, 0x0, 0x0, 0x0, 0x0, 0x0, 0xaf, 0xfe,
    0xff, 0xa6, 0x66, 0x66, 0x66, 0x66, 0x66, 0x66,
    0x66, 0x66, 0xcf, 0xd5, 0xef, 0xff, 0xff, 0xff,
    0xff, 0xff, 0xff, 0xff, 0xff, 0xff, 0xff, 0x70,
    0x5e, 0xff, 0xff, 0xff, 0xff, 0xff, 0xff, 0xff,
    0xff, 0xff, 0xfc, 0x10,

    /* U+F242 "" */
    0x3, 0x44, 0x44, 0x44, 0x44, 0x44, 0x44, 0x44,
    0x44, 0x44, 0x41, 0x0, 0x9f, 0xff, 0xff, 0xff,
    0xff, 0xff, 0xff, 0xff, 0xff, 0xff, 0xff, 0x30,
    0xff, 0xff, 0xff, 0xff, 0xff, 0xff, 0xff, 0xff,
    0xff, 0xff, 0xff, 0x80, 0xff, 0x71, 0x11, 0x11,
    0x11, 0x11, 0x11, 0x11, 0x11, 0x11, 0xaf, 0xf9,
    0xff, 0x64, 0xbb, 0xbb, 0xbb, 0xba, 0x0, 0x0,
    0x0, 0x0, 0xaf, 0xfe, 0xff, 0x66, 0xff, 0xff,
    0xff, 0xfe, 0x0, 0x0, 0x0, 0x0, 0x7d, 0xfe,
    0xff, 0x66, 0xff, 0xff, 0xff, 0xfe, 0x0, 0x0,
    0x0, 0x0, 0x7, 0xfe, 0xff, 0x66, 0xff, 0xff,
    0xff, 0xfe, 0x0, 0x0, 0x0, 0x0, 0x7, 0xfe,
    0xff, 0x66, 0xff, 0xff, 0xff, 0xfe, 0x0, 0x0,
    0x0, 0x0, 0x8e, 0xfe, 0xff, 0x60, 0x0, 0x0,
    0x0, 0x0, 0x0, 0x0, 0x0, 0x0, 0xaf, 0xfe,
    0xff, 0xa6, 0x66, 0x66, 0x66, 0x66, 0x66, 0x66,
    0x66, 0x66, 0xcf, 0xd5, 0xef, 0xff, 0xff, 0xff,
    0xff, 0xff, 0xff, 0xff, 0xff, 0xff, 0xff, 0x70,
    0x5e, 0xff, 0xff, 0xff, 0xff, 0xff, 0xff, 0xff,
    0xff, 0xff, 0xfc, 0x10,

    /* U+F243 "" */
    0x3, 0x44, 0x44, 0x44, 0x44, 0x44, 0x44, 0x44,
    0x44, 0x44, 0x41, 0x0, 0x9f, 0xff, 0xff, 0xff,
    0xff, 0xff, 0xff, 0xff, 0xff, 0xff, 0xff, 0x30,
    0xff, 0xff, 0xff, 0xff, 0xff, 0xff, 0xff, 0xff,
    0xff, 0xff, 0xff, 0x80, 0xff, 0x71, 0x11, 0x11,
    0x11, 0x11, 0x11, 0x11, 0x11, 0x11, 0xaf, 0xf9,
    0xff, 0x67, 0xbb, 0xbb, 0x10, 0x0, 0x0, 0x0,
    0x0, 0x0, 0xaf, 0xfe, 0xff, 0x6a, 0xff, 0xff,
    0x10, 0x0, 0x0, 0x0, 0x0, 0x0, 0x7d, 0xfe,
    0xff, 0x6a, 0xff, 0xff, 0x10, 0x0, 0x0, 0x0,
    0x0, 0x0, 0x7, 0xfe, 0xff, 0x6a, 0xff, 0xff,
    0x10, 0x0, 0x0, 0x0, 0x0, 0x0, 0x7, 0xfe,
    0xff, 0x6a, 0xff, 0xff, 0x10, 0x0, 0x0, 0x0,
    0x0, 0x0, 0x8e, 0xfe, 0xff, 0x60, 0x0, 0x0,
    0x0, 0x0, 0x0, 0x0, 0x0, 0x0, 0xaf, 0xfe,
    0xff, 0xa6, 0x66, 0x66, 0x66, 0x66, 0x66, 0x66,
    0x66, 0x66, 0xcf, 0xd5, 0xef, 0xff, 0xff, 0xff,
    0xff, 0xff, 0xff, 0xff, 0xff, 0xff, 0xff, 0x70,
    0x5e, 0xff, 0xff, 0xff, 0xff, 0xff, 0xff, 0xff,
    0xff, 0xff, 0xfc, 0x10,

    /* U+F244 "" */
    0x0, 0x11, 0x11, 0x11, 0x11, 0x11, 0x11, 0x11,
    0x11, 0x11, 0x0, 0x0, 0x6f, 0xff, 0xff, 0xff,
    0xff, 0xff, 0xff, 0xff, 0xff, 0xff, 0xfd, 0x20,
    0xff, 0xff, 0xff, 0xff, 0xff, 0xff, 0xff, 0xff,
    0xff, 0xff, 0xff, 0x80, 0xff, 0x95, 0x55, 0x55,
    0x55, 0x55, 0x55, 0x55, 0x55, 0x55, 0xcf, 0xd6,
    0xff, 0x60, 0x0, 0x0, 0x0, 0x0, 0x0, 0x0,
    0x0, 0x0, 0xaf, 0xfe, 0xff, 0x60, 0x0, 0x0,
    0x0, 0x0, 0x0, 0x0, 0x0, 0x0, 0x7d, 0xfe,
    0xff, 0x60, 0x0, 0x0, 0x0, 0x0, 0x0, 0x0,
    0x0, 0x0, 0x7, 0xfe, 0xff, 0x60, 0x0, 0x0,
    0x0, 0x0, 0x0, 0x0, 0x0, 0x0, 0x7, 0xfe,
    0xff, 0x60, 0x0, 0x0, 0x0, 0x0, 0x0, 0x0,
    0x0, 0x0, 0x8e, 0xfe, 0xff, 0x60, 0x0, 0x0,
    0x0, 0x0, 0x0, 0x0, 0x0, 0x0, 0xaf, 0xfe,
    0xff, 0xa6, 0x66, 0x66, 0x66, 0x66, 0x66, 0x66,
    0x66, 0x66, 0xcf, 0xd5, 0xef, 0xff, 0xff, 0xff,
    0xff, 0xff, 0xff, 0xff, 0xff, 0xff, 0xff, 0x70,
    0x5e, 0xff, 0xff, 0xff, 0xff, 0xff, 0xff, 0xff,
    0xff, 0xff, 0xfc, 0x10,

    /* U+F279 "" */
    0x0, 0x0, 0x3, 0x4, 0x0, 0x0, 0x0, 0x0,
    0x0, 0x1, 0x50, 0x0, 0x17, 0xdf, 0xe, 0xea,
    0x40, 0x0, 0x0, 0x1, 0x8f, 0xf2, 0x3a, 0xff,
    0xff, 0xe, 0xff, 0xfe, 0xa4, 0x3, 0xaf, 0xff,
    0xf2, 0xef, 0xff, 0xff, 0xe, 0xff, 0xff, 0xff,
    0x3c, 0xff, 0xff, 0xf2, 0xff, 0xff, 0xff, 0xe,
    0xff, 0xff, 0xff, 0x3c, 0xff, 0xff, 0xf2, 0xff,
    0xff, 0xff, 0xe, 0xff, 0xff, 0xff, 0x3c, 0xff,
    0xff, 0xf2, 0xff, 0xff, 0xff, 0xe, 0xff, 0xff,
    0xff, 0x3c, 0xff, 0xff, 0xf2, 0xff, 0xff, 0xff,
    0xe, 0xff, 0xff, 0xff, 0x3c, 0xff, 0xff, 0xf2,
    0xff, 0xff, 0xff, 0xe, 0xff, 0xff, 0xff, 0x3c,
    0xff, 0xff, 0xf2, 0xff, 0xff, 0xff, 0xe, 0xff,
    0xff, 0xff, 0x3c, 0xff, 0xff, 0xf2, 0xff, 0xff,
    0xff, 0xe, 0xff, 0xff, 0xff, 0x3c, 0xff, 0xff,
    0xf2, 0xff, 0xff, 0xff, 0xe, 0xff, 0xff, 0xff,
    0x3c, 0xff, 0xff, 0xf2, 0xff, 0xff, 0xff, 0xe,
    0xff, 0xff, 0xff, 0x3c, 0xff, 0xff, 0xf2, 0xff,
    0xff, 0xff, 0xe, 0xff, 0xff, 0xff, 0x3c, 0xff,
    0xff, 0xf2, 0xff, 0xff, 0xfe, 0xd, 0xff, 0xff,
    0xff, 0x3c, 0xff, 0xff, 0xe0, 0xff, 0xfe, 0x71,
    0x0, 0x49, 0xef, 0xff, 0x3c, 0xff, 0xd7, 0x10,
    0xfd, 0x60, 0x0, 0x0, 0x0, 0x4, 0x9e, 0x3c,
    0xa4, 0x0, 0x0, 0x10, 0x0, 0x0, 0x0, 0x0,
    0x0, 0x0, 0x0, 0x0, 0x0, 0x0,

    /* U+F287 "" */
    0x0, 0x0, 0x0, 0x0, 0x0, 0x0, 0x1, 0x0,
    0x0, 0x0, 0x0, 0x0, 0x0, 0x0, 0x0, 0x0,
    0x0, 0x0, 0x8f, 0xf4, 0x0, 0x0, 0x0, 0x0,
    0x0, 0x0, 0x0, 0x0, 0x5, 0xcd, 0xff, 0xfc,
    0x0, 0x0, 0x0, 0x0, 0x0, 0x0, 0x0, 0x0,
    0x3f, 0xa8, 0xef, 0xfb, 0x0, 0x0, 0x0, 0x0,
    0x0, 0x0, 0x0, 0x0, 0xcb, 0x0, 0x3b, 0xa1,
    0x0, 0x0, 0x0, 0x0, 0x1a, 0xec, 0x30, 0x4,
    0xf2, 0x0, 0x0, 0x0, 0x0, 0x1, 0x70, 0x0,
    0xaf, 0xff, 0xe0, 0x1d, 0x90, 0x0, 0x0, 0x0,
    0x0, 0x3, 0xfd, 0x40, 0xff, 0xff, 0xff, 0xff,
    0xff, 0xff, 0xff, 0xff, 0xff, 0xff, 0xff, 0xf8,
    0xdf, 0xff, 0xf6, 0x55, 0x5a, 0xf7, 0x55, 0x55,
    0x55, 0x57, 0xff, 0xa1, 0x3e, 0xff, 0x70, 0x0,
    0x0, 0xe8, 0x0, 0x0, 0x0, 0x2, 0xd3, 0x0,
    0x1, 0x42, 0x0, 0x0, 0x0, 0x7f, 0x0, 0x0,
    0x0, 0x0, 0x0, 0x0, 0x0, 0x0, 0x0, 0x0,
    0x0, 0xe, 0x80, 0x6f, 0xff, 0x70, 0x0, 0x0,
    0x0, 0x0, 0x0, 0x0, 0x0, 0x5, 0xfa, 0xcf,
    0xff, 0x80, 0x0, 0x0, 0x0, 0x0, 0x0, 0x0,
    0x0, 0x0, 0x5a, 0xdf, 0xff, 0x80, 0x0, 0x0,
    0x0, 0x0, 0x0, 0x0, 0x0, 0x0, 0x0, 0x6f,
    0xff, 0x70, 0x0, 0x0, 0x0, 0x0, 0x0, 0x0,
    0x0, 0x0, 0x0, 0x0, 0x0, 0x0, 0x0, 0x0,

    /* U+F293 "" */
    0x0, 0x0, 0x5a, 0xcd, 0xc9, 0x40, 0x0, 0x0,
    0x2, 0xdf, 0xff, 0xef, 0xff, 0xa0, 0x0, 0x1,
    0xef, 0xff, 0xe3, 0xff, 0xff, 0xa0, 0x0, 0x9f,
    0xff, 0xfe, 0x5, 0xff, 0xff, 0x30, 0xf, 0xff,
    0xff, 0xe0, 0x6, 0xff, 0xf9, 0x5, 0xff, 0xea,
    0xfe, 0x9, 0x8, 0xff, 0xd0, 0x8f, 0xf7, 0xa,
    0xe0, 0xe7, 0xd, 0xff, 0xa, 0xff, 0xf5, 0x8,
    0x9, 0x8, 0xff, 0xf2, 0xbf, 0xff, 0xf5, 0x0,
    0x7, 0xff, 0xff, 0x3b, 0xff, 0xff, 0xf4, 0x4,
    0xff, 0xff, 0xf4, 0xbf, 0xff, 0xfd, 0x10, 0x1d,
    0xff, 0xff, 0x4a, 0xff, 0xfd, 0x11, 0x2, 0x1d,
    0xff, 0xf3, 0x9f, 0xfd, 0x12, 0xd0, 0xd3, 0x2e,
    0xff, 0x26, 0xff, 0x72, 0xef, 0xd, 0x41, 0xdf,
    0xf0, 0x3f, 0xff, 0xff, 0xf0, 0x30, 0xcf, 0xfc,
    0x0, 0xdf, 0xff, 0xff, 0x0, 0xcf, 0xff, 0x70,
    0x4, 0xff, 0xff, 0xf0, 0xbf, 0xff, 0xe0, 0x0,
    0x7, 0xff, 0xff, 0xbf, 0xff, 0xf4, 0x0, 0x0,
    0x3, 0xaf, 0xff, 0xff, 0xa3, 0x0, 0x0, 0x0,
    0x0, 0x1, 0x21, 0x0, 0x0, 0x0,

    /* U+F2B9 "" */
    0x29, 0xaa, 0xaa, 0xaa, 0xaa, 0xaa, 0xa9, 0x50,
    0xd, 0xff, 0xff, 0xff, 0xff, 0xff, 0xff, 0xff,
    0x30, 0xff, 0xff, 0xff, 0xff, 0xff, 0xff, 0xff,
    0xf6, 0xf, 0xff, 0xff, 0xff, 0xff, 0xff, 0xff,
    0xff, 0x70, 0xff, 0xff, 0xff, 0xff, 0xff, 0xff,
    0xff, 0xff, 0x9f, 0xff, 0xff, 0xf8, 0x25, 0xef,
    0xff, 0xff, 0xf9, 0xff, 0xff, 0xf9, 0x0, 0x3,
    0xff, 0xff, 0xf9, 0x2f, 0xff, 0xff, 0x60, 0x0,
    0xf, 0xff, 0xff, 0x60, 0xff, 0xff, 0xf9, 0x0,
    0x3, 0xff, 0xff, 0xf9, 0x2f, 0xff, 0xff, 0xf8,
    0x25, 0xef, 0xff, 0xff, 0xf9, 0xff, 0xff, 0xff,
    0xff, 0xff, 0xff, 0xff, 0xff, 0x9f, 0xff, 0xf9,
    0x22, 0x54, 0x15, 0xef, 0xff, 0x70, 0xff, 0xfb,
    0x0, 0x0, 0x0, 0x4, 0xff, 0xf6, 0xf, 0xff,
    0x90, 0x0, 0x0, 0x0, 0x2f, 0xff, 0xd6, 0xff,
    0xfe, 0x99, 0x99, 0x99, 0x9c, 0xff, 0xff, 0xaf,
    0xff, 0xff, 0xff, 0xff, 0xff, 0xff, 0xff, 0xc5,
    0xff, 0xff, 0xff, 0xff, 0xff, 0xff, 0xff, 0xf6,
    0xf, 0xff, 0xff, 0xff, 0xff, 0xff, 0xff, 0xff,
    0x60, 0x8f, 0xff, 0xff, 0xff, 0xff, 0xff, 0xff,
    0xd1, 0x0, 0x12, 0x22, 0x22, 0x22, 0x22, 0x22,
    0x20, 0x0,

    /* U+F2C9 "" */
    0x0, 0x6, 0x98, 0x10, 0x0, 0x0, 0xcf, 0xff,
    0xf3, 0x0, 0x7, 0xfa, 0x37, 0xfc, 0x0, 0xb,
    0xf0, 0x0, 0xcf, 0x0, 0xd, 0xe0, 0x0, 0xbf,
    0x10, 0xd, 0xe0, 0x0, 0xbf, 0x10, 0xd, 0xe0,
    0x0, 0xbf, 0x10, 0xd, 0xe1, 0x82, 0xbf, 0x10,
    0xd, 0xe7, 0xfb, 0xbf, 0x10, 0xd, 0xe8, 0xfc,
    0xbf, 0x10, 0xd, 0xe8, 0xfc, 0xbf, 0x10, 0x1e,
    0xe8, 0xfc, 0xbf, 0x40, 0x9f, 0x8b, 0xfd, 0x5f,
    0xd0, 0xee, 0x7f, 0xff, 0xbb, 0xf2, 0xfc, 0x9f,
    0xff, 0xd8, 0xf4, 0xdf, 0x6f, 0xff, 0x9b, 0xf2,
    0x8f, 0xa7, 0xb8, 0x7f, 0xc0, 0xd, 0xfd, 0xac,
    0xff, 0x30, 0x1, 0x9f, 0xff, 0xb2, 0x0, 0x0,
    0x0, 0x21, 0x0, 0x0,

    /* U+F2DC "" */
    0x0, 0x0, 0x0, 0x0, 0xad, 0x40, 0x0, 0x0,
    0x0, 0x0, 0x0, 0x0, 0x64, 0xef, 0x78, 0x10,
    0x0, 0x0, 0x0, 0x0, 0x0, 0xff, 0xff, 0xff,
    0x70, 0x0, 0x0, 0x0, 0x4, 0xa0, 0x3f, 0xff,
    0xfb, 0x4, 0xa0, 0x0, 0x4, 0x89, 0xf3, 0x3,
    0xff, 0xb0, 0xb, 0xf5, 0x90, 0xe, 0xff, 0xf8,
    0x0, 0xef, 0x70, 0xf, 0xff, 0xf6, 0x7, 0xff,
    0xfe, 0x30, 0xef, 0x70, 0x8f, 0xff, 0xc2, 0x8,
    0xef, 0xff, 0xfa, 0xff, 0xbe, 0xff, 0xff, 0xd3,
    0xa, 0xd9, 0x6c, 0xff, 0xff, 0xff, 0xf8, 0x6b,
    0xe3, 0x0, 0x0, 0x0, 0x7f, 0xff, 0xfe, 0x20,
    0x0, 0x0, 0x6, 0x84, 0x17, 0xff, 0xff, 0xff,
    0xc3, 0x16, 0x91, 0xc, 0xff, 0xff, 0xfe, 0xff,
    0xef, 0xff, 0xff, 0xf5, 0x3, 0xef, 0xff, 0x91,
    0xef, 0x74, 0xdf, 0xff, 0x90, 0xf, 0xff, 0xf9,
    0x0, 0xef, 0x70, 0x1f, 0xff, 0xf7, 0x7, 0xdb,
    0xf5, 0x1, 0xff, 0x80, 0xc, 0xf9, 0xe1, 0x0,
    0x7, 0xf1, 0x1c, 0xff, 0xf6, 0x8, 0xe1, 0x0,
    0x0, 0x0, 0x0, 0xcf, 0xff, 0xff, 0x50, 0x0,
    0x0, 0x0, 0x0, 0x0, 0xb9, 0xef, 0xad, 0x40,
    0x0, 0x0, 0x0, 0x0, 0x0, 0x0, 0xef, 0x60,
    0x0, 0x0, 0x0, 0x0, 0x0, 0x0, 0x0, 0x12,
    0x0, 0x0, 0x0, 0x0,

    /* U+F2E7 "" */
    0x3c, 0x37, 0xb0, 0xb7, 0x0, 0x0, 0x19, 0xc3,
    0x8f, 0x6c, 0xf2, 0xfd, 0x0, 0x3, 0xef, 0xf6,
    0xbf, 0x6d, 0xf3, 0xff, 0x0, 0x1e, 0xff, 0xf7,
    0xdf, 0x6e, 0xf4, 0xff, 0x20, 0xaf, 0xff, 0xf7,
    0xff, 0x6e, 0xf5, 0xff, 0x31, 0xff, 0xff, 0xf7,
    0xff, 0x6f, 0xf6, 0xff, 0x46, 0xff, 0xff, 0xf7,
    0xef, 0xff, 0xff, 0xff, 0x27, 0xff, 0xff, 0xf7,
    0x8f, 0xff, 0xff, 0xfd, 0x5, 0xff, 0xff, 0xf7,
    0xb, 0xff, 0xff, 0xe2, 0x1, 0xff, 0xff, 0xf7,
    0x0, 0x9f, 0xfd, 0x10, 0x0, 0x8f, 0xff, 0xf7,
    0x0, 0x8f, 0xfd, 0x0, 0x0, 0xa, 0xff, 0xf7,
    0x0, 0x8f, 0xfe, 0x0, 0x0, 0x0, 0xef, 0xf7,
    0x0, 0x9f, 0xfe, 0x0, 0x0, 0x0, 0xff, 0xf7,
    0x0, 0xaf, 0xff, 0x0, 0x0, 0x0, 0xff, 0xf7,
    0x0, 0xbf, 0xff, 0x0, 0x0, 0x1, 0xff, 0xf7,
    0x0, 0xcf, 0xff, 0x10, 0x0, 0x3, 0xff, 0xf7,
    0x0, 0xdf, 0xff, 0x20, 0x0, 0x4, 0xff, 0xf7,
    0x0, 0xef, 0xff, 0x30, 0x0, 0x5, 0xff, 0xf7,
    0x0, 0xdf, 0xff, 0x20, 0x0, 0x5, 0xff, 0xf5,
    0x0, 0x2, 0x21, 0x0, 0x0, 0x0, 0x22, 0x10,

    /* U+F2ED "" */
    0x0, 0x0, 0x4, 0x99, 0x99, 0x91, 0x0, 0x0,
    0x5, 0x66, 0x66, 0xef, 0xff, 0xff, 0xa6, 0x66,
    0x62, 0xff, 0xff, 0xff, 0xff, 0xff, 0xff, 0xff,
    0xff, 0x9d, 0xff, 0xff, 0xff, 0xff, 0xff, 0xff,
    0xff, 0xf7, 0x0, 0x0, 0x0, 0x0, 0x0, 0x0,
    0x0, 0x0, 0x0, 0xcf, 0xff, 0xff, 0xff, 0xff,
    0xff, 0xff, 0x60, 0xd, 0xff, 0xff, 0xff, 0xff,
    0xff, 0xff, 0xf7, 0x0, 0xdf, 0xf9, 0xef, 0xe9,
    0xff, 0xad, 0xff, 0x70, 0xd, 0xff, 0x2a, 0xfb,
    0x1f, 0xf4, 0x8f, 0xf7, 0x0, 0xdf, 0xf2, 0xaf,
    0xb1, 0xff, 0x48, 0xff, 0x70, 0xd, 0xff, 0x2a,
    0xfb, 0x1f, 0xf4, 0x8f, 0xf7, 0x0, 0xdf, 0xf2,
    0xaf, 0xb1, 0xff, 0x48, 0xff, 0x70, 0xd, 0xff,
    0x2a, 0xfb, 0x1f, 0xf4, 0x8f, 0xf7, 0x0, 0xdf,
    0xf2, 0xaf, 0xb1, 0xff, 0x48, 0xff, 0x70, 0xd,
    0xff, 0x2a, 0xfb, 0x1f, 0xf4, 0x8f, 0xf7, 0x0,
    0xdf, 0xf2, 0xaf, 0xb1, 0xff, 0x48, 0xff, 0x70,
    0xd, 0xff, 0x4b, 0xfc, 0x3f, 0xf6, 0xaf, 0xf7,
    0x0, 0xcf, 0xff, 0xff, 0xff, 0xff, 0xff, 0xff,
    0x60, 0x8, 0xff, 0xff, 0xff, 0xff, 0xff, 0xff,
    0xf2, 0x0, 0x4, 0x66, 0x66, 0x66, 0x66, 0x66,
    0x52, 0x0,

    /* U+F304 "" */
    0x0, 0x0, 0x0, 0x0, 0x0, 0x0, 0x0, 0x8,
    0x80, 0x0, 0x0, 0x0, 0x0, 0x0, 0x0, 0x0,
    0x1, 0xcf, 0xfc, 0x10, 0x0, 0x0, 0x0, 0x0,
    0x0, 0x0, 0x1c, 0xff, 0xff, 0xc1, 0x0, 0x0,
    0x0, 0x0, 0x0, 0x0, 0x1d, 0xff, 0xff, 0xfb,
    0x0, 0x0, 0x0, 0x0, 0x0, 0x1c, 0x71, 0xdf,
    0xff, 0xff, 0x0, 0x0, 0x0, 0x0, 0x1, 0xcf,
    0xf7, 0x1d, 0xff, 0xf8, 0x0, 0x0, 0x0, 0x0,
    0x1c, 0xff, 0xff, 0x71, 0xdf, 0x90, 0x0, 0x0,
    0x0, 0x1, 0xcf, 0xff, 0xff, 0xf7, 0x17, 0x0,
    0x0, 0x0, 0x0, 0x1c, 0xff, 0xff, 0xff, 0xff,
    0x40, 0x0, 0x0, 0x0, 0x1, 0xcf, 0xff, 0xff,
    0xff, 0xf9, 0x0, 0x0, 0x0, 0x0, 0x1c, 0xff,
    0xff, 0xff, 0xff, 0x90, 0x0, 0x0, 0x0, 0x1,
    0xcf, 0xff, 0xff, 0xff, 0xf9, 0x0, 0x0, 0x0,
    0x0, 0x1c, 0xff, 0xff, 0xff, 0xff, 0x90, 0x0,
    0x0, 0x0, 0x1, 0xcf, 0xff, 0xff, 0xff, 0xf9,
    0x0, 0x0, 0x0, 0x0, 0x8, 0xff, 0xff, 0xff,
    0xff, 0x90, 0x0, 0x0, 0x0, 0x0, 0xa, 0xff,
    0xff, 0xff, 0xf9, 0x0, 0x0, 0x0, 0x0, 0x0,
    0xc, 0xff, 0xff, 0xff, 0x90, 0x0, 0x0, 0x0,
    0x0, 0x0, 0xe, 0xff, 0xff, 0xf9, 0x0, 0x0,
    0x0, 0x0, 0x0, 0x0, 0xf, 0xff, 0xff, 0x90,
    0x0, 0x0, 0x0, 0x0, 0x0, 0x0, 0x3, 0x53,
    0x10, 0x0, 0x0, 0x0, 0x0, 0x0, 0x0, 0x0,

    /* U+F3C5 "" */
    0x0, 0x0, 0x5a, 0xcc, 0xb6, 0x0, 0x0, 0x0,
    0x2, 0xdf, 0xff, 0xff, 0xfe, 0x50, 0x0, 0x2,
    0xff, 0xff, 0xff, 0xff, 0xff, 0x60, 0x0, 0xdf,
    0xff, 0xff, 0xff, 0xff, 0xff, 0x20, 0x6f, 0xff,
    0xfd, 0x66, 0xbf, 0xff, 0xfa, 0xc, 0xff, 0xfc,
    0x0, 0x0, 0x9f, 0xff, 0xf0, 0xef, 0xff, 0x40,
    0x0, 0x1, 0xff, 0xff, 0x2f, 0xff, 0xf3, 0x0,
    0x0, 0xf, 0xff, 0xf3, 0xef, 0xff, 0x70, 0x0,
    0x3, 0xff, 0xff, 0x2a, 0xff, 0xff, 0x40, 0x2,
    0xdf, 0xff, 0xd0, 0x3f, 0xff, 0xff, 0xdd, 0xff,
    0xff, 0xf7, 0x0, 0xaf, 0xff, 0xff, 0xff, 0xff,
    0xfd, 0x0, 0x1, 0xef, 0xff, 0xff, 0xff, 0xff,
    0x30, 0x0, 0x4, 0xff, 0xff, 0xff, 0xff, 0x80,
    0x0, 0x0, 0x9, 0xff, 0xff, 0xff, 0xc0, 0x0,
    0x0, 0x0, 0xd, 0xff, 0xff, 0xf2, 0x0, 0x0,
    0x0, 0x0, 0x3f, 0xff, 0xf7, 0x0, 0x0, 0x0,
    0x0, 0x0, 0x7f, 0xfb, 0x0, 0x0, 0x0, 0x0,
    0x0, 0x0, 0xce, 0x10, 0x0, 0x0, 0x0, 0x0,
    0x0, 0x0, 0x10, 0x0, 0x0, 0x0,

    /* U+F3CD "" */
    0x3a, 0xbb, 0xbb, 0xbb, 0xbb, 0xa2, 0xdf, 0xff,
    0xff, 0xff, 0xff, 0xfb, 0xfd, 0x0, 0x0, 0x0,
    0x1, 0xfd, 0xfc, 0x0, 0x0, 0x0, 0x0, 0xed,
    0xfc, 0x0, 0x0, 0x0, 0x0, 0xed, 0xfc, 0x0,
    0x0, 0x0, 0x0, 0xed, 0xfc, 0x0, 0x0, 0x0,
    0x0, 0xed, 0xfc, 0x0, 0x0, 0x0, 0x0, 0xed,
    0xfc, 0x0, 0x0, 0x0, 0x0, 0xed, 0xfc, 0x0,
    0x0, 0x0, 0x0, 0xed, 0xfc, 0x0, 0x0, 0x0,
    0x0, 0xed, 0xfc, 0x0, 0x0, 0x0, 0x0, 0xed,
    0xfc, 0x0, 0x0, 0x0, 0x0, 0xed, 0xfc, 0x0,
    0x0, 0x0, 0x0, 0xed, 0xfe, 0x33, 0x33, 0x33,
    0x34, 0xfd, 0xff, 0xff, 0xff, 0xff, 0xff, 0xfd,
    0xff, 0xff, 0xe1, 0x2f, 0xff, 0xfd, 0xff, 0xff,
    0xe1, 0x2f, 0xff, 0xfd, 0x9f, 0xff, 0xff, 0xff,
    0xff, 0xf7, 0x2, 0x33, 0x33, 0x33, 0x33, 0x20,

    /* U+F4D7 "" */
    0x0, 0x0, 0x0, 0x0, 0x0, 0x0, 0x0, 0x67,
    0x50, 0x0, 0x0, 0x0, 0x0, 0x0, 0x0, 0x2,
    0xef, 0xff, 0xc1, 0x0, 0x0, 0x0, 0x0, 0x0,
    0x0, 0xcf, 0xfe, 0xff, 0xa0, 0x0, 0x0, 0x0,
    0x0, 0x0, 0x1f, 0xf7, 0x9, 0xff, 0x0, 0x0,
    0x0, 0x0, 0x0, 0x0, 0xff, 0x60, 0x8f, 0xe0,
    0x0, 0x0, 0x0, 0x0, 0x0, 0xb, 0xff, 0xdf,
    0xf8, 0x0, 0x0, 0x0, 0x0, 0x0, 0x0, 0x2f,
    0xff, 0xff, 0x10, 0x0, 0x0, 0x0, 0x0, 0x2,
    0x56, 0xcf, 0xff, 0x60, 0x0, 0x0, 0x0, 0x0,
    0x8, 0xff, 0xff, 0xff, 0xa0, 0x0, 0x0, 0x0,
    0x0, 0x6, 0xff, 0xff, 0xff, 0xc0, 0x0, 0x5,
    0xdf, 0xe7, 0x0, 0xbf, 0xc0, 0x0, 0x0, 0x0,
    0x5, 0xff, 0xff, 0xf7, 0xb, 0xfc, 0x0, 0x0,
    0x0, 0x0, 0xdf, 0xb1, 0x9f, 0xf0, 0x6f, 0xff,
    0xff, 0xfe, 0xc4, 0xf, 0xf7, 0x5, 0xff, 0x10,
    0x8f, 0xff, 0xff, 0xff, 0xf4, 0xbf, 0xfa, 0xef,
    0xd0, 0x0, 0x25, 0x66, 0x67, 0xef, 0xc4, 0xff,
    0xff, 0xf6, 0x0, 0x0, 0x0, 0x0, 0x7, 0xff,
    0xa, 0xff, 0xfc, 0x0, 0x0, 0x0, 0x0, 0x0,
    0xbf, 0xe0, 0x1e, 0xff, 0x27, 0xff, 0xff, 0xff,
    0xff, 0xff, 0xf8, 0x0, 0x3f, 0x53, 0xff, 0xff,
    0xff, 0xff, 0xff, 0xfa, 0x0, 0x0, 0x20, 0x46,
    0x66, 0x66, 0x66, 0x66, 0x53, 0x0,

    /* U+F540 "" */
    0x17, 0x88, 0x88, 0x88, 0x88, 0x88, 0x88, 0x86,
    0xc, 0xff, 0xff, 0xff, 0xff, 0xff, 0xff, 0xff,
    0xf9, 0xff, 0xff, 0xff, 0xff, 0xff, 0xff, 0xff,
    0xff, 0xdf, 0xff, 0xff, 0xff, 0xff, 0xff, 0xff,
    0xff, 0xfd, 0xff, 0xff, 0xd1, 0x0, 0x1, 0x5e,
    0xff, 0xff, 0xdf, 0xff, 0xfc, 0x0, 0x0, 0x0,
    0x1e, 0xff, 0xfd, 0xff, 0xff, 0xc0, 0x6, 0x63,
    0x0, 0x8f, 0xff, 0xdf, 0xff, 0xfc, 0x0, 0xef,
    0xf0, 0x5, 0xff, 0xfd, 0xff, 0xff, 0xc0, 0xd,
    0xfb, 0x0, 0x7f, 0xff, 0xdf, 0xff, 0xfc, 0x0,
    0x0, 0x0, 0x1e, 0xff, 0xfd, 0xff, 0xff, 0xc0,
    0x0, 0x0, 0x3c, 0xff, 0xff, 0xdf, 0xff, 0xfc,
    0x0, 0xce, 0xff, 0xff, 0xff, 0xfd, 0xff, 0xff,
    0xc0, 0xe, 0xff, 0xff, 0xff, 0xff, 0xdf, 0xff,
    0xff, 0x89, 0xff, 0xff, 0xff, 0xff, 0xfd, 0xff,
    0xff, 0xff, 0xff, 0xff, 0xff, 0xff, 0xff, 0xdf,
    0xff, 0xff, 0xff, 0xff, 0xff, 0xff, 0xff, 0xfc,
    0x6f, 0xff, 0xff, 0xff, 0xff, 0xff, 0xff, 0xfe,
    0x40, 0x0, 0x0, 0x0, 0x0, 0x0, 0x0, 0x0,
    0x0,

    /* U+F54B "" */
    0x0, 0x0, 0x0, 0x0, 0x0, 0x1, 0x59, 0xbc,
    0xca, 0x73, 0x0, 0x0, 0x0, 0x0, 0x0, 0x69,
    0x43, 0xdf, 0xff, 0xff, 0xff, 0xff, 0xe6, 0x0,
    0x0, 0x0, 0xa, 0xff, 0x75, 0xff, 0xff, 0xff,
    0xff, 0xff, 0xff, 0xb0, 0x0, 0x0, 0xf, 0xff,
    0x75, 0xff, 0xff, 0xff, 0xff, 0xff, 0xff, 0xf7,
    0x0, 0x0, 0xe, 0xff, 0x75, 0xff, 0xff, 0xff,
    0xff, 0xff, 0xff, 0xfd, 0x0, 0x0, 0x4, 0xff,
    0x75, 0xff, 0xff, 0xff, 0xff, 0xff, 0xff, 0xfc,
    0x0, 0x0, 0x0, 0x2, 0x10, 0x36, 0xbf, 0xff,
    0xff, 0xff, 0xff, 0xf5, 0x0, 0x0, 0x0, 0x0,
    0x0, 0x0, 0x5, 0xdf, 0xff, 0xff, 0xfd, 0x40,
    0x0, 0x0, 0x0, 0x0, 0x0, 0x0, 0x0, 0x4,
    0x78, 0x86, 0x20, 0x0, 0x0, 0x0, 0x0, 0x0,
    0x0, 0x0, 0x0, 0x0, 0x0, 0x0, 0x0, 0x0,
    0x0, 0x0, 0x0, 0x0, 0x0, 0x0, 0x0, 0x0,
    0x0, 0x0, 0x0, 0x0, 0x0, 0x0, 0x0, 0x0,
    0x3, 0xae, 0xff, 0xda, 0x50, 0x0, 0x0, 0x0,
    0x0, 0x0, 0x0, 0x1, 0x9f, 0xff, 0xff, 0xff,
    0xfe, 0x30, 0x0, 0x0, 0x6, 0x95, 0xa, 0xcf,
    0xff, 0xff, 0xff, 0xff, 0xff, 0xe0, 0x0, 0x0,
    0x9f, 0xf9, 0x1f, 0xff, 0xff, 0xff, 0xff, 0xff,
    0xff, 0xf2, 0x0, 0x0, 0xff, 0xf9, 0x1f, 0xff,
    0xff, 0xff, 0xff, 0xff, 0xff, 0xf0, 0x0, 0x0,
    0xdf, 0xf9, 0x1f, 0xff, 0xff, 0xff, 0xff, 0xff,
    0xff, 0x60, 0x0, 0x0, 0x3e, 0xf9, 0x1f, 0xff,
    0xff, 0xff, 0xff, 0xff, 0xf7, 0x0, 0x0, 0x0,
    0x0, 0x21, 0x4, 0x9d, 0xff, 0xff, 0xff, 0xd8,
    0x10, 0x0, 0x0, 0x0, 0x0, 0x0, 0x0, 0x0,
    0x13, 0x44, 0x31, 0x0, 0x0, 0x0, 0x0, 0x0,

    /* U+F554 "" */
    0x0, 0x0, 0x0, 0x29, 0x60, 0x0, 0x0, 0x0,
    0x0, 0xef, 0xf5, 0x0, 0x0, 0x0, 0x0, 0xff,
    0xf6, 0x0, 0x0, 0x0, 0x0, 0x6e, 0xb0, 0x0,
    0x0, 0x0, 0x0, 0x0, 0x0, 0x0, 0x0, 0x3,
    0x9d, 0xd9, 0x20, 0x0, 0x2, 0xcf, 0xff, 0xff,
    0xe2, 0x0, 0xd, 0xff, 0xff, 0xff, 0xfc, 0x0,
    0x5f, 0xf6, 0x9f, 0xff, 0xff, 0x30, 0x3e, 0x80,
    0xcf, 0xfd, 0xef, 0xe4, 0x0, 0x0, 0xff, 0xf9,
    0x6f, 0xfd, 0x0, 0x0, 0xdf, 0xf6, 0x4, 0xa5,
    0x0, 0x0, 0x3f, 0xfe, 0x10, 0x0, 0x0, 0xb,
    0x24, 0xff, 0xd0, 0x0, 0x0, 0x3f, 0xe1, 0x6f,
    0xf7, 0x0, 0x0, 0xcf, 0xe0, 0xc, 0xfc, 0x0,
    0xc, 0xff, 0x60, 0x6, 0xff, 0x0, 0xbf, 0xf8,
    0x0, 0x3, 0xff, 0x40, 0xef, 0x90, 0x0, 0x0,
    0xef, 0x40, 0x24, 0x0, 0x0, 0x0, 0x24, 0x0,

    /* U+F55A "" */
    0x0, 0x0, 0x0, 0x3, 0x44, 0x44, 0x44, 0x44,
    0x44, 0x44, 0x43, 0x0, 0x0, 0x0, 0x2, 0xef,
    0xff, 0xff, 0xff, 0xff, 0xff, 0xff, 0xff, 0xe2,
    0x0, 0x0, 0x3e, 0xff, 0xff, 0xff, 0xff, 0xff,
    0xff, 0xff, 0xff, 0xf9, 0x0, 0x3, 0xef, 0xff,
    0xff, 0xfd, 0xff, 0xff, 0xee, 0xff, 0xff, 0xfb,
    0x0, 0x3e, 0xff, 0xff, 0xff, 0x80, 0x7f, 0xfd,
    0x12, 0xef, 0xff, 0xfc, 0x3, 0xef, 0xff, 0xff,
    0xff, 0x40, 0x7, 0xd1, 0x0, 0xcf, 0xff, 0xfc,
    0x3f, 0xff, 0xff, 0xff, 0xff, 0xf3, 0x0, 0x0,
    0xa, 0xff, 0xff, 0xfc, 0xef, 0xff, 0xff, 0xff,
    0xff, 0xff, 0x30, 0x0, 0xaf, 0xff, 0xff, 0xfc,
    0xcf, 0xff, 0xff, 0xff, 0xff, 0xfd, 0x10, 0x0,
    0x7f, 0xff, 0xff, 0xfc, 0x1d, 0xff, 0xff, 0xff,
    0xff, 0xd1, 0x0, 0x20, 0x7, 0xff, 0xff, 0xfc,
    0x1, 0xdf, 0xff, 0xff, 0xff, 0x30, 0xa, 0xf3,
    0x0, 0xbf, 0xff, 0xfc, 0x0, 0x1c, 0xff, 0xff,
    0xff, 0xb1, 0xaf, 0xff, 0x44, 0xff, 0xff, 0xfc,
    0x0, 0x1, 0xcf, 0xff, 0xff, 0xff, 0xff, 0xff,
    0xff, 0xff, 0xff, 0xfb, 0x0, 0x0, 0x1c, 0xff,
    0xff, 0xff, 0xff, 0xff, 0xff, 0xff, 0xff, 0xf8,
    0x0, 0x0, 0x1, 0xaf, 0xff, 0xff, 0xff, 0xff,
    0xff, 0xff, 0xff, 0xa0,

    /* U+F6C3 "" */
    0x0, 0x0, 0x0, 0x0, 0x0, 0x0, 0x17, 0xbd,
    0xc2, 0x0, 0x0, 0x0, 0x0, 0x0, 0x0, 0x0,
    0x6, 0xff, 0xff, 0x60, 0x0, 0x0, 0x0, 0x0,
    0x0, 0x0, 0x0, 0x7f, 0xff, 0xf7, 0x0, 0x0,
    0x0, 0x0, 0x0, 0x0, 0x0, 0x4, 0xff, 0xff,
    0xd0, 0x0, 0x0, 0x0, 0x0, 0x0, 0x0, 0x0,
    0xc, 0xff, 0xff, 0x80, 0x0, 0x0, 0x0, 0x0,
    0x0, 0x0, 0x0, 0x1f, 0xff, 0xff, 0x60, 0x0,
    0x0, 0x0, 0x0, 0x0, 0x0, 0x0, 0x4f, 0xff,
    0xff, 0x60, 0x0, 0x0, 0x0, 0x0, 0x0, 0x0,
    0x0, 0x5f, 0xff, 0xff, 0xa0, 0x0, 0x0, 0x0,
    0x0, 0x0, 0x37, 0x72, 0x19, 0x79, 0xef, 0xf2,
    0x0, 0x0, 0x0, 0x0, 0x8, 0xff, 0xff, 0x51,
    0x42, 0x1c, 0xfc, 0x0, 0x0, 0x0, 0x0, 0x4f,
    0xff, 0xff, 0xfe, 0xff, 0x62, 0xff, 0xd3, 0x0,
    0x0, 0x0, 0x9f, 0xff, 0xff, 0xff, 0xff, 0xf0,
    0xcf, 0xff, 0xdb, 0xb3, 0x3, 0xdf, 0xff, 0xff,
    0xff, 0xff, 0xf0, 0x8f, 0xff, 0xff, 0x90, 0x4f,
    0xff, 0xff, 0xff, 0xff, 0xff, 0xe8, 0x16, 0xff,
    0xd5, 0x0, 0xcf, 0xff, 0xff, 0xff, 0xff, 0xff,
    0xff, 0xd0, 0x42, 0x0, 0x0, 0xff, 0xff, 0xff,
    0xff, 0xff, 0xff, 0xff, 0xf4, 0x0, 0x0, 0x0,
    0xdf, 0xff, 0xff, 0xff, 0xff, 0xff, 0xff, 0xf5,
    0x0, 0x0, 0x0, 0x6f, 0xff, 0xff, 0xff, 0xff,
    0xff, 0xff, 0xf1, 0x0, 0x0, 0x0, 0x7, 0xff,
    0xff, 0xff, 0xff, 0xff, 0xfe, 0x40, 0x0, 0x0,
    0x0, 0x0, 0x2, 0x22, 0x22, 0x22, 0x22, 0x20,
    0x0, 0x0, 0x0, 0x0,

    /* U+F6C4 "" */
    0x0, 0x0, 0x0, 0x3, 0xb0, 0x0, 0x0, 0x0,
    0x0, 0x0, 0x0, 0x0, 0x0, 0x0, 0x0, 0xb,
    0xf5, 0x0, 0x0, 0x0, 0x0, 0x0, 0x0, 0x0,
    0x0, 0x56, 0x10, 0x3f, 0xfd, 0x0, 0x27, 0x20,
    0x0, 0x0, 0x0, 0x0, 0x0, 0x9f, 0xfb, 0xcf,
    0xff, 0xad, 0xff, 0x30, 0x0, 0x0, 0x0, 0x0,
    0x0, 0x4f, 0xff, 0xc6, 0x58, 0xef, 0xfe, 0x0,
    0x0, 0x0, 0x0, 0x0, 0x0, 0xf, 0xf8, 0x3,
    0x51, 0x1d, 0xf9, 0x0, 0x0, 0x0, 0x0, 0x0,
    0x0, 0xc, 0xb0, 0xbf, 0xff, 0x62, 0xe4, 0x0,
    0x0, 0x0, 0x0, 0x0, 0x5, 0xdf, 0x57, 0xff,
    0xff, 0xe0, 0x1, 0x0, 0x0, 0x0, 0x0, 0x0,
    0xcf, 0xff, 0x2b, 0xff, 0xfe, 0x14, 0xdf, 0xfc,
    0x30, 0x0, 0x0, 0x0, 0x5d, 0xff, 0x4a, 0xff,
    0xf4, 0x4f, 0xff, 0xff, 0xf3, 0x0, 0x0, 0x0,
    0x0, 0x6e, 0x93, 0xff, 0xd0, 0xdf, 0xff, 0xff,
    0xfe, 0xff, 0x70, 0x0, 0x0, 0xd, 0xf4, 0x3b,
    0x52, 0xff, 0xff, 0xff, 0xff, 0xff, 0xf3, 0x0,
    0x0, 0x2f, 0xff, 0x60, 0x39, 0xff, 0xff, 0xff,
    0xff, 0xff, 0xf8, 0x0, 0x0, 0x8f, 0xfe, 0x26,
    0xff, 0xff, 0xff, 0xff, 0xff, 0xff, 0xff, 0xb0,
    0x0, 0x89, 0x40, 0x2f, 0xff, 0xff, 0xff, 0xff,
    0xff, 0xff, 0xff, 0xf6, 0x0, 0x0, 0x0, 0x6f,
    0xff, 0xff, 0xff, 0xff, 0xff, 0xff, 0xff, 0xfb,
    0x0, 0x0, 0x0, 0x6f, 0xff, 0xff, 0xff, 0xff,
    0xff, 0xff, 0xff, 0xfb, 0x0, 0x0, 0x0, 0x1f,
    0xff, 0xff, 0xff, 0xff, 0xff, 0xff, 0xff, 0xf5,
    0x0, 0x0, 0x0, 0x5, 0xff, 0xff, 0xff, 0xff,
    0xff, 0xff, 0xff, 0x90, 0x0, 0x0, 0x0, 0x0,
    0x16, 0x77, 0x77, 0x77, 0x77, 0x77, 0x63, 0x0,

    /* U+F72E "" */
    0x0, 0x0, 0x0, 0x0, 0x0, 0x0, 0x22, 0x0,
    0x0, 0x0, 0x0, 0x0, 0x0, 0x0, 0x0, 0x2c,
    0xff, 0xd3, 0x0, 0x0, 0x0, 0x0, 0x0, 0x0,
    0x0, 0xef, 0xff, 0xff, 0x10, 0x0, 0x0, 0x0,
    0x0, 0x0, 0x5, 0xff, 0x64, 0xff, 0x70, 0x0,
    0x0, 0x0, 0x0, 0x0, 0x1, 0x54, 0x0, 0xcf,
    0x90, 0x0, 0x57, 0x77, 0x77, 0x77, 0x77, 0x77,
    0x7a, 0xff, 0x60, 0x0, 0xff, 0xff, 0xff, 0xff,
    0xff, 0xff, 0xff, 0xfd, 0x0, 0x0, 0xde, 0xee,
    0xee, 0xee, 0xee, 0xee, 0xed, 0x91, 0x0, 0x0,
    0x12, 0x22, 0x21, 0x0, 0x1, 0x22, 0x22, 0x10,
    0x0, 0x0, 0xff, 0xff, 0xff, 0xfa, 0x16, 0xff,
    0xff, 0xff, 0xc3, 0x0, 0xff, 0xff, 0xff, 0xff,
    0xd0, 0xcf, 0xff, 0xff, 0xff, 0x20, 0x24, 0x44,
    0x44, 0x7f, 0xf5, 0x24, 0x44, 0x46, 0xff, 0xb0,
    0x0, 0x38, 0x60, 0xf, 0xf7, 0x0, 0x0, 0x0,
    0x8f, 0xf0, 0x0, 0x6f, 0xf8, 0x9f, 0xf5, 0x4,
    0x51, 0x0, 0x7f, 0xf0, 0x0, 0xd, 0xff, 0xff,
    0xc0, 0xe, 0xfc, 0x45, 0xef, 0xb0, 0x0, 0x1,
    0xae, 0xe9, 0x10, 0x6, 0xff, 0xff, 0xff, 0x20,
    0x0, 0x0, 0x0, 0x0, 0x0, 0x0, 0x6e, 0xff,
    0xc3, 0x0, 0x0, 0x0, 0x0, 0x0, 0x0, 0x0,
    0x0, 0x21, 0x0, 0x0,

    /* U+F73D "" */
    0x0, 0x0, 0x28, 0xa8, 0x20, 0x0, 0x0, 0x0,
    0x0, 0x0, 0x0, 0x5f, 0xff, 0xff, 0x60, 0x57,
    0x40, 0x0, 0x0, 0x0, 0x2f, 0xff, 0xff, 0xff,
    0xcf, 0xff, 0x90, 0x0, 0x0, 0x7, 0xff, 0xff,
    0xff, 0xff, 0xff, 0xff, 0x30, 0x0, 0x0, 0x9f,
    0xff, 0xff, 0xff, 0xff, 0xff, 0xf6, 0x0, 0x0,
    0x3d, 0xff, 0xff, 0xff, 0xff, 0xff, 0xff, 0xfc,
    0x40, 0x4f, 0xff, 0xff, 0xff, 0xff, 0xff, 0xff,
    0xff, 0xff, 0x4c, 0xff, 0xff, 0xff, 0xff, 0xff,
    0xff, 0xff, 0xff, 0xfc, 0xff, 0xff, 0xff, 0xff,
    0xff, 0xff, 0xff, 0xff, 0xff, 0xfd, 0xff, 0xff,
    0xff, 0xff, 0xff, 0xff, 0xff, 0xff, 0xfd, 0x7f,
    0xff, 0xff, 0xff, 0xff, 0xff, 0xff, 0xff, 0xff,
    0x60, 0x8f, 0xff, 0xff, 0xff, 0xff, 0xff, 0xff,
    0xff, 0x70, 0x0, 0x2, 0x22, 0x22, 0x22, 0x22,
    0x22, 0x22, 0x0, 0x0, 0x0, 0x0, 0x0, 0x0,
    0x0, 0x0, 0x0, 0x0, 0x0, 0x0, 0xb, 0x0,
    0x0, 0xb, 0x0, 0x0, 0xb, 0x0, 0x0, 0x4,
    0xf6, 0x0, 0x5, 0xf5, 0x0, 0x7, 0xf4, 0x0,
    0x0, 0xdf, 0xe1, 0x0, 0xef, 0xe0, 0x1, 0xff,
    0xd0, 0x0, 0x2f, 0xff, 0x40, 0x3f, 0xff, 0x30,
    0x4f, 0xff, 0x20, 0x0, 0xdf, 0xe1, 0x0, 0xef,
    0xe0, 0x1, 0xef, 0xd0, 0x0, 0x1, 0x51, 0x0,
    0x1, 0x51, 0x0, 0x1, 0x51, 0x0,

    /* U+F740 "" */
    0x0, 0x0, 0x2, 0x8a, 0x82, 0x0, 0x0, 0x0,
    0x0, 0x0, 0x0, 0x0, 0x5f, 0xff, 0xff, 0x60,
    0x57, 0x40, 0x0, 0x0, 0x0, 0x2, 0xff, 0xff,
    0xff, 0xfc, 0xff, 0xf9, 0x0, 0x0, 0x0, 0x7,
    0xff, 0xff, 0xff, 0xff, 0xff, 0xff, 0x30, 0x0,
    0x0, 0x9, 0xff, 0xff, 0xff, 0xff, 0xff, 0xff,
    0x60, 0x0, 0x0, 0x3d, 0xff, 0xff, 0xff, 0xff,
    0xff, 0xff, 0xfc, 0x40, 0x4, 0xff, 0xff, 0xff,
    0xff, 0xff, 0xff, 0xff, 0xff, 0xf4, 0xc, 0xff,
    0xff, 0xff, 0xff, 0xff, 0xff, 0xff, 0xff, 0xfc,
    0xf, 0xff, 0xff, 0xff, 0xff, 0xff, 0xff, 0xff,
    0xff, 0xff, 0xd, 0xff, 0xff, 0xff, 0xff, 0xff,
    0xff, 0xff, 0xff, 0xfd, 0x7, 0xff, 0xff, 0xff,
    0xff, 0xff, 0xff, 0xff, 0xff, 0xf6, 0x0, 0x8f,
    0xff, 0xff, 0xff, 0xff, 0xff, 0xff, 0xff, 0x70,
    0x0, 0x0, 0x22, 0x22, 0x22, 0x22, 0x22, 0x22,
    0x20, 0x0, 0x0, 0x0, 0x0, 0x0, 0x0, 0x0,
    0x0, 0x0, 0x0, 0x0, 0x0, 0xa, 0x70, 0x2e,
    0x0, 0x89, 0x1, 0xe2, 0x6, 0xb0, 0x0, 0x4f,
    0x20, 0xba, 0x2, 0xf3, 0x9, 0xc0, 0x1e, 0x50,
    0x0, 0xd8, 0x4, 0xf2, 0xb, 0xa0, 0x2f, 0x30,
    0x9c, 0x0, 0x6, 0xe0, 0xd, 0x80, 0x4f, 0x10,
    0xba, 0x2, 0xf3, 0x0, 0xe, 0x60, 0x5e, 0x0,
    0xc8, 0x3, 0xf1, 0xa, 0xa0, 0x0, 0x3, 0x0,
    0x2, 0x0, 0x20, 0x0, 0x20, 0x2, 0x0, 0x0,

    /* U+F75F "" */
    0x0, 0x6, 0xab, 0x94, 0x0, 0x17, 0xaa, 0x81,
    0x0, 0x0, 0x0, 0x0, 0x2, 0xdf, 0xff, 0xff,
    0xa5, 0xff, 0xff, 0xff, 0x60, 0x0, 0x0, 0x0,
    0x1e, 0xff, 0xff, 0xff, 0xff, 0xff, 0xff, 0xff,
    0xf5, 0x25, 0x30, 0x0, 0x8f, 0xff, 0xff, 0xff,
    0xff, 0xff, 0xff, 0xff, 0xff, 0xff, 0xfd, 0x30,
    0xdf, 0xff, 0xff, 0xff, 0xff, 0xff, 0xff, 0xff,
    0xff, 0xff, 0xff, 0xe1, 0xff, 0xff, 0xff, 0xff,
    0xff, 0xff, 0xff, 0xff, 0xff, 0xff, 0xff, 0xf9,
    0xef, 0xff, 0xff, 0xff, 0xff, 0xff, 0xff, 0xff,
    0xff, 0xff, 0xff, 0xfc, 0xaf, 0xff, 0xff, 0xff,
    0xff, 0xff, 0xff, 0xff, 0xff, 0xff, 0xff, 0xfb,
    0x2f, 0xff, 0xff, 0xff, 0xff, 0xff, 0xff, 0xff,
    0xff, 0xff, 0xff, 0xf6, 0x5, 0xff, 0xff, 0xff,
    0xff, 0xff, 0xff, 0xff, 0xff, 0xff, 0xff, 0xb0,
    0x0, 0x29, 0xdf, 0xff, 0xff, 0xff, 0xff, 0xff,
    0xff, 0xff, 0xd7, 0x0, 0x0, 0x0, 0x0, 0x0,
    0x0, 0x3, 0xcf, 0xff, 0x90, 0x0, 0x0, 0x0,
    0x0, 0x0, 0x0, 0x0, 0x0, 0x0, 0x0, 0x10,
    0x0, 0x0, 0x0, 0x0, 0x0, 0x0, 0x0, 0x0,
    0x0, 0x0, 0x0, 0x0, 0x0, 0x0, 0x0, 0x0,
    0x0, 0x8f, 0xff, 0xff, 0xff, 0xff, 0xff, 0xff,
    0xff, 0xff, 0xff, 0xfa, 0x0, 0x6d, 0xdd, 0xdd,
    0xdd, 0xdd, 0xdd, 0xdd, 0xdd, 0xdd, 0xdd, 0xd8,
    0x0, 0x0, 0x0, 0x0, 0x0, 0x0, 0x0, 0x0,
    0x0, 0x0, 0x0, 0x0, 0x8a, 0xaa, 0xa7, 0x1,
    0x9a, 0xaa, 0xaa, 0xaa, 0xaa, 0xaa, 0x92, 0x0,
    0xff, 0xff, 0xfe, 0x3, 0xff, 0xff, 0xff, 0xff,
    0xff, 0xff, 0xf6, 0x0, 0x12, 0x22, 0x21, 0x0,
    0x22, 0x22, 0x22, 0x22, 0x22, 0x22, 0x20, 0x0,

    /* U+F7AB "" */
    0x0, 0x0, 0x0, 0x0, 0x0, 0x0, 0x5b, 0x10,
    0x0, 0x0, 0x0, 0x0, 0x0, 0x0, 0x4, 0xaf,
    0xff, 0x30, 0x0, 0x0, 0x0, 0x0, 0x0, 0x28,
    0xef, 0xff, 0xfd, 0x0, 0x0, 0x0, 0x0, 0x0,
    0x3b, 0xff, 0xff, 0xff, 0xf6, 0x0, 0x0, 0x0,
    0x0, 0x7, 0xff, 0xff, 0xff, 0xff, 0xff, 0xc1,
    0x0, 0x0, 0x0, 0x7f, 0xff, 0xff, 0xff, 0xff,
    0xff, 0xfc, 0x0, 0x0, 0x3, 0xff, 0xff, 0xff,
    0xff, 0xfe, 0xcf, 0xff, 0x50, 0x0, 0xb, 0xff,
    0xff, 0xff, 0xff, 0xf6, 0xf, 0xff, 0xc0, 0x0,
    0x1f, 0xff, 0xff, 0xff, 0xff, 0xfd, 0xbf, 0xff,
    0xf3, 0x0, 0x6f, 0xff, 0xff, 0xff, 0xff, 0xff,
    0xff, 0xff, 0xfa, 0x0, 0xaf, 0xff, 0xff, 0xff,
    0xff, 0xff, 0xff, 0xff, 0xff, 0x10, 0xcf, 0xff,
    0xfc, 0x2f, 0xff, 0xff, 0xff, 0xff, 0xff, 0x80,
    0xef, 0xff, 0xff, 0x24, 0xef, 0xfe, 0xff, 0xff,
    0xff, 0xe0, 0xff, 0xff, 0xff, 0xe4, 0x2, 0x10,
    0xdf, 0xff, 0xff, 0xc0, 0xff, 0xff, 0xff, 0xff,
    0xd6, 0x0, 0x2f, 0xff, 0xfc, 0x10, 0xff, 0xff,
    0xff, 0xff, 0xff, 0x10, 0x4, 0x99, 0x70, 0x0,
    0xff, 0xff, 0xff, 0xff, 0xff, 0x80, 0x0, 0x0,
    0x0, 0x0, 0xff, 0xff, 0xff, 0xff, 0xff, 0xf0,
    0x0, 0x0, 0x0, 0x0, 0xcf, 0xff, 0xff, 0xff,
    0xff, 0xe0, 0x0, 0x0, 0x0, 0x0, 0x2, 0x22,
    0x22, 0x22, 0x22, 0x0, 0x0, 0x0, 0x0, 0x0,

    /* U+F7C2 "" */
    0x0, 0x0, 0x36, 0x66, 0x66, 0x66, 0x40, 0x0,
    0x0, 0x4f, 0xff, 0xff, 0xff, 0xff, 0xa0, 0x0,
    0x5f, 0xff, 0xff, 0xff, 0xff, 0xff, 0x20, 0x5f,
    0xf2, 0x1f, 0x21, 0xf1, 0x2f, 0xf4, 0x6f, 0xff,
    0x21, 0xf2, 0x1f, 0x12, 0xff, 0x4f, 0xff, 0xf2,
    0x1f, 0x21, 0xf1, 0x2f, 0xf4, 0xff, 0xff, 0xee,
    0xfe, 0xef, 0xee, 0xff, 0x4f, 0xff, 0xff, 0xff,
    0xff, 0xff, 0xff, 0xf4, 0xff, 0xff, 0xff, 0xff,
    0xff, 0xff, 0xff, 0x4f, 0xff, 0xff, 0xff, 0xff,
    0xff, 0xff, 0xf4, 0xff, 0xff, 0xff, 0xff, 0xff,
    0xff, 0xff, 0x4f, 0xff, 0xff, 0xff, 0xff, 0xff,
    0xff, 0xf4, 0xff, 0xff, 0xff, 0xff, 0xff, 0xff,
    0xff, 0x4f, 0xff, 0xff, 0xff, 0xff, 0xff, 0xff,
    0xf4, 0xff, 0xff, 0xff, 0xff, 0xff, 0xff, 0xff,
    0x4f, 0xff, 0xff, 0xff, 0xff, 0xff, 0xff, 0xf4,
    0xff, 0xff, 0xff, 0xff, 0xff, 0xff, 0xff, 0x3d,
    0xff, 0xff, 0xff, 0xff, 0xff, 0xff, 0xf1, 0x3e,
    0xff, 0xff, 0xff, 0xff, 0xff, 0xf6, 0x0, 0x2,
    0x22, 0x22, 0x22, 0x22, 0x20, 0x0,

    /* U+F8A2 "" */
    0x0, 0x0, 0x0, 0x0, 0x0, 0x0, 0x0, 0x0,
    0x1, 0xb0, 0x0, 0x0, 0x0, 0x0, 0x0, 0x0,
    0x0, 0x0, 0x1c, 0xf1, 0x0, 0x0, 0x34, 0x0,
    0x0, 0x0, 0x0, 0x0, 0xbf, 0xf1, 0x0, 0x4,
    0xff, 0x0, 0x0, 0x0, 0x0, 0x0, 0xef, 0xf1,
    0x0, 0x5f, 0xff, 0x0, 0x0, 0x0, 0x0, 0x0,
    0xef, 0xf1, 0x6, 0xff, 0xff, 0x33, 0x33, 0x33,
    0x33, 0x33, 0xef, 0xf1, 0x7f, 0xff, 0xff, 0xff,
    0xff, 0xff, 0xff, 0xff, 0xff, 0xf1, 0xdf, 0xff,
    0xff, 0xff, 0xff, 0xff, 0xff, 0xff, 0xff, 0xf1,
    0x2e, 0xff, 0xff, 0xcc, 0xcc, 0xcc, 0xcc, 0xcc,
    0xcc, 0x90, 0x1, 0xdf, 0xff, 0x0, 0x0, 0x0,
    0x0, 0x0, 0x0, 0x0, 0x0, 0x1c, 0xff, 0x0,
    0x0, 0x0, 0x0, 0x0, 0x0, 0x0, 0x0, 0x0,
    0xbd, 0x0, 0x0, 0x0, 0x0, 0x0, 0x0, 0x0,
    0x0, 0x0, 0x0, 0x0, 0x0, 0x0, 0x0, 0x0,
    0x0, 0x0
};


/*---------------------
 *  GLYPH DESCRIPTION
 *--------------------*/

static const lv_font_fmt_txt_glyph_dsc_t glyph_dsc[] = {
    {.bitmap_index = 0, .adv_w = 0, .box_w = 0, .box_h = 0, .ofs_x = 0, .ofs_y = 0} /* id = 0 reserved */,
    {.bitmap_index = 0, .adv_w = 61, .box_w = 0, .box_h = 0, .ofs_x = 0, .ofs_y = 0},
    {.bitmap_index = 0, .adv_w = 100, .box_w = 4, .box_h = 14, .ofs_x = 1, .ofs_y = 0},
    {.bitmap_index = 28, .adv_w = 90, .box_w = 6, .box_h = 5, .ofs_x = 0, .ofs_y = 9},
    {.bitmap_index = 43, .adv_w = 203, .box_w = 11, .box_h = 13, .ofs_x = 1, .ofs_y = 0},
    {.bitmap_index = 115, .adv_w = 171, .box_w = 10, .box_h = 17, .ofs_x = 0, .ofs_y = -2},
    {.bitmap_index = 200, .adv_w = 255, .box_w = 14, .box_h = 14, .ofs_x = 1, .ofs_y = 0},
    {.bitmap_index = 298, .adv_w = 205, .box_w = 12, .box_h = 14, .ofs_x = 0, .ofs_y = 0},
    {.bitmap_index = 382, .adv_w = 44, .box_w = 3, .box_h = 5, .ofs_x = 0, .ofs_y = 9},
    {.bitmap_index = 390, .adv_w = 88, .box_w = 5, .box_h = 17, .ofs_x = -1, .ofs_y = -2},
    {.bitmap_index = 433, .adv_w = 88, .box_w = 5, .box_h = 17, .ofs_x = 1, .ofs_y = -2},
    {.bitmap_index = 476, .adv_w = 121, .box_w = 8, .box_h = 7, .ofs_x = 0, .ofs_y = 8},
    {.bitmap_index = 504, .adv_w = 150, .box_w = 9, .box_h = 9, .ofs_x = 0, .ofs_y = 1},
    {.bitmap_index = 545, .adv_w = 80, .box_w = 3, .box_h = 5, .ofs_x = 1, .ofs_y = -2},
    {.bitmap_index = 553, .adv_w = 122, .box_w = 7, .box_h = 2, .ofs_x = 0, .ofs_y = 5},
    {.bitmap_index = 560, .adv_w = 84, .box_w = 3, .box_h = 3, .ofs_x = 1, .ofs_y = 0},
    {.bitmap_index = 565, .adv_w = 130, .box_w = 7, .box_h = 14, .ofs_x = 0, .ofs_y = 0},
    {.bitmap_index = 614, .adv_w = 172, .box_w = 9, .box_h = 14, .ofs_x = 1, .ofs_y = 0},
    {.bitmap_index = 677, .adv_w = 107, .box_w = 6, .box_h = 14, .ofs_x = 0, .ofs_y = 0},
    {.bitmap_index = 719, .adv_w = 165, .box_w = 10, .box_h = 14, .ofs_x = 0, .ofs_y = 0},
    {.bitmap_index = 789, .adv_w = 159, .box_w = 9, .box_h = 14, .ofs_x = 0, .ofs_y = 0},
    {.bitmap_index = 852, .adv_w = 173, .box_w = 10, .box_h = 14, .ofs_x = 0, .ofs_y = 0},
    {.bitmap_index = 922, .adv_w = 159, .box_w = 9, .box_h = 14, .ofs_x = 1, .ofs_y = 0},
    {.bitmap_index = 985, .adv_w = 159, .box_w = 9, .box_h = 14, .ofs_x = 1, .ofs_y = 0},
    {.bitmap_index = 1048, .adv_w = 146, .box_w = 9, .box_h = 14, .ofs_x = 0, .ofs_y = 0},
    {.bitmap_index = 1111, .adv_w = 160, .box_w = 10, .box_h = 14, .ofs_x = 0, .ofs_y = 0},
    {.bitmap_index = 1181, .adv_w = 160, .box_w = 9, .box_h = 14, .ofs_x = 0, .ofs_y = 0},
    {.bitmap_index = 1244, .adv_w = 106, .box_w = 3, .box_h = 9, .ofs_x = 2, .ofs_y = 0},
    {.bitmap_index = 1258, .adv_w = 95, .box_w = 4, .box_h = 11, .ofs_x = 1, .ofs_y = -2},
    {.bitmap_index = 1280, .adv_w = 150, .box_w = 9, .box_h = 10, .ofs_x = 0, .ofs_y = 0},
    {.bitmap_index = 1325, .adv_w = 150, .box_w = 9, .box_h = 6, .ofs_x = 0, .ofs_y = 3},
    {.bitmap_index = 1352, .adv_w = 150, .box_w = 9, .box_h = 10, .ofs_x = 0, .ofs_y = 0},
    {.bitmap_index = 1397, .adv_w = 147, .box_w = 9, .box_h = 14, .ofs_x = 0, .ofs_y = 0},
    {.bitmap_index = 1460, .adv_w = 250, .box_w = 14, .box_h = 15, .ofs_x = 1, .ofs_y = -3},
    {.bitmap_index = 1565, .adv_w = 192, .box_w = 12, .box_h = 14, .ofs_x = 0, .ofs_y = 0},
    {.bitmap_index = 1649, .adv_w = 190, .box_w = 10, .box_h = 14, .ofs_x = 1, .ofs_y = 0},
    {.bitmap_index = 1719, .adv_w = 185, .box_w = 10, .box_h = 14, .ofs_x = 1, .ofs_y = 0},
    {.bitmap_index = 1789, .adv_w = 188, .box_w = 10, .box_h = 14, .ofs_x = 1, .ofs_y = 0},
    {.bitmap_index = 1859, .adv_w = 182, .box_w = 10, .box_h = 14, .ofs_x = 1, .ofs_y = 0},
    {.bitmap_index = 1929, .adv_w = 172, .box_w = 10, .box_h = 14, .ofs_x = 1, .ofs_y = 0},
    {.bitmap_index = 1999, .adv_w = 186, .box_w = 10, .box_h = 14, .ofs_x = 1, .ofs_y = 0},
    {.bitmap_index = 2069, .adv_w = 196, .box_w = 10, .box_h = 14, .ofs_x = 1, .ofs_y = 0},
    {.bitmap_index = 2139, .adv_w = 79, .box_w = 3, .box_h = 14, .ofs_x = 1, .ofs_y = 0},
    {.bitmap_index = 2160, .adv_w = 176, .box_w = 10, .box_h = 14, .ofs_x = 0, .ofs_y = 0},
    {.bitmap_index = 2230, .adv_w = 187, .box_w = 11, .box_h = 14, .ofs_x = 1, .ofs_y = 0},
    {.bitmap_index = 2307, .adv_w = 173, .box_w = 10, .box_h = 14, .ofs_x = 1, .ofs_y = 0},
    {.bitmap_index = 2377, .adv_w = 217, .box_w = 12, .box_h = 14, .ofs_x = 1, .ofs_y = 0},
    {.bitmap_index = 2461, .adv_w = 205, .box_w = 11, .box_h = 14, .ofs_x = 1, .ofs_y = 0},
    {.bitmap_index = 2538, .adv_w = 189, .box_w = 10, .box_h = 14, .ofs_x = 1, .ofs_y = 0},
    {.bitmap_index = 2608, .adv_w = 180, .box_w = 10, .box_h = 14, .ofs_x = 1, .ofs_y = 0},
    {.bitmap_index = 2678, .adv_w = 177, .box_w = 11, .box_h = 16, .ofs_x = 0, .ofs_y = -2},
    {.bitmap_index = 2766, .adv_w = 186, .box_w = 10, .box_h = 14, .ofs_x = 1, .ofs_y = 0},
    {.bitmap_index = 2836, .adv_w = 179, .box_w = 11, .box_h = 14, .ofs_x = 0, .ofs_y = 0},
    {.bitmap_index = 2913, .adv_w = 174, .box_w = 11, .box_h = 14, .ofs_x = 0, .ofs_y = 0},
    {.bitmap_index = 2990, .adv_w = 195, .box_w = 10, .box_h = 14, .ofs_x = 1, .ofs_y = 0},
    {.bitmap_index = 3060, .adv_w = 183, .box_w = 11, .box_h = 14, .ofs_x = 0, .ofs_y = 0},
    {.bitmap_index = 3137, .adv_w = 267, .box_w = 17, .box_h = 14, .ofs_x = 0, .ofs_y = 0},
    {.bitmap_index = 3256, .adv_w = 184, .box_w = 11, .box_h = 14, .ofs_x = 0, .ofs_y = 0},
    {.bitmap_index = 3333, .adv_w = 178, .box_w = 11, .box_h = 14, .ofs_x = 0, .ofs_y = 0},
    {.bitmap_index = 3410, .adv_w = 168, .box_w = 10, .box_h = 14, .ofs_x = 0, .ofs_y = 0},
    {.bitmap_index = 3480, .adv_w = 119, .box_w = 6, .box_h = 18, .ofs_x = 0, .ofs_y = -3},
    {.bitmap_index = 3534, .adv_w = 130, .box_w = 7, .box_h = 14, .ofs_x = 1, .ofs_y = 0},
    {.bitmap_index = 3583, .adv_w = 119, .box_w = 5, .box_h = 18, .ofs_x = 2, .ofs_y = -3},
    {.bitmap_index = 3628, .adv_w = 139, .box_w = 8, .box_h = 8, .ofs_x = 0, .ofs_y = 6},
    {.bitmap_index = 3660, .adv_w = 151, .box_w = 9, .box_h = 3, .ofs_x = 0, .ofs_y = -1},
    {.bitmap_index = 3674, .adv_w = 64, .box_w = 4, .box_h = 3, .ofs_x = 0, .ofs_y = 11},
    {.bitmap_index = 3680, .adv_w = 157, .box_w = 9, .box_h = 10, .ofs_x = 0, .ofs_y = 0},
    {.bitmap_index = 3725, .adv_w = 168, .box_w = 9, .box_h = 14, .ofs_x = 1, .ofs_y = 0},
    {.bitmap_index = 3788, .adv_w = 160, .box_w = 9, .box_h = 10, .ofs_x = 1, .ofs_y = 0},
    {.bitmap_index = 3833, .adv_w = 168, .box_w = 9, .box_h = 14, .ofs_x = 1, .ofs_y = 0},
    {.bitmap_index = 3896, .adv_w = 163, .box_w = 9, .box_h = 10, .ofs_x = 1, .ofs_y = 0},
    {.bitmap_index = 3941, .adv_w = 112, .box_w = 7, .box_h = 14, .ofs_x = 0, .ofs_y = 0},
    {.bitmap_index = 3990, .adv_w = 165, .box_w = 10, .box_h = 14, .ofs_x = 0, .ofs_y = -4},
    {.bitmap_index = 4060, .adv_w = 165, .box_w = 9, .box_h = 14, .ofs_x = 1, .ofs_y = 0},
    {.bitmap_index = 4123, .adv_w = 78, .box_w = 3, .box_h = 14, .ofs_x = 1, .ofs_y = 0},
    {.bitmap_index = 4144, .adv_w = 75, .box_w = 5, .box_h = 18, .ofs_x = -1, .ofs_y = -4},
    {.bitmap_index = 4189, .adv_w = 156, .box_w = 9, .box_h = 14, .ofs_x = 1, .ofs_y = 0},
    {.bitmap_index = 4252, .adv_w = 71, .box_w = 3, .box_h = 14, .ofs_x = 1, .ofs_y = 0},
    {.bitmap_index = 4273, .adv_w = 251, .box_w = 14, .box_h = 10, .ofs_x = 1, .ofs_y = 0},
    {.bitmap_index = 4343, .adv_w = 165, .box_w = 9, .box_h = 10, .ofs_x = 1, .ofs_y = 0},
    {.bitmap_index = 4388, .adv_w = 169, .box_w = 9, .box_h = 10, .ofs_x = 1, .ofs_y = 0},
    {.bitmap_index = 4433, .adv_w = 170, .box_w = 9, .box_h = 14, .ofs_x = 1, .ofs_y = -4},
    {.bitmap_index = 4496, .adv_w = 170, .box_w = 9, .box_h = 14, .ofs_x = 1, .ofs_y = -4},
    {.bitmap_index = 4559, .adv_w = 113, .box_w = 6, .box_h = 10, .ofs_x = 1, .ofs_y = 0},
    {.bitmap_index = 4589, .adv_w = 148, .box_w = 9, .box_h = 10, .ofs_x = 0, .ofs_y = 0},
    {.bitmap_index = 4634, .adv_w = 112, .box_w = 7, .box_h = 13, .ofs_x = 0, .ofs_y = 0},
    {.bitmap_index = 4680, .adv_w = 164, .box_w = 8, .box_h = 10, .ofs_x = 1, .ofs_y = 0},
    {.bitmap_index = 4720, .adv_w = 149, .box_w = 9, .box_h = 10, .ofs_x = 0, .ofs_y = 0},
    {.bitmap_index = 4765, .adv_w = 226, .box_w = 14, .box_h = 10, .ofs_x = 0, .ofs_y = 0},
    {.bitmap_index = 4835, .adv_w = 152, .box_w = 10, .box_h = 10, .ofs_x = 0, .ofs_y = 0},
    {.bitmap_index = 4885, .adv_w = 145, .box_w = 9, .box_h = 14, .ofs_x = 0, .ofs_y = -4},
    {.bitmap_index = 4948, .adv_w = 137, .box_w = 8, .box_h = 10, .ofs_x = 0, .ofs_y = 0},
    {.bitmap_index = 4988, .adv_w = 100, .box_w = 6, .box_h = 18, .ofs_x = 0, .ofs_y = -3},
    {.bitmap_index = 5042, .adv_w = 54, .box_w = 3, .box_h = 17, .ofs_x = 0, .ofs_y = -2},
    {.bitmap_index = 5068, .adv_w = 100, .box_w = 6, .box_h = 18, .ofs_x = 0, .ofs_y = -3},
    {.bitmap_index = 5122, .adv_w = 156, .box_w = 10, .box_h = 3, .ofs_x = 0, .ofs_y = 4},
    {.bitmap_index = 5137, .adv_w = 115, .box_w = 7, .box_h = 8, .ofs_x = 0, .ofs_y = 9},
    {.bitmap_index = 5165, .adv_w = 140, .box_w = 9, .box_h = 2, .ofs_x = 0, .ofs_y = 5},
    {.bitmap_index = 5174, .adv_w = 50, .box_w = 4, .box_h = 5, .ofs_x = 0, .ofs_y = 9},
    {.bitmap_index = 5184, .adv_w = 95, .box_w = 6, .box_h = 5, .ofs_x = 0, .ofs_y = 3},
    {.bitmap_index = 5199, .adv_w = 304, .box_w = 19, .box_h = 20, .ofs_x = 0, .ofs_y = -3},
    {.bitmap_index = 5389, .adv_w = 304, .box_w = 21, .box_h = 18, .ofs_x = -1, .ofs_y = -2},
    {.bitmap_index = 5578, .adv_w = 342, .box_w = 21, .box_h = 20, .ofs_x = 0, .ofs_y = -3},
    {.bitmap_index = 5788, .adv_w = 304, .box_w = 19, .box_h = 15, .ofs_x = 0, .ofs_y = 0},
    {.bitmap_index = 5931, .adv_w = 304, .box_w = 19, .box_h = 18, .ofs_x = 0, .ofs_y = -2},
    {.bitmap_index = 6102, .adv_w = 304, .box_w = 19, .box_h = 15, .ofs_x = 0, .ofs_y = 0},
    {.bitmap_index = 6245, .adv_w = 209, .box_w = 14, .box_h = 14, .ofs_x = 0, .ofs_y = 0},
    {.bitmap_index = 6343, .adv_w = 304, .box_w = 19, .box_h = 20, .ofs_x = 0, .ofs_y = -3},
    {.bitmap_index = 6533, .adv_w = 304, .box_w = 19, .box_h = 20, .ofs_x = 0, .ofs_y = -3},
    {.bitmap_index = 6723, .adv_w = 342, .box_w = 22, .box_h = 18, .ofs_x = 0, .ofs_y = -2},
    {.bitmap_index = 6921, .adv_w = 304, .box_w = 19, .box_h = 19, .ofs_x = 0, .ofs_y = -2},
    {.bitmap_index = 7102, .adv_w = 304, .box_w = 19, .box_h = 20, .ofs_x = 0, .ofs_y = -3},
    {.bitmap_index = 7292, .adv_w = 342, .box_w = 22, .box_h = 15, .ofs_x = 0, .ofs_y = 0},
    {.bitmap_index = 7457, .adv_w = 304, .box_w = 19, .box_h = 20, .ofs_x = 0, .ofs_y = -3},
    {.bitmap_index = 7647, .adv_w = 152, .box_w = 10, .box_h = 15, .ofs_x = 0, .ofs_y = 0},
    {.bitmap_index = 7722, .adv_w = 228, .box_w = 15, .box_h = 15, .ofs_x = 0, .ofs_y = 0},
    {.bitmap_index = 7835, .adv_w = 342, .box_w = 22, .box_h = 19, .ofs_x = 0, .ofs_y = -2},
    {.bitmap_index = 8044, .adv_w = 304, .box_w = 19, .box_h = 15, .ofs_x = 0, .ofs_y = 0},
    {.bitmap_index = 8187, .adv_w = 209, .box_w = 14, .box_h = 20, .ofs_x = 0, .ofs_y = -3},
    {.bitmap_index = 8327, .adv_w = 266, .box_w = 13, .box_h = 18, .ofs_x = 2, .ofs_y = -2},
    {.bitmap_index = 8444, .adv_w = 266, .box_w = 17, .box_h = 20, .ofs_x = 0, .ofs_y = -3},
    {.bitmap_index = 8614, .adv_w = 266, .box_w = 17, .box_h = 18, .ofs_x = 0, .ofs_y = -2},
    {.bitmap_index = 8767, .adv_w = 266, .box_w = 17, .box_h = 18, .ofs_x = 0, .ofs_y = -2},
    {.bitmap_index = 8920, .adv_w = 266, .box_w = 13, .box_h = 18, .ofs_x = 2, .ofs_y = -2},
    {.bitmap_index = 9037, .adv_w = 266, .box_w = 18, .box_h = 18, .ofs_x = -1, .ofs_y = -2},
    {.bitmap_index = 9199, .adv_w = 190, .box_w = 10, .box_h = 17, .ofs_x = 1, .ofs_y = -1},
    {.bitmap_index = 9284, .adv_w = 190, .box_w = 10, .box_h = 17, .ofs_x = 1, .ofs_y = -1},
    {.bitmap_index = 9369, .adv_w = 304, .box_w = 19, .box_h = 20, .ofs_x = 0, .ofs_y = -3},
    {.bitmap_index = 9559, .adv_w = 304, .box_w = 19, .box_h = 20, .ofs_x = 0, .ofs_y = -3},
    {.bitmap_index = 9749, .adv_w = 304, .box_w = 19, .box_h = 20, .ofs_x = 0, .ofs_y = -3},
    {.bitmap_index = 9939, .adv_w = 266, .box_w = 17, .box_h = 18, .ofs_x = 0, .ofs_y = -2},
    {.bitmap_index = 10092, .adv_w = 266, .box_w = 17, .box_h = 4, .ofs_x = 0, .ofs_y = 5},
    {.bitmap_index = 10126, .adv_w = 228, .box_w = 15, .box_h = 20, .ofs_x = 0, .ofs_y = -3},
    {.bitmap_index = 10276, .adv_w = 342, .box_w = 22, .box_h = 15, .ofs_x = 0, .ofs_y = 0},
    {.bitmap_index = 10441, .adv_w = 380, .box_w = 24, .box_h = 20, .ofs_x = 0, .ofs_y = -3},
    {.bitmap_index = 10681, .adv_w = 342, .box_w = 23, .box_h = 20, .ofs_x = -1, .ofs_y = -3},
    {.bitmap_index = 10911, .adv_w = 266, .box_w = 17, .box_h = 20, .ofs_x = 0, .ofs_y = -3},
    {.bitmap_index = 11081, .adv_w = 304, .box_w = 19, .box_h = 18, .ofs_x = 0, .ofs_y = -2},
    {.bitmap_index = 11252, .adv_w = 304, .box_w = 20, .box_h = 18, .ofs_x = -1, .ofs_y = -2},
    {.bitmap_index = 11432, .adv_w = 266, .box_w = 17, .box_h = 11, .ofs_x = 0, .ofs_y = 2},
    {.bitmap_index = 11526, .adv_w = 266, .box_w = 17, .box_h = 11, .ofs_x = 0, .ofs_y = 2},
    {.bitmap_index = 11620, .adv_w = 380, .box_w = 24, .box_h = 16, .ofs_x = 0, .ofs_y = -1},
    {.bitmap_index = 11812, .adv_w = 342, .box_w = 22, .box_h = 20, .ofs_x = 0, .ofs_y = -3},
    {.bitmap_index = 12032, .adv_w = 304, .box_w = 19, .box_h = 15, .ofs_x = 0, .ofs_y = 0},
    {.bitmap_index = 12175, .adv_w = 304, .box_w = 19, .box_h = 20, .ofs_x = 0, .ofs_y = -3},
    {.bitmap_index = 12365, .adv_w = 304, .box_w = 20, .box_h = 20, .ofs_x = -1, .ofs_y = -3},
    {.bitmap_index = 12565, .adv_w = 304, .box_w = 20, .box_h = 20, .ofs_x = 0, .ofs_y = -3},
    {.bitmap_index = 12765, .adv_w = 304, .box_w = 19, .box_h = 18, .ofs_x = 0, .ofs_y = -2},
    {.bitmap_index = 12936, .adv_w = 380, .box_w = 24, .box_h = 18, .ofs_x = 0, .ofs_y = -2},
    {.bitmap_index = 13152, .adv_w = 266, .box_w = 17, .box_h = 18, .ofs_x = 0, .ofs_y = -2},
    {.bitmap_index = 13305, .adv_w = 266, .box_w = 17, .box_h = 20, .ofs_x = 0, .ofs_y = -3},
    {.bitmap_index = 13475, .adv_w = 266, .box_w = 17, .box_h = 18, .ofs_x = 0, .ofs_y = -2},
    {.bitmap_index = 13628, .adv_w = 266, .box_w = 17, .box_h = 16, .ofs_x = 0, .ofs_y = -1},
    {.bitmap_index = 13764, .adv_w = 304, .box_w = 19, .box_h = 15, .ofs_x = 0, .ofs_y = 0},
    {.bitmap_index = 13907, .adv_w = 190, .box_w = 14, .box_h = 20, .ofs_x = -1, .ofs_y = -3},
    {.bitmap_index = 14047, .adv_w = 266, .box_w = 17, .box_h = 20, .ofs_x = 0, .ofs_y = -3},
    {.bitmap_index = 14217, .adv_w = 304, .box_w = 19, .box_h = 18, .ofs_x = 0, .ofs_y = -2},
    {.bitmap_index = 14388, .adv_w = 266, .box_w = 17, .box_h = 20, .ofs_x = 0, .ofs_y = -3},
    {.bitmap_index = 14558, .adv_w = 342, .box_w = 22, .box_h = 15, .ofs_x = 0, .ofs_y = 0},
    {.bitmap_index = 14723, .adv_w = 304, .box_w = 19, .box_h = 20, .ofs_x = 0, .ofs_y = -3},
    {.bitmap_index = 14913, .adv_w = 304, .box_w = 21, .box_h = 20, .ofs_x = -1, .ofs_y = -3},
    {.bitmap_index = 15123, .adv_w = 295, .box_w = 19, .box_h = 20, .ofs_x = 0, .ofs_y = -3},
    {.bitmap_index = 15313, .adv_w = 171, .box_w = 12, .box_h = 20, .ofs_x = -1, .ofs_y = -3},
    {.bitmap_index = 15433, .adv_w = 228, .box_w = 15, .box_h = 20, .ofs_x = 0, .ofs_y = -3},
    {.bitmap_index = 15583, .adv_w = 304, .box_w = 19, .box_h = 20, .ofs_x = 0, .ofs_y = -3},
    {.bitmap_index = 15773, .adv_w = 304, .box_w = 18, .box_h = 20, .ofs_x = 1, .ofs_y = -3},
    {.bitmap_index = 15953, .adv_w = 304, .box_w = 20, .box_h = 15, .ofs_x = -1, .ofs_y = 0},
    {.bitmap_index = 16103, .adv_w = 304, .box_w = 19, .box_h = 20, .ofs_x = 0, .ofs_y = -3},
    {.bitmap_index = 16293, .adv_w = 228, .box_w = 15, .box_h = 20, .ofs_x = 0, .ofs_y = -3},
    {.bitmap_index = 16443, .adv_w = 380, .box_w = 24, .box_h = 19, .ofs_x = 0, .ofs_y = -2},
    {.bitmap_index = 16671, .adv_w = 380, .box_w = 24, .box_h = 13, .ofs_x = 0, .ofs_y = 1},
    {.bitmap_index = 16827, .adv_w = 380, .box_w = 24, .box_h = 13, .ofs_x = 0, .ofs_y = 1},
    {.bitmap_index = 16983, .adv_w = 380, .box_w = 24, .box_h = 13, .ofs_x = 0, .ofs_y = 1},
    {.bitmap_index = 17139, .adv_w = 380, .box_w = 24, .box_h = 13, .ofs_x = 0, .ofs_y = 1},
    {.bitmap_index = 17295, .adv_w = 380, .box_w = 24, .box_h = 13, .ofs_x = 0, .ofs_y = 1},
    {.bitmap_index = 17451, .adv_w = 342, .box_w = 22, .box_h = 18, .ofs_x = 0, .ofs_y = -2},
    {.bitmap_index = 17649, .adv_w = 380, .box_w = 24, .box_h = 16, .ofs_x = 0, .ofs_y = -1},
    {.bitmap_index = 17841, .adv_w = 266, .box_w = 15, .box_h = 20, .ofs_x = 1, .ofs_y = -3},
    {.bitmap_index = 17991, .adv_w = 266, .box_w = 17, .box_h = 20, .ofs_x = 0, .ofs_y = -3},
    {.bitmap_index = 18161, .adv_w = 152, .box_w = 10, .box_h = 20, .ofs_x = 0, .ofs_y = -3},
    {.bitmap_index = 18261, .adv_w = 266, .box_w = 18, .box_h = 20, .ofs_x = -1, .ofs_y = -3},
    {.bitmap_index = 18441, .adv_w = 247, .box_w = 16, .box_h = 20, .ofs_x = 0, .ofs_y = -3},
    {.bitmap_index = 18601, .adv_w = 266, .box_w = 17, .box_h = 20, .ofs_x = 0, .ofs_y = -3},
    {.bitmap_index = 18771, .adv_w = 304, .box_w = 20, .box_h = 20, .ofs_x = -1, .ofs_y = -3},
    {.bitmap_index = 18971, .adv_w = 228, .box_w = 15, .box_h = 20, .ofs_x = 0, .ofs_y = -3},
    {.bitmap_index = 19121, .adv_w = 190, .box_w = 12, .box_h = 20, .ofs_x = 0, .ofs_y = -3},
    {.bitmap_index = 19241, .adv_w = 304, .box_w = 19, .box_h = 20, .ofs_x = 0, .ofs_y = -3},
    {.bitmap_index = 19431, .adv_w = 266, .box_w = 17, .box_h = 18, .ofs_x = 0, .ofs_y = -2},
    {.bitmap_index = 19584, .adv_w = 380, .box_w = 24, .box_h = 20, .ofs_x = 0, .ofs_y = -3},
    {.bitmap_index = 19824, .adv_w = 190, .box_w = 12, .box_h = 20, .ofs_x = 0, .ofs_y = -3},
    {.bitmap_index = 19944, .adv_w = 380, .box_w = 24, .box_h = 15, .ofs_x = 0, .ofs_y = 0},
    {.bitmap_index = 20124, .adv_w = 342, .box_w = 22, .box_h = 20, .ofs_x = 0, .ofs_y = -3},
    {.bitmap_index = 20344, .adv_w = 380, .box_w = 24, .box_h = 20, .ofs_x = 0, .ofs_y = -3},
    {.bitmap_index = 20584, .adv_w = 304, .box_w = 20, .box_h = 18, .ofs_x = 0, .ofs_y = -2},
    {.bitmap_index = 20764, .adv_w = 304, .box_w = 19, .box_h = 20, .ofs_x = 0, .ofs_y = -3},
    {.bitmap_index = 20954, .adv_w = 304, .box_w = 20, .box_h = 20, .ofs_x = -1, .ofs_y = -3},
    {.bitmap_index = 21154, .adv_w = 380, .box_w = 24, .box_h = 20, .ofs_x = 0, .ofs_y = -3},
    {.bitmap_index = 21394, .adv_w = 304, .box_w = 20, .box_h = 20, .ofs_x = 0, .ofs_y = -3},
    {.bitmap_index = 21594, .adv_w = 228, .box_w = 15, .box_h = 20, .ofs_x = 0, .ofs_y = -3},
    {.bitmap_index = 21744, .adv_w = 306, .box_w = 20, .box_h = 13, .ofs_x = 0, .ofs_y = 0}
};

/*---------------------
 *  CHARACTER MAPPING
 *--------------------*/

static const uint16_t unicode_list_1[] = {
    0x0, 0x1f63, 0x1f69, 0x1f72, 0xef51, 0xef54, 0xef55, 0xef58,
    0xef5b, 0xef5c, 0xef5d, 0xef61, 0xef63, 0xef65, 0xef67, 0xef69,
    0xef6c, 0xef71, 0xef76, 0xef77, 0xef78, 0xef8e, 0xef93, 0xef98,
    0xef9b, 0xef9c, 0xef9d, 0xefa1, 0xefa2, 0xefa3, 0xefa4, 0xefa7,
    0xefa8, 0xefab, 0xefb7, 0xefb8, 0xefbd, 0xefbe, 0xefc0, 0xefc1,
    0xefc3, 0xefc4, 0xefc5, 0xefc7, 0xefc8, 0xefc9, 0xefca, 0xefcb,
    0xefe3, 0xefe5, 0xeffd, 0xf001, 0xf012, 0xf014, 0xf015, 0xf017,
    0xf019, 0xf030, 0xf037, 0xf03a, 0xf042, 0xf043, 0xf06c, 0xf06e,
    0xf074, 0xf090, 0xf0a5, 0xf0ab, 0xf0d5, 0xf0d6, 0xf109, 0xf12a,
    0xf136, 0xf13b, 0xf190, 0xf191, 0xf192, 0xf193, 0xf194, 0xf1c9,
    0xf1d7, 0xf1e3, 0xf209, 0xf219, 0xf22c, 0xf237, 0xf23d, 0xf254,
    0xf315, 0xf31d, 0xf427, 0xf490, 0xf49b, 0xf4a4, 0xf4aa, 0xf613,
    0xf614, 0xf67e, 0xf68d, 0xf690, 0xf6af, 0xf6fb, 0xf712, 0xf7f2
};

/*Collect the unicode lists and glyph_id offsets*/
static const lv_font_fmt_txt_cmap_t cmaps[] =
{
    {
        .range_start = 32, .range_length = 95, .glyph_id_start = 1,
        .unicode_list = NULL, .glyph_id_ofs_list = NULL, .list_length = 0, .type = LV_FONT_FMT_TXT_CMAP_FORMAT0_TINY
    },
    {
        .range_start = 176, .range_length = 63475, .glyph_id_start = 96,
        .unicode_list = unicode_list_1, .glyph_id_ofs_list = NULL, .list_length = 104, .type = LV_FONT_FMT_TXT_CMAP_SPARSE_TINY
    }
};

/*-----------------
 *    KERNING
 *----------------*/


/*Map glyph_ids to kern left classes*/
static const uint8_t kern_left_class_mapping[] =
{
    0, 0, 0, 1, 0, 0, 0, 0,
    1, 0, 0, 0, 0, 2, 3, 2,
    4, 5, 6, 7, 8, 9, 5, 10,
    11, 5, 12, 0, 0, 0, 0, 0,
    13, 0, 14, 15, 16, 15, 17, 18,
    16, 19, 20, 21, 22, 23, 0, 24,
    16, 25, 26, 27, 28, 29, 21, 30,
    30, 31, 32, 0, 0, 0, 0, 0,
    0, 0, 33, 34, 35, 0, 36, 37,
    38, 34, 39, 0, 40, 41, 34, 34,
    3, 34, 38, 42, 43, 44, 0, 45,
    45, 46, 45, 0, 0, 0, 0, 0,
    0, 0, 47, 0, 0, 0, 0, 0,
    0, 0, 0, 0, 0, 0, 0, 0,
    0, 0, 0, 0, 0, 0, 0, 0,
    0, 0, 0, 0, 0, 0, 0, 0,
    0, 0, 0, 0, 0, 0, 0, 0,
    0, 0, 0, 0, 0, 0, 0, 0,
    0, 0, 0, 0, 0, 0, 0, 0,
    0, 0, 0, 0, 0, 0, 0, 0,
    0, 0, 0, 0, 0, 0, 0, 0,
    0, 0, 0, 0, 0, 0, 0, 0,
    0, 0, 0, 0, 0, 0, 0, 0,
    0, 0, 0, 0, 0, 0, 0, 0,
    0, 0, 0, 0, 0, 0, 0, 0
};

/*Map glyph_ids to kern right classes*/
static const uint8_t kern_right_class_mapping[] =
{
    0, 0, 0, 1, 0, 0, 0, 0,
    1, 0, 0, 0, 0, 2, 3, 2,
    4, 5, 6, 0, 7, 8, 0, 0,
    9, 0, 0, 10, 10, 0, 0, 0,
    11, 0, 12, 13, 14, 13, 13, 13,
    14, 15, 0, 16, 17, 0, 0, 13,
    14, 13, 14, 0, 18, 19, 20, 21,
    21, 22, 23, 24, 0, 0, 0, 0,
    0, 0, 25, 26, 3, 3, 3, 27,
    28, 26, 29, 30, 26, 31, 32, 32,
    3, 32, 28, 32, 33, 27, 34, 35,
    35, 36, 35, 37, 0, 0, 0, 0,
    0, 0, 38, 0, 0, 0, 0, 0,
    0, 0, 0, 0, 0, 0, 0, 0,
    0, 0, 0, 0, 0, 0, 0, 0,
    0, 0, 0, 0, 0, 0, 0, 0,
    0, 0, 0, 0, 0, 0, 0, 0,
    0, 0, 0, 0, 0, 0, 0, 0,
    0, 0, 0, 0, 0, 0, 0, 0,
    0, 0, 0, 0, 0, 0, 0, 0,
    0, 0, 0, 0, 0, 0, 0, 0,
    0, 0, 0, 0, 0, 0, 0, 0,
    0, 0, 0, 0, 0, 0, 0, 0,
    0, 0, 0, 0, 0, 0, 0, 0,
    0, 0, 0, 0, 0, 0, 0, 0
};

/*Kern values between classes*/
static const int8_t kern_class_values[] =
{
    0, 0, 0, 0, 0, 0, 0, -4,
    0, 0, 0, 0, 0, 0, 0, 0,
    0, 0, 0, 0, 0, 0, 0, 0,
    0, 0, 0, 0, 0, 0, 0, 0,
    0, 0, 0, 0, 0, 0, 0, 0,
    0, 0, -9, 0, 0, 0, 0, 0,
    0, 0, 0, 0, 0, 0, 0, 0,
    0, 0, 0, 0, 0, 0, 0, 0,
    0, 0, 0, 0, 0, 0, 0, 0,
    0, 0, 0, 0, -5, -4, 0, -1,
    0, 0, 0, 0, -15, 0, 0, 0,
    0, 0, 0, 0, 0, 0, -13, 0,
    0, 0, 0, 0, 0, 0, -3, 0,
    0, 0, 0, 0, 0, 0, -7, -5,
    0, -8, 0, 0, -21, 0, 0, 0,
    0, 0, 0, 0, 0, -26, 0, -4,
    0, -3, 0, 0, 0, 0, 0, 0,
    3, 0, -25, 0, -4, -21, 0, 0,
    0, -5, -9, 0, -9, 0, 0, 0,
    0, 0, 0, 0, 0, -7, 0, 0,
    0, 0, 0, 0, 0, 0, 0, 0,
    0, 0, 0, 0, 0, 0, 0, 0,
    0, 0, 0, 0, 0, 0, 0, 0,
    0, 0, 0, 0, 0, 0, 0, 0,
    0, 0, 0, 1, 0, 0, 0, 0,
    0, 0, 0, 0, 0, 0, 0, 0,
    0, 0, 0, 0, 0, 0, 0, 0,
    0, 0, 0, 0, 0, 0, 0, 0,
    0, 0, 0, 0, 0, 0, 0, 0,
    0, -3, -3, 0, 0, 0, 0, 0,
    0, 0, 0, 0, 0, 0, 0, 0,
    0, 0, 0, 0, 0, 0, 0, 0,
    0, 0, 0, 0, 0, 0, 0, 0,
    0, 0, 0, 0, 0, 0, 0, -2,
    0, 0, 0, 0, 0, 0, 0, 0,
    0, 0, 0, 0, 0, 0, 0, 0,
    0, 0, 0, 0, 0, 0, 0, 0,
    0, 0, 0, 0, 0, 0, 0, 0,
    -7, 0, 0, 0, 0, -29, 0, 0,
    -14, 0, 0, 0, 0, 0, 0, 0,
    0, 0, 0, 0, 0, 0, 0, 0,
    0, 0, 0, 0, 0, 0, 0, 0,
    0, 0, 0, 0, 0, 0, 0, 0,
    0, 0, 0, -4, 0, 0, 0, 0,
    0, 0, 0, 0, 0, 0, 0, 0,
    0, 0, 0, 0, 0, 0, 0, 0,
    0, 0, 0, 0, 0, 0, 0, 0,
    0, 0, 0, 0, 0, -16, 0, -22,
    0, 1, 0, 0, 0, 0, 0, 0,
    0, 0, 0, 0, 0, 0, 0, 0,
    0, 0, 0, 0, 0, 0, 0, 0,
    0, 0, 0, 0, 0, 0, 0, 0,
    0, 0, 0, 0, 0, 0, 0, -6,
    0, 0, 0, 0, 0, 0, 0, 0,
    0, 0, 0, 0, 0, 0, 0, 0,
    0, 0, 0, 0, 0, 0, 0, 0,
    0, 0, 0, 0, 0, 0, 0, 0,
    0, 0, 0, 0, 0, 0, 0, 0,
    0, 0, 0, 0, 0, 0, 0, 0,
    0, 0, 0, 0, 0, 0, 0, 0,
    0, 0, 0, 0, 0, 0, 0, 0,
    0, 0, 0, 0, 0, 4, -25, 0,
    -4, 5, 0, 0, 0, 0, 0, 0,
    0, 0, 0, -5, 0, 4, 0, -12,
    -22, -3, -12, 0, -23, 5, 0, 0,
    -5, -6, 0, 0, 0, 0, 0, 0,
    -11, 0, 0, -19, 0, -3, 0, 0,
    0, 0, 0, 0, 0, 0, 0, -9,
    0, -1, 0, 0, 0, 0, -4, 0,
    -7, -5, -8, 0, -2, 0, -3, -5,
    0, 0, 0, 0, -5, -3, -2, 0,
    0, 0, 0, -2, 0, 0, 0, 0,
    0, 0, 0, 0, 0, -2, 0, 0,
    0, 5, 0, 0, -3, 0, -3, 0,
    -5, 0, -2, 0, 0, -3, 0, 0,
    0, 0, 0, 0, 0, 0, 0, 0,
    0, 0, 0, 0, 0, 0, 0, 0,
    0, 0, 0, 0, 0, 0, 0, 0,
    0, 0, 0, 0, 3, 0, 0, 0,
    0, 0, 0, 0, 0, 0, 0, 0,
    0, 0, 0, 0, 0, 0, 0, -23,
    -14, -11, 0, 0, 0, 0, 0, -3,
    0, -18, 0, -1, 0, -14, 0, 0,
    0, 0, 0, 0, 0, 0, -12, 0,
    0, -9, 0, 0, 0, -5, -11, -7,
    -13, -11, -5, 0, 0, 0, 0, 0,
    0, 0, 0, 0, 0, 0, 0, 2,
    0, 0, 0, 0, 0, 0, 0, 0,
    0, 0, 0, 0, 0, 0, 0, 0,
    0, 0, 0, 0, 0, 0, 0, 0,
    0, 0, 0, 0, 0, 0, 0, 0,
    0, 0, 0, 0, 0, 0, 0, 0,
    -2, 0, 0, 0, 0, 0, 0, 0,
    0, 0, 0, 0, 0, 0, 0, 0,
    0, 0, 0, 0, 0, 0, 0, 0,
    0, -3, 0, -7, 0, 0, 0, 0,
    0, 0, 0, -4, 0, -3, 0, 0,
    0, 0, 0, 0, 0, 0, 0, 0,
    0, 0, 0, 0, 0, 0, 0, 0,
    0, 0, 0, 0, 0, 0, 0, 0,
    -7, 0, 0, 0, 0, 0, 0, 0,
    0, 7, 0, -5, 0, -4, 0, -4,
    0, 0, 0, 3, 0, 0, 0, 0,
    0, -5, 0, 0, 0, 0, -3, 0,
    -9, 0, 0, 0, -19, 0, 0, 0,
    0, 0, 0, 0, 0, 0, 0, 10,
    0, -2, 0, 0, 0, 0, -27, 0,
    -10, 0, -10, 0, 0, 0, -4, 0,
    0, 0, 0, 0, 0, 0, -5, 0,
    2, -11, 0, 0, 0, 0, 0, 0,
    0, 0, 0, 0, 0, 0, -3, 0,
    0, 0, 0, 0, 0, 0, 0, 0,
    0, 0, 0, 0, 0, 0, 0, 0,
    0, 0, 0, 0, 0, 0, 0, 0,
    0, -9, -7, 0, 0, 0, 0, 0,
    0, 0, 0, -11, 0, 0, 0, -5,
    0, 0, 0, 0, -4, -7, -7, 0,
    -1, 0, 0, -4, 0, 0, 0, 0,
    -4, 0, 0, 0, 0, 0, 0, -2,
    0, 0, 0, 0, 0, 0, 0, 0,
    0, -5, 0, 0, 0, 5, 0, 0,
    -3, 0, -7, -7, -13, 0, -2, 0,
    0, -3, 0, 0, 0, 0, 0, 0,
    0, 0, 0, 0, 0, 0, -1, 0,
    0, 0, 0, 0, 0, 0, 0, 9,
    0, 0, 0, 0, 0, 0, 0, 0,
    -4, 3, -5, 0, 0, 0, 0, 0,
    0, 0, 0, 0, 0, 0, 0, 0,
    0, 0, 0, -3, 0, 0, 0, 0,
    0, 0, 0, 0, 0, 0, 0, 0,
    0, 2, 0, 0, -5, 0, -4, -9,
    -5, 0, -1, 0, 0, 0, 0, 0,
    0, 0, 0, 0, 0, 0, 0, 0,
    0, -14, -23, 0, 0, 0, 0, 0,
    0, 0, 0, -18, 0, -12, 0, -9,
    0, -1, 0, 0, 0, 0, 0, 0,
    -7, 0, -2, -18, -3, 0, 0, -16,
    -16, -13, -13, -15, 0, 0, 0, -18,
    -16, -12, 0, 0, 0, 0, 0, -15,
    0, -29, -3, -8, 0, -9, -7, -4,
    0, 0, 0, 0, 0, 0, -16, 0,
    0, -15, 0, 0, 0, -4, -9, -4,
    -4, 0, 0, 0, 0, 0, -8, 0,
    0, 0, 0, 0, 0, -1, 0, 0,
    -2, -5, 0, -3, 0, -7, 0, 0,
    0, 0, 0, 0, -4, 0, 0, -8,
    0, 0, 0, 0, -1, 0, -7, 0,
    0, 0, 0, -27, -21, -12, 0, 0,
    0, 0, 0, -17, 0, -29, -3, -9,
    0, -13, 0, -5, 0, 0, 0, 0,
    0, 0, -16, 0, -10, -23, 0, 0,
    0, -15, -11, -10, -10, -10, -5, 0,
    -8, 0, 0, 0, 0, 0, 0, 0,
    0, 0, 0, 0, 0, 0, 0, 0,
    0, 0, -7, 0, 0, 0, -8, 0,
    0, 0, -2, 0, 0, 0, 0, 0,
    0, 0, -3, 0, 0, -4, -10, -5,
    -2, -1, 0, 0, 0, 0, 0, 0,
    0, 0, 0, 0, 0, 0, 0, 0,
    0, 0, 0, 0, 0, 0, 0, 0,
    0, 0, 0, 0, 0, 0, 0, 0,
    -4, 0, 0, -3, -5, -8, -1, 0,
    0, 0, 0, 0, 0, 0, 0, 0,
    0, 0, 0, 0, 0, 0, 0, 0,
    0, 0, 0, 0, 0, 0, 0, 0,
    0, 0, 0, 0, 0, 0, -2, -4,
    1, -4, -8, -6, 0, 0, 0, 0,
    0, 0, 0, 0, -2, 0, 0, 0,
    0, 0, 0, 0, 0, 0, 0, 0,
    0, 0, -2, 0, -2, 0, 0, 0,
    0, 0, -2, 0, -5, -5, 0, -5,
    3, -15, -12, -3, 0, 0, 0, 0,
    0, 0, 5, 0, 0, 0, 0, 0,
    0, 0, 0, 0, 0, 0, 0, 0,
    -4, 0, 0, -11, 0, 0, 0, 0,
    -5, 0, 0, 0, 0, 5, -3, 0,
    0, 0, 0, 0, 0, 0, 0, 0,
    0, 0, 0, 0, 0, 0, 0, 0,
    0, 0, 0, 0, 0, 0, 0, 0,
    0, 0, 0, 2, 0, 0, -2, 0,
    0, 0, 0, 0, 0, 0, 0, 0,
    0, 0, 0, 0, 0, 0, 0, 0,
    0, 0, 0, 0, 0, 0, 0, 0,
    0, 0, 0, 0, 0, 0, 0, 0,
    0, -2, 0, 0, 0, 0, 0, 0,
    0, 0, 0, 0, -9, 0, 0, 0,
    0, 0, 0, 0, 0, 0, 0, 0,
    0, 0, 0, 0, 0, 0, 0, 0,
    0, 0, -4, 0, 0, -6, 0, 0,
    0, 0, -2, 0, 0, 0, 0, 0,
    0, 0, 0, 0, 0, 0, 0, 0,
    0, 0, 0, 0, 0, 0, 0, 0,
    0, 0, 0, 0, 0, 0, 0, 0,
    0, 0, 0, 0, 0, 0, 0, 0,
    0, 0, 0, 0, 0, 0, 8, -11,
    -2, 0, 0, 0, 0, 0, 0, 0,
    5, 0, 0, 0, 0, 0, 0, 0,
    0, 0, 0, 0, 0, 0, -1, 0,
    3, -5, 0, 0, 0, 0, -2, 0,
    7, 0, 1, 16, -7, 0, 0, 0,
    0, 0, 0, 0, 0, 0, -2, 0,
    0, 0, 0, 0, 0, 0, 0, 0,
    0, 0, 0, 0, 0, 0, 0, 0,
    0, 0, 0, 0, -4, 0, -10, -2,
    0, -5, 0, 0, -4, 0, 0, 0,
    0, 0, 0, 0, 0, 0, 0, 0,
    0, 0, 0, 0, 0, 0, 0, 0,
    0, 0, 0, 0, 0, -1, 0, 0,
    0, 0, 0, 0, 0, 0, 0, 0,
    0, -12, -7, -9, 0, 0, 0, 0,
    0, -4, 0, 0, 0, 0, 0, 0,
    0, 0, 0, 0, 0, 0, 0, 0,
    -5, 0, 0, -8, 0, 0, 0, 0,
    -10, 0, 0, 0, 0, 15, 0, 0,
    -8, 0, 0, 0, 0, 0, 0, -4,
    0, 0, 0, 0, 0, 0, 0, 0,
    0, 0, 0, 0, 0, 0, 0, 0,
    0, -5, 0, 0, 0, 0, -1, 0,
    0, 0, 0, 0, 0, 0, -23, 0,
    0, 0, 0, 0, 0, 0, 0, -19,
    0, 0, 0, 0, 0, 0, 0, 0,
    0, 0, 0, 0, -7, 0, -3, -20,
    0, 0, 0, 0, -19, 0, -4, -3,
    0, 0
};


/*Collect the kern class' data in one place*/
static const lv_font_fmt_txt_kern_classes_t kern_classes =
{
    .class_pair_values   = kern_class_values,
    .left_class_mapping  = kern_left_class_mapping,
    .right_class_mapping = kern_right_class_mapping,
    .left_class_cnt      = 47,
    .right_class_cnt     = 38,
};

/*--------------------
 *  ALL CUSTOM DATA
 *--------------------*/

#if LVGL_VERSION_MAJOR == 8
/*Store all the custom data of the font*/
static  lv_font_fmt_txt_glyph_cache_t cache;
#endif

#if LVGL_VERSION_MAJOR >= 8
static const lv_font_fmt_txt_dsc_t font_dsc = {
#else
static lv_font_fmt_txt_dsc_t font_dsc = {
#endif
    .glyph_bitmap = glyph_bitmap,
    .glyph_dsc = glyph_dsc,
    .cmaps = cmaps,
    .kern_dsc = &kern_classes,
    .kern_scale = 16,
    .cmap_num = 2,
    .bpp = 4,
    .kern_classes = 1,
    .bitmap_format = 0,
#if LVGL_VERSION_MAJOR == 8
    .cache = &cache
#endif
};



/*-----------------
 *  PUBLIC FONT
 *----------------*/

/*Initialize a public general font descriptor*/
#if LVGL_VERSION_MAJOR >= 8
const lv_font_t font_sm = {
#else
lv_font_t font_sm = {
#endif
    .get_glyph_dsc = lv_font_get_glyph_dsc_fmt_txt,    /*Function pointer to get glyph's data*/
    .get_glyph_bitmap = lv_font_get_bitmap_fmt_txt,    /*Function pointer to get glyph's bitmap*/
    .line_height = 21,          /*The maximum line height required by the font*/
    .base_line = 4,             /*Baseline measured from the bottom of the line*/
#if !(LVGL_VERSION_MAJOR == 6 && LVGL_VERSION_MINOR == 0)
    .subpx = LV_FONT_SUBPX_NONE,
#endif
#if LV_VERSION_CHECK(7, 4, 0) || LVGL_VERSION_MAJOR >= 8
    .underline_position = -1,
    .underline_thickness = 1,
#endif
    .dsc = &font_dsc,          /*The custom font data. Will be accessed by `get_glyph_bitmap/dsc` */
#if LV_VERSION_CHECK(8, 2, 0) || LVGL_VERSION_MAJOR >= 9
    .fallback = NULL,
#endif
    .user_data = NULL,
};



#endif /*#if FONT_SM*/

