/*******************************************************************************
 * Size: 24 px
 * Bpp: 4
 * Opts: --no-compress --no-prefilter --bpp 4 --format lvgl --lv-include lvgl.h --size 24 --font fonts/Barlow-SemiBold.ttf -r 0x20-0x7E,0xB0,0x2022,0x2013,0x2019 --font fonts/FontAwesome5.woff -r 61441,61448,61451,61452,61453,61457,61459,61461,61465,61468,61473,61478,61479,61480,61502,61507,61512,61515,61516,61517,61521,61522,61523,61524,61543,61544,61550,61552,61553,61556,61559,61560,61561,61563,61587,61589,61636,61637,61639,61641,61664,61671,61674,61683,61724,61732,61787,61931,62016,62017,62018,62019,62020,62087,62099,62189,62212,62810,63426,63650,0xf004,0xf005,0xf015,0xf0ad,0xf095,0xf075,0xf0e0,0xf11e,0xf0c2,0xf185,0xf186,0xf6c4,0xf73d,0xf2dc,0xf0e7,0xf75f,0xf72e,0xf043,0xf554,0xf1b9,0xf54b,0xf279,0xf124,0xf4d7,0xf540,0xf06d,0xf05b,0xf3cd,0xf2c9,0xf017,0xf073,0xf1eb,0xf6c3,0xf740,0xf7ab,0xf0f2,0xf2b9,0xf1e6,0xf155,0xf0b1,0xf07a,0xf2e7,0xf3c5,0xf057,0xf00d,0xf058,0xf1da,0xf140 -o ../src/fonts/font_md.c --lv-font-name font_md
 ******************************************************************************/

#ifdef LV_LVGL_H_INCLUDE_SIMPLE
#include "lvgl.h"
#else
#include "lvgl.h"
#endif

#ifndef FONT_MD
#define FONT_MD 1
#endif

#if FONT_MD

/*-----------------
 *    BITMAPS
 *----------------*/

/*Store the image of the glyphs*/
static LV_ATTRIBUTE_LARGE_CONST const uint8_t glyph_bitmap[] = {
    /* U+0020 " " */

    /* U+0021 "!" */
    0x5f, 0xf6, 0x5f, 0xf6, 0x4f, 0xf6, 0x4f, 0xf6,
    0x3f, 0xf5, 0x3f, 0xf5, 0x3f, 0xf4, 0x2f, 0xf4,
    0x2f, 0xf4, 0x2f, 0xf3, 0x1f, 0xf3, 0x9, 0x91,
    0x0, 0x0, 0x0, 0x0, 0x7, 0x60, 0x9f, 0xf6,
    0xbf, 0xf8, 0x4e, 0xd2,

    /* U+0022 "\"" */
    0x7f, 0xf1, 0x4f, 0xf4, 0x7f, 0xf1, 0x3f, 0xf4,
    0x6f, 0xf0, 0x3f, 0xf3, 0x5f, 0xf0, 0x2f, 0xf3,
    0x4f, 0xf0, 0x1f, 0xf2, 0x18, 0x70, 0x8, 0x80,

    /* U+0023 "#" */
    0x0, 0x1, 0xff, 0xa0, 0x2, 0xff, 0x80, 0x0,
    0x4, 0xff, 0x80, 0x5, 0xff, 0x60, 0x0, 0x6,
    0xff, 0x60, 0x8, 0xff, 0x40, 0x0, 0x8, 0xff,
    0x30, 0xa, 0xff, 0x20, 0xb, 0xff, 0xff, 0xff,
    0xff, 0xff, 0xfd, 0xc, 0xff, 0xff, 0xff, 0xff,
    0xff, 0xfe, 0x5, 0x8f, 0xfe, 0x88, 0x9f, 0xfd,
    0x86, 0x0, 0x2f, 0xfa, 0x0, 0x4f, 0xf8, 0x0,
    0x0, 0x4f, 0xf8, 0x0, 0x6f, 0xf6, 0x0, 0x0,
    0x6f, 0xf5, 0x0, 0x8f, 0xf4, 0x0, 0xaf, 0xff,
    0xff, 0xff, 0xff, 0xff, 0xf0, 0xaf, 0xff, 0xff,
    0xff, 0xff, 0xff, 0xf0, 0x47, 0xff, 0xf7, 0x77,
    0xff, 0xe7, 0x70, 0x0, 0xff, 0xc0, 0x1, 0xff,
    0xa0, 0x0, 0x2, 0xff, 0xa0, 0x4, 0xff, 0x80,
    0x0, 0x4, 0xff, 0x70, 0x6, 0xff, 0x60, 0x0,
    0x3, 0x88, 0x20, 0x3, 0x88, 0x10, 0x0,

    /* U+0024 "$" */
    0x0, 0x0, 0x7f, 0xe0, 0x0, 0x0, 0x0, 0x0,
    0x7f, 0xe0, 0x0, 0x0, 0x0, 0x16, 0xdf, 0xf8,
    0x20, 0x0, 0x4, 0xef, 0xff, 0xff, 0xf9, 0x0,
    0x2f, 0xff, 0xdb, 0xdf, 0xff, 0x90, 0x8f, 0xf6,
    0x0, 0x4, 0xff, 0xf1, 0xbf, 0xe0, 0x0, 0x0,
    0x6f, 0xf5, 0xaf, 0xf0, 0x0, 0x0, 0x3f, 0xf6,
    0x7f, 0xfa, 0x0, 0x0, 0x0, 0x0, 0xd, 0xff,
    0xe8, 0x10, 0x0, 0x0, 0x2, 0xcf, 0xff, 0xfa,
    0x20, 0x0, 0x0, 0x5, 0xdf, 0xff, 0xf9, 0x0,
    0x0, 0x0, 0x3, 0xbf, 0xff, 0xa0, 0x0, 0x0,
    0x0, 0x3, 0xdf, 0xf3, 0xef, 0x80, 0x0, 0x0,
    0x4f, 0xf7, 0xff, 0xb0, 0x0, 0x0, 0x2f, 0xf8,
    0xcf, 0xf6, 0x0, 0x0, 0x9f, 0xf5, 0x5f, 0xff,
    0xc9, 0x9c, 0xff, 0xe0, 0x7, 0xff, 0xff, 0xff,
    0xfe, 0x30, 0x0, 0x39, 0xef, 0xfc, 0x81, 0x0,
    0x0, 0x0, 0x6f, 0xf0, 0x0, 0x0, 0x0, 0x0,
    0x6f, 0xf0, 0x0, 0x0,

    /* U+0025 "%" */
    0x0, 0x5d, 0xfc, 0x40, 0x0, 0x0, 0x9f, 0x50,
    0x0, 0x7, 0xff, 0xcf, 0xf4, 0x0, 0x2, 0xfd,
    0x0, 0x0, 0xf, 0xe1, 0x2, 0xfd, 0x0, 0xa,
    0xf5, 0x0, 0x0, 0x3f, 0x80, 0x0, 0xaf, 0x10,
    0x3f, 0xd0, 0x0, 0x0, 0x2f, 0x90, 0x0, 0xbf,
    0x0, 0xbf, 0x40, 0x0, 0x0, 0xd, 0xf4, 0x6,
    0xfb, 0x3, 0xfc, 0x0, 0x0, 0x0, 0x4, 0xff,
    0xff, 0xe2, 0xc, 0xf4, 0x0, 0x0, 0x0, 0x0,
    0x29, 0xb8, 0x10, 0x4f, 0xc0, 0x0, 0x0, 0x0,
    0x0, 0x0, 0x0, 0x0, 0xcf, 0x30, 0x0, 0x0,
    0x0, 0x0, 0x0, 0x0, 0x5, 0xfb, 0x0, 0x0,
    0x0, 0x0, 0x0, 0x0, 0x0, 0xd, 0xf3, 0x1,
    0x8b, 0xa3, 0x0, 0x0, 0x0, 0x0, 0x5f, 0xb0,
    0x1e, 0xff, 0xff, 0x50, 0x0, 0x0, 0x0, 0xdf,
    0x20, 0xaf, 0x80, 0x4e, 0xf0, 0x0, 0x0, 0x6,
    0xfa, 0x0, 0xfd, 0x0, 0x7, 0xf4, 0x0, 0x0,
    0xe, 0xf2, 0x0, 0xfc, 0x0, 0x6, 0xf4, 0x0,
    0x0, 0x6f, 0x90, 0x0, 0xcf, 0x20, 0xb, 0xf1,
    0x0, 0x0, 0xef, 0x20, 0x0, 0x3f, 0xe9, 0xcf,
    0x80, 0x0, 0x6, 0xf9, 0x0, 0x0, 0x3, 0xcf,
    0xe7, 0x0,

    /* U+0026 "&" */
    0x0, 0x6, 0xcf, 0xeb, 0x50, 0x0, 0x0, 0x0,
    0xb, 0xff, 0xff, 0xff, 0x80, 0x0, 0x0, 0x5,
    0xff, 0xfb, 0xcf, 0xff, 0x30, 0x0, 0x0, 0xaf,
    0xf5, 0x0, 0x6f, 0xf8, 0x0, 0x0, 0xa, 0xff,
    0x10, 0x3, 0xff, 0x90, 0x0, 0x0, 0x7f, 0xf6,
    0x0, 0x8f, 0xf7, 0x0, 0x0, 0x1, 0xef, 0xf2,
    0x6f, 0xff, 0x10, 0x0, 0x0, 0x5, 0xff, 0xff,
    0xff, 0x60, 0x0, 0x0, 0x0, 0xc, 0xff, 0xff,
    0x60, 0x0, 0x0, 0x0, 0xb, 0xff, 0xff, 0x90,
    0x0, 0x0, 0x0, 0xc, 0xff, 0xfe, 0xff, 0x50,
    0x2, 0x30, 0x7, 0xff, 0xe3, 0x3f, 0xff, 0x20,
    0xcf, 0x90, 0xcf, 0xf4, 0x0, 0x5f, 0xfe, 0xaf,
    0xf7, 0xf, 0xfe, 0x0, 0x0, 0x7f, 0xff, 0xfc,
    0x0, 0xef, 0xf0, 0x0, 0x0, 0xef, 0xff, 0x20,
    0x9, 0xff, 0xc5, 0x48, 0xef, 0xff, 0xf6, 0x0,
    0x1d, 0xff, 0xff, 0xff, 0xfc, 0xef, 0xf3, 0x0,
    0x8, 0xdf, 0xfe, 0xa4, 0x2, 0xef, 0xe1,

    /* U+0027 "'" */
    0x7f, 0xf3, 0x7f, 0xf3, 0x6f, 0xf2, 0x5f, 0xf1,
    0x4f, 0xf1, 0x17, 0x70,

    /* U+0028 "(" */
    0x0, 0x0, 0x67, 0x30, 0x0, 0x8f, 0xf4, 0x0,
    0x2f, 0xfd, 0x0, 0x8, 0xff, 0x60, 0x0, 0xef,
    0xf1, 0x0, 0x4f, 0xfc, 0x0, 0x7, 0xff, 0x90,
    0x0, 0xbf, 0xf6, 0x0, 0xd, 0xff, 0x30, 0x0,
    0xef, 0xf2, 0x0, 0xf, 0xff, 0x10, 0x0, 0xff,
    0xf1, 0x0, 0xf, 0xff, 0x20, 0x0, 0xef, 0xf3,
    0x0, 0xd, 0xff, 0x40, 0x0, 0x9f, 0xf7, 0x0,
    0x6, 0xff, 0xa0, 0x0, 0x2f, 0xfe, 0x0, 0x0,
    0xcf, 0xf3, 0x0, 0x6, 0xff, 0x90, 0x0, 0xd,
    0xff, 0x10, 0x0, 0x4f, 0xf7,

    /* U+0029 ")" */
    0x7, 0x75, 0x0, 0x0, 0xbf, 0xf2, 0x0, 0x3,
    0xff, 0xb0, 0x0, 0xd, 0xff, 0x20, 0x0, 0x8f,
    0xf8, 0x0, 0x3, 0xff, 0xe0, 0x0, 0xf, 0xff,
    0x10, 0x0, 0xcf, 0xf5, 0x0, 0xa, 0xff, 0x70,
    0x0, 0x9f, 0xf8, 0x0, 0x8, 0xff, 0x90, 0x0,
    0x8f, 0xfa, 0x0, 0x8, 0xff, 0x90, 0x0, 0x9f,
    0xf8, 0x0, 0xb, 0xff, 0x60, 0x0, 0xef, 0xf3,
    0x0, 0x1f, 0xff, 0x0, 0x5, 0xff, 0xb0, 0x0,
    0xaf, 0xf5, 0x0, 0xf, 0xfe, 0x0, 0x7, 0xff,
    0x70, 0x0, 0xef, 0xd0, 0x0,

    /* U+002A "*" */
    0x0, 0x0, 0xd7, 0x0, 0x0, 0x3, 0x0, 0xf9,
    0x1, 0x10, 0x2f, 0xc3, 0xf9, 0x7f, 0xb0, 0x1a,
    0xff, 0xff, 0xfe, 0x50, 0x0, 0x4f, 0xff, 0xc0,
    0x0, 0x8, 0xff, 0xff, 0xfd, 0x40, 0x3f, 0xd5,
    0xfa, 0x9f, 0xc0, 0x5, 0x0, 0xf9, 0x2, 0x20,
    0x0, 0x0, 0xf9, 0x0, 0x0,

    /* U+002B "+" */
    0x0, 0x0, 0x4f, 0xf0, 0x0, 0x0, 0x0, 0x4,
    0xff, 0x10, 0x0, 0x0, 0x0, 0x4f, 0xf1, 0x0,
    0x0, 0x0, 0x4, 0xff, 0x10, 0x0, 0x3f, 0xff,
    0xff, 0xff, 0xff, 0xf3, 0xff, 0xff, 0xff, 0xff,
    0xff, 0x17, 0x88, 0xaf, 0xf8, 0x88, 0x70, 0x0,
    0x4, 0xff, 0x10, 0x0, 0x0, 0x0, 0x4f, 0xf1,
    0x0, 0x0, 0x0, 0x4, 0xff, 0x10, 0x0, 0x0,
    0x0, 0x2a, 0xa0, 0x0, 0x0,

    /* U+002C "," */
    0x2, 0x31, 0xf, 0xf7, 0x2f, 0xf3, 0x4f, 0xf0,
    0x7f, 0xb0, 0x9f, 0x70, 0xbf, 0x20,

    /* U+002D "-" */
    0x18, 0x88, 0x88, 0x88, 0x73, 0xff, 0xff, 0xff,
    0xfe, 0x3f, 0xff, 0xff, 0xff, 0xe0,

    /* U+002E "." */
    0x5, 0x71, 0x5f, 0xfb, 0x7f, 0xfd, 0x1c, 0xe5,

    /* U+002F "/" */
    0x0, 0x0, 0x0, 0x8f, 0xf2, 0x0, 0x0, 0x0,
    0xef, 0xe0, 0x0, 0x0, 0x3, 0xff, 0x80, 0x0,
    0x0, 0x9, 0xff, 0x30, 0x0, 0x0, 0xe, 0xfd,
    0x0, 0x0, 0x0, 0x3f, 0xf8, 0x0, 0x0, 0x0,
    0x9f, 0xf3, 0x0, 0x0, 0x0, 0xef, 0xd0, 0x0,
    0x0, 0x4, 0xff, 0x80, 0x0, 0x0, 0x9, 0xff,
    0x20, 0x0, 0x0, 0xe, 0xfd, 0x0, 0x0, 0x0,
    0x4f, 0xf8, 0x0, 0x0, 0x0, 0x9f, 0xf2, 0x0,
    0x0, 0x0, 0xef, 0xd0, 0x0, 0x0, 0x4, 0xff,
    0x70, 0x0, 0x0, 0xa, 0xff, 0x20, 0x0, 0x0,
    0xf, 0xfc, 0x0, 0x0, 0x0, 0x4f, 0xf7, 0x0,
    0x0, 0x0,

    /* U+0030 "0" */
    0x0, 0x29, 0xdf, 0xfc, 0x60, 0x0, 0x4, 0xff,
    0xff, 0xff, 0xfc, 0x0, 0xe, 0xff, 0xd8, 0x9f,
    0xff, 0x90, 0x6f, 0xfb, 0x0, 0x2, 0xff, 0xf0,
    0x9f, 0xf3, 0x0, 0x0, 0x9f, 0xf3, 0xaf, 0xf1,
    0x0, 0x0, 0x7f, 0xf4, 0xbf, 0xf1, 0x0, 0x0,
    0x7f, 0xf5, 0xbf, 0xf1, 0x0, 0x0, 0x7f, 0xf5,
    0xbf, 0xf1, 0x0, 0x0, 0x7f, 0xf5, 0xbf, 0xf1,
    0x0, 0x0, 0x7f, 0xf5, 0xbf, 0xf1, 0x0, 0x0,
    0x7f, 0xf5, 0xbf, 0xf1, 0x0, 0x0, 0x7f, 0xf5,
    0xaf, 0xf1, 0x0, 0x0, 0x7f, 0xf4, 0x9f, 0xf4,
    0x0, 0x0, 0x9f, 0xf3, 0x6f, 0xfb, 0x0, 0x2,
    0xff, 0xf0, 0xe, 0xff, 0xd9, 0xaf, 0xff, 0x80,
    0x3, 0xff, 0xff, 0xff, 0xfb, 0x0, 0x0, 0x29,
    0xdf, 0xfc, 0x60, 0x0,

    /* U+0031 "1" */
    0x3, 0xbf, 0xfc, 0xaf, 0xff, 0xfc, 0xef, 0xff,
    0xfc, 0x96, 0x1f, 0xfc, 0x0, 0xf, 0xfc, 0x0,
    0xf, 0xfc, 0x0, 0xf, 0xfc, 0x0, 0xf, 0xfc,
    0x0, 0xf, 0xfc, 0x0, 0xf, 0xfc, 0x0, 0xf,
    0xfc, 0x0, 0xf, 0xfc, 0x0, 0xf, 0xfc, 0x0,
    0xf, 0xfc, 0x0, 0xf, 0xfc, 0x0, 0xf, 0xfc,
    0x0, 0xf, 0xfc, 0x0, 0xf, 0xfc,

    /* U+0032 "2" */
    0x0, 0x4b, 0xef, 0xe9, 0x20, 0x0, 0x8, 0xff,
    0xff, 0xff, 0xf5, 0x0, 0x5f, 0xff, 0xa8, 0xcf,
    0xff, 0x10, 0xbf, 0xf6, 0x0, 0x9, 0xff, 0x70,
    0xdf, 0xf0, 0x0, 0x2, 0xff, 0xa0, 0xce, 0xc0,
    0x0, 0x3, 0xff, 0xa0, 0x0, 0x0, 0x0, 0x9,
    0xff, 0x60, 0x0, 0x0, 0x0, 0x3f, 0xff, 0x10,
    0x0, 0x0, 0x0, 0xdf, 0xf7, 0x0, 0x0, 0x0,
    0xb, 0xff, 0xc0, 0x0, 0x0, 0x0, 0x8f, 0xfe,
    0x10, 0x0, 0x0, 0x5, 0xff, 0xf3, 0x0, 0x0,
    0x0, 0x2f, 0xff, 0x60, 0x0, 0x0, 0x1, 0xef,
    0xf8, 0x0, 0x0, 0x0, 0xc, 0xff, 0xb0, 0x0,
    0x0, 0x0, 0x9f, 0xff, 0x99, 0x99, 0x99, 0x90,
    0xcf, 0xff, 0xff, 0xff, 0xff, 0xf1, 0xcf, 0xff,
    0xff, 0xff, 0xff, 0xf1,

    /* U+0033 "3" */
    0xc, 0xff, 0xff, 0xff, 0xff, 0xf5, 0xc, 0xff,
    0xff, 0xff, 0xff, 0xf5, 0x6, 0x88, 0x88, 0x8c,
    0xff, 0xf4, 0x0, 0x0, 0x0, 0x4f, 0xff, 0xa0,
    0x0, 0x0, 0x3, 0xff, 0xfa, 0x0, 0x0, 0x0,
    0x3f, 0xff, 0xb0, 0x0, 0x0, 0x2, 0xef, 0xff,
    0x20, 0x0, 0x0, 0x3, 0xff, 0xff, 0xfa, 0x0,
    0x0, 0x0, 0x8b, 0x8d, 0xff, 0x90, 0x0, 0x0,
    0x0, 0x0, 0xdf, 0xf1, 0x0, 0x0, 0x0, 0x0,
    0x7f, 0xf5, 0x0, 0x0, 0x0, 0x0, 0x5f, 0xf7,
    0xd, 0xea, 0x0, 0x0, 0x5f, 0xf7, 0xf, 0xfe,
    0x0, 0x0, 0x7f, 0xf6, 0xb, 0xff, 0x50, 0x0,
    0xdf, 0xf2, 0x3, 0xff, 0xfa, 0x8d, 0xff, 0xa0,
    0x0, 0x7f, 0xff, 0xff, 0xfd, 0x10, 0x0, 0x3,
    0xbe, 0xfd, 0x70, 0x0,

    /* U+0034 "4" */
    0x0, 0x0, 0x9, 0xff, 0x50, 0x0, 0x0, 0x0,
    0x0, 0xff, 0xe0, 0x0, 0x0, 0x0, 0x0, 0x6f,
    0xf8, 0x0, 0x0, 0x0, 0x0, 0xd, 0xff, 0x20,
    0x0, 0x0, 0x0, 0x3, 0xff, 0xb0, 0x0, 0x0,
    0x0, 0x0, 0xaf, 0xf5, 0x0, 0x0, 0x0, 0x0,
    0x1f, 0xfe, 0x0, 0x0, 0x0, 0x0, 0x7, 0xff,
    0x80, 0x6, 0xff, 0x60, 0x0, 0xdf, 0xf1, 0x0,
    0x6f, 0xf6, 0x0, 0x4f, 0xfb, 0x0, 0x6, 0xff,
    0x60, 0xa, 0xff, 0x40, 0x0, 0x6f, 0xf6, 0x0,
    0xff, 0xff, 0xff, 0xff, 0xff, 0xfc, 0x1f, 0xff,
    0xff, 0xff, 0xff, 0xff, 0xd0, 0x99, 0x99, 0x99,
    0x9c, 0xff, 0xc7, 0x0, 0x0, 0x0, 0x0, 0x6f,
    0xf6, 0x0, 0x0, 0x0, 0x0, 0x6, 0xff, 0x60,
    0x0, 0x0, 0x0, 0x0, 0x6f, 0xf6, 0x0, 0x0,
    0x0, 0x0, 0x5, 0xff, 0x60,

    /* U+0035 "5" */
    0xbf, 0xff, 0xff, 0xff, 0xff, 0x2c, 0xff, 0xff,
    0xff, 0xff, 0xf2, 0xcf, 0xf8, 0x88, 0x88, 0x87,
    0xc, 0xff, 0x0, 0x0, 0x0, 0x0, 0xcf, 0xf0,
    0x0, 0x0, 0x0, 0xc, 0xff, 0x0, 0x0, 0x0,
    0x0, 0xcf, 0xf0, 0x47, 0x63, 0x0, 0xc, 0xff,
    0xdf, 0xff, 0xfc, 0x10, 0xcf, 0xff, 0xff, 0xff,
    0xfc, 0xc, 0xff, 0xd3, 0x3, 0xdf, 0xf4, 0x8b,
    0xb2, 0x0, 0x5, 0xff, 0x90, 0x0, 0x0, 0x0,
    0x2f, 0xfb, 0x0, 0x0, 0x0, 0x1, 0xff, 0xcb,
    0xff, 0x20, 0x0, 0x4f, 0xfa, 0x7f, 0xfa, 0x0,
    0xb, 0xff, 0x60, 0xef, 0xfb, 0x8c, 0xff, 0xe0,
    0x4, 0xff, 0xff, 0xff, 0xf3, 0x0, 0x2, 0x9d,
    0xfd, 0x92, 0x0,

    /* U+0036 "6" */
    0x0, 0x4b, 0xef, 0xe9, 0x20, 0x0, 0x8f, 0xff,
    0xff, 0xff, 0x40, 0x4f, 0xff, 0xb8, 0xdf, 0xfe,
    0xa, 0xff, 0x70, 0x0, 0xcf, 0xf4, 0xcf, 0xf1,
    0x0, 0x7, 0xff, 0x5c, 0xff, 0x0, 0x0, 0x2,
    0x20, 0xcf, 0xf0, 0x36, 0x62, 0x0, 0xc, 0xff,
    0xbf, 0xff, 0xfb, 0x10, 0xcf, 0xff, 0xff, 0xff,
    0xfb, 0xc, 0xff, 0xe3, 0x3, 0xef, 0xf4, 0xcf,
    0xf5, 0x0, 0x5, 0xff, 0x9c, 0xff, 0x10, 0x0,
    0x1f, 0xfb, 0xcf, 0xf0, 0x0, 0x0, 0xff, 0xba,
    0xff, 0x20, 0x0, 0x3f, 0xfa, 0x6f, 0xf9, 0x0,
    0xa, 0xff, 0x60, 0xef, 0xfb, 0x8c, 0xff, 0xe0,
    0x4, 0xff, 0xff, 0xff, 0xf4, 0x0, 0x2, 0xad,
    0xfe, 0xa2, 0x0,

    /* U+0037 "7" */
    0x5f, 0xff, 0xff, 0xff, 0xff, 0xf4, 0x6f, 0xff,
    0xff, 0xff, 0xff, 0xf4, 0x6f, 0xf8, 0x88, 0x88,
    0xef, 0xf3, 0x5f, 0xe0, 0x0, 0x0, 0xff, 0xe0,
    0x1, 0x10, 0x0, 0x5, 0xff, 0x90, 0x0, 0x0,
    0x0, 0xb, 0xff, 0x30, 0x0, 0x0, 0x0, 0x1f,
    0xfe, 0x0, 0x0, 0x0, 0x0, 0x6f, 0xf8, 0x0,
    0x0, 0x0, 0x0, 0xcf, 0xf3, 0x0, 0x0, 0x0,
    0x2, 0xff, 0xd0, 0x0, 0x0, 0x0, 0x7, 0xff,
    0x70, 0x0, 0x0, 0x0, 0xd, 0xff, 0x20, 0x0,
    0x0, 0x0, 0x2f, 0xfc, 0x0, 0x0, 0x0, 0x0,
    0x8f, 0xf7, 0x0, 0x0, 0x0, 0x0, 0xef, 0xf1,
    0x0, 0x0, 0x0, 0x3, 0xff, 0xb0, 0x0, 0x0,
    0x0, 0x9, 0xff, 0x60, 0x0, 0x0, 0x0, 0xe,
    0xff, 0x10, 0x0, 0x0,

    /* U+0038 "8" */
    0x0, 0x3a, 0xef, 0xe9, 0x20, 0x0, 0x6f, 0xff,
    0xff, 0xff, 0x30, 0x2f, 0xff, 0xb8, 0xcf, 0xfd,
    0x8, 0xff, 0x80, 0x0, 0xbf, 0xf4, 0xaf, 0xf1,
    0x0, 0x5, 0xff, 0x69, 0xff, 0x30, 0x0, 0x6f,
    0xf5, 0x3f, 0xfd, 0x30, 0x4e, 0xfe, 0x0, 0x7f,
    0xff, 0xff, 0xff, 0x30, 0x6, 0xff, 0xff, 0xff,
    0xf3, 0x3, 0xff, 0xd4, 0x15, 0xff, 0xe0, 0x9f,
    0xf3, 0x0, 0x7, 0xff, 0x5d, 0xff, 0x0, 0x0,
    0x3f, 0xf9, 0xef, 0xe0, 0x0, 0x2, 0xff, 0xad,
    0xff, 0x10, 0x0, 0x4f, 0xf9, 0x9f, 0xf8, 0x0,
    0xb, 0xff, 0x52, 0xff, 0xfb, 0x8c, 0xff, 0xe0,
    0x6, 0xff, 0xff, 0xff, 0xf3, 0x0, 0x3, 0xae,
    0xfd, 0x92, 0x0,

    /* U+0039 "9" */
    0x0, 0x4, 0xbe, 0xfd, 0x70, 0x0, 0x0, 0x8f,
    0xff, 0xff, 0xfc, 0x10, 0x4, 0xff, 0xfa, 0x9d,
    0xff, 0xa0, 0xb, 0xff, 0x50, 0x0, 0xdf, 0xf1,
    0xf, 0xfd, 0x0, 0x0, 0x7f, 0xf5, 0x1f, 0xfb,
    0x0, 0x0, 0x5f, 0xf6, 0xf, 0xfb, 0x0, 0x0,
    0x6f, 0xf7, 0xe, 0xff, 0x0, 0x0, 0xaf, 0xf7,
    0x9, 0xff, 0xb1, 0x6, 0xff, 0xf7, 0x2, 0xff,
    0xff, 0xff, 0xff, 0xf7, 0x0, 0x4e, 0xff, 0xff,
    0xbf, 0xf7, 0x0, 0x0, 0x46, 0x61, 0x5f, 0xf7,
    0x1, 0x32, 0x0, 0x0, 0x5f, 0xf7, 0xb, 0xff,
    0x10, 0x0, 0x6f, 0xf6, 0x9, 0xff, 0x70, 0x0,
    0xcf, 0xf4, 0x4, 0xff, 0xfb, 0x9d, 0xff, 0xe0,
    0x0, 0x8f, 0xff, 0xff, 0xff, 0x40, 0x0, 0x4,
    0xbe, 0xfe, 0x92, 0x0,

    /* U+003A ":" */
    0x1c, 0xe5, 0x6f, 0xfd, 0x4f, 0xfb, 0x5, 0x71,
    0x0, 0x0, 0x0, 0x0, 0x0, 0x0, 0x0, 0x0,
    0x5, 0x71, 0x4f, 0xfb, 0x6f, 0xfd, 0x1c, 0xe5,

    /* U+003B ";" */
    0x6, 0xed, 0x20, 0xff, 0xfa, 0xf, 0xff, 0x90,
    0x5c, 0xa1, 0x0, 0x0, 0x0, 0x0, 0x0, 0x0,
    0x0, 0x0, 0x1, 0x10, 0x6, 0xff, 0x0, 0x8f,
    0xd0, 0xa, 0xf9, 0x0, 0xcf, 0x60, 0xd, 0xf2,
    0x0, 0xfe, 0x0,

    /* U+003C "<" */
    0x0, 0x0, 0x0, 0x0, 0x3, 0xa0, 0x0, 0x0,
    0x0, 0x4b, 0xff, 0x0, 0x0, 0x5, 0xcf, 0xff,
    0xf0, 0x0, 0x5d, 0xff, 0xff, 0x92, 0x6, 0xef,
    0xff, 0xd7, 0x0, 0x3, 0xff, 0xfc, 0x50, 0x0,
    0x0, 0x3f, 0xff, 0x70, 0x0, 0x0, 0x1, 0xcf,
    0xff, 0xf8, 0x20, 0x0, 0x0, 0x3b, 0xff, 0xff,
    0xa3, 0x0, 0x0, 0x3, 0xaf, 0xff, 0xfb, 0x0,
    0x0, 0x0, 0x29, 0xff, 0xf0, 0x0, 0x0, 0x0,
    0x1, 0x8e, 0x0, 0x0, 0x0, 0x0, 0x0, 0x0,

    /* U+003D "=" */
    0x17, 0x88, 0x88, 0x88, 0x88, 0x73, 0xff, 0xff,
    0xff, 0xff, 0xff, 0x3f, 0xff, 0xff, 0xff, 0xff,
    0xf0, 0x0, 0x0, 0x0, 0x0, 0x0, 0x0, 0x0,
    0x0, 0x0, 0x0, 0x1, 0x78, 0x88, 0x88, 0x88,
    0x87, 0x3f, 0xff, 0xff, 0xff, 0xff, 0xf3, 0xff,
    0xff, 0xff, 0xff, 0xff,

    /* U+003E ">" */
    0x28, 0x10, 0x0, 0x0, 0x0, 0x3, 0xff, 0x92,
    0x0, 0x0, 0x0, 0x3f, 0xff, 0xfa, 0x30, 0x0,
    0x0, 0x3a, 0xff, 0xff, 0xb4, 0x0, 0x0, 0x1,
    0x8f, 0xff, 0xfc, 0x40, 0x0, 0x0, 0x6, 0xdf,
    0xff, 0x0, 0x0, 0x0, 0x29, 0xff, 0xf0, 0x0,
    0x3, 0xaf, 0xff, 0xfa, 0x0, 0x5c, 0xff, 0xff,
    0x92, 0x1, 0xdf, 0xff, 0xf8, 0x10, 0x0, 0x3f,
    0xfe, 0x71, 0x0, 0x0, 0x3, 0xe7, 0x0, 0x0,
    0x0, 0x0, 0x0, 0x0, 0x0, 0x0, 0x0, 0x0,

    /* U+003F "?" */
    0x0, 0x6, 0xce, 0xfd, 0x80, 0x0, 0x0, 0xcf,
    0xff, 0xff, 0xfd, 0x10, 0x9, 0xff, 0xfb, 0xbf,
    0xff, 0xa0, 0xf, 0xff, 0x20, 0x3, 0xff, 0xf0,
    0x2f, 0xf9, 0x0, 0x0, 0xbf, 0xf2, 0x2a, 0xa5,
    0x0, 0x0, 0xcf, 0xf1, 0x0, 0x0, 0x0, 0x5,
    0xff, 0xd0, 0x0, 0x0, 0x0, 0x6f, 0xff, 0x50,
    0x0, 0x0, 0x8, 0xff, 0xf6, 0x0, 0x0, 0x0,
    0x5f, 0xfe, 0x30, 0x0, 0x0, 0x0, 0xbf, 0xf3,
    0x0, 0x0, 0x0, 0x0, 0xdf, 0xf0, 0x0, 0x0,
    0x0, 0x0, 0x79, 0x80, 0x0, 0x0, 0x0, 0x0,
    0x0, 0x0, 0x0, 0x0, 0x0, 0x0, 0x37, 0x30,
    0x0, 0x0, 0x0, 0x1, 0xff, 0xf0, 0x0, 0x0,
    0x0, 0x2, 0xff, 0xf1, 0x0, 0x0, 0x0, 0x0,
    0x9f, 0x90, 0x0, 0x0,

    /* U+0040 "@" */
    0x0, 0x0, 0x0, 0x6b, 0xef, 0xed, 0x93, 0x0,
    0x0, 0x0, 0x0, 0x5e, 0xff, 0xfe, 0xef, 0xff,
    0x90, 0x0, 0x0, 0x9, 0xff, 0x93, 0x0, 0x1,
    0x6e, 0xfc, 0x0, 0x0, 0x8f, 0xd3, 0x0, 0x0,
    0x0, 0x1, 0xdf, 0x70, 0x5, 0xfe, 0x10, 0x7,
    0xa8, 0x4b, 0x60, 0x3f, 0xe0, 0xd, 0xf4, 0x1,
    0xdf, 0xff, 0xff, 0x70, 0xc, 0xf4, 0x4f, 0xc0,
    0x8, 0xf9, 0x14, 0xff, 0x50, 0x9, 0xf6, 0x9f,
    0x70, 0xe, 0xf0, 0x0, 0xdf, 0x30, 0x7, 0xf8,
    0xcf, 0x40, 0x1f, 0xc0, 0x0, 0xdf, 0x10, 0x8,
    0xf7, 0xdf, 0x10, 0x3f, 0x90, 0x0, 0xff, 0x0,
    0xb, 0xf5, 0xdf, 0x10, 0x4f, 0x90, 0x3, 0xff,
    0x0, 0xf, 0xf1, 0xbf, 0x30, 0x2f, 0xe2, 0x1c,
    0xff, 0x61, 0xaf, 0xa0, 0x8f, 0x70, 0xb, 0xff,
    0xff, 0xdf, 0xff, 0xfe, 0x10, 0x3f, 0xe0, 0x0,
    0x8c, 0xb5, 0x7, 0xcc, 0x91, 0x0, 0xb, 0xfb,
    0x0, 0x0, 0x0, 0x0, 0x0, 0x0, 0x0, 0x1,
    0xef, 0xd5, 0x10, 0x1, 0x5b, 0x30, 0x0, 0x0,
    0x0, 0x2d, 0xff, 0xff, 0xff, 0xff, 0x80, 0x0,
    0x0, 0x0, 0x0, 0x5b, 0xef, 0xec, 0x82, 0x0,
    0x0, 0x0,

    /* U+0041 "A" */
    0x0, 0x0, 0x1, 0xff, 0xf9, 0x0, 0x0, 0x0,
    0x0, 0x0, 0x6f, 0xff, 0xe0, 0x0, 0x0, 0x0,
    0x0, 0xb, 0xff, 0xff, 0x40, 0x0, 0x0, 0x0,
    0x0, 0xff, 0xff, 0xf8, 0x0, 0x0, 0x0, 0x0,
    0x5f, 0xfa, 0xff, 0xd0, 0x0, 0x0, 0x0, 0x9,
    0xff, 0x4c, 0xff, 0x20, 0x0, 0x0, 0x0, 0xef,
    0xf0, 0x7f, 0xf7, 0x0, 0x0, 0x0, 0x3f, 0xfb,
    0x3, 0xff, 0xc0, 0x0, 0x0, 0x8, 0xff, 0x60,
    0xe, 0xff, 0x10, 0x0, 0x0, 0xdf, 0xf2, 0x0,
    0x9f, 0xf5, 0x0, 0x0, 0x1f, 0xfd, 0x0, 0x5,
    0xff, 0xa0, 0x0, 0x6, 0xff, 0x80, 0x0, 0xf,
    0xff, 0x0, 0x0, 0xbf, 0xf8, 0x44, 0x44, 0xdf,
    0xf4, 0x0, 0xf, 0xff, 0xff, 0xff, 0xff, 0xff,
    0x90, 0x5, 0xff, 0xff, 0xff, 0xff, 0xff, 0xfd,
    0x0, 0x9f, 0xf5, 0x0, 0x0, 0x0, 0xdf, 0xf2,
    0xe, 0xff, 0x10, 0x0, 0x0, 0x8, 0xff, 0x72,
    0xff, 0xb0, 0x0, 0x0, 0x0, 0x3f, 0xfb,

    /* U+0042 "B" */
    0x3f, 0xff, 0xff, 0xff, 0xd9, 0x20, 0x4, 0xff,
    0xff, 0xff, 0xff, 0xff, 0x30, 0x4f, 0xfc, 0x88,
    0x89, 0xef, 0xfd, 0x4, 0xff, 0x80, 0x0, 0x1,
    0xef, 0xf3, 0x4f, 0xf8, 0x0, 0x0, 0x8, 0xff,
    0x44, 0xff, 0x80, 0x0, 0x0, 0x6f, 0xf4, 0x4f,
    0xf8, 0x0, 0x0, 0xa, 0xff, 0x14, 0xff, 0x80,
    0x0, 0x17, 0xff, 0x70, 0x4f, 0xff, 0xff, 0xff,
    0xff, 0x70, 0x4, 0xff, 0xff, 0xff, 0xff, 0xfe,
    0x30, 0x4f, 0xfb, 0x66, 0x67, 0xcf, 0xfe, 0x4,
    0xff, 0x80, 0x0, 0x0, 0xaf, 0xf5, 0x4f, 0xf8,
    0x0, 0x0, 0x4, 0xff, 0x84, 0xff, 0x80, 0x0,
    0x0, 0x4f, 0xf8, 0x4f, 0xf8, 0x0, 0x0, 0xb,
    0xff, 0x64, 0xff, 0xc8, 0x88, 0x9d, 0xff, 0xe1,
    0x4f, 0xff, 0xff, 0xff, 0xff, 0xf4, 0x3, 0xff,
    0xff, 0xff, 0xfd, 0x92, 0x0,

    /* U+0043 "C" */
    0x0, 0x6, 0xbe, 0xfe, 0xa4, 0x0, 0x0, 0x1c,
    0xff, 0xff, 0xff, 0xf9, 0x0, 0xb, 0xff, 0xfa,
    0x8b, 0xff, 0xf7, 0x3, 0xff, 0xe2, 0x0, 0x5,
    0xff, 0xe0, 0x7f, 0xf6, 0x0, 0x0, 0xa, 0xff,
    0x39, 0xff, 0x20, 0x0, 0x0, 0x7f, 0xf5, 0xaf,
    0xf2, 0x0, 0x0, 0x0, 0x0, 0xa, 0xff, 0x20,
    0x0, 0x0, 0x0, 0x0, 0xaf, 0xf2, 0x0, 0x0,
    0x0, 0x0, 0xa, 0xff, 0x20, 0x0, 0x0, 0x0,
    0x0, 0xaf, 0xf2, 0x0, 0x0, 0x0, 0x0, 0xa,
    0xff, 0x20, 0x0, 0x0, 0x0, 0x0, 0x9f, 0xf2,
    0x0, 0x0, 0x7, 0xff, 0x57, 0xff, 0x60, 0x0,
    0x0, 0xaf, 0xf3, 0x2f, 0xfe, 0x20, 0x0, 0x4f,
    0xfe, 0x0, 0xaf, 0xff, 0xa8, 0xbf, 0xff, 0x60,
    0x0, 0xbf, 0xff, 0xff, 0xff, 0x90, 0x0, 0x0,
    0x6b, 0xef, 0xea, 0x40, 0x0,

    /* U+0044 "D" */
    0x3f, 0xff, 0xff, 0xff, 0xc7, 0x0, 0x4, 0xff,
    0xff, 0xff, 0xff, 0xfe, 0x20, 0x4f, 0xfc, 0x88,
    0x89, 0xef, 0xfd, 0x4, 0xff, 0x80, 0x0, 0x1,
    0xdf, 0xf4, 0x4f, 0xf8, 0x0, 0x0, 0x6, 0xff,
    0x84, 0xff, 0x80, 0x0, 0x0, 0x3f, 0xf9, 0x4f,
    0xf8, 0x0, 0x0, 0x2, 0xff, 0x94, 0xff, 0x80,
    0x0, 0x0, 0x2f, 0xf9, 0x4f, 0xf8, 0x0, 0x0,
    0x2, 0xff, 0x94, 0xff, 0x80, 0x0, 0x0, 0x2f,
    0xf9, 0x4f, 0xf8, 0x0, 0x0, 0x2, 0xff, 0x94,
    0xff, 0x80, 0x0, 0x0, 0x2f, 0xf9, 0x4f, 0xf8,
    0x0, 0x0, 0x3, 0xff, 0x94, 0xff, 0x80, 0x0,
    0x0, 0x6f, 0xf8, 0x4f, 0xf8, 0x0, 0x0, 0x1d,
    0xff, 0x44, 0xff, 0xc8, 0x88, 0x9e, 0xff, 0xd0,
    0x4f, 0xff, 0xff, 0xff, 0xff, 0xe2, 0x3, 0xff,
    0xff, 0xff, 0xfc, 0x70, 0x0,

    /* U+0045 "E" */
    0x3f, 0xff, 0xff, 0xff, 0xff, 0xff, 0x14, 0xff,
    0xff, 0xff, 0xff, 0xff, 0xf2, 0x4f, 0xfc, 0x88,
    0x88, 0x88, 0x87, 0x4, 0xff, 0x80, 0x0, 0x0,
    0x0, 0x0, 0x4f, 0xf8, 0x0, 0x0, 0x0, 0x0,
    0x4, 0xff, 0x80, 0x0, 0x0, 0x0, 0x0, 0x4f,
    0xf8, 0x0, 0x0, 0x0, 0x0, 0x4, 0xff, 0x80,
    0x0, 0x0, 0x0, 0x0, 0x4f, 0xff, 0xff, 0xff,
    0xf6, 0x0, 0x4, 0xff, 0xff, 0xff, 0xff, 0x70,
    0x0, 0x4f, 0xfc, 0x88, 0x88, 0x83, 0x0, 0x4,
    0xff, 0x80, 0x0, 0x0, 0x0, 0x0, 0x4f, 0xf8,
    0x0, 0x0, 0x0, 0x0, 0x4, 0xff, 0x80, 0x0,
    0x0, 0x0, 0x0, 0x4f, 0xf8, 0x0, 0x0, 0x0,
    0x0, 0x4, 0xff, 0xc8, 0x88, 0x88, 0x88, 0x70,
    0x4f, 0xff, 0xff, 0xff, 0xff, 0xff, 0x23, 0xff,
    0xff, 0xff, 0xff, 0xff, 0xf1,

    /* U+0046 "F" */
    0x3f, 0xff, 0xff, 0xff, 0xff, 0xff, 0x14, 0xff,
    0xff, 0xff, 0xff, 0xff, 0xf1, 0x4f, 0xfc, 0x88,
    0x88, 0x88, 0x87, 0x4, 0xff, 0x80, 0x0, 0x0,
    0x0, 0x0, 0x4f, 0xf8, 0x0, 0x0, 0x0, 0x0,
    0x4, 0xff, 0x80, 0x0, 0x0, 0x0, 0x0, 0x4f,
    0xf8, 0x0, 0x0, 0x0, 0x0, 0x4, 0xff, 0x80,
    0x0, 0x0, 0x0, 0x0, 0x4f, 0xff, 0xff, 0xff,
    0xf6, 0x0, 0x4, 0xff, 0xff, 0xff, 0xff, 0x70,
    0x0, 0x4f, 0xfc, 0x88, 0x88, 0x83, 0x0, 0x4,
    0xff, 0x80, 0x0, 0x0, 0x0, 0x0, 0x4f, 0xf8,
    0x0, 0x0, 0x0, 0x0, 0x4, 0xff, 0x80, 0x0,
    0x0, 0x0, 0x0, 0x4f, 0xf8, 0x0, 0x0, 0x0,
    0x0, 0x4, 0xff, 0x80, 0x0, 0x0, 0x0, 0x0,
    0x4f, 0xf8, 0x0, 0x0, 0x0, 0x0, 0x3, 0xff,
    0x80, 0x0, 0x0, 0x0, 0x0,

    /* U+0047 "G" */
    0x0, 0x5, 0xbe, 0xfd, 0xa3, 0x0, 0x0, 0xb,
    0xff, 0xff, 0xff, 0xf8, 0x0, 0xa, 0xff, 0xfa,
    0x8b, 0xff, 0xf6, 0x2, 0xff, 0xe2, 0x0, 0x5,
    0xff, 0xe0, 0x7f, 0xf6, 0x0, 0x0, 0xa, 0xff,
    0x39, 0xff, 0x20, 0x0, 0x0, 0x7f, 0xf5, 0xaf,
    0xf2, 0x0, 0x0, 0x0, 0x22, 0xa, 0xff, 0x20,
    0x0, 0x0, 0x0, 0x0, 0xaf, 0xf2, 0x0, 0x57,
    0x77, 0x77, 0x2a, 0xff, 0x20, 0xc, 0xff, 0xff,
    0xf5, 0xaf, 0xf2, 0x0, 0xcf, 0xff, 0xff, 0x5a,
    0xff, 0x20, 0x0, 0x0, 0x6f, 0xf5, 0x9f, 0xf3,
    0x0, 0x0, 0x6, 0xff, 0x47, 0xff, 0x60, 0x0,
    0x0, 0x9f, 0xf3, 0x2f, 0xfe, 0x20, 0x0, 0x2f,
    0xfe, 0x0, 0xaf, 0xff, 0xb8, 0xaf, 0xff, 0x60,
    0x0, 0xbf, 0xff, 0xff, 0xff, 0x90, 0x0, 0x0,
    0x6b, 0xef, 0xea, 0x40, 0x0,

    /* U+0048 "H" */
    0x3f, 0xf8, 0x0, 0x0, 0x1, 0xff, 0xa4, 0xff,
    0x80, 0x0, 0x0, 0x1f, 0xfb, 0x4f, 0xf8, 0x0,
    0x0, 0x1, 0xff, 0xb4, 0xff, 0x80, 0x0, 0x0,
    0x1f, 0xfb, 0x4f, 0xf8, 0x0, 0x0, 0x1, 0xff,
    0xb4, 0xff, 0x80, 0x0, 0x0, 0x1f, 0xfb, 0x4f,
    0xf8, 0x0, 0x0, 0x1, 0xff, 0xb4, 0xff, 0x80,
    0x0, 0x0, 0x1f, 0xfb, 0x4f, 0xff, 0xff, 0xff,
    0xff, 0xff, 0xb4, 0xff, 0xff, 0xff, 0xff, 0xff,
    0xfb, 0x4f, 0xfc, 0x88, 0x88, 0x88, 0xff, 0xb4,
    0xff, 0x80, 0x0, 0x0, 0x1f, 0xfb, 0x4f, 0xf8,
    0x0, 0x0, 0x1, 0xff, 0xb4, 0xff, 0x80, 0x0,
    0x0, 0x1f, 0xfb, 0x4f, 0xf8, 0x0, 0x0, 0x1,
    0xff, 0xb4, 0xff, 0x80, 0x0, 0x0, 0x1f, 0xfb,
    0x4f, 0xf8, 0x0, 0x0, 0x1, 0xff, 0xb3, 0xff,
    0x80, 0x0, 0x0, 0x1f, 0xfa,

    /* U+0049 "I" */
    0x3f, 0xf8, 0x4f, 0xf8, 0x4f, 0xf8, 0x4f, 0xf8,
    0x4f, 0xf8, 0x4f, 0xf8, 0x4f, 0xf8, 0x4f, 0xf8,
    0x4f, 0xf8, 0x4f, 0xf8, 0x4f, 0xf8, 0x4f, 0xf8,
    0x4f, 0xf8, 0x4f, 0xf8, 0x4f, 0xf8, 0x4f, 0xf8,
    0x4f, 0xf8, 0x3f, 0xf8,

    /* U+004A "J" */
    0x0, 0x0, 0x0, 0x0, 0x8, 0xff, 0x20, 0x0,
    0x0, 0x0, 0x0, 0x9f, 0xf3, 0x0, 0x0, 0x0,
    0x0, 0x9, 0xff, 0x30, 0x0, 0x0, 0x0, 0x0,
    0x9f, 0xf3, 0x0, 0x0, 0x0, 0x0, 0x9, 0xff,
    0x30, 0x0, 0x0, 0x0, 0x0, 0x9f, 0xf3, 0x0,
    0x0, 0x0, 0x0, 0x9, 0xff, 0x30, 0x0, 0x0,
    0x0, 0x0, 0x9f, 0xf3, 0x0, 0x0, 0x0, 0x0,
    0x9, 0xff, 0x30, 0x0, 0x0, 0x0, 0x0, 0x9f,
    0xf3, 0x49, 0x92, 0x0, 0x0, 0x9, 0xff, 0x37,
    0xff, 0x50, 0x0, 0x0, 0x9f, 0xf3, 0x7f, 0xf5,
    0x0, 0x0, 0x9, 0xff, 0x25, 0xff, 0x80, 0x0,
    0x0, 0xcf, 0xf0, 0x1f, 0xff, 0x20, 0x0, 0x6f,
    0xfc, 0x0, 0x9f, 0xff, 0xa8, 0xcf, 0xff, 0x40,
    0x0, 0xbf, 0xff, 0xff, 0xff, 0x70, 0x0, 0x0,
    0x6b, 0xef, 0xea, 0x30, 0x0,

    /* U+004B "K" */
    0x3f, 0xf8, 0x0, 0x0, 0x5, 0xff, 0xc0, 0x4f,
    0xf8, 0x0, 0x0, 0x2f, 0xff, 0x20, 0x4f, 0xf8,
    0x0, 0x0, 0xdf, 0xf5, 0x0, 0x4f, 0xf8, 0x0,
    0xb, 0xff, 0x90, 0x0, 0x4f, 0xf8, 0x0, 0x7f,
    0xfc, 0x0, 0x0, 0x4f, 0xf8, 0x4, 0xff, 0xe1,
    0x0, 0x0, 0x4f, 0xf8, 0x2e, 0xff, 0x40, 0x0,
    0x0, 0x4f, 0xf9, 0xdf, 0xf9, 0x0, 0x0, 0x0,
    0x4f, 0xff, 0xff, 0xfd, 0x0, 0x0, 0x0, 0x4f,
    0xff, 0xff, 0xff, 0x70, 0x0, 0x0, 0x4f, 0xff,
    0xd3, 0xff, 0xf1, 0x0, 0x0, 0x4f, 0xfe, 0x20,
    0x8f, 0xfa, 0x0, 0x0, 0x4f, 0xf8, 0x0, 0xe,
    0xff, 0x30, 0x0, 0x4f, 0xf8, 0x0, 0x5, 0xff,
    0xd0, 0x0, 0x4f, 0xf8, 0x0, 0x0, 0xbf, 0xf7,
    0x0, 0x4f, 0xf8, 0x0, 0x0, 0x2f, 0xff, 0x10,
    0x4f, 0xf8, 0x0, 0x0, 0x8, 0xff, 0xa0, 0x3f,
    0xf8, 0x0, 0x0, 0x0, 0xdf, 0xf3,

    /* U+004C "L" */
    0x3f, 0xf8, 0x0, 0x0, 0x0, 0x0, 0x4f, 0xf8,
    0x0, 0x0, 0x0, 0x0, 0x4f, 0xf8, 0x0, 0x0,
    0x0, 0x0, 0x4f, 0xf8, 0x0, 0x0, 0x0, 0x0,
    0x4f, 0xf8, 0x0, 0x0, 0x0, 0x0, 0x4f, 0xf8,
    0x0, 0x0, 0x0, 0x0, 0x4f, 0xf8, 0x0, 0x0,
    0x0, 0x0, 0x4f, 0xf8, 0x0, 0x0, 0x0, 0x0,
    0x4f, 0xf8, 0x0, 0x0, 0x0, 0x0, 0x4f, 0xf8,
    0x0, 0x0, 0x0, 0x0, 0x4f, 0xf8, 0x0, 0x0,
    0x0, 0x0, 0x4f, 0xf8, 0x0, 0x0, 0x0, 0x0,
    0x4f, 0xf8, 0x0, 0x0, 0x0, 0x0, 0x4f, 0xf8,
    0x0, 0x0, 0x0, 0x0, 0x4f, 0xf8, 0x0, 0x0,
    0x0, 0x0, 0x4f, 0xfc, 0x88, 0x88, 0x88, 0x87,
    0x4f, 0xff, 0xff, 0xff, 0xff, 0xff, 0x3f, 0xff,
    0xff, 0xff, 0xff, 0xff,

    /* U+004D "M" */
    0x3f, 0xfb, 0x0, 0x0, 0x0, 0x9, 0xff, 0x64,
    0xff, 0xf6, 0x0, 0x0, 0x3, 0xff, 0xf6, 0x4f,
    0xff, 0xe1, 0x0, 0x0, 0xdf, 0xff, 0x64, 0xff,
    0xff, 0x90, 0x0, 0x7f, 0xff, 0xf6, 0x4f, 0xff,
    0xff, 0x30, 0x1f, 0xff, 0xff, 0x64, 0xff, 0xcf,
    0xfd, 0xb, 0xff, 0xcf, 0xf6, 0x4f, 0xf8, 0xaf,
    0xfb, 0xff, 0xc6, 0xff, 0x64, 0xff, 0x81, 0xff,
    0xff, 0xf3, 0x6f, 0xf6, 0x4f, 0xf8, 0x6, 0xff,
    0xf9, 0x6, 0xff, 0x64, 0xff, 0x80, 0xc, 0xfe,
    0x10, 0x6f, 0xf6, 0x4f, 0xf8, 0x0, 0x28, 0x30,
    0x6, 0xff, 0x64, 0xff, 0x80, 0x0, 0x0, 0x0,
    0x6f, 0xf6, 0x4f, 0xf8, 0x0, 0x0, 0x0, 0x6,
    0xff, 0x64, 0xff, 0x80, 0x0, 0x0, 0x0, 0x6f,
    0xf6, 0x4f, 0xf8, 0x0, 0x0, 0x0, 0x6, 0xff,
    0x64, 0xff, 0x80, 0x0, 0x0, 0x0, 0x6f, 0xf6,
    0x4f, 0xf8, 0x0, 0x0, 0x0, 0x6, 0xff, 0x63,
    0xff, 0x80, 0x0, 0x0, 0x0, 0x5f, 0xf6,

    /* U+004E "N" */
    0x3f, 0xfa, 0x0, 0x0, 0x0, 0x7f, 0xf4, 0x4f,
    0xff, 0x40, 0x0, 0x0, 0x7f, 0xf4, 0x4f, 0xff,
    0xd0, 0x0, 0x0, 0x7f, 0xf4, 0x4f, 0xff, 0xf6,
    0x0, 0x0, 0x7f, 0xf4, 0x4f, 0xff, 0xfe, 0x0,
    0x0, 0x7f, 0xf4, 0x4f, 0xfe, 0xff, 0x80, 0x0,
    0x7f, 0xf4, 0x4f, 0xf8, 0xdf, 0xf1, 0x0, 0x7f,
    0xf4, 0x4f, 0xf7, 0x5f, 0xfa, 0x0, 0x7f, 0xf4,
    0x4f, 0xf7, 0xc, 0xff, 0x30, 0x7f, 0xf4, 0x4f,
    0xf7, 0x3, 0xff, 0xc0, 0x7f, 0xf4, 0x4f, 0xf8,
    0x0, 0x9f, 0xf5, 0x7f, 0xf4, 0x4f, 0xf8, 0x0,
    0x1f, 0xfe, 0x7f, 0xf4, 0x4f, 0xf8, 0x0, 0x7,
    0xff, 0xef, 0xf4, 0x4f, 0xf8, 0x0, 0x0, 0xdf,
    0xff, 0xf4, 0x4f, 0xf8, 0x0, 0x0, 0x5f, 0xff,
    0xf4, 0x4f, 0xf8, 0x0, 0x0, 0xc, 0xff, 0xf4,
    0x4f, 0xf8, 0x0, 0x0, 0x3, 0xff, 0xf4, 0x3f,
    0xf8, 0x0, 0x0, 0x0, 0x9f, 0xf4,

    /* U+004F "O" */
    0x0, 0x5, 0xbe, 0xfe, 0xa4, 0x0, 0x0, 0xa,
    0xff, 0xff, 0xff, 0xf9, 0x0, 0x9, 0xff, 0xfa,
    0x8b, 0xff, 0xf7, 0x1, 0xff, 0xe2, 0x0, 0x4,
    0xff, 0xf0, 0x7f, 0xf7, 0x0, 0x0, 0x8, 0xff,
    0x59, 0xff, 0x30, 0x0, 0x0, 0x5f, 0xf7, 0xaf,
    0xf2, 0x0, 0x0, 0x3, 0xff, 0x8a, 0xff, 0x20,
    0x0, 0x0, 0x3f, 0xf9, 0xaf, 0xf2, 0x0, 0x0,
    0x3, 0xff, 0x9a, 0xff, 0x20, 0x0, 0x0, 0x3f,
    0xf9, 0xaf, 0xf2, 0x0, 0x0, 0x3, 0xff, 0x9a,
    0xff, 0x20, 0x0, 0x0, 0x3f, 0xf8, 0x9f, 0xf3,
    0x0, 0x0, 0x4, 0xff, 0x77, 0xff, 0x70, 0x0,
    0x0, 0x8f, 0xf5, 0x2f, 0xfe, 0x20, 0x0, 0x3f,
    0xff, 0x0, 0x9f, 0xff, 0xa8, 0xbf, 0xff, 0x70,
    0x0, 0xaf, 0xff, 0xff, 0xff, 0x90, 0x0, 0x0,
    0x5b, 0xef, 0xea, 0x40, 0x0,

    /* U+0050 "P" */
    0x5f, 0xff, 0xff, 0xff, 0xe9, 0x10, 0x6, 0xff,
    0xff, 0xff, 0xff, 0xfe, 0x20, 0x6f, 0xfb, 0x88,
    0x89, 0xef, 0xfd, 0x6, 0xff, 0x60, 0x0, 0x1,
    0xdf, 0xf3, 0x6f, 0xf6, 0x0, 0x0, 0x6, 0xff,
    0x76, 0xff, 0x60, 0x0, 0x0, 0x3f, 0xf8, 0x6f,
    0xf6, 0x0, 0x0, 0x5, 0xff, 0x76, 0xff, 0x60,
    0x0, 0x0, 0xcf, 0xf4, 0x6f, 0xf9, 0x55, 0x56,
    0xcf, 0xfd, 0x6, 0xff, 0xff, 0xff, 0xff, 0xfe,
    0x20, 0x6f, 0xff, 0xff, 0xff, 0xd9, 0x10, 0x6,
    0xff, 0x60, 0x0, 0x0, 0x0, 0x0, 0x6f, 0xf6,
    0x0, 0x0, 0x0, 0x0, 0x6, 0xff, 0x60, 0x0,
    0x0, 0x0, 0x0, 0x6f, 0xf6, 0x0, 0x0, 0x0,
    0x0, 0x6, 0xff, 0x60, 0x0, 0x0, 0x0, 0x0,
    0x6f, 0xf6, 0x0, 0x0, 0x0, 0x0, 0x5, 0xff,
    0x50, 0x0, 0x0, 0x0, 0x0,

    /* U+0051 "Q" */
    0x0, 0x17, 0xcf, 0xfd, 0x81, 0x0, 0x2, 0xdf,
    0xff, 0xff, 0xfe, 0x30, 0xd, 0xff, 0xe9, 0x9d,
    0xff, 0xe1, 0x6f, 0xfb, 0x0, 0x0, 0xaf, 0xf7,
    0xbf, 0xf2, 0x0, 0x0, 0x1f, 0xfc, 0xdf, 0xf0,
    0x0, 0x0, 0xe, 0xfe, 0xef, 0xe0, 0x0, 0x0,
    0xd, 0xff, 0xef, 0xe0, 0x0, 0x0, 0xd, 0xff,
    0xef, 0xe0, 0x0, 0x0, 0xd, 0xff, 0xef, 0xe0,
    0x0, 0x0, 0xd, 0xff, 0xef, 0xe0, 0x0, 0x0,
    0xd, 0xff, 0xdf, 0xe0, 0x0, 0x0, 0xd, 0xff,
    0xdf, 0xf0, 0x0, 0x0, 0xf, 0xfe, 0xaf, 0xf5,
    0x0, 0x0, 0x4f, 0xfb, 0x4f, 0xfe, 0x50, 0x4,
    0xef, 0xf5, 0xa, 0xff, 0xff, 0xff, 0xff, 0xb0,
    0x0, 0x9f, 0xff, 0xff, 0xfa, 0x0, 0x0, 0x1,
    0x9f, 0xfa, 0x20, 0x0, 0x0, 0x0, 0x5f, 0xf7,
    0x0, 0x0, 0x0, 0x0, 0x5f, 0xf6, 0x0, 0x0,

    /* U+0052 "R" */
    0x3f, 0xff, 0xff, 0xff, 0xea, 0x20, 0x4, 0xff,
    0xff, 0xff, 0xff, 0xff, 0x40, 0x4f, 0xfc, 0x88,
    0x88, 0xdf, 0xfe, 0x4, 0xff, 0x80, 0x0, 0x0,
    0xcf, 0xf5, 0x4f, 0xf8, 0x0, 0x0, 0x4, 0xff,
    0x84, 0xff, 0x80, 0x0, 0x0, 0x3f, 0xf9, 0x4f,
    0xf8, 0x0, 0x0, 0x7, 0xff, 0x74, 0xff, 0x80,
    0x0, 0x5, 0xff, 0xf1, 0x4f, 0xff, 0xff, 0xff,
    0xff, 0xf8, 0x4, 0xff, 0xff, 0xff, 0xff, 0xe6,
    0x0, 0x4f, 0xfa, 0x44, 0x6f, 0xf7, 0x0, 0x4,
    0xff, 0x80, 0x0, 0xdf, 0xe0, 0x0, 0x4f, 0xf8,
    0x0, 0x6, 0xff, 0x50, 0x4, 0xff, 0x80, 0x0,
    0xe, 0xfd, 0x0, 0x4f, 0xf8, 0x0, 0x0, 0x8f,
    0xf4, 0x4, 0xff, 0x80, 0x0, 0x2, 0xff, 0xb0,
    0x4f, 0xf8, 0x0, 0x0, 0xb, 0xff, 0x23, 0xff,
    0x80, 0x0, 0x0, 0x4f, 0xf9,

    /* U+0053 "S" */
    0x0, 0x39, 0xdf, 0xfd, 0x82, 0x0, 0x0, 0x6f,
    0xff, 0xff, 0xff, 0xf5, 0x0, 0x2f, 0xff, 0xb8,
    0x9d, 0xff, 0xf3, 0x9, 0xff, 0x60, 0x0, 0x8,
    0xff, 0xb0, 0xbf, 0xf1, 0x0, 0x0, 0xe, 0xfe,
    0xa, 0xff, 0x30, 0x0, 0x0, 0xae, 0xe0, 0x6f,
    0xfd, 0x30, 0x0, 0x0, 0x0, 0x0, 0xcf, 0xff,
    0xc5, 0x0, 0x0, 0x0, 0x1, 0xaf, 0xff, 0xfe,
    0x81, 0x0, 0x0, 0x0, 0x3a, 0xff, 0xff, 0xe5,
    0x0, 0x0, 0x0, 0x1, 0x7e, 0xff, 0xf4, 0x0,
    0x0, 0x0, 0x0, 0x9, 0xff, 0xd0, 0xff, 0xa0,
    0x0, 0x0, 0xc, 0xff, 0xe, 0xfe, 0x0, 0x0,
    0x0, 0xbf, 0xf1, 0xbf, 0xf8, 0x0, 0x0, 0x3f,
    0xfe, 0x4, 0xff, 0xfd, 0x98, 0xaf, 0xff, 0x70,
    0x6, 0xff, 0xff, 0xff, 0xff, 0xa0, 0x0, 0x2,
    0x8d, 0xff, 0xeb, 0x40, 0x0,

    /* U+0054 "T" */
    0x2f, 0xff, 0xff, 0xff, 0xff, 0xff, 0xf0, 0x3f,
    0xff, 0xff, 0xff, 0xff, 0xff, 0xf1, 0x18, 0x88,
    0x8c, 0xff, 0xa8, 0x88, 0x80, 0x0, 0x0, 0x8,
    0xff, 0x40, 0x0, 0x0, 0x0, 0x0, 0x8, 0xff,
    0x40, 0x0, 0x0, 0x0, 0x0, 0x8, 0xff, 0x40,
    0x0, 0x0, 0x0, 0x0, 0x8, 0xff, 0x40, 0x0,
    0x0, 0x0, 0x0, 0x8, 0xff, 0x40, 0x0, 0x0,
    0x0, 0x0, 0x8, 0xff, 0x40, 0x0, 0x0, 0x0,
    0x0, 0x8, 0xff, 0x40, 0x0, 0x0, 0x0, 0x0,
    0x8, 0xff, 0x40, 0x0, 0x0, 0x0, 0x0, 0x8,
    0xff, 0x40, 0x0, 0x0, 0x0, 0x0, 0x8, 0xff,
    0x40, 0x0, 0x0, 0x0, 0x0, 0x8, 0xff, 0x40,
    0x0, 0x0, 0x0, 0x0, 0x8, 0xff, 0x40, 0x0,
    0x0, 0x0, 0x0, 0x8, 0xff, 0x40, 0x0, 0x0,
    0x0, 0x0, 0x8, 0xff, 0x40, 0x0, 0x0, 0x0,
    0x0, 0x8, 0xff, 0x30, 0x0, 0x0,

    /* U+0055 "U" */
    0x5f, 0xf5, 0x0, 0x0, 0x1, 0xff, 0xa6, 0xff,
    0x60, 0x0, 0x0, 0x2f, 0xfa, 0x6f, 0xf6, 0x0,
    0x0, 0x2, 0xff, 0xa6, 0xff, 0x60, 0x0, 0x0,
    0x2f, 0xfa, 0x6f, 0xf6, 0x0, 0x0, 0x2, 0xff,
    0xa6, 0xff, 0x60, 0x0, 0x0, 0x2f, 0xfa, 0x6f,
    0xf6, 0x0, 0x0, 0x2, 0xff, 0xa6, 0xff, 0x60,
    0x0, 0x0, 0x2f, 0xfa, 0x6f, 0xf6, 0x0, 0x0,
    0x2, 0xff, 0xa6, 0xff, 0x60, 0x0, 0x0, 0x2f,
    0xfa, 0x6f, 0xf6, 0x0, 0x0, 0x2, 0xff, 0xa6,
    0xff, 0x60, 0x0, 0x0, 0x2f, 0xfa, 0x5f, 0xf7,
    0x0, 0x0, 0x3, 0xff, 0x93, 0xff, 0xa0, 0x0,
    0x0, 0x6f, 0xf7, 0xe, 0xff, 0x50, 0x0, 0x2e,
    0xff, 0x20, 0x6f, 0xff, 0xb8, 0xaf, 0xff, 0xa0,
    0x0, 0x8f, 0xff, 0xff, 0xff, 0xb0, 0x0, 0x0,
    0x3a, 0xef, 0xeb, 0x50, 0x0,

    /* U+0056 "V" */
    0x2f, 0xfb, 0x0, 0x0, 0x0, 0x1f, 0xfd, 0xe,
    0xff, 0x0, 0x0, 0x0, 0x5f, 0xf9, 0xa, 0xff,
    0x40, 0x0, 0x0, 0x9f, 0xf4, 0x5, 0xff, 0x90,
    0x0, 0x0, 0xdf, 0xf0, 0x1, 0xff, 0xd0, 0x0,
    0x1, 0xff, 0xb0, 0x0, 0xcf, 0xf1, 0x0, 0x6,
    0xff, 0x60, 0x0, 0x7f, 0xf5, 0x0, 0xa, 0xff,
    0x10, 0x0, 0x3f, 0xfa, 0x0, 0xe, 0xfd, 0x0,
    0x0, 0xe, 0xfe, 0x0, 0x2f, 0xf8, 0x0, 0x0,
    0x9, 0xff, 0x20, 0x7f, 0xf3, 0x0, 0x0, 0x5,
    0xff, 0x70, 0xbf, 0xe0, 0x0, 0x0, 0x0, 0xff,
    0xb0, 0xff, 0xa0, 0x0, 0x0, 0x0, 0xbf, 0xf4,
    0xff, 0x50, 0x0, 0x0, 0x0, 0x7f, 0xfc, 0xff,
    0x10, 0x0, 0x0, 0x0, 0x2f, 0xff, 0xfc, 0x0,
    0x0, 0x0, 0x0, 0xd, 0xff, 0xf7, 0x0, 0x0,
    0x0, 0x0, 0x9, 0xff, 0xf2, 0x0, 0x0, 0x0,
    0x0, 0x4, 0xff, 0xd0, 0x0, 0x0,

    /* U+0057 "W" */
    0x5f, 0xf9, 0x0, 0x0, 0xf, 0xff, 0x10, 0x0,
    0x6, 0xff, 0x61, 0xff, 0xd0, 0x0, 0x3, 0xff,
    0xf4, 0x0, 0x0, 0xaf, 0xf2, 0xd, 0xff, 0x10,
    0x0, 0x7f, 0xff, 0x80, 0x0, 0xe, 0xfe, 0x0,
    0x9f, 0xf4, 0x0, 0xa, 0xff, 0xfc, 0x0, 0x2,
    0xff, 0xb0, 0x5, 0xff, 0x80, 0x0, 0xef, 0xff,
    0xf0, 0x0, 0x5f, 0xf7, 0x0, 0x1f, 0xfc, 0x0,
    0x1f, 0xff, 0xff, 0x30, 0x9, 0xff, 0x30, 0x0,
    0xdf, 0xf0, 0x5, 0xff, 0x8f, 0xf7, 0x0, 0xdf,
    0xf0, 0x0, 0x9, 0xff, 0x30, 0x9f, 0xf1, 0xff,
    0xb0, 0xf, 0xfb, 0x0, 0x0, 0x5f, 0xf7, 0xc,
    0xfd, 0xc, 0xff, 0x4, 0xff, 0x80, 0x0, 0x1,
    0xff, 0xb0, 0xff, 0x90, 0x8f, 0xf2, 0x8f, 0xf4,
    0x0, 0x0, 0xd, 0xfe, 0x3f, 0xf6, 0x5, 0xff,
    0x6b, 0xff, 0x0, 0x0, 0x0, 0x9f, 0xf9, 0xff,
    0x20, 0x1f, 0xfa, 0xff, 0xc0, 0x0, 0x0, 0x5,
    0xff, 0xff, 0xe0, 0x0, 0xdf, 0xff, 0xf8, 0x0,
    0x0, 0x0, 0x1f, 0xff, 0xfb, 0x0, 0x9, 0xff,
    0xff, 0x40, 0x0, 0x0, 0x0, 0xdf, 0xff, 0x70,
    0x0, 0x6f, 0xff, 0xf1, 0x0, 0x0, 0x0, 0x9,
    0xff, 0xf4, 0x0, 0x2, 0xff, 0xfd, 0x0, 0x0,
    0x0, 0x0, 0x5f, 0xff, 0x0, 0x0, 0xe, 0xff,
    0x90, 0x0, 0x0, 0x0, 0x1, 0xff, 0xc0, 0x0,
    0x0, 0xaf, 0xf5, 0x0, 0x0,

    /* U+0058 "X" */
    0xf, 0xfe, 0x10, 0x0, 0x0, 0x3f, 0xfc, 0x0,
    0x8f, 0xf8, 0x0, 0x0, 0xc, 0xff, 0x40, 0x0,
    0xef, 0xf2, 0x0, 0x5, 0xff, 0xb0, 0x0, 0x6,
    0xff, 0xa0, 0x0, 0xdf, 0xf2, 0x0, 0x0, 0xd,
    0xff, 0x30, 0x7f, 0xf9, 0x0, 0x0, 0x0, 0x4f,
    0xfc, 0x1f, 0xff, 0x10, 0x0, 0x0, 0x0, 0xbf,
    0xfd, 0xff, 0x70, 0x0, 0x0, 0x0, 0x2, 0xff,
    0xff, 0xe0, 0x0, 0x0, 0x0, 0x0, 0x9, 0xff,
    0xf6, 0x0, 0x0, 0x0, 0x0, 0x0, 0x9f, 0xff,
    0x60, 0x0, 0x0, 0x0, 0x0, 0x2f, 0xff, 0xfe,
    0x0, 0x0, 0x0, 0x0, 0xb, 0xff, 0xdf, 0xf7,
    0x0, 0x0, 0x0, 0x4, 0xff, 0xc1, 0xff, 0xf1,
    0x0, 0x0, 0x0, 0xdf, 0xf3, 0x7, 0xff, 0x90,
    0x0, 0x0, 0x6f, 0xfa, 0x0, 0xd, 0xff, 0x20,
    0x0, 0xe, 0xff, 0x20, 0x0, 0x5f, 0xfb, 0x0,
    0x8, 0xff, 0x80, 0x0, 0x0, 0xcf, 0xf4, 0x1,
    0xff, 0xe0, 0x0, 0x0, 0x3, 0xff, 0xc0,

    /* U+0059 "Y" */
    0x1f, 0xfd, 0x0, 0x0, 0x0, 0x7f, 0xf7, 0xa,
    0xff, 0x50, 0x0, 0x0, 0xef, 0xf1, 0x2, 0xff,
    0xc0, 0x0, 0x7, 0xff, 0x80, 0x0, 0xaf, 0xf4,
    0x0, 0xe, 0xff, 0x10, 0x0, 0x3f, 0xfb, 0x0,
    0x6f, 0xf9, 0x0, 0x0, 0xb, 0xff, 0x30, 0xdf,
    0xf1, 0x0, 0x0, 0x3, 0xff, 0xa5, 0xff, 0x90,
    0x0, 0x0, 0x0, 0xcf, 0xfd, 0xff, 0x20, 0x0,
    0x0, 0x0, 0x4f, 0xff, 0xfa, 0x0, 0x0, 0x0,
    0x0, 0xc, 0xff, 0xf2, 0x0, 0x0, 0x0, 0x0,
    0x5, 0xff, 0xb0, 0x0, 0x0, 0x0, 0x0, 0x3,
    0xff, 0x90, 0x0, 0x0, 0x0, 0x0, 0x3, 0xff,
    0x90, 0x0, 0x0, 0x0, 0x0, 0x3, 0xff, 0x90,
    0x0, 0x0, 0x0, 0x0, 0x3, 0xff, 0x90, 0x0,
    0x0, 0x0, 0x0, 0x3, 0xff, 0x90, 0x0, 0x0,
    0x0, 0x0, 0x3, 0xff, 0x90, 0x0, 0x0, 0x0,
    0x0, 0x3, 0xff, 0x80, 0x0, 0x0,

    /* U+005A "Z" */
    0x1f, 0xff, 0xff, 0xff, 0xff, 0xff, 0x31, 0xff,
    0xff, 0xff, 0xff, 0xff, 0xf4, 0x7, 0x88, 0x88,
    0x88, 0x8f, 0xff, 0x30, 0x0, 0x0, 0x0, 0x7,
    0xff, 0xb0, 0x0, 0x0, 0x0, 0x2, 0xff, 0xf1,
    0x0, 0x0, 0x0, 0x0, 0xbf, 0xf6, 0x0, 0x0,
    0x0, 0x0, 0x6f, 0xfc, 0x0, 0x0, 0x0, 0x0,
    0x1e, 0xff, 0x20, 0x0, 0x0, 0x0, 0xa, 0xff,
    0x70, 0x0, 0x0, 0x0, 0x5, 0xff, 0xc0, 0x0,
    0x0, 0x0, 0x1, 0xef, 0xf3, 0x0, 0x0, 0x0,
    0x0, 0x9f, 0xf8, 0x0, 0x0, 0x0, 0x0, 0x4f,
    0xfd, 0x0, 0x0, 0x0, 0x0, 0xd, 0xff, 0x40,
    0x0, 0x0, 0x0, 0x8, 0xff, 0x90, 0x0, 0x0,
    0x0, 0x1, 0xff, 0xf9, 0x88, 0x88, 0x88, 0x71,
    0x1f, 0xff, 0xff, 0xff, 0xff, 0xff, 0x41, 0xff,
    0xff, 0xff, 0xff, 0xff, 0xf3,

    /* U+005B "[" */
    0x17, 0x88, 0x88, 0x43, 0xff, 0xff, 0xfa, 0x3f,
    0xff, 0xff, 0xa3, 0xff, 0x90, 0x0, 0x3f, 0xf9,
    0x0, 0x3, 0xff, 0x90, 0x0, 0x3f, 0xf9, 0x0,
    0x3, 0xff, 0x90, 0x0, 0x3f, 0xf9, 0x0, 0x3,
    0xff, 0x90, 0x0, 0x3f, 0xf9, 0x0, 0x3, 0xff,
    0x90, 0x0, 0x3f, 0xf9, 0x0, 0x3, 0xff, 0x90,
    0x0, 0x3f, 0xf9, 0x0, 0x3, 0xff, 0x90, 0x0,
    0x3f, 0xf9, 0x0, 0x3, 0xff, 0x90, 0x0, 0x3f,
    0xf9, 0x0, 0x3, 0xff, 0x90, 0x0, 0x3f, 0xf9,
    0x0, 0x3, 0xff, 0xd8, 0x85, 0x3f, 0xff, 0xff,
    0xb2, 0xff, 0xff, 0xfa,

    /* U+005C "\\" */
    0x7f, 0xf3, 0x0, 0x0, 0x0, 0x2f, 0xf9, 0x0,
    0x0, 0x0, 0xd, 0xfe, 0x0, 0x0, 0x0, 0x7,
    0xff, 0x40, 0x0, 0x0, 0x2, 0xff, 0x90, 0x0,
    0x0, 0x0, 0xcf, 0xe0, 0x0, 0x0, 0x0, 0x7f,
    0xf4, 0x0, 0x0, 0x0, 0x2f, 0xfa, 0x0, 0x0,
    0x0, 0xc, 0xff, 0x0, 0x0, 0x0, 0x7, 0xff,
    0x40, 0x0, 0x0, 0x2, 0xff, 0xa0, 0x0, 0x0,
    0x0, 0xcf, 0xf0, 0x0, 0x0, 0x0, 0x7f, 0xf5,
    0x0, 0x0, 0x0, 0x1f, 0xfa, 0x0, 0x0, 0x0,
    0xc, 0xff, 0x0, 0x0, 0x0, 0x7, 0xff, 0x50,
    0x0, 0x0, 0x1, 0xff, 0xa0, 0x0, 0x0, 0x0,
    0xbf, 0xf0,

    /* U+005D "]" */
    0x78, 0x88, 0x86, 0xff, 0xff, 0xfd, 0xff, 0xff,
    0xfd, 0x0, 0xe, 0xfd, 0x0, 0xe, 0xfd, 0x0,
    0xe, 0xfd, 0x0, 0xe, 0xfd, 0x0, 0xe, 0xfd,
    0x0, 0xe, 0xfd, 0x0, 0xe, 0xfd, 0x0, 0xe,
    0xfd, 0x0, 0xe, 0xfd, 0x0, 0xe, 0xfd, 0x0,
    0xe, 0xfd, 0x0, 0xe, 0xfd, 0x0, 0xe, 0xfd,
    0x0, 0xe, 0xfd, 0x0, 0xe, 0xfd, 0x0, 0xe,
    0xfd, 0x0, 0xe, 0xfd, 0x0, 0xe, 0xfd, 0x88,
    0x8f, 0xfd, 0xff, 0xff, 0xfd, 0xff, 0xff, 0xfd,

    /* U+005E "^" */
    0x0, 0x0, 0xcf, 0xe0, 0x0, 0x0, 0x0, 0x2f,
    0xff, 0x40, 0x0, 0x0, 0x8, 0xff, 0xfa, 0x0,
    0x0, 0x0, 0xef, 0x9f, 0xf0, 0x0, 0x0, 0x4f,
    0xf0, 0xdf, 0x60, 0x0, 0x9, 0xfa, 0x8, 0xfb,
    0x0, 0x0, 0xff, 0x50, 0x3f, 0xf1, 0x0, 0x5f,
    0xf0, 0x0, 0xdf, 0x70, 0xb, 0xfa, 0x0, 0x8,
    0xfd, 0x0, 0xff, 0x40, 0x0, 0x2f, 0xf2,

    /* U+005F "_" */
    0x13, 0x33, 0x33, 0x33, 0x33, 0x32, 0x7f, 0xff,
    0xff, 0xff, 0xff, 0xfa, 0x7f, 0xff, 0xff, 0xff,
    0xff, 0xfa,

    /* U+0060 "`" */
    0x2, 0x10, 0x1, 0xff, 0x60, 0x6, 0xfe, 0x0,
    0xb, 0xf6,

    /* U+0061 "a" */
    0x0, 0x6, 0xce, 0xfd, 0x81, 0x0, 0x1, 0xcf,
    0xff, 0xff, 0xfe, 0x20, 0x9, 0xff, 0xf9, 0x8c,
    0xff, 0xc0, 0x9, 0xef, 0x30, 0x0, 0xcf, 0xf2,
    0x0, 0x0, 0x0, 0x0, 0x9f, 0xf3, 0x0, 0x3a,
    0xef, 0xff, 0xff, 0xf3, 0x4, 0xff, 0xff, 0xff,
    0xff, 0xf3, 0xe, 0xff, 0x71, 0x0, 0x8f, 0xf3,
    0x2f, 0xfb, 0x0, 0x0, 0x9f, 0xf3, 0x3f, 0xfa,
    0x0, 0x0, 0xdf, 0xf3, 0xf, 0xff, 0x62, 0x4c,
    0xff, 0xf3, 0x8, 0xff, 0xff, 0xff, 0xff, 0xf3,
    0x0, 0x5c, 0xff, 0xc6, 0x8f, 0xf3,

    /* U+0062 "b" */
    0x7f, 0xf4, 0x0, 0x0, 0x0, 0x0, 0x7f, 0xf4,
    0x0, 0x0, 0x0, 0x0, 0x7f, 0xf4, 0x0, 0x0,
    0x0, 0x0, 0x7f, 0xf4, 0x0, 0x0, 0x0, 0x0,
    0x7f, 0xf4, 0x0, 0x0, 0x0, 0x0, 0x7f, 0xf5,
    0x9e, 0xfc, 0x60, 0x0, 0x7f, 0xfe, 0xff, 0xff,
    0xfa, 0x0, 0x7f, 0xff, 0xe8, 0xaf, 0xff, 0x50,
    0x7f, 0xff, 0x10, 0x6, 0xff, 0xc0, 0x7f, 0xf9,
    0x0, 0x0, 0xef, 0xf0, 0x7f, 0xf6, 0x0, 0x0,
    0xbf, 0xf2, 0x7f, 0xf5, 0x0, 0x0, 0xaf, 0xf3,
    0x7f, 0xf6, 0x0, 0x0, 0xbf, 0xf2, 0x7f, 0xf9,
    0x0, 0x0, 0xef, 0xf0, 0x7f, 0xfe, 0x10, 0x6,
    0xff, 0xc0, 0x7f, 0xff, 0xe8, 0xaf, 0xff, 0x50,
    0x7f, 0xfe, 0xff, 0xff, 0xf9, 0x0, 0x7f, 0xf4,
    0x8e, 0xfc, 0x60, 0x0,

    /* U+0063 "c" */
    0x0, 0x19, 0xdf, 0xda, 0x30, 0x0, 0x3f, 0xff,
    0xff, 0xff, 0x60, 0xe, 0xff, 0xc8, 0xaf, 0xff,
    0x46, 0xff, 0x90, 0x0, 0x5f, 0xfb, 0xaf, 0xf2,
    0x0, 0x0, 0xba, 0x7c, 0xff, 0x0, 0x0, 0x0,
    0x0, 0xdf, 0xf0, 0x0, 0x0, 0x0, 0xc, 0xff,
    0x0, 0x0, 0x0, 0x0, 0xaf, 0xf2, 0x0, 0x0,
    0xa9, 0x56, 0xff, 0xa0, 0x0, 0x6f, 0xfa, 0xe,
    0xff, 0xc8, 0xbf, 0xff, 0x30, 0x3e, 0xff, 0xff,
    0xff, 0x70, 0x0, 0x19, 0xdf, 0xea, 0x30, 0x0,

    /* U+0064 "d" */
    0x0, 0x0, 0x0, 0x0, 0xef, 0xd0, 0x0, 0x0,
    0x0, 0xe, 0xfe, 0x0, 0x0, 0x0, 0x0, 0xef,
    0xe0, 0x0, 0x0, 0x0, 0xe, 0xfe, 0x0, 0x0,
    0x0, 0x0, 0xef, 0xe0, 0x3, 0xae, 0xfc, 0x3e,
    0xfe, 0x4, 0xff, 0xff, 0xff, 0xff, 0xe0, 0xef,
    0xfd, 0x8b, 0xff, 0xfe, 0x6f, 0xfc, 0x0, 0xa,
    0xff, 0xea, 0xff, 0x50, 0x0, 0x3f, 0xfe, 0xcf,
    0xf2, 0x0, 0x0, 0xff, 0xec, 0xff, 0x0, 0x0,
    0xf, 0xfe, 0xcf, 0xf1, 0x0, 0x0, 0xff, 0xe9,
    0xff, 0x40, 0x0, 0x2f, 0xfe, 0x5f, 0xfa, 0x0,
    0x8, 0xff, 0xe0, 0xef, 0xf9, 0x58, 0xff, 0xfe,
    0x4, 0xff, 0xff, 0xff, 0xff, 0xe0, 0x3, 0xae,
    0xfc, 0x4e, 0xfd,

    /* U+0065 "e" */
    0x0, 0x29, 0xdf, 0xeb, 0x40, 0x0, 0x3f, 0xff,
    0xff, 0xff, 0x70, 0xe, 0xff, 0xb8, 0xaf, 0xff,
    0x26, 0xff, 0x70, 0x0, 0x6f, 0xf8, 0xaf, 0xf1,
    0x0, 0x0, 0xff, 0xcc, 0xff, 0xff, 0xff, 0xff,
    0xfe, 0xcf, 0xff, 0xff, 0xff, 0xff, 0xeb, 0xff,
    0x22, 0x22, 0x22, 0x21, 0x9f, 0xf3, 0x0, 0x0,
    0x0, 0x5, 0xff, 0xb0, 0x0, 0xc, 0xa0, 0xc,
    0xff, 0xd8, 0x9e, 0xff, 0x70, 0x2e, 0xff, 0xff,
    0xff, 0xb0, 0x0, 0x18, 0xdf, 0xec, 0x60, 0x0,

    /* U+0066 "f" */
    0x0, 0x1, 0x9e, 0xff, 0x10, 0x0, 0xdf, 0xff,
    0xf1, 0x0, 0x3f, 0xfe, 0x75, 0x0, 0x5, 0xff,
    0x80, 0x0, 0x0, 0x6f, 0xf6, 0x0, 0x4, 0xff,
    0xff, 0xff, 0xf2, 0x4f, 0xff, 0xff, 0xff, 0x22,
    0x9c, 0xff, 0xb9, 0x91, 0x0, 0x6f, 0xf6, 0x0,
    0x0, 0x6, 0xff, 0x60, 0x0, 0x0, 0x6f, 0xf6,
    0x0, 0x0, 0x6, 0xff, 0x60, 0x0, 0x0, 0x6f,
    0xf6, 0x0, 0x0, 0x6, 0xff, 0x60, 0x0, 0x0,
    0x6f, 0xf6, 0x0, 0x0, 0x6, 0xff, 0x60, 0x0,
    0x0, 0x6f, 0xf6, 0x0, 0x0, 0x6, 0xff, 0x50,
    0x0,

    /* U+0067 "g" */
    0x0, 0x4b, 0xee, 0xb4, 0xff, 0xc0, 0x6f, 0xff,
    0xff, 0xff, 0xfc, 0x1f, 0xff, 0x95, 0x8f, 0xff,
    0xc8, 0xff, 0x80, 0x0, 0x7f, 0xfc, 0xbf, 0xf2,
    0x0, 0x2, 0xff, 0xcd, 0xff, 0x0, 0x0, 0xf,
    0xfc, 0xef, 0xe0, 0x0, 0x0, 0xff, 0xcd, 0xff,
    0x0, 0x0, 0xf, 0xfc, 0xcf, 0xf1, 0x0, 0x2,
    0xff, 0xc9, 0xff, 0x80, 0x0, 0x8f, 0xfc, 0x2f,
    0xff, 0xa6, 0x9f, 0xff, 0xc0, 0x7f, 0xff, 0xff,
    0xff, 0xfc, 0x0, 0x4b, 0xef, 0xc4, 0xff, 0xc0,
    0x0, 0x0, 0x0, 0x3f, 0xfa, 0x0, 0x0, 0x0,
    0x2c, 0xff, 0x60, 0x0, 0xbb, 0xdf, 0xff, 0xe1,
    0x0, 0x2f, 0xff, 0xff, 0xe3, 0x0, 0x1, 0xff,
    0xfc, 0x81, 0x0,

    /* U+0068 "h" */
    0x7f, 0xf3, 0x0, 0x0, 0x0, 0x8, 0xff, 0x40,
    0x0, 0x0, 0x0, 0x8f, 0xf4, 0x0, 0x0, 0x0,
    0x8, 0xff, 0x40, 0x0, 0x0, 0x0, 0x8f, 0xf4,
    0x0, 0x0, 0x0, 0x8, 0xff, 0x48, 0xef, 0xd7,
    0x0, 0x8f, 0xfe, 0xff, 0xff, 0xfa, 0x8, 0xff,
    0xfc, 0x8b, 0xff, 0xf4, 0x8f, 0xfb, 0x0, 0x9,
    0xff, 0x88, 0xff, 0x50, 0x0, 0x3f, 0xfa, 0x8f,
    0xf4, 0x0, 0x2, 0xff, 0xa8, 0xff, 0x40, 0x0,
    0x2f, 0xfa, 0x8f, 0xf4, 0x0, 0x2, 0xff, 0xa8,
    0xff, 0x40, 0x0, 0x2f, 0xfa, 0x8f, 0xf4, 0x0,
    0x2, 0xff, 0xa8, 0xff, 0x40, 0x0, 0x2f, 0xfa,
    0x8f, 0xf4, 0x0, 0x2, 0xff, 0xa7, 0xff, 0x30,
    0x0, 0x1f, 0xf9,

    /* U+0069 "i" */
    0x5, 0x60, 0x6f, 0xf9, 0x9f, 0xfb, 0x2e, 0xf4,
    0x0, 0x0, 0x0, 0x0, 0x5f, 0xf6, 0x6f, 0xf6,
    0x6f, 0xf6, 0x6f, 0xf6, 0x6f, 0xf6, 0x6f, 0xf6,
    0x6f, 0xf6, 0x6f, 0xf6, 0x6f, 0xf6, 0x6f, 0xf6,
    0x6f, 0xf6, 0x6f, 0xf6, 0x5f, 0xf6,

    /* U+006A "j" */
    0x0, 0x0, 0x65, 0x0, 0x0, 0x8f, 0xf7, 0x0,
    0xa, 0xff, 0xa0, 0x0, 0x4e, 0xe3, 0x0, 0x0,
    0x0, 0x0, 0x0, 0x0, 0x0, 0x0, 0x6, 0xff,
    0x50, 0x0, 0x6f, 0xf6, 0x0, 0x6, 0xff, 0x60,
    0x0, 0x6f, 0xf6, 0x0, 0x6, 0xff, 0x60, 0x0,
    0x6f, 0xf6, 0x0, 0x6, 0xff, 0x60, 0x0, 0x6f,
    0xf6, 0x0, 0x6, 0xff, 0x60, 0x0, 0x6f, 0xf6,
    0x0, 0x6, 0xff, 0x60, 0x0, 0x6f, 0xf6, 0x0,
    0x6, 0xff, 0x60, 0x0, 0x6f, 0xf5, 0x0, 0xa,
    0xff, 0x41, 0x7b, 0xff, 0xf1, 0x3f, 0xff, 0xf8,
    0x3, 0xfe, 0xb6, 0x0,

    /* U+006B "k" */
    0x7f, 0xf3, 0x0, 0x0, 0x0, 0x8, 0xff, 0x40,
    0x0, 0x0, 0x0, 0x8f, 0xf4, 0x0, 0x0, 0x0,
    0x8, 0xff, 0x40, 0x0, 0x0, 0x0, 0x8f, 0xf4,
    0x0, 0x0, 0x0, 0x8, 0xff, 0x40, 0x1, 0xdf,
    0xf3, 0x8f, 0xf4, 0x0, 0xcf, 0xf7, 0x8, 0xff,
    0x40, 0xaf, 0xfb, 0x0, 0x8f, 0xf4, 0x8f, 0xfd,
    0x0, 0x8, 0xff, 0xaf, 0xff, 0x60, 0x0, 0x8f,
    0xff, 0xff, 0xfc, 0x0, 0x8, 0xff, 0xfe, 0xaf,
    0xf3, 0x0, 0x8f, 0xff, 0x42, 0xff, 0xa0, 0x8,
    0xff, 0x70, 0xb, 0xff, 0x10, 0x8f, 0xf4, 0x0,
    0x4f, 0xf8, 0x8, 0xff, 0x40, 0x0, 0xef, 0xe0,
    0x8f, 0xf4, 0x0, 0x7, 0xff, 0x67, 0xff, 0x30,
    0x0, 0x1f, 0xfc,

    /* U+006C "l" */
    0x7f, 0xf3, 0x8f, 0xf4, 0x8f, 0xf4, 0x8f, 0xf4,
    0x8f, 0xf4, 0x8f, 0xf4, 0x8f, 0xf4, 0x8f, 0xf4,
    0x8f, 0xf4, 0x8f, 0xf4, 0x8f, 0xf4, 0x8f, 0xf4,
    0x8f, 0xf4, 0x8f, 0xf4, 0x8f, 0xf4, 0x8f, 0xf4,
    0x8f, 0xf4, 0x7f, 0xf3,

    /* U+006D "m" */
    0x7f, 0xf4, 0x9e, 0xfd, 0x80, 0x8, 0xdf, 0xe9,
    0x0, 0x8f, 0xff, 0xff, 0xff, 0xfb, 0xbf, 0xff,
    0xff, 0xb0, 0x8f, 0xff, 0x85, 0xaf, 0xff, 0xfa,
    0x58, 0xff, 0xf3, 0x8f, 0xf8, 0x0, 0xb, 0xff,
    0xb0, 0x0, 0x8f, 0xf7, 0x8f, 0xf4, 0x0, 0x6,
    0xff, 0x70, 0x0, 0x4f, 0xf8, 0x8f, 0xf4, 0x0,
    0x5, 0xff, 0x60, 0x0, 0x3f, 0xf8, 0x8f, 0xf4,
    0x0, 0x5, 0xff, 0x60, 0x0, 0x3f, 0xf8, 0x8f,
    0xf4, 0x0, 0x5, 0xff, 0x60, 0x0, 0x3f, 0xf8,
    0x8f, 0xf4, 0x0, 0x5, 0xff, 0x60, 0x0, 0x3f,
    0xf8, 0x8f, 0xf4, 0x0, 0x5, 0xff, 0x60, 0x0,
    0x3f, 0xf8, 0x8f, 0xf4, 0x0, 0x5, 0xff, 0x60,
    0x0, 0x3f, 0xf8, 0x8f, 0xf4, 0x0, 0x5, 0xff,
    0x60, 0x0, 0x3f, 0xf8, 0x7f, 0xf3, 0x0, 0x5,
    0xff, 0x60, 0x0, 0x2f, 0xf8,

    /* U+006E "n" */
    0x7f, 0xf5, 0xae, 0xfd, 0x70, 0x8, 0xff, 0xff,
    0xff, 0xff, 0xa0, 0x8f, 0xff, 0x95, 0x8f, 0xff,
    0x48, 0xff, 0xa0, 0x0, 0x8f, 0xf8, 0x8f, 0xf5,
    0x0, 0x3, 0xff, 0xa8, 0xff, 0x40, 0x0, 0x2f,
    0xfa, 0x8f, 0xf4, 0x0, 0x2, 0xff, 0xa8, 0xff,
    0x40, 0x0, 0x2f, 0xfa, 0x8f, 0xf4, 0x0, 0x2,
    0xff, 0xa8, 0xff, 0x40, 0x0, 0x2f, 0xfa, 0x8f,
    0xf4, 0x0, 0x2, 0xff, 0xa8, 0xff, 0x40, 0x0,
    0x2f, 0xfa, 0x7f, 0xf3, 0x0, 0x1, 0xff, 0x90,

    /* U+006F "o" */
    0x0, 0x18, 0xdf, 0xea, 0x30, 0x0, 0x3, 0xef,
    0xff, 0xff, 0xf6, 0x0, 0xe, 0xff, 0xc8, 0xaf,
    0xff, 0x30, 0x6f, 0xfa, 0x0, 0x5, 0xff, 0xa0,
    0xaf, 0xf2, 0x0, 0x0, 0xdf, 0xf0, 0xdf, 0xf0,
    0x0, 0x0, 0xaf, 0xf1, 0xdf, 0xf0, 0x0, 0x0,
    0x9f, 0xf2, 0xcf, 0xf0, 0x0, 0x0, 0xaf, 0xf1,
    0xaf, 0xf3, 0x0, 0x0, 0xef, 0xf0, 0x5f, 0xfa,
    0x0, 0x6, 0xff, 0xa0, 0xd, 0xff, 0xc8, 0xaf,
    0xff, 0x20, 0x2, 0xef, 0xff, 0xff, 0xf6, 0x0,
    0x0, 0x18, 0xdf, 0xea, 0x30, 0x0,

    /* U+0070 "p" */
    0x5f, 0xf6, 0x9e, 0xfd, 0x70, 0x0, 0x6f, 0xff,
    0xff, 0xff, 0xfb, 0x0, 0x6f, 0xff, 0xc5, 0x6d,
    0xff, 0x60, 0x6f, 0xff, 0x10, 0x2, 0xff, 0xd0,
    0x6f, 0xfa, 0x0, 0x0, 0xcf, 0xf1, 0x6f, 0xf8,
    0x0, 0x0, 0x9f, 0xf3, 0x6f, 0xf7, 0x0, 0x0,
    0x8f, 0xf4, 0x6f, 0xf8, 0x0, 0x0, 0xaf, 0xf4,
    0x6f, 0xfb, 0x0, 0x0, 0xdf, 0xf2, 0x6f, 0xff,
    0x20, 0x5, 0xff, 0xe0, 0x6f, 0xff, 0xe9, 0xaf,
    0xff, 0x70, 0x6f, 0xfe, 0xff, 0xff, 0xfb, 0x0,
    0x6f, 0xf6, 0x8e, 0xfd, 0x70, 0x0, 0x6f, 0xf6,
    0x0, 0x0, 0x0, 0x0, 0x6f, 0xf6, 0x0, 0x0,
    0x0, 0x0, 0x6f, 0xf6, 0x0, 0x0, 0x0, 0x0,
    0x6f, 0xf6, 0x0, 0x0, 0x0, 0x0, 0x5f, 0xf5,
    0x0, 0x0, 0x0, 0x0,

    /* U+0071 "q" */
    0x0, 0x3a, 0xef, 0xc4, 0xef, 0xd0, 0x4f, 0xff,
    0xff, 0xff, 0xfe, 0xe, 0xff, 0x95, 0x8f, 0xff,
    0xe6, 0xff, 0xa0, 0x0, 0x8f, 0xfe, 0xaf, 0xf4,
    0x0, 0x2, 0xff, 0xec, 0xff, 0x10, 0x0, 0xf,
    0xfe, 0xcf, 0xf0, 0x0, 0x0, 0xff, 0xec, 0xff,
    0x20, 0x0, 0xf, 0xfe, 0xaf, 0xf5, 0x0, 0x3,
    0xff, 0xe6, 0xff, 0xc0, 0x0, 0xaf, 0xfe, 0xe,
    0xff, 0xd8, 0xbf, 0xff, 0xe0, 0x4f, 0xff, 0xff,
    0xff, 0xfe, 0x0, 0x3b, 0xef, 0xc3, 0xef, 0xe0,
    0x0, 0x0, 0x0, 0xe, 0xfe, 0x0, 0x0, 0x0,
    0x0, 0xef, 0xe0, 0x0, 0x0, 0x0, 0xe, 0xfe,
    0x0, 0x0, 0x0, 0x0, 0xef, 0xe0, 0x0, 0x0,
    0x0, 0xe, 0xfd,

    /* U+0072 "r" */
    0x7f, 0xf4, 0x8e, 0xf7, 0x8f, 0xfd, 0xff, 0xf8,
    0x8f, 0xff, 0xff, 0xf5, 0x8f, 0xfe, 0x30, 0x0,
    0x8f, 0xf7, 0x0, 0x0, 0x8f, 0xf4, 0x0, 0x0,
    0x8f, 0xf4, 0x0, 0x0, 0x8f, 0xf4, 0x0, 0x0,
    0x8f, 0xf4, 0x0, 0x0, 0x8f, 0xf4, 0x0, 0x0,
    0x8f, 0xf4, 0x0, 0x0, 0x8f, 0xf4, 0x0, 0x0,
    0x7f, 0xf3, 0x0, 0x0,

    /* U+0073 "s" */
    0x1, 0x8d, 0xff, 0xc7, 0x0, 0x1e, 0xff, 0xff,
    0xff, 0xc0, 0xaf, 0xfa, 0x55, 0xbf, 0xf8, 0xdf,
    0xd0, 0x0, 0xe, 0xfb, 0xcf, 0xf6, 0x0, 0x0,
    0x10, 0x5f, 0xff, 0xfb, 0x50, 0x0, 0x6, 0xff,
    0xff, 0xff, 0x60, 0x0, 0x6, 0xbf, 0xff, 0xf6,
    0x1, 0x0, 0x1, 0x7f, 0xfd, 0xff, 0xc0, 0x0,
    0xe, 0xfe, 0xcf, 0xf9, 0x43, 0x9f, 0xfb, 0x2e,
    0xff, 0xff, 0xff, 0xe2, 0x1, 0x8d, 0xff, 0xd8,
    0x10,

    /* U+0074 "t" */
    0x0, 0x8f, 0xf1, 0x0, 0x0, 0x8f, 0xf2, 0x0,
    0x0, 0x8f, 0xf2, 0x0, 0x4f, 0xff, 0xff, 0xff,
    0x4f, 0xff, 0xff, 0xff, 0x15, 0xbf, 0xf7, 0x55,
    0x0, 0x8f, 0xf2, 0x0, 0x0, 0x8f, 0xf2, 0x0,
    0x0, 0x8f, 0xf2, 0x0, 0x0, 0x8f, 0xf2, 0x0,
    0x0, 0x8f, 0xf2, 0x0, 0x0, 0x8f, 0xf2, 0x0,
    0x0, 0x8f, 0xf4, 0x0, 0x0, 0x7f, 0xfe, 0x96,
    0x0, 0x2f, 0xff, 0xfc, 0x0, 0x4, 0xce, 0xfc,

    /* U+0075 "u" */
    0xaf, 0xf1, 0x0, 0x3, 0xff, 0x7a, 0xff, 0x20,
    0x0, 0x4f, 0xf8, 0xaf, 0xf2, 0x0, 0x4, 0xff,
    0x8a, 0xff, 0x20, 0x0, 0x4f, 0xf8, 0xaf, 0xf2,
    0x0, 0x4, 0xff, 0x8a, 0xff, 0x20, 0x0, 0x4f,
    0xf8, 0xaf, 0xf2, 0x0, 0x4, 0xff, 0x8a, 0xff,
    0x20, 0x0, 0x4f, 0xf8, 0xaf, 0xf2, 0x0, 0x5,
    0xff, 0x89, 0xff, 0x70, 0x0, 0xaf, 0xf8, 0x5f,
    0xff, 0x85, 0xaf, 0xff, 0x80, 0xcf, 0xff, 0xff,
    0xff, 0xf8, 0x0, 0x8d, 0xfe, 0x95, 0xff, 0x70,

    /* U+0076 "v" */
    0x4f, 0xfa, 0x0, 0x0, 0x9f, 0xf6, 0xf, 0xff,
    0x0, 0x0, 0xef, 0xf1, 0xb, 0xff, 0x40, 0x2,
    0xff, 0xc0, 0x6, 0xff, 0x80, 0x7, 0xff, 0x70,
    0x1, 0xff, 0xc0, 0xb, 0xff, 0x20, 0x0, 0xcf,
    0xf1, 0xf, 0xfd, 0x0, 0x0, 0x7f, 0xf5, 0x4f,
    0xf9, 0x0, 0x0, 0x2f, 0xfa, 0x8f, 0xf4, 0x0,
    0x0, 0xd, 0xfe, 0xdf, 0xe0, 0x0, 0x0, 0x8,
    0xff, 0xff, 0xa0, 0x0, 0x0, 0x3, 0xff, 0xff,
    0x50, 0x0, 0x0, 0x0, 0xef, 0xff, 0x0, 0x0,
    0x0, 0x0, 0x9f, 0xfa, 0x0, 0x0,

    /* U+0077 "w" */
    0x4f, 0xf8, 0x0, 0x5, 0xff, 0x60, 0x0, 0x4f,
    0xf8, 0x1f, 0xfc, 0x0, 0x9, 0xff, 0xb0, 0x0,
    0x8f, 0xf4, 0xc, 0xff, 0x0, 0xd, 0xff, 0xe0,
    0x0, 0xcf, 0xf0, 0x8, 0xff, 0x30, 0x1f, 0xff,
    0xf3, 0x0, 0xff, 0xb0, 0x3, 0xff, 0x70, 0x5f,
    0xff, 0xf7, 0x4, 0xff, 0x70, 0x0, 0xef, 0xb0,
    0x9f, 0xdc, 0xfb, 0x8, 0xff, 0x20, 0x0, 0xaf,
    0xe0, 0xdf, 0x98, 0xfe, 0xc, 0xfe, 0x0, 0x0,
    0x6f, 0xf4, 0xff, 0x53, 0xff, 0x3f, 0xf9, 0x0,
    0x0, 0x1f, 0xfc, 0xff, 0x10, 0xff, 0xcf, 0xf5,
    0x0, 0x0, 0xd, 0xff, 0xfd, 0x0, 0xaf, 0xff,
    0xf1, 0x0, 0x0, 0x9, 0xff, 0xf9, 0x0, 0x6f,
    0xff, 0xc0, 0x0, 0x0, 0x4, 0xff, 0xf5, 0x0,
    0x2f, 0xff, 0x80, 0x0, 0x0, 0x0, 0xef, 0xf1,
    0x0, 0xd, 0xff, 0x30, 0x0,

    /* U+0078 "x" */
    0x3f, 0xfb, 0x0, 0x0, 0x7f, 0xf9, 0xa, 0xff,
    0x50, 0x2, 0xff, 0xe1, 0x1, 0xef, 0xe1, 0xc,
    0xff, 0x50, 0x0, 0x5f, 0xfa, 0x6f, 0xfb, 0x0,
    0x0, 0xb, 0xff, 0xff, 0xf1, 0x0, 0x0, 0x1,
    0xff, 0xff, 0x60, 0x0, 0x0, 0x0, 0x9f, 0xff,
    0x0, 0x0, 0x0, 0x1, 0xff, 0xff, 0x70, 0x0,
    0x0, 0xb, 0xff, 0xff, 0xf2, 0x0, 0x0, 0x5f,
    0xfc, 0x4f, 0xfb, 0x0, 0x1, 0xef, 0xf2, 0x9,
    0xff, 0x50, 0xa, 0xff, 0x80, 0x1, 0xef, 0xe1,
    0x3f, 0xfd, 0x0, 0x0, 0x5f, 0xf9,

    /* U+0079 "y" */
    0x6f, 0xf7, 0x0, 0x0, 0xaf, 0xf1, 0x1f, 0xfc,
    0x0, 0x0, 0xff, 0xd0, 0xc, 0xff, 0x0, 0x3,
    0xff, 0x80, 0x7, 0xff, 0x40, 0x8, 0xff, 0x30,
    0x2, 0xff, 0x90, 0xc, 0xfe, 0x0, 0x0, 0xdf,
    0xd0, 0xf, 0xf9, 0x0, 0x0, 0x8f, 0xf1, 0x5f,
    0xf4, 0x0, 0x0, 0x3f, 0xf6, 0x9f, 0xe0, 0x0,
    0x0, 0xe, 0xfa, 0xdf, 0x90, 0x0, 0x0, 0x9,
    0xff, 0xff, 0x40, 0x0, 0x0, 0x4, 0xff, 0xff,
    0x0, 0x0, 0x0, 0x0, 0xff, 0xfa, 0x0, 0x0,
    0x0, 0x0, 0xaf, 0xf5, 0x0, 0x0, 0x0, 0x0,
    0xaf, 0xf0, 0x0, 0x0, 0x0, 0x1, 0xff, 0xa0,
    0x0, 0x0, 0x5, 0x8e, 0xff, 0x40, 0x0, 0x0,
    0xe, 0xff, 0xfa, 0x0, 0x0, 0x0, 0xe, 0xfc,
    0x70, 0x0, 0x0, 0x0,

    /* U+007A "z" */
    0x2f, 0xff, 0xff, 0xff, 0xff, 0x13, 0xff, 0xff,
    0xff, 0xff, 0xf1, 0x19, 0xaa, 0xaa, 0xcf, 0xff,
    0x0, 0x0, 0x0, 0xd, 0xff, 0x60, 0x0, 0x0,
    0xa, 0xff, 0x90, 0x0, 0x0, 0x7, 0xff, 0xb0,
    0x0, 0x0, 0x4, 0xff, 0xd1, 0x0, 0x0, 0x2,
    0xef, 0xf2, 0x0, 0x0, 0x0, 0xdf, 0xf5, 0x0,
    0x0, 0x0, 0xaf, 0xf8, 0x0, 0x0, 0x0, 0x4f,
    0xff, 0xaa, 0xaa, 0xa9, 0x15, 0xff, 0xff, 0xff,
    0xff, 0xf2, 0x4f, 0xff, 0xff, 0xff, 0xff, 0x20,

    /* U+007B "{" */
    0x0, 0x0, 0x57, 0x84, 0x0, 0xd, 0xff, 0xf9,
    0x0, 0x6f, 0xff, 0xf8, 0x0, 0x8f, 0xfa, 0x0,
    0x0, 0x8f, 0xf4, 0x0, 0x0, 0x8f, 0xf4, 0x0,
    0x0, 0x8f, 0xf4, 0x0, 0x0, 0x8f, 0xf4, 0x0,
    0x0, 0x8f, 0xf4, 0x0, 0x0, 0x9f, 0xf3, 0x0,
    0x3, 0xef, 0xf1, 0x0, 0x2f, 0xff, 0x90, 0x0,
    0x3f, 0xff, 0x40, 0x0, 0x8, 0xff, 0xe0, 0x0,
    0x0, 0xbf, 0xf2, 0x0, 0x0, 0x8f, 0xf3, 0x0,
    0x0, 0x8f, 0xf4, 0x0, 0x0, 0x8f, 0xf4, 0x0,
    0x0, 0x8f, 0xf4, 0x0, 0x0, 0x8f, 0xf4, 0x0,
    0x0, 0x8f, 0xf6, 0x0, 0x0, 0x7f, 0xfe, 0x94,
    0x0, 0x3f, 0xff, 0xf9, 0x0, 0x6, 0xdf, 0xf8,

    /* U+007C "|" */
    0x0, 0x0, 0x1f, 0xfa, 0x1f, 0xfa, 0x1f, 0xfa,
    0x1f, 0xfa, 0x1f, 0xfa, 0x1f, 0xfa, 0x1f, 0xfa,
    0x1f, 0xfa, 0x1f, 0xfa, 0x1f, 0xfa, 0x1f, 0xfa,
    0x1f, 0xfa, 0x1f, 0xfa, 0x1f, 0xfa, 0x1f, 0xfa,
    0x1f, 0xfa, 0x1f, 0xfa, 0x1f, 0xfa, 0x1f, 0xfa,
    0x1f, 0xfa, 0x1f, 0xfa,

    /* U+007D "}" */
    0x17, 0x86, 0x20, 0x0, 0x3f, 0xff, 0xf5, 0x0,
    0x2f, 0xff, 0xfc, 0x0, 0x0, 0x4f, 0xfe, 0x0,
    0x0, 0xe, 0xfe, 0x0, 0x0, 0xd, 0xfe, 0x0,
    0x0, 0xd, 0xfe, 0x0, 0x0, 0xd, 0xfe, 0x0,
    0x0, 0xd, 0xfe, 0x0, 0x0, 0xd, 0xff, 0x0,
    0x0, 0xb, 0xff, 0x70, 0x0, 0x3, 0xff, 0xf8,
    0x0, 0x1, 0xdf, 0xf9, 0x0, 0x9, 0xff, 0xc3,
    0x0, 0xc, 0xff, 0x10, 0x0, 0xd, 0xff, 0x0,
    0x0, 0xd, 0xfe, 0x0, 0x0, 0xd, 0xfe, 0x0,
    0x0, 0xd, 0xfe, 0x0, 0x0, 0xd, 0xfe, 0x0,
    0x0, 0xf, 0xfe, 0x0, 0x18, 0xcf, 0xfd, 0x0,
    0x3f, 0xff, 0xf9, 0x0, 0x2f, 0xfe, 0xa1, 0x0,

    /* U+007E "~" */
    0x0, 0x8e, 0xea, 0x20, 0x3, 0x40, 0xa, 0xff,
    0xff, 0xfa, 0x9f, 0xf7, 0x1e, 0xfc, 0x9d, 0xff,
    0xff, 0xf4, 0x1, 0x70, 0x0, 0x6d, 0xfc, 0x40,

    /* U+00B0 "°" */
    0x0, 0x6d, 0xfd, 0x70, 0x0, 0x8f, 0xfe, 0xff,
    0x90, 0x2f, 0xe3, 0x2, 0xef, 0x36, 0xf7, 0x0,
    0x6, 0xf7, 0x6f, 0x70, 0x0, 0x6f, 0x72, 0xfe,
    0x30, 0x3e, 0xf3, 0x8, 0xff, 0xff, 0xf9, 0x0,
    0x6, 0xdf, 0xd7, 0x0,

    /* U+2013 "–" */
    0x17, 0x88, 0x88, 0x88, 0x88, 0x33, 0xff, 0xff,
    0xff, 0xff, 0xf7, 0x3f, 0xff, 0xff, 0xff, 0xff,
    0x60,

    /* U+2019 "’" */
    0x9, 0xff, 0x10, 0xef, 0xc0, 0x2f, 0xf5, 0x7,
    0xfe, 0x0, 0xbf, 0x90, 0x6, 0x71, 0x0,

    /* U+2022 "•" */
    0x0, 0x2, 0x10, 0x0, 0x3e, 0xff, 0x90, 0xd,
    0xff, 0xff, 0x62, 0xff, 0xff, 0xfa, 0x2f, 0xff,
    0xff, 0xa0, 0xbf, 0xff, 0xf4, 0x1, 0xaf, 0xd5,
    0x0,

    /* U+F001 "" */
    0x0, 0x0, 0x0, 0x0, 0x0, 0x0, 0x0, 0x0,
    0x0, 0x0, 0x0, 0x0, 0x0, 0x0, 0x0, 0x0,
    0x0, 0x0, 0x0, 0x0, 0x0, 0x2, 0x7b, 0xe8,
    0x0, 0x0, 0x0, 0x0, 0x0, 0x0, 0x0, 0x0,
    0x49, 0xdf, 0xff, 0xff, 0x0, 0x0, 0x0, 0x0,
    0x0, 0x0, 0x16, 0xbf, 0xff, 0xff, 0xff, 0xff,
    0x0, 0x0, 0x0, 0x0, 0x3, 0x8c, 0xff, 0xff,
    0xff, 0xff, 0xff, 0xff, 0x0, 0x0, 0x0, 0x3a,
    0xef, 0xff, 0xff, 0xff, 0xff, 0xff, 0xff, 0xff,
    0x0, 0x0, 0x0, 0xef, 0xff, 0xff, 0xff, 0xff,
    0xff, 0xff, 0xff, 0xff, 0x0, 0x0, 0x0, 0xff,
    0xff, 0xff, 0xff, 0xff, 0xff, 0xff, 0xaf, 0xff,
    0x0, 0x0, 0x0, 0xff, 0xff, 0xff, 0xff, 0xff,
    0xd8, 0x40, 0xf, 0xff, 0x0, 0x0, 0x0, 0xff,
    0xff, 0xff, 0xfb, 0x62, 0x0, 0x0, 0xf, 0xff,
    0x0, 0x0, 0x0, 0xff, 0xfe, 0x94, 0x0, 0x0,
    0x0, 0x0, 0xf, 0xff, 0x0, 0x0, 0x0, 0xff,
    0xf0, 0x0, 0x0, 0x0, 0x0, 0x0, 0xf, 0xff,
    0x0, 0x0, 0x0, 0xff, 0xf0, 0x0, 0x0, 0x0,
    0x0, 0x0, 0xf, 0xff, 0x0, 0x0, 0x0, 0xff,
    0xf0, 0x0, 0x0, 0x0, 0x0, 0x0, 0xf, 0xff,
    0x0, 0x0, 0x0, 0xff, 0xf0, 0x0, 0x0, 0x0,
    0x0, 0x0, 0xf, 0xff, 0x0, 0x0, 0x0, 0xff,
    0xf0, 0x0, 0x0, 0x0, 0x0, 0x0, 0xf, 0xff,
    0x0, 0x0, 0x0, 0xff, 0xf0, 0x0, 0x0, 0x0,
    0x3a, 0xdf, 0xdf, 0xff, 0x0, 0x0, 0x0, 0xff,
    0xf0, 0x0, 0x0, 0x6, 0xff, 0xff, 0xff, 0xff,
    0x0, 0x0, 0x0, 0xff, 0xf0, 0x0, 0x0, 0xe,
    0xff, 0xff, 0xff, 0xff, 0x3, 0xad, 0xfd, 0xff,
    0xf0, 0x0, 0x0, 0xe, 0xff, 0xff, 0xff, 0xfe,
    0x6f, 0xff, 0xff, 0xff, 0xf0, 0x0, 0x0, 0x6,
    0xff, 0xff, 0xff, 0xf6, 0xef, 0xff, 0xff, 0xff,
    0xf0, 0x0, 0x0, 0x0, 0x3a, 0xef, 0xea, 0x30,
    0xef, 0xff, 0xff, 0xff, 0xe0, 0x0, 0x0, 0x0,
    0x0, 0x0, 0x0, 0x0, 0x6f, 0xff, 0xff, 0xff,
    0x60, 0x0, 0x0, 0x0, 0x0, 0x0, 0x0, 0x0,
    0x3, 0xae, 0xfe, 0xa3, 0x0, 0x0, 0x0, 0x0,
    0x0, 0x0, 0x0, 0x0,

    /* U+F004 "" */
    0x0, 0x0, 0x3, 0x67, 0x51, 0x0, 0x0, 0x0,
    0x15, 0x76, 0x30, 0x0, 0x0, 0x0, 0x2, 0xcf,
    0xff, 0xff, 0x91, 0x0, 0x19, 0xff, 0xff, 0xfc,
    0x20, 0x0, 0x0, 0x3f, 0xff, 0xff, 0xff, 0xfd,
    0x12, 0xdf, 0xff, 0xff, 0xff, 0xf3, 0x0, 0x1,
    0xef, 0xff, 0xff, 0xff, 0xff, 0xde, 0xff, 0xff,
    0xff, 0xff, 0xfe, 0x10, 0x7, 0xff, 0xff, 0xff,
    0xff, 0xff, 0xff, 0xff, 0xff, 0xff, 0xff, 0xff,
    0x70, 0xc, 0xff, 0xff, 0xff, 0xff, 0xff, 0xff,
    0xff, 0xff, 0xff, 0xff, 0xff, 0xc0, 0xf, 0xff,
    0xff, 0xff, 0xff, 0xff, 0xff, 0xff, 0xff, 0xff,
    0xff, 0xff, 0xf0, 0xf, 0xff, 0xff, 0xff, 0xff,
    0xff, 0xff, 0xff, 0xff, 0xff, 0xff, 0xff, 0xf0,
    0xd, 0xff, 0xff, 0xff, 0xff, 0xff, 0xff, 0xff,
    0xff, 0xff, 0xff, 0xff, 0xd0, 0x8, 0xff, 0xff,
    0xff, 0xff, 0xff, 0xff, 0xff, 0xff, 0xff, 0xff,
    0xff, 0x80, 0x1, 0xef, 0xff, 0xff, 0xff, 0xff,
    0xff, 0xff, 0xff, 0xff, 0xff, 0xfe, 0x10, 0x0,
    0x4f, 0xff, 0xff, 0xff, 0xff, 0xff, 0xff, 0xff,
    0xff, 0xff, 0xf4, 0x0, 0x0, 0x5, 0xff, 0xff,
    0xff, 0xff, 0xff, 0xff, 0xff, 0xff, 0xff, 0x50,
    0x0, 0x0, 0x0, 0x5f, 0xff, 0xff, 0xff, 0xff,
    0xff, 0xff, 0xff, 0xf5, 0x0, 0x0, 0x0, 0x0,
    0x6, 0xff, 0xff, 0xff, 0xff, 0xff, 0xff, 0xff,
    0x60, 0x0, 0x0, 0x0, 0x0, 0x0, 0x6f, 0xff,
    0xff, 0xff, 0xff, 0xff, 0xf6, 0x0, 0x0, 0x0,
    0x0, 0x0, 0x0, 0x7, 0xff, 0xff, 0xff, 0xff,
    0xff, 0x70, 0x0, 0x0, 0x0, 0x0, 0x0, 0x0,
    0x0, 0x7f, 0xff, 0xff, 0xff, 0xf7, 0x0, 0x0,
    0x0, 0x0, 0x0, 0x0, 0x0, 0x0, 0x8, 0xff,
    0xff, 0xff, 0x80, 0x0, 0x0, 0x0, 0x0, 0x0,
    0x0, 0x0, 0x0, 0x0, 0x8f, 0xff, 0xf8, 0x0,
    0x0, 0x0, 0x0, 0x0, 0x0, 0x0, 0x0, 0x0,
    0x0, 0x9, 0xff, 0x90, 0x0, 0x0, 0x0, 0x0,
    0x0, 0x0, 0x0, 0x0, 0x0, 0x0, 0x0, 0x55,
    0x0, 0x0, 0x0, 0x0, 0x0, 0x0,

    /* U+F005 "" */
    0x0, 0x0, 0x0, 0x0, 0x0, 0x0, 0x8e, 0x80,
    0x0, 0x0, 0x0, 0x0, 0x0, 0x0, 0x0, 0x0,
    0x0, 0x0, 0x0, 0x2f, 0xff, 0x20, 0x0, 0x0,
    0x0, 0x0, 0x0, 0x0, 0x0, 0x0, 0x0, 0x0,
    0xa, 0xff, 0xfa, 0x0, 0x0, 0x0, 0x0, 0x0,
    0x0, 0x0, 0x0, 0x0, 0x0, 0x2, 0xff, 0xff,
    0xf2, 0x0, 0x0, 0x0, 0x0, 0x0, 0x0, 0x0,
    0x0, 0x0, 0x0, 0xaf, 0xff, 0xff, 0xa0, 0x0,
    0x0, 0x0, 0x0, 0x0, 0x0, 0x0, 0x0, 0x0,
    0x2f, 0xff, 0xff, 0xff, 0x20, 0x0, 0x0, 0x0,
    0x0, 0x0, 0x0, 0x0, 0x0, 0xa, 0xff, 0xff,
    0xff, 0xfa, 0x0, 0x0, 0x0, 0x0, 0x0, 0x0,
    0x14, 0x69, 0xbe, 0xff, 0xff, 0xff, 0xff, 0xfe,
    0xb9, 0x64, 0x10, 0x0, 0x8, 0xff, 0xff, 0xff,
    0xff, 0xff, 0xff, 0xff, 0xff, 0xff, 0xff, 0xff,
    0xf8, 0x0, 0xff, 0xff, 0xff, 0xff, 0xff, 0xff,
    0xff, 0xff, 0xff, 0xff, 0xff, 0xff, 0xf0, 0x9,
    0xff, 0xff, 0xff, 0xff, 0xff, 0xff, 0xff, 0xff,
    0xff, 0xff, 0xff, 0xf9, 0x0, 0xa, 0xff, 0xff,
    0xff, 0xff, 0xff, 0xff, 0xff, 0xff, 0xff, 0xff,
    0xfa, 0x0, 0x0, 0x9, 0xff, 0xff, 0xff, 0xff,
    0xff, 0xff, 0xff, 0xff, 0xff, 0xf9, 0x0, 0x0,
    0x0, 0x9, 0xff, 0xff, 0xff, 0xff, 0xff, 0xff,
    0xff, 0xff, 0xf9, 0x0, 0x0, 0x0, 0x0, 0x9,
    0xff, 0xff, 0xff, 0xff, 0xff, 0xff, 0xff, 0xf9,
    0x0, 0x0, 0x0, 0x0, 0x0, 0xb, 0xff, 0xff,
    0xff, 0xff, 0xff, 0xff, 0xfb, 0x0, 0x0, 0x0,
    0x0, 0x0, 0x0, 0xdf, 0xff, 0xff, 0xff, 0xff,
    0xff, 0xff, 0xc0, 0x0, 0x0, 0x0, 0x0, 0x0,
    0xf, 0xff, 0xff, 0xff, 0xff, 0xff, 0xff, 0xff,
    0x0, 0x0, 0x0, 0x0, 0x0, 0x2, 0xff, 0xff,
    0xff, 0xff, 0xff, 0xff, 0xff, 0xf2, 0x0, 0x0,
    0x0, 0x0, 0x0, 0x5f, 0xff, 0xff, 0xff, 0xff,
    0xff, 0xff, 0xff, 0x50, 0x0, 0x0, 0x0, 0x0,
    0x7, 0xff, 0xff, 0xff, 0xfc, 0xff, 0xff, 0xff,
    0xf7, 0x0, 0x0, 0x0, 0x0, 0x0, 0xaf, 0xff,
    0xff, 0xa2, 0x2, 0xaf, 0xff, 0xff, 0xa0, 0x0,
    0x0, 0x0, 0x0, 0xc, 0xff, 0xfb, 0x30, 0x0,
    0x0, 0x3b, 0xff, 0xfc, 0x0, 0x0, 0x0, 0x0,
    0x0, 0x5f, 0xb3, 0x0, 0x0, 0x0, 0x0, 0x3,
    0xbe, 0x50, 0x0, 0x0, 0x0, 0x0, 0x0, 0x0,
    0x0, 0x0, 0x0, 0x0, 0x0, 0x0, 0x0, 0x0,
    0x0, 0x0,

    /* U+F008 "" */
    0xb7, 0x0, 0xbf, 0xff, 0xff, 0xff, 0xff, 0xff,
    0xff, 0xf4, 0x0, 0x7b, 0xfd, 0x88, 0xef, 0xff,
    0xff, 0xff, 0xff, 0xff, 0xff, 0xfb, 0x88, 0xdf,
    0xff, 0xff, 0xff, 0xb4, 0x44, 0x44, 0x44, 0x44,
    0x5f, 0xff, 0xff, 0xff, 0xf9, 0x0, 0xcf, 0x80,
    0x0, 0x0, 0x0, 0x0, 0xf, 0xf5, 0x0, 0x9f,
    0xf8, 0x0, 0xbf, 0x80, 0x0, 0x0, 0x0, 0x0,
    0xf, 0xf4, 0x0, 0x8f, 0xf9, 0x0, 0xcf, 0x80,
    0x0, 0x0, 0x0, 0x0, 0xf, 0xf5, 0x0, 0x9f,
    0xff, 0xff, 0xff, 0x80, 0x0, 0x0, 0x0, 0x0,
    0xf, 0xff, 0xff, 0xff, 0xfd, 0x88, 0xef, 0xa2,
    0x22, 0x22, 0x22, 0x22, 0x3f, 0xfb, 0x88, 0xdf,
    0xf8, 0x0, 0xbf, 0xff, 0xff, 0xff, 0xff, 0xff,
    0xff, 0xf4, 0x0, 0x8f, 0xf8, 0x0, 0xbf, 0xff,
    0xff, 0xff, 0xff, 0xff, 0xff, 0xf4, 0x0, 0x8f,
    0xfd, 0x88, 0xef, 0xa2, 0x22, 0x22, 0x22, 0x22,
    0x3f, 0xfb, 0x88, 0xdf, 0xff, 0xff, 0xff, 0x80,
    0x0, 0x0, 0x0, 0x0, 0xf, 0xff, 0xff, 0xff,
    0xf9, 0x0, 0xcf, 0x80, 0x0, 0x0, 0x0, 0x0,
    0xf, 0xf5, 0x0, 0x9f, 0xf8, 0x0, 0xbf, 0x80,
    0x0, 0x0, 0x0, 0x0, 0xf, 0xf4, 0x0, 0x8f,
    0xf9, 0x0, 0xcf, 0x80, 0x0, 0x0, 0x0, 0x0,
    0xf, 0xf5, 0x0, 0x9f, 0xff, 0xff, 0xff, 0xb4,
    0x44, 0x44, 0x44, 0x44, 0x5f, 0xff, 0xff, 0xff,
    0xfd, 0x88, 0xef, 0xff, 0xff, 0xff, 0xff, 0xff,
    0xff, 0xfb, 0x88, 0xdf, 0xb7, 0x0, 0xbf, 0xff,
    0xff, 0xff, 0xff, 0xff, 0xff, 0xf4, 0x0, 0x7b,

    /* U+F00B "" */
    0x14, 0x44, 0x44, 0x10, 0x3, 0x44, 0x44, 0x44,
    0x44, 0x44, 0x44, 0x41, 0xef, 0xff, 0xff, 0xe0,
    0x6f, 0xff, 0xff, 0xff, 0xff, 0xff, 0xff, 0xfe,
    0xff, 0xff, 0xff, 0xf0, 0x8f, 0xff, 0xff, 0xff,
    0xff, 0xff, 0xff, 0xff, 0xff, 0xff, 0xff, 0xf0,
    0x8f, 0xff, 0xff, 0xff, 0xff, 0xff, 0xff, 0xff,
    0xff, 0xff, 0xff, 0xf0, 0x8f, 0xff, 0xff, 0xff,
    0xff, 0xff, 0xff, 0xff, 0xff, 0xff, 0xff, 0xf0,
    0x8f, 0xff, 0xff, 0xff, 0xff, 0xff, 0xff, 0xff,
    0x7b, 0xbb, 0xbb, 0x60, 0x2a, 0xbb, 0xbb, 0xbb,
    0xbb, 0xbb, 0xbb, 0xb7, 0x0, 0x0, 0x0, 0x0,
    0x0, 0x0, 0x0, 0x0, 0x0, 0x0, 0x0, 0x0,
    0xbf, 0xff, 0xff, 0xb0, 0x4f, 0xff, 0xff, 0xff,
    0xff, 0xff, 0xff, 0xfb, 0xff, 0xff, 0xff, 0xf0,
    0x8f, 0xff, 0xff, 0xff, 0xff, 0xff, 0xff, 0xff,
    0xff, 0xff, 0xff, 0xf0, 0x8f, 0xff, 0xff, 0xff,
    0xff, 0xff, 0xff, 0xff, 0xff, 0xff, 0xff, 0xf0,
    0x8f, 0xff, 0xff, 0xff, 0xff, 0xff, 0xff, 0xff,
    0xff, 0xff, 0xff, 0xf0, 0x8f, 0xff, 0xff, 0xff,
    0xff, 0xff, 0xff, 0xff, 0xbf, 0xff, 0xff, 0xb0,
    0x4f, 0xff, 0xff, 0xff, 0xff, 0xff, 0xff, 0xfb,
    0x0, 0x0, 0x0, 0x0, 0x0, 0x0, 0x0, 0x0,
    0x0, 0x0, 0x0, 0x0, 0x14, 0x44, 0x44, 0x10,
    0x3, 0x44, 0x44, 0x44, 0x44, 0x44, 0x44, 0x41,
    0xef, 0xff, 0xff, 0xe0, 0x6f, 0xff, 0xff, 0xff,
    0xff, 0xff, 0xff, 0xfe, 0xff, 0xff, 0xff, 0xf0,
    0x8f, 0xff, 0xff, 0xff, 0xff, 0xff, 0xff, 0xff,
    0xff, 0xff, 0xff, 0xf0, 0x8f, 0xff, 0xff, 0xff,
    0xff, 0xff, 0xff, 0xff, 0xff, 0xff, 0xff, 0xf0,
    0x8f, 0xff, 0xff, 0xff, 0xff, 0xff, 0xff, 0xff,
    0xff, 0xff, 0xff, 0xf0, 0x8f, 0xff, 0xff, 0xff,
    0xff, 0xff, 0xff, 0xff, 0x7b, 0xbb, 0xbb, 0x60,
    0x2a, 0xbb, 0xbb, 0xbb, 0xbb, 0xbb, 0xbb, 0xb7,

    /* U+F00C "" */
    0x0, 0x0, 0x0, 0x0, 0x0, 0x0, 0x0, 0x0,
    0x0, 0x0, 0xbd, 0x20, 0x0, 0x0, 0x0, 0x0,
    0x0, 0x0, 0x0, 0x0, 0x0, 0xc, 0xff, 0xe2,
    0x0, 0x0, 0x0, 0x0, 0x0, 0x0, 0x0, 0x0,
    0x0, 0xcf, 0xff, 0xfd, 0x0, 0x0, 0x0, 0x0,
    0x0, 0x0, 0x0, 0x0, 0xc, 0xff, 0xff, 0xfd,
    0x0, 0x0, 0x0, 0x0, 0x0, 0x0, 0x0, 0x0,
    0xcf, 0xff, 0xff, 0xd1, 0x0, 0x0, 0x0, 0x0,
    0x0, 0x0, 0x0, 0xc, 0xff, 0xff, 0xfd, 0x10,
    0x2, 0xdb, 0x0, 0x0, 0x0, 0x0, 0x0, 0xcf,
    0xff, 0xff, 0xd1, 0x0, 0x2e, 0xff, 0xc0, 0x0,
    0x0, 0x0, 0xc, 0xff, 0xff, 0xfd, 0x10, 0x0,
    0xdf, 0xff, 0xfc, 0x0, 0x0, 0x0, 0xcf, 0xff,
    0xff, 0xd1, 0x0, 0x0, 0xdf, 0xff, 0xff, 0xc0,
    0x0, 0xc, 0xff, 0xff, 0xfd, 0x10, 0x0, 0x0,
    0x1d, 0xff, 0xff, 0xfc, 0x0, 0xcf, 0xff, 0xff,
    0xd1, 0x0, 0x0, 0x0, 0x1, 0xdf, 0xff, 0xff,
    0xcc, 0xff, 0xff, 0xfd, 0x10, 0x0, 0x0, 0x0,
    0x0, 0x1d, 0xff, 0xff, 0xff, 0xff, 0xff, 0xd1,
    0x0, 0x0, 0x0, 0x0, 0x0, 0x1, 0xdf, 0xff,
    0xff, 0xff, 0xfd, 0x10, 0x0, 0x0, 0x0, 0x0,
    0x0, 0x0, 0x1d, 0xff, 0xff, 0xff, 0xd1, 0x0,
    0x0, 0x0, 0x0, 0x0, 0x0, 0x0, 0x1, 0xdf,
    0xff, 0xfd, 0x10, 0x0, 0x0, 0x0, 0x0, 0x0,
    0x0, 0x0, 0x0, 0x1d, 0xff, 0xd1, 0x0, 0x0,
    0x0, 0x0, 0x0, 0x0, 0x0, 0x0, 0x0, 0x1,
    0xcc, 0x10, 0x0, 0x0, 0x0, 0x0, 0x0, 0x0,

    /* U+F00D "" */
    0x1, 0x41, 0x0, 0x0, 0x0, 0x0, 0x3, 0x30,
    0x1, 0xdf, 0xd1, 0x0, 0x0, 0x0, 0x7, 0xff,
    0x70, 0xcf, 0xff, 0xd1, 0x0, 0x0, 0x7, 0xff,
    0xff, 0x4e, 0xff, 0xff, 0xd1, 0x0, 0x7, 0xff,
    0xff, 0xf6, 0x4f, 0xff, 0xff, 0xd1, 0x7, 0xff,
    0xff, 0xfb, 0x0, 0x4f, 0xff, 0xff, 0xd8, 0xff,
    0xff, 0xfb, 0x0, 0x0, 0x4f, 0xff, 0xff, 0xff,
    0xff, 0xfb, 0x0, 0x0, 0x0, 0x4f, 0xff, 0xff,
    0xff, 0xfb, 0x0, 0x0, 0x0, 0x0, 0x4f, 0xff,
    0xff, 0xfc, 0x0, 0x0, 0x0, 0x0, 0x7, 0xff,
    0xff, 0xff, 0xd1, 0x0, 0x0, 0x0, 0x7, 0xff,
    0xff, 0xff, 0xff, 0xd1, 0x0, 0x0, 0x7, 0xff,
    0xff, 0xff, 0xff, 0xff, 0xd1, 0x0, 0x7, 0xff,
    0xff, 0xfb, 0x5f, 0xff, 0xff, 0xd1, 0x7, 0xff,
    0xff, 0xfb, 0x0, 0x4f, 0xff, 0xff, 0xd1, 0xff,
    0xff, 0xfb, 0x0, 0x0, 0x4f, 0xff, 0xff, 0x7a,
    0xff, 0xfb, 0x0, 0x0, 0x0, 0x4f, 0xff, 0xf3,
    0xb, 0xfb, 0x0, 0x0, 0x0, 0x0, 0x4f, 0xf4,
    0x0, 0x1, 0x0, 0x0, 0x0, 0x0, 0x0, 0x0,
    0x0,

    /* U+F011 "" */
    0x0, 0x0, 0x0, 0x0, 0x0, 0xaf, 0xf8, 0x0,
    0x0, 0x0, 0x0, 0x0, 0x0, 0x0, 0x0, 0x0,
    0x0, 0xef, 0xfd, 0x0, 0x0, 0x0, 0x0, 0x0,
    0x0, 0x0, 0x8, 0x60, 0x0, 0xef, 0xfd, 0x0,
    0x7, 0x70, 0x0, 0x0, 0x0, 0x1, 0xcf, 0xf3,
    0x0, 0xef, 0xfd, 0x0, 0x5f, 0xfb, 0x0, 0x0,
    0x0, 0xc, 0xff, 0xfb, 0x0, 0xef, 0xfd, 0x0,
    0xcf, 0xff, 0xb0, 0x0, 0x0, 0x9f, 0xff, 0xf6,
    0x0, 0xef, 0xfd, 0x0, 0x7f, 0xff, 0xf7, 0x0,
    0x3, 0xff, 0xff, 0x60, 0x0, 0xef, 0xfd, 0x0,
    0x8, 0xff, 0xff, 0x20, 0xa, 0xff, 0xf9, 0x0,
    0x0, 0xef, 0xfd, 0x0, 0x0, 0xbf, 0xff, 0x90,
    0x1f, 0xff, 0xe0, 0x0, 0x0, 0xef, 0xfd, 0x0,
    0x0, 0x1f, 0xff, 0xf0, 0x5f, 0xff, 0x90, 0x0,
    0x0, 0xef, 0xfd, 0x0, 0x0, 0xa, 0xff, 0xf3,
    0x8f, 0xff, 0x40, 0x0, 0x0, 0xef, 0xfd, 0x0,
    0x0, 0x6, 0xff, 0xf6, 0x9f, 0xff, 0x20, 0x0,
    0x0, 0xef, 0xfd, 0x0, 0x0, 0x4, 0xff, 0xf8,
    0x9f, 0xff, 0x20, 0x0, 0x0, 0xef, 0xfc, 0x0,
    0x0, 0x4, 0xff, 0xf7, 0x8f, 0xff, 0x40, 0x0,
    0x0, 0x37, 0x72, 0x0, 0x0, 0x6, 0xff, 0xf6,
    0x5f, 0xff, 0x80, 0x0, 0x0, 0x0, 0x0, 0x0,
    0x0, 0xa, 0xff, 0xf4, 0x1f, 0xff, 0xe0, 0x0,
    0x0, 0x0, 0x0, 0x0, 0x0, 0x1f, 0xff, 0xf0,
    0xb, 0xff, 0xf8, 0x0, 0x0, 0x0, 0x0, 0x0,
    0x0, 0xaf, 0xff, 0xa0, 0x3, 0xff, 0xff, 0x60,
    0x0, 0x0, 0x0, 0x0, 0x7, 0xff, 0xff, 0x20,
    0x0, 0xaf, 0xff, 0xf8, 0x0, 0x0, 0x0, 0x1,
    0x9f, 0xff, 0xf8, 0x0, 0x0, 0xd, 0xff, 0xff,
    0xe8, 0x42, 0x24, 0x9e, 0xff, 0xff, 0xb0, 0x0,
    0x0, 0x1, 0xdf, 0xff, 0xff, 0xff, 0xff, 0xff,
    0xff, 0xfb, 0x10, 0x0, 0x0, 0x0, 0xa, 0xff,
    0xff, 0xff, 0xff, 0xff, 0xff, 0x90, 0x0, 0x0,
    0x0, 0x0, 0x0, 0x3b, 0xff, 0xff, 0xff, 0xff,
    0xb3, 0x0, 0x0, 0x0, 0x0, 0x0, 0x0, 0x0,
    0x15, 0x89, 0x97, 0x51, 0x0, 0x0, 0x0, 0x0,

    /* U+F013 "" */
    0x0, 0x0, 0x0, 0x0, 0x4, 0x89, 0x98, 0x40,
    0x0, 0x0, 0x0, 0x0, 0x0, 0x0, 0x0, 0x0,
    0xf, 0xff, 0xff, 0xf0, 0x0, 0x0, 0x0, 0x0,
    0x0, 0x0, 0x0, 0x0, 0xf, 0xff, 0xff, 0xf0,
    0x0, 0x0, 0x0, 0x0, 0x0, 0x0, 0x0, 0x0,
    0x4f, 0xff, 0xff, 0xf4, 0x0, 0x0, 0x0, 0x0,
    0x0, 0xc, 0xc3, 0x2c, 0xff, 0xff, 0xff, 0xff,
    0xc2, 0x3c, 0xc0, 0x0, 0x0, 0x8f, 0xff, 0xff,
    0xff, 0xff, 0xff, 0xff, 0xff, 0xff, 0xf8, 0x0,
    0x3, 0xff, 0xff, 0xff, 0xff, 0xff, 0xff, 0xff,
    0xff, 0xff, 0xff, 0x30, 0xa, 0xff, 0xff, 0xff,
    0xff, 0xff, 0xff, 0xff, 0xff, 0xff, 0xff, 0xa0,
    0xf, 0xff, 0xff, 0xff, 0xff, 0x94, 0x49, 0xff,
    0xff, 0xff, 0xff, 0xf0, 0x6, 0xef, 0xff, 0xff,
    0xf4, 0x0, 0x0, 0x4f, 0xff, 0xff, 0xfe, 0x60,
    0x0, 0x1e, 0xff, 0xff, 0x90, 0x0, 0x0, 0x9,
    0xff, 0xff, 0xe1, 0x0, 0x0, 0xf, 0xff, 0xff,
    0x40, 0x0, 0x0, 0x4, 0xff, 0xff, 0xf0, 0x0,
    0x0, 0xf, 0xff, 0xff, 0x40, 0x0, 0x0, 0x4,
    0xff, 0xff, 0xf0, 0x0, 0x0, 0x1e, 0xff, 0xff,
    0x90, 0x0, 0x0, 0x9, 0xff, 0xff, 0xe1, 0x0,
    0x6, 0xef, 0xff, 0xff, 0xf4, 0x0, 0x0, 0x4f,
    0xff, 0xff, 0xfe, 0x60, 0xf, 0xff, 0xff, 0xff,
    0xff, 0x94, 0x49, 0xff, 0xff, 0xff, 0xff, 0xf0,
    0xa, 0xff, 0xff, 0xff, 0xff, 0xff, 0xff, 0xff,
    0xff, 0xff, 0xff, 0xa0, 0x3, 0xff, 0xff, 0xff,
    0xff, 0xff, 0xff, 0xff, 0xff, 0xff, 0xff, 0x30,
    0x0, 0x8f, 0xff, 0xff, 0xff, 0xff, 0xff, 0xff,
    0xff, 0xff, 0xf8, 0x0, 0x0, 0xc, 0xc3, 0x2c,
    0xff, 0xff, 0xff, 0xff, 0xc2, 0x3c, 0xc0, 0x0,
    0x0, 0x0, 0x0, 0x0, 0x4f, 0xff, 0xff, 0xf4,
    0x0, 0x0, 0x0, 0x0, 0x0, 0x0, 0x0, 0x0,
    0xf, 0xff, 0xff, 0xf0, 0x0, 0x0, 0x0, 0x0,
    0x0, 0x0, 0x0, 0x0, 0xf, 0xff, 0xff, 0xf0,
    0x0, 0x0, 0x0, 0x0, 0x0, 0x0, 0x0, 0x0,
    0x4, 0x89, 0x98, 0x40, 0x0, 0x0, 0x0, 0x0,

    /* U+F015 "" */
    0x0, 0x0, 0x0, 0x0, 0x0, 0x0, 0x13, 0x10,
    0x0, 0x2, 0x44, 0x20, 0x0, 0x0, 0x0, 0x0,
    0x0, 0x0, 0x0, 0x5f, 0xfe, 0x40, 0x0, 0xdf,
    0xfd, 0x0, 0x0, 0x0, 0x0, 0x0, 0x0, 0x0,
    0x7f, 0xff, 0xff, 0x70, 0xe, 0xff, 0xe0, 0x0,
    0x0, 0x0, 0x0, 0x0, 0x0, 0xaf, 0xff, 0xff,
    0xff, 0xa0, 0xef, 0xfe, 0x0, 0x0, 0x0, 0x0,
    0x0, 0x1, 0xcf, 0xff, 0xb3, 0xbf, 0xff, 0xce,
    0xff, 0xe0, 0x0, 0x0, 0x0, 0x0, 0x3, 0xef,
    0xff, 0x90, 0x0, 0x9f, 0xff, 0xff, 0xfe, 0x0,
    0x0, 0x0, 0x0, 0x6, 0xff, 0xff, 0x60, 0x5d,
    0x50, 0x6f, 0xff, 0xff, 0xe0, 0x0, 0x0, 0x0,
    0x8, 0xff, 0xfe, 0x30, 0x8f, 0xff, 0x80, 0x3e,
    0xff, 0xfe, 0x0, 0x0, 0x0, 0x1b, 0xff, 0xfd,
    0x20, 0xaf, 0xff, 0xff, 0xa0, 0x2d, 0xff, 0xfb,
    0x0, 0x0, 0x2d, 0xff, 0xfb, 0x1, 0xcf, 0xff,
    0xff, 0xff, 0xc1, 0xb, 0xff, 0xfd, 0x20, 0x4f,
    0xff, 0xf8, 0x3, 0xef, 0xff, 0xff, 0xff, 0xff,
    0xe3, 0x8, 0xff, 0xfe, 0x4e, 0xff, 0xf5, 0x5,
    0xff, 0xff, 0xff, 0xff, 0xff, 0xff, 0xf5, 0x5,
    0xff, 0xfe, 0x4f, 0xe3, 0x8, 0xff, 0xff, 0xff,
    0xff, 0xff, 0xff, 0xff, 0xf8, 0x3, 0xef, 0x40,
    0x41, 0x7, 0xff, 0xff, 0xff, 0xff, 0xff, 0xff,
    0xff, 0xff, 0xf7, 0x1, 0x40, 0x0, 0x0, 0x8f,
    0xff, 0xff, 0xff, 0xff, 0xff, 0xff, 0xff, 0xff,
    0x80, 0x0, 0x0, 0x0, 0x8, 0xff, 0xff, 0xff,
    0xeb, 0xbb, 0xef, 0xff, 0xff, 0xf8, 0x0, 0x0,
    0x0, 0x0, 0x8f, 0xff, 0xff, 0xf4, 0x0, 0x4,
    0xff, 0xff, 0xff, 0x80, 0x0, 0x0, 0x0, 0x8,
    0xff, 0xff, 0xff, 0x40, 0x0, 0x4f, 0xff, 0xff,
    0xf8, 0x0, 0x0, 0x0, 0x0, 0x8f, 0xff, 0xff,
    0xf4, 0x0, 0x4, 0xff, 0xff, 0xff, 0x80, 0x0,
    0x0, 0x0, 0x8, 0xff, 0xff, 0xff, 0x40, 0x0,
    0x4f, 0xff, 0xff, 0xf8, 0x0, 0x0, 0x0, 0x0,
    0x7f, 0xff, 0xff, 0xf3, 0x0, 0x3, 0xff, 0xff,
    0xff, 0x70, 0x0, 0x0, 0x0, 0x3, 0xbb, 0xbb,
    0xba, 0x10, 0x0, 0x1a, 0xbb, 0xbb, 0xb3, 0x0,
    0x0,

    /* U+F017 "" */
    0x0, 0x0, 0x0, 0x0, 0x15, 0x68, 0x76, 0x20,
    0x0, 0x0, 0x0, 0x0, 0x0, 0x0, 0x0, 0x4c,
    0xff, 0xff, 0xff, 0xfd, 0x70, 0x0, 0x0, 0x0,
    0x0, 0x0, 0x1b, 0xff, 0xff, 0xff, 0xff, 0xff,
    0xfe, 0x40, 0x0, 0x0, 0x0, 0x2, 0xef, 0xff,
    0xff, 0xff, 0xff, 0xff, 0xff, 0xf6, 0x0, 0x0,
    0x0, 0x1e, 0xff, 0xff, 0xff, 0xff, 0xff, 0xff,
    0xff, 0xff, 0x50, 0x0, 0x0, 0xcf, 0xff, 0xff,
    0xff, 0x20, 0xc, 0xff, 0xff, 0xff, 0xf2, 0x0,
    0x6, 0xff, 0xff, 0xff, 0xff, 0x10, 0xc, 0xff,
    0xff, 0xff, 0xfb, 0x0, 0xe, 0xff, 0xff, 0xff,
    0xff, 0x10, 0xc, 0xff, 0xff, 0xff, 0xff, 0x40,
    0x4f, 0xff, 0xff, 0xff, 0xff, 0x10, 0xc, 0xff,
    0xff, 0xff, 0xff, 0x90, 0x8f, 0xff, 0xff, 0xff,
    0xff, 0x10, 0xc, 0xff, 0xff, 0xff, 0xff, 0xe0,
    0xbf, 0xff, 0xff, 0xff, 0xff, 0x10, 0xc, 0xff,
    0xff, 0xff, 0xff, 0xf0, 0xcf, 0xff, 0xff, 0xff,
    0xff, 0x10, 0xb, 0xff, 0xff, 0xff, 0xff, 0xf2,
    0xcf, 0xff, 0xff, 0xff, 0xff, 0x10, 0x3, 0xdf,
    0xff, 0xff, 0xff, 0xf2, 0xbf, 0xff, 0xff, 0xff,
    0xff, 0x30, 0x0, 0x9, 0xff, 0xff, 0xff, 0xf0,
    0x9f, 0xff, 0xff, 0xff, 0xff, 0xe3, 0x0, 0x0,
    0xaf, 0xff, 0xff, 0xe0, 0x5f, 0xff, 0xff, 0xff,
    0xff, 0xff, 0x70, 0x1, 0xff, 0xff, 0xff, 0xa0,
    0xf, 0xff, 0xff, 0xff, 0xff, 0xff, 0xfb, 0x1c,
    0xff, 0xff, 0xff, 0x50, 0x8, 0xff, 0xff, 0xff,
    0xff, 0xff, 0xff, 0xff, 0xff, 0xff, 0xfd, 0x0,
    0x0, 0xef, 0xff, 0xff, 0xff, 0xff, 0xff, 0xff,
    0xff, 0xff, 0xf4, 0x0, 0x0, 0x3f, 0xff, 0xff,
    0xff, 0xff, 0xff, 0xff, 0xff, 0xff, 0x70, 0x0,
    0x0, 0x4, 0xff, 0xff, 0xff, 0xff, 0xff, 0xff,
    0xff, 0xf9, 0x0, 0x0, 0x0, 0x0, 0x2d, 0xff,
    0xff, 0xff, 0xff, 0xff, 0xff, 0x60, 0x0, 0x0,
    0x0, 0x0, 0x0, 0x7e, 0xff, 0xff, 0xff, 0xff,
    0xa1, 0x0, 0x0, 0x0, 0x0, 0x0, 0x0, 0x0,
    0x37, 0x9a, 0xa8, 0x50, 0x0, 0x0, 0x0, 0x0,

    /* U+F019 "" */
    0x0, 0x0, 0x0, 0x0, 0x9, 0xdd, 0xdd, 0x90,
    0x0, 0x0, 0x0, 0x0, 0x0, 0x0, 0x0, 0x0,
    0xf, 0xff, 0xff, 0xf0, 0x0, 0x0, 0x0, 0x0,
    0x0, 0x0, 0x0, 0x0, 0xf, 0xff, 0xff, 0xf0,
    0x0, 0x0, 0x0, 0x0, 0x0, 0x0, 0x0, 0x0,
    0xf, 0xff, 0xff, 0xf0, 0x0, 0x0, 0x0, 0x0,
    0x0, 0x0, 0x0, 0x0, 0xf, 0xff, 0xff, 0xf0,
    0x0, 0x0, 0x0, 0x0, 0x0, 0x0, 0x0, 0x0,
    0xf, 0xff, 0xff, 0xf0, 0x0, 0x0, 0x0, 0x0,
    0x0, 0x0, 0x0, 0x0, 0xf, 0xff, 0xff, 0xf0,
    0x0, 0x0, 0x0, 0x0, 0x0, 0x0, 0x0, 0x0,
    0xf, 0xff, 0xff, 0xf0, 0x0, 0x0, 0x0, 0x0,
    0x0, 0x0, 0x0, 0x0, 0xf, 0xff, 0xff, 0xf0,
    0x0, 0x0, 0x0, 0x0, 0x0, 0x0, 0xad, 0xdd,
    0xdf, 0xff, 0xff, 0xfd, 0xdd, 0xda, 0x0, 0x0,
    0x0, 0x0, 0xdf, 0xff, 0xff, 0xff, 0xff, 0xff,
    0xff, 0xfd, 0x0, 0x0, 0x0, 0x0, 0x1d, 0xff,
    0xff, 0xff, 0xff, 0xff, 0xff, 0xd1, 0x0, 0x0,
    0x0, 0x0, 0x1, 0xdf, 0xff, 0xff, 0xff, 0xff,
    0xfd, 0x10, 0x0, 0x0, 0x0, 0x0, 0x0, 0x1d,
    0xff, 0xff, 0xff, 0xff, 0xd1, 0x0, 0x0, 0x0,
    0x0, 0x0, 0x0, 0x1, 0xdf, 0xff, 0xff, 0xfd,
    0x10, 0x0, 0x0, 0x0, 0x0, 0x0, 0x0, 0x0,
    0x1d, 0xff, 0xff, 0xd1, 0x0, 0x0, 0x0, 0x0,
    0x25, 0x55, 0x55, 0x55, 0x11, 0xdf, 0xfd, 0x11,
    0x55, 0x55, 0x55, 0x52, 0xef, 0xff, 0xff, 0xff,
    0xd1, 0x1d, 0xd1, 0x1d, 0xff, 0xff, 0xff, 0xfe,
    0xff, 0xff, 0xff, 0xff, 0xfd, 0x10, 0x1, 0xdf,
    0xff, 0xff, 0xff, 0xff, 0xff, 0xff, 0xff, 0xff,
    0xff, 0xf9, 0x9f, 0xff, 0xff, 0xff, 0xff, 0xff,
    0xff, 0xff, 0xff, 0xff, 0xff, 0xff, 0xff, 0xff,
    0xff, 0xff, 0xff, 0xff, 0xff, 0xff, 0xff, 0xff,
    0xff, 0xff, 0xff, 0xff, 0x71, 0xe7, 0x1e, 0xff,
    0xff, 0xff, 0xff, 0xff, 0xff, 0xff, 0xff, 0xff,
    0xb6, 0xfb, 0x6f, 0xff, 0xbf, 0xff, 0xff, 0xff,
    0xff, 0xff, 0xff, 0xff, 0xff, 0xff, 0xff, 0xfb,

    /* U+F01C "" */
    0x0, 0x0, 0x3, 0xcf, 0xff, 0xff, 0xff, 0xff,
    0xff, 0xff, 0xd3, 0x0, 0x0, 0x0, 0x0, 0x1,
    0xef, 0xff, 0xff, 0xff, 0xff, 0xff, 0xff, 0xff,
    0xe1, 0x0, 0x0, 0x0, 0x0, 0xaf, 0xff, 0xff,
    0xff, 0xff, 0xff, 0xff, 0xff, 0xff, 0xa0, 0x0,
    0x0, 0x0, 0x5f, 0xff, 0x40, 0x0, 0x0, 0x0,
    0x0, 0x0, 0x4f, 0xff, 0x50, 0x0, 0x0, 0x1e,
    0xff, 0x90, 0x0, 0x0, 0x0, 0x0, 0x0, 0x0,
    0x9f, 0xfe, 0x10, 0x0, 0xa, 0xff, 0xe0, 0x0,
    0x0, 0x0, 0x0, 0x0, 0x0, 0x0, 0xef, 0xfa,
    0x0, 0x5, 0xff, 0xf4, 0x0, 0x0, 0x0, 0x0,
    0x0, 0x0, 0x0, 0x4, 0xff, 0xf5, 0x1, 0xef,
    0xf9, 0x0, 0x0, 0x0, 0x0, 0x0, 0x0, 0x0,
    0x0, 0x9, 0xff, 0xe1, 0xaf, 0xfe, 0x0, 0x0,
    0x0, 0x0, 0x0, 0x0, 0x0, 0x0, 0x0, 0xe,
    0xff, 0xaf, 0xff, 0xff, 0xff, 0xff, 0x90, 0x0,
    0x0, 0x0, 0xaf, 0xff, 0xff, 0xff, 0xff, 0xff,
    0xff, 0xff, 0xff, 0xff, 0x20, 0x0, 0x0, 0x2f,
    0xff, 0xff, 0xff, 0xff, 0xff, 0xff, 0xff, 0xff,
    0xff, 0xf9, 0x0, 0x0, 0xa, 0xff, 0xff, 0xff,
    0xff, 0xff, 0xff, 0xff, 0xff, 0xff, 0xff, 0xff,
    0xff, 0xff, 0xff, 0xff, 0xff, 0xff, 0xff, 0xff,
    0xff, 0xff, 0xff, 0xff, 0xff, 0xff, 0xff, 0xff,
    0xff, 0xff, 0xff, 0xff, 0xff, 0xff, 0xff, 0xff,
    0xff, 0xff, 0xff, 0xff, 0xff, 0xff, 0xff, 0xff,
    0xff, 0xff, 0xff, 0xff, 0xff, 0xff, 0xff, 0xff,
    0xff, 0xff, 0xff, 0xff, 0xff, 0xff, 0xff, 0xff,
    0xdf, 0xff, 0xff, 0xff, 0xff, 0xff, 0xff, 0xff,
    0xff, 0xff, 0xff, 0xff, 0xff, 0xd3, 0xdf, 0xff,
    0xff, 0xff, 0xff, 0xff, 0xff, 0xff, 0xff, 0xff,
    0xff, 0xff, 0xd3,

    /* U+F021 "" */
    0x0, 0x0, 0x0, 0x0, 0x0, 0x0, 0x0, 0x0,
    0x0, 0x0, 0x3, 0x32, 0x0, 0x0, 0x0, 0x0,
    0x3, 0x67, 0x75, 0x20, 0x0, 0x0, 0x4f, 0xff,
    0x0, 0x0, 0x0, 0x29, 0xff, 0xff, 0xff, 0xfd,
    0x70, 0x0, 0x4f, 0xff, 0x0, 0x0, 0x8, 0xff,
    0xff, 0xff, 0xff, 0xff, 0xfe, 0x60, 0x3f, 0xff,
    0x0, 0x1, 0xcf, 0xff, 0xff, 0xfe, 0xef, 0xff,
    0xff, 0xfb, 0x3f, 0xff, 0x0, 0xd, 0xff, 0xff,
    0xb4, 0x0, 0x0, 0x5b, 0xff, 0xff, 0xdf, 0xff,
    0x0, 0xaf, 0xff, 0xe4, 0x0, 0x0, 0x0, 0x0,
    0x4d, 0xff, 0xff, 0xff, 0x4, 0xff, 0xfd, 0x10,
    0x0, 0x0, 0x0, 0x0, 0x0, 0xcf, 0xff, 0xff,
    0xc, 0xff, 0xf2, 0x0, 0x0, 0x0, 0x6, 0xff,
    0xee, 0xef, 0xff, 0xff, 0x1f, 0xff, 0x80, 0x0,
    0x0, 0x0, 0x8, 0xff, 0xff, 0xff, 0xff, 0xff,
    0x5f, 0xff, 0x10, 0x0, 0x0, 0x0, 0x7, 0xff,
    0xff, 0xff, 0xff, 0xff, 0x4, 0x43, 0x0, 0x0,
    0x0, 0x0, 0x1, 0x44, 0x44, 0x44, 0x44, 0x43,
    0x0, 0x0, 0x0, 0x0, 0x0, 0x0, 0x0, 0x0,
    0x0, 0x0, 0x0, 0x0, 0x0, 0x0, 0x0, 0x0,
    0x0, 0x0, 0x0, 0x0, 0x0, 0x0, 0x0, 0x0,
    0x34, 0x44, 0x44, 0x44, 0x44, 0x0, 0x0, 0x0,
    0x0, 0x0, 0x34, 0x40, 0xff, 0xff, 0xff, 0xff,
    0xff, 0x70, 0x0, 0x0, 0x0, 0x1, 0xff, 0xf5,
    0xff, 0xff, 0xff, 0xff, 0xff, 0x80, 0x0, 0x0,
    0x0, 0x8, 0xff, 0xf1, 0xff, 0xff, 0xfd, 0xee,
    0xff, 0x60, 0x0, 0x0, 0x0, 0x2f, 0xff, 0xb0,
    0xff, 0xff, 0xfb, 0x0, 0x0, 0x0, 0x0, 0x0,
    0x1, 0xdf, 0xff, 0x40, 0xff, 0xff, 0xff, 0xd3,
    0x0, 0x0, 0x0, 0x0, 0x4e, 0xff, 0xfa, 0x0,
    0xff, 0xfe, 0xff, 0xff, 0xb5, 0x0, 0x0, 0x4b,
    0xff, 0xff, 0xd0, 0x0, 0xff, 0xf3, 0xbf, 0xff,
    0xff, 0xfe, 0xef, 0xff, 0xff, 0xfc, 0x10, 0x0,
    0xff, 0xf3, 0x6, 0xff, 0xff, 0xff, 0xff, 0xff,
    0xff, 0x80, 0x0, 0x0, 0xff, 0xf4, 0x0, 0x17,
    0xdf, 0xff, 0xff, 0xff, 0xa2, 0x0, 0x0, 0x0,
    0xff, 0xf4, 0x0, 0x0, 0x2, 0x67, 0x76, 0x30,
    0x0, 0x0, 0x0, 0x0, 0x23, 0x30, 0x0, 0x0,
    0x0, 0x0, 0x0, 0x0, 0x0, 0x0, 0x0, 0x0,

    /* U+F026 "" */
    0x0, 0x0, 0x0, 0x0, 0x1, 0xa7, 0x0, 0x0,
    0x0, 0x0, 0x1c, 0xff, 0x0, 0x0, 0x0, 0x1,
    0xcf, 0xff, 0x0, 0x0, 0x0, 0x1c, 0xff, 0xff,
    0x14, 0x44, 0x44, 0xcf, 0xff, 0xff, 0xef, 0xff,
    0xff, 0xff, 0xff, 0xff, 0xff, 0xff, 0xff, 0xff,
    0xff, 0xff, 0xff, 0xff, 0xff, 0xff, 0xff, 0xff,
    0xff, 0xff, 0xff, 0xff, 0xff, 0xff, 0xff, 0xff,
    0xff, 0xff, 0xff, 0xff, 0xff, 0xff, 0xff, 0xff,
    0xff, 0xff, 0xff, 0xff, 0xff, 0xff, 0xff, 0xff,
    0xff, 0xff, 0xff, 0xff, 0xff, 0xff, 0x7b, 0xbb,
    0xbb, 0xff, 0xff, 0xff, 0x0, 0x0, 0x0, 0x5f,
    0xff, 0xff, 0x0, 0x0, 0x0, 0x5, 0xff, 0xff,
    0x0, 0x0, 0x0, 0x0, 0x5f, 0xff, 0x0, 0x0,
    0x0, 0x0, 0x5, 0xfd, 0x0, 0x0, 0x0, 0x0,
    0x0, 0x10,

    /* U+F027 "" */
    0x0, 0x0, 0x0, 0x0, 0x0, 0x96, 0x0, 0x0,
    0x0, 0x0, 0x0, 0x0, 0x0, 0xc, 0xff, 0x0,
    0x0, 0x0, 0x0, 0x0, 0x0, 0x0, 0xcf, 0xff,
    0x0, 0x0, 0x0, 0x0, 0x0, 0x0, 0xc, 0xff,
    0xff, 0x0, 0x0, 0x0, 0x13, 0x33, 0x33, 0xcf,
    0xff, 0xff, 0x0, 0x0, 0x0, 0xdf, 0xff, 0xff,
    0xff, 0xff, 0xff, 0x0, 0x4a, 0x20, 0xff, 0xff,
    0xff, 0xff, 0xff, 0xff, 0x0, 0xcf, 0xe1, 0xff,
    0xff, 0xff, 0xff, 0xff, 0xff, 0x0, 0x3e, 0xfa,
    0xff, 0xff, 0xff, 0xff, 0xff, 0xff, 0x0, 0x6,
    0xfe, 0xff, 0xff, 0xff, 0xff, 0xff, 0xff, 0x0,
    0x5, 0xfe, 0xff, 0xff, 0xff, 0xff, 0xff, 0xff,
    0x0, 0x2e, 0xfa, 0xff, 0xff, 0xff, 0xff, 0xff,
    0xff, 0x0, 0xcf, 0xf2, 0xff, 0xff, 0xff, 0xff,
    0xff, 0xff, 0x0, 0x5b, 0x30, 0x7c, 0xcc, 0xcc,
    0xff, 0xff, 0xff, 0x0, 0x0, 0x0, 0x0, 0x0,
    0x0, 0x5f, 0xff, 0xff, 0x0, 0x0, 0x0, 0x0,
    0x0, 0x0, 0x5, 0xff, 0xff, 0x0, 0x0, 0x0,
    0x0, 0x0, 0x0, 0x0, 0x5f, 0xff, 0x0, 0x0,
    0x0, 0x0, 0x0, 0x0, 0x0, 0x5, 0xfd, 0x0,
    0x0, 0x0, 0x0, 0x0, 0x0, 0x0, 0x0, 0x21,
    0x0, 0x0, 0x0,

    /* U+F028 "" */
    0x0, 0x0, 0x0, 0x0, 0x0, 0x0, 0x0, 0x0,
    0x0, 0x0, 0x30, 0x0, 0x0, 0x0, 0x0, 0x0,
    0x0, 0x0, 0x0, 0x0, 0x0, 0x0, 0x0, 0xaf,
    0xb1, 0x0, 0x0, 0x0, 0x0, 0x0, 0x0, 0x0,
    0x0, 0x0, 0x0, 0x0, 0x7, 0xff, 0xd1, 0x0,
    0x0, 0x0, 0x0, 0x0, 0x0, 0x1a, 0x70, 0x0,
    0x0, 0x0, 0x6, 0xff, 0xd0, 0x0, 0x0, 0x0,
    0x0, 0x0, 0x1c, 0xff, 0x0, 0x0, 0x6, 0x30,
    0x5, 0xff, 0xa0, 0x0, 0x0, 0x0, 0x0, 0x1c,
    0xff, 0xf0, 0x0, 0x3, 0xff, 0x70, 0x8, 0xff,
    0x40, 0x0, 0x0, 0x0, 0x1c, 0xff, 0xff, 0x0,
    0x0, 0xc, 0xff, 0x70, 0xc, 0xfc, 0x1, 0x44,
    0x44, 0x4c, 0xff, 0xff, 0xf0, 0x0, 0x0, 0xa,
    0xff, 0x30, 0x4f, 0xf3, 0xef, 0xff, 0xff, 0xff,
    0xff, 0xff, 0x0, 0x5a, 0x20, 0xc, 0xfb, 0x0,
    0xdf, 0x8f, 0xff, 0xff, 0xff, 0xff, 0xff, 0xf0,
    0xc, 0xfe, 0x20, 0x4f, 0xf1, 0x8, 0xfb, 0xff,
    0xff, 0xff, 0xff, 0xff, 0xff, 0x0, 0x2e, 0xfa,
    0x0, 0xff, 0x50, 0x5f, 0xef, 0xff, 0xff, 0xff,
    0xff, 0xff, 0xf0, 0x0, 0x6f, 0xe0, 0xc, 0xf7,
    0x4, 0xff, 0xff, 0xff, 0xff, 0xff, 0xff, 0xff,
    0x0, 0x6, 0xfe, 0x0, 0xcf, 0x70, 0x4f, 0xff,
    0xff, 0xff, 0xff, 0xff, 0xff, 0xf0, 0x2, 0xef,
    0xa0, 0xf, 0xf5, 0x6, 0xfe, 0xff, 0xff, 0xff,
    0xff, 0xff, 0xff, 0x0, 0xcf, 0xe2, 0x4, 0xff,
    0x10, 0x9f, 0xbf, 0xff, 0xff, 0xff, 0xff, 0xff,
    0xf0, 0x4, 0xa2, 0x0, 0xcf, 0xb0, 0xd, 0xf8,
    0x7b, 0xbb, 0xbb, 0xff, 0xff, 0xff, 0x0, 0x0,
    0x0, 0xaf, 0xf3, 0x4, 0xff, 0x30, 0x0, 0x0,
    0x5, 0xff, 0xff, 0xf0, 0x0, 0x0, 0xcf, 0xf7,
    0x0, 0xcf, 0xc0, 0x0, 0x0, 0x0, 0x5, 0xff,
    0xff, 0x0, 0x0, 0x3f, 0xf7, 0x0, 0x6f, 0xf4,
    0x0, 0x0, 0x0, 0x0, 0x5, 0xff, 0xf0, 0x0,
    0x0, 0x53, 0x0, 0x4f, 0xfa, 0x0, 0x0, 0x0,
    0x0, 0x0, 0x5, 0xfd, 0x0, 0x0, 0x0, 0x0,
    0x6f, 0xfd, 0x0, 0x0, 0x0, 0x0, 0x0, 0x0,
    0x1, 0x0, 0x0, 0x0, 0x0, 0x7f, 0xfd, 0x10,
    0x0, 0x0, 0x0, 0x0, 0x0, 0x0, 0x0, 0x0,
    0x0, 0x0, 0x9, 0xfb, 0x10, 0x0, 0x0, 0x0,
    0x0, 0x0, 0x0, 0x0, 0x0, 0x0, 0x0, 0x0,
    0x3, 0x0, 0x0, 0x0,

    /* U+F03E "" */
    0x3d, 0xff, 0xff, 0xff, 0xff, 0xff, 0xff, 0xff,
    0xff, 0xff, 0xff, 0xd3, 0xdf, 0xff, 0xff, 0xff,
    0xff, 0xff, 0xff, 0xff, 0xff, 0xff, 0xff, 0xfd,
    0xff, 0xff, 0xca, 0xef, 0xff, 0xff, 0xff, 0xff,
    0xff, 0xff, 0xff, 0xff, 0xff, 0xf6, 0x0, 0x1d,
    0xff, 0xff, 0xff, 0xff, 0xff, 0xff, 0xff, 0xff,
    0xff, 0xc0, 0x0, 0x4, 0xff, 0xff, 0xff, 0xff,
    0xff, 0xff, 0xff, 0xff, 0xff, 0xa0, 0x0, 0x2,
    0xff, 0xff, 0xff, 0xff, 0x9f, 0xff, 0xff, 0xff,
    0xff, 0xe1, 0x0, 0x8, 0xff, 0xff, 0xff, 0xf4,
    0x4, 0xff, 0xff, 0xff, 0xff, 0xfc, 0x42, 0x8f,
    0xff, 0xff, 0xff, 0x40, 0x0, 0x4f, 0xff, 0xff,
    0xff, 0xff, 0xff, 0xff, 0xff, 0xff, 0xf4, 0x0,
    0x0, 0x4, 0xff, 0xff, 0xff, 0xff, 0xff, 0x6b,
    0xff, 0xff, 0x40, 0x0, 0x0, 0x0, 0x4f, 0xff,
    0xff, 0xff, 0xf4, 0x0, 0xbf, 0xf4, 0x0, 0x0,
    0x0, 0x0, 0xf, 0xff, 0xff, 0xff, 0x40, 0x0,
    0xb, 0x40, 0x0, 0x0, 0x0, 0x0, 0xf, 0xff,
    0xff, 0xf4, 0x0, 0x0, 0x0, 0x0, 0x0, 0x0,
    0x0, 0x0, 0xf, 0xff, 0xff, 0xf0, 0x0, 0x0,
    0x0, 0x0, 0x0, 0x0, 0x0, 0x0, 0xf, 0xff,
    0xff, 0xf0, 0x0, 0x0, 0x0, 0x0, 0x0, 0x0,
    0x0, 0x0, 0xf, 0xff, 0xff, 0xff, 0xff, 0xff,
    0xff, 0xff, 0xff, 0xff, 0xff, 0xff, 0xff, 0xff,
    0xdf, 0xff, 0xff, 0xff, 0xff, 0xff, 0xff, 0xff,
    0xff, 0xff, 0xff, 0xfd, 0x3d, 0xff, 0xff, 0xff,
    0xff, 0xff, 0xff, 0xff, 0xff, 0xff, 0xff, 0xd3,

    /* U+F043 "" */
    0x0, 0x0, 0x0, 0xc, 0xe3, 0x0, 0x0, 0x0,
    0x0, 0x0, 0x0, 0x5, 0xff, 0xa0, 0x0, 0x0,
    0x0, 0x0, 0x0, 0x0, 0xbf, 0xff, 0x0, 0x0,
    0x0, 0x0, 0x0, 0x0, 0x2f, 0xff, 0xf6, 0x0,
    0x0, 0x0, 0x0, 0x0, 0x9, 0xff, 0xff, 0xd0,
    0x0, 0x0, 0x0, 0x0, 0x1, 0xff, 0xff, 0xff,
    0x50, 0x0, 0x0, 0x0, 0x0, 0xaf, 0xff, 0xff,
    0xfe, 0x0, 0x0, 0x0, 0x0, 0x4f, 0xff, 0xff,
    0xff, 0xf8, 0x0, 0x0, 0x0, 0x1e, 0xff, 0xff,
    0xff, 0xff, 0xf4, 0x0, 0x0, 0xa, 0xff, 0xff,
    0xff, 0xff, 0xff, 0xe0, 0x0, 0x5, 0xff, 0xff,
    0xff, 0xff, 0xff, 0xff, 0x90, 0x0, 0xdf, 0xff,
    0xff, 0xff, 0xff, 0xff, 0xff, 0x20, 0x5f, 0xff,
    0xff, 0xff, 0xff, 0xff, 0xff, 0xf9, 0xa, 0xff,
    0xff, 0xff, 0xff, 0xff, 0xff, 0xff, 0xe0, 0xef,
    0xff, 0xff, 0xff, 0xff, 0xff, 0xff, 0xff, 0x2f,
    0xff, 0x2d, 0xff, 0xff, 0xff, 0xff, 0xff, 0xf4,
    0xef, 0xf1, 0xaf, 0xff, 0xff, 0xff, 0xff, 0xff,
    0x3c, 0xff, 0x44, 0xff, 0xff, 0xff, 0xff, 0xff,
    0xf1, 0x8f, 0xfc, 0x7, 0xff, 0xff, 0xff, 0xff,
    0xfc, 0x1, 0xff, 0xf9, 0x2, 0x7c, 0xff, 0xff,
    0xff, 0x50, 0x7, 0xff, 0xfb, 0x40, 0x6f, 0xff,
    0xff, 0xb0, 0x0, 0xa, 0xff, 0xff, 0xff, 0xff,
    0xff, 0xd1, 0x0, 0x0, 0x8, 0xff, 0xff, 0xff,
    0xff, 0xb0, 0x0, 0x0, 0x0, 0x2, 0x8d, 0xff,
    0xda, 0x40, 0x0, 0x0,

    /* U+F048 "" */
    0x34, 0x40, 0x0, 0x0, 0x0, 0x0, 0x4, 0xf,
    0xff, 0x50, 0x0, 0x0, 0x0, 0x1d, 0xfb, 0xff,
    0xf6, 0x0, 0x0, 0x0, 0x2d, 0xff, 0xff, 0xff,
    0x60, 0x0, 0x0, 0x2e, 0xff, 0xff, 0xff, 0xf6,
    0x0, 0x0, 0x3f, 0xff, 0xff, 0xff, 0xff, 0x60,
    0x0, 0x4f, 0xff, 0xff, 0xff, 0xff, 0xf6, 0x0,
    0x5f, 0xff, 0xff, 0xff, 0xff, 0xff, 0x60, 0x6f,
    0xff, 0xff, 0xff, 0xff, 0xff, 0xf6, 0x8f, 0xff,
    0xff, 0xff, 0xff, 0xff, 0xff, 0xdf, 0xff, 0xff,
    0xff, 0xff, 0xff, 0xff, 0xff, 0xff, 0xff, 0xff,
    0xff, 0xff, 0xff, 0xff, 0xff, 0xff, 0xff, 0xff,
    0xff, 0xff, 0xff, 0xff, 0xff, 0xff, 0xff, 0xff,
    0xff, 0xff, 0xff, 0x8e, 0xff, 0xff, 0xff, 0xff,
    0xff, 0xff, 0xf6, 0x1d, 0xff, 0xff, 0xff, 0xff,
    0xff, 0xff, 0x60, 0x1c, 0xff, 0xff, 0xff, 0xff,
    0xff, 0xf6, 0x0, 0xb, 0xff, 0xff, 0xff, 0xff,
    0xff, 0x60, 0x0, 0xa, 0xff, 0xff, 0xff, 0xff,
    0xf6, 0x0, 0x0, 0x9, 0xff, 0xff, 0xff, 0xff,
    0x60, 0x0, 0x0, 0x7, 0xff, 0xff, 0xff, 0xf6,
    0x0, 0x0, 0x0, 0x6, 0xff, 0xea, 0xbb, 0x30,
    0x0, 0x0, 0x0, 0x5, 0xb4,

    /* U+F04B "" */
    0x0, 0x0, 0x0, 0x0, 0x0, 0x0, 0x0, 0x0,
    0x0, 0x0, 0x3, 0xdf, 0x91, 0x0, 0x0, 0x0,
    0x0, 0x0, 0x0, 0x0, 0x0, 0xdf, 0xff, 0xe6,
    0x0, 0x0, 0x0, 0x0, 0x0, 0x0, 0x0, 0xf,
    0xff, 0xff, 0xfc, 0x30, 0x0, 0x0, 0x0, 0x0,
    0x0, 0x0, 0xff, 0xff, 0xff, 0xff, 0xa1, 0x0,
    0x0, 0x0, 0x0, 0x0, 0xf, 0xff, 0xff, 0xff,
    0xff, 0xf7, 0x0, 0x0, 0x0, 0x0, 0x0, 0xff,
    0xff, 0xff, 0xff, 0xff, 0xfd, 0x40, 0x0, 0x0,
    0x0, 0xf, 0xff, 0xff, 0xff, 0xff, 0xff, 0xff,
    0xa2, 0x0, 0x0, 0x0, 0xff, 0xff, 0xff, 0xff,
    0xff, 0xff, 0xff, 0xf8, 0x0, 0x0, 0xf, 0xff,
    0xff, 0xff, 0xff, 0xff, 0xff, 0xff, 0xfe, 0x50,
    0x0, 0xff, 0xff, 0xff, 0xff, 0xff, 0xff, 0xff,
    0xff, 0xff, 0xb2, 0xf, 0xff, 0xff, 0xff, 0xff,
    0xff, 0xff, 0xff, 0xff, 0xff, 0xf5, 0xff, 0xff,
    0xff, 0xff, 0xff, 0xff, 0xff, 0xff, 0xff, 0xff,
    0xef, 0xff, 0xff, 0xff, 0xff, 0xff, 0xff, 0xff,
    0xff, 0xff, 0xfe, 0xff, 0xff, 0xff, 0xff, 0xff,
    0xff, 0xff, 0xff, 0xff, 0xff, 0x6f, 0xff, 0xff,
    0xff, 0xff, 0xff, 0xff, 0xff, 0xff, 0xfb, 0x20,
    0xff, 0xff, 0xff, 0xff, 0xff, 0xff, 0xff, 0xff,
    0xe5, 0x0, 0xf, 0xff, 0xff, 0xff, 0xff, 0xff,
    0xff, 0xff, 0x80, 0x0, 0x0, 0xff, 0xff, 0xff,
    0xff, 0xff, 0xff, 0xfb, 0x20, 0x0, 0x0, 0xf,
    0xff, 0xff, 0xff, 0xff, 0xff, 0xd4, 0x0, 0x0,
    0x0, 0x0, 0xff, 0xff, 0xff, 0xff, 0xff, 0x70,
    0x0, 0x0, 0x0, 0x0, 0xf, 0xff, 0xff, 0xff,
    0xfa, 0x10, 0x0, 0x0, 0x0, 0x0, 0x0, 0xff,
    0xff, 0xff, 0xd3, 0x0, 0x0, 0x0, 0x0, 0x0,
    0x0, 0xd, 0xff, 0xfe, 0x60, 0x0, 0x0, 0x0,
    0x0, 0x0, 0x0, 0x0, 0x3d, 0xf9, 0x10, 0x0,
    0x0, 0x0, 0x0, 0x0, 0x0, 0x0, 0x0, 0x0,
    0x0, 0x0, 0x0, 0x0, 0x0, 0x0, 0x0, 0x0,
    0x0,

    /* U+F04C "" */
    0x19, 0xcc, 0xcc, 0xc9, 0x10, 0x0, 0x19, 0xcc,
    0xcc, 0xc9, 0x1b, 0xff, 0xff, 0xff, 0xfb, 0x0,
    0xb, 0xff, 0xff, 0xff, 0xfb, 0xff, 0xff, 0xff,
    0xff, 0xf0, 0x0, 0xff, 0xff, 0xff, 0xff, 0xff,
    0xff, 0xff, 0xff, 0xff, 0x0, 0xf, 0xff, 0xff,
    0xff, 0xff, 0xff, 0xff, 0xff, 0xff, 0xf0, 0x0,
    0xff, 0xff, 0xff, 0xff, 0xff, 0xff, 0xff, 0xff,
    0xff, 0x0, 0xf, 0xff, 0xff, 0xff, 0xff, 0xff,
    0xff, 0xff, 0xff, 0xf0, 0x0, 0xff, 0xff, 0xff,
    0xff, 0xff, 0xff, 0xff, 0xff, 0xff, 0x0, 0xf,
    0xff, 0xff, 0xff, 0xff, 0xff, 0xff, 0xff, 0xff,
    0xf0, 0x0, 0xff, 0xff, 0xff, 0xff, 0xff, 0xff,
    0xff, 0xff, 0xff, 0x0, 0xf, 0xff, 0xff, 0xff,
    0xff, 0xff, 0xff, 0xff, 0xff, 0xf0, 0x0, 0xff,
    0xff, 0xff, 0xff, 0xff, 0xff, 0xff, 0xff, 0xff,
    0x0, 0xf, 0xff, 0xff, 0xff, 0xff, 0xff, 0xff,
    0xff, 0xff, 0xf0, 0x0, 0xff, 0xff, 0xff, 0xff,
    0xff, 0xff, 0xff, 0xff, 0xff, 0x0, 0xf, 0xff,
    0xff, 0xff, 0xff, 0xff, 0xff, 0xff, 0xff, 0xf0,
    0x0, 0xff, 0xff, 0xff, 0xff, 0xff, 0xff, 0xff,
    0xff, 0xff, 0x0, 0xf, 0xff, 0xff, 0xff, 0xff,
    0xff, 0xff, 0xff, 0xff, 0xf0, 0x0, 0xff, 0xff,
    0xff, 0xff, 0xff, 0xff, 0xff, 0xff, 0xff, 0x0,
    0xf, 0xff, 0xff, 0xff, 0xff, 0xff, 0xff, 0xff,
    0xff, 0xf0, 0x0, 0xff, 0xff, 0xff, 0xff, 0xfe,
    0xff, 0xff, 0xff, 0xfe, 0x0, 0xe, 0xff, 0xff,
    0xff, 0xfe, 0x5f, 0xff, 0xff, 0xff, 0x50, 0x0,
    0x5f, 0xff, 0xff, 0xff, 0x50, 0x13, 0x33, 0x33,
    0x10, 0x0, 0x0, 0x13, 0x33, 0x33, 0x10,

    /* U+F04D "" */
    0x1, 0x44, 0x44, 0x44, 0x44, 0x44, 0x44, 0x44,
    0x44, 0x41, 0x6, 0xff, 0xff, 0xff, 0xff, 0xff,
    0xff, 0xff, 0xff, 0xff, 0xf6, 0xef, 0xff, 0xff,
    0xff, 0xff, 0xff, 0xff, 0xff, 0xff, 0xff, 0xef,
    0xff, 0xff, 0xff, 0xff, 0xff, 0xff, 0xff, 0xff,
    0xff, 0xff, 0xff, 0xff, 0xff, 0xff, 0xff, 0xff,
    0xff, 0xff, 0xff, 0xff, 0xff, 0xff, 0xff, 0xff,
    0xff, 0xff, 0xff, 0xff, 0xff, 0xff, 0xff, 0xff,
    0xff, 0xff, 0xff, 0xff, 0xff, 0xff, 0xff, 0xff,
    0xff, 0xff, 0xff, 0xff, 0xff, 0xff, 0xff, 0xff,
    0xff, 0xff, 0xff, 0xff, 0xff, 0xff, 0xff, 0xff,
    0xff, 0xff, 0xff, 0xff, 0xff, 0xff, 0xff, 0xff,
    0xff, 0xff, 0xff, 0xff, 0xff, 0xff, 0xff, 0xff,
    0xff, 0xff, 0xff, 0xff, 0xff, 0xff, 0xff, 0xff,
    0xff, 0xff, 0xff, 0xff, 0xff, 0xff, 0xff, 0xff,
    0xff, 0xff, 0xff, 0xff, 0xff, 0xff, 0xff, 0xff,
    0xff, 0xff, 0xff, 0xff, 0xff, 0xff, 0xff, 0xff,
    0xff, 0xff, 0xff, 0xff, 0xff, 0xff, 0xff, 0xff,
    0xff, 0xff, 0xff, 0xff, 0xff, 0xff, 0xff, 0xff,
    0xff, 0xff, 0xff, 0xff, 0xff, 0xff, 0xff, 0xff,
    0xff, 0xff, 0xff, 0xff, 0xff, 0xff, 0xff, 0xff,
    0xff, 0xff, 0xff, 0xff, 0xff, 0xff, 0xff, 0xff,
    0xff, 0xff, 0xff, 0xff, 0xff, 0xff, 0xff, 0xff,
    0xff, 0xff, 0xff, 0xff, 0xff, 0xff, 0xff, 0xff,
    0xff, 0xff, 0xff, 0xff, 0xff, 0xff, 0xff, 0xff,
    0xff, 0xff, 0xff, 0xff, 0xff, 0xff, 0xff, 0xff,
    0xff, 0xff, 0xbf, 0xff, 0xff, 0xff, 0xff, 0xff,
    0xff, 0xff, 0xff, 0xff, 0xb1, 0x8b, 0xbb, 0xbb,
    0xbb, 0xbb, 0xbb, 0xbb, 0xbb, 0xbb, 0x81,

    /* U+F051 "" */
    0x4, 0x0, 0x0, 0x0, 0x0, 0x0, 0x44, 0x3b,
    0xfd, 0x10, 0x0, 0x0, 0x0, 0x5f, 0xff, 0xff,
    0xfd, 0x20, 0x0, 0x0, 0x6, 0xff, 0xff, 0xff,
    0xfe, 0x30, 0x0, 0x0, 0x6f, 0xff, 0xff, 0xff,
    0xff, 0x40, 0x0, 0x6, 0xff, 0xff, 0xff, 0xff,
    0xff, 0x50, 0x0, 0x6f, 0xff, 0xff, 0xff, 0xff,
    0xff, 0x60, 0x6, 0xff, 0xff, 0xff, 0xff, 0xff,
    0xff, 0x70, 0x6f, 0xff, 0xff, 0xff, 0xff, 0xff,
    0xff, 0x86, 0xff, 0xff, 0xff, 0xff, 0xff, 0xff,
    0xff, 0xdf, 0xff, 0xff, 0xff, 0xff, 0xff, 0xff,
    0xff, 0xff, 0xff, 0xff, 0xff, 0xff, 0xff, 0xff,
    0xff, 0xff, 0xff, 0xff, 0xff, 0xff, 0xff, 0xff,
    0xff, 0xff, 0xff, 0xff, 0xff, 0xff, 0xfd, 0x8f,
    0xff, 0xff, 0xff, 0xff, 0xff, 0xfc, 0x16, 0xff,
    0xff, 0xff, 0xff, 0xff, 0xfc, 0x0, 0x6f, 0xff,
    0xff, 0xff, 0xff, 0xfb, 0x0, 0x6, 0xff, 0xff,
    0xff, 0xff, 0xfa, 0x0, 0x0, 0x6f, 0xff, 0xff,
    0xff, 0xf8, 0x0, 0x0, 0x6, 0xff, 0xff, 0xff,
    0xf7, 0x0, 0x0, 0x0, 0x6f, 0xff, 0xef, 0xf6,
    0x0, 0x0, 0x0, 0x6, 0xff, 0xf4, 0xb5, 0x0,
    0x0, 0x0, 0x0, 0x3b, 0xba,

    /* U+F052 "" */
    0x0, 0x0, 0x0, 0x0, 0x0, 0x37, 0x30, 0x0,
    0x0, 0x0, 0x0, 0x0, 0x0, 0x0, 0x0, 0x0,
    0x5f, 0xff, 0x50, 0x0, 0x0, 0x0, 0x0, 0x0,
    0x0, 0x0, 0x0, 0x4f, 0xff, 0xff, 0x40, 0x0,
    0x0, 0x0, 0x0, 0x0, 0x0, 0x0, 0x3f, 0xff,
    0xff, 0xff, 0x30, 0x0, 0x0, 0x0, 0x0, 0x0,
    0x0, 0x2f, 0xff, 0xff, 0xff, 0xfe, 0x20, 0x0,
    0x0, 0x0, 0x0, 0x0, 0x2e, 0xff, 0xff, 0xff,
    0xff, 0xfe, 0x20, 0x0, 0x0, 0x0, 0x0, 0x1d,
    0xff, 0xff, 0xff, 0xff, 0xff, 0xfd, 0x10, 0x0,
    0x0, 0x0, 0xc, 0xff, 0xff, 0xff, 0xff, 0xff,
    0xff, 0xfc, 0x0, 0x0, 0x0, 0xc, 0xff, 0xff,
    0xff, 0xff, 0xff, 0xff, 0xff, 0xfc, 0x0, 0x0,
    0xb, 0xff, 0xff, 0xff, 0xff, 0xff, 0xff, 0xff,
    0xff, 0xfb, 0x0, 0x8, 0xff, 0xff, 0xff, 0xff,
    0xff, 0xff, 0xff, 0xff, 0xff, 0xf8, 0x0, 0xff,
    0xff, 0xff, 0xff, 0xff, 0xff, 0xff, 0xff, 0xff,
    0xff, 0xf0, 0xd, 0xff, 0xff, 0xff, 0xff, 0xff,
    0xff, 0xff, 0xff, 0xff, 0xfd, 0x0, 0x3d, 0xff,
    0xff, 0xff, 0xff, 0xff, 0xff, 0xff, 0xff, 0xfd,
    0x30, 0x0, 0x0, 0x0, 0x0, 0x0, 0x0, 0x0,
    0x0, 0x0, 0x0, 0x0, 0x0, 0x4, 0x44, 0x44,
    0x44, 0x44, 0x44, 0x44, 0x44, 0x44, 0x44, 0x0,
    0xb, 0xff, 0xff, 0xff, 0xff, 0xff, 0xff, 0xff,
    0xff, 0xff, 0xfb, 0x0, 0xff, 0xff, 0xff, 0xff,
    0xff, 0xff, 0xff, 0xff, 0xff, 0xff, 0xf0, 0xf,
    0xff, 0xff, 0xff, 0xff, 0xff, 0xff, 0xff, 0xff,
    0xff, 0xff, 0x0, 0xff, 0xff, 0xff, 0xff, 0xff,
    0xff, 0xff, 0xff, 0xff, 0xff, 0xf0, 0xe, 0xff,
    0xff, 0xff, 0xff, 0xff, 0xff, 0xff, 0xff, 0xff,
    0xfe, 0x0, 0x4b, 0xbb, 0xbb, 0xbb, 0xbb, 0xbb,
    0xbb, 0xbb, 0xbb, 0xbb, 0x40,

    /* U+F053 "" */
    0x0, 0x0, 0x0, 0x0, 0x0, 0x20, 0x0, 0x0,
    0x0, 0x0, 0x0, 0xaf, 0xb0, 0x0, 0x0, 0x0,
    0x0, 0xaf, 0xff, 0x80, 0x0, 0x0, 0x0, 0xaf,
    0xff, 0xf8, 0x0, 0x0, 0x0, 0xaf, 0xff, 0xfa,
    0x0, 0x0, 0x0, 0xaf, 0xff, 0xfa, 0x0, 0x0,
    0x0, 0xaf, 0xff, 0xfa, 0x0, 0x0, 0x0, 0xaf,
    0xff, 0xfa, 0x0, 0x0, 0x0, 0xaf, 0xff, 0xfa,
    0x0, 0x0, 0x0, 0xaf, 0xff, 0xfa, 0x0, 0x0,
    0x0, 0x8f, 0xff, 0xfa, 0x0, 0x0, 0x0, 0x8,
    0xff, 0xff, 0xa0, 0x0, 0x0, 0x0, 0xa, 0xff,
    0xff, 0xa0, 0x0, 0x0, 0x0, 0xa, 0xff, 0xff,
    0xa0, 0x0, 0x0, 0x0, 0xa, 0xff, 0xff, 0xa0,
    0x0, 0x0, 0x0, 0xa, 0xff, 0xff, 0xa0, 0x0,
    0x0, 0x0, 0xa, 0xff, 0xff, 0xa0, 0x0, 0x0,
    0x0, 0xa, 0xff, 0xff, 0xa0, 0x0, 0x0, 0x0,
    0xa, 0xff, 0xff, 0x80, 0x0, 0x0, 0x0, 0xa,
    0xff, 0xf8, 0x0, 0x0, 0x0, 0x0, 0xa, 0xfb,
    0x0, 0x0, 0x0, 0x0, 0x0, 0x2, 0x0,

    /* U+F054 "" */
    0x0, 0x20, 0x0, 0x0, 0x0, 0x0, 0x0, 0xbf,
    0xa0, 0x0, 0x0, 0x0, 0x0, 0x8f, 0xff, 0xa0,
    0x0, 0x0, 0x0, 0x8, 0xff, 0xff, 0xa0, 0x0,
    0x0, 0x0, 0xa, 0xff, 0xff, 0xa0, 0x0, 0x0,
    0x0, 0xa, 0xff, 0xff, 0xa0, 0x0, 0x0, 0x0,
    0xa, 0xff, 0xff, 0xa0, 0x0, 0x0, 0x0, 0xa,
    0xff, 0xff, 0xa0, 0x0, 0x0, 0x0, 0xa, 0xff,
    0xff, 0xa0, 0x0, 0x0, 0x0, 0xa, 0xff, 0xff,
    0xa0, 0x0, 0x0, 0x0, 0xa, 0xff, 0xff, 0x80,
    0x0, 0x0, 0x0, 0xaf, 0xff, 0xf8, 0x0, 0x0,
    0x0, 0xaf, 0xff, 0xfa, 0x0, 0x0, 0x0, 0xaf,
    0xff, 0xfa, 0x0, 0x0, 0x0, 0xaf, 0xff, 0xfa,
    0x0, 0x0, 0x0, 0xaf, 0xff, 0xfa, 0x0, 0x0,
    0x0, 0xaf, 0xff, 0xfa, 0x0, 0x0, 0x0, 0xaf,
    0xff, 0xfa, 0x0, 0x0, 0x0, 0x8f, 0xff, 0xfa,
    0x0, 0x0, 0x0, 0x8, 0xff, 0xfa, 0x0, 0x0,
    0x0, 0x0, 0xb, 0xfa, 0x0, 0x0, 0x0, 0x0,
    0x0, 0x2, 0x0, 0x0, 0x0, 0x0, 0x0,

    /* U+F057 "" */
    0x0, 0x0, 0x0, 0x0, 0x2, 0x45, 0x54, 0x10,
    0x0, 0x0, 0x0, 0x0, 0x0, 0x0, 0x0, 0x19,
    0xef, 0xff, 0xff, 0xfc, 0x70, 0x0, 0x0, 0x0,
    0x0, 0x0, 0x8, 0xff, 0xff, 0xff, 0xff, 0xff,
    0xfe, 0x40, 0x0, 0x0, 0x0, 0x0, 0xbf, 0xff,
    0xff, 0xff, 0xff, 0xff, 0xff, 0xf7, 0x0, 0x0,
    0x0, 0xc, 0xff, 0xff, 0xff, 0xff, 0xff, 0xff,
    0xff, 0xff, 0x70, 0x0, 0x0, 0x9f, 0xff, 0xff,
    0xff, 0xff, 0xff, 0xff, 0xff, 0xff, 0xf5, 0x0,
    0x3, 0xff, 0xff, 0xfe, 0x7f, 0xff, 0xff, 0xd7,
    0xff, 0xff, 0xfe, 0x0, 0xc, 0xff, 0xff, 0xe2,
    0x3, 0xff, 0xfd, 0x10, 0x5f, 0xff, 0xff, 0x70,
    0x2f, 0xff, 0xff, 0x20, 0x0, 0x4f, 0xd1, 0x0,
    0x6, 0xff, 0xff, 0xd0, 0x7f, 0xff, 0xff, 0x70,
    0x0, 0x3, 0x10, 0x0, 0xb, 0xff, 0xff, 0xf2,
    0x9f, 0xff, 0xff, 0xf7, 0x0, 0x0, 0x0, 0x0,
    0xbf, 0xff, 0xff, 0xf5, 0xbf, 0xff, 0xff, 0xff,
    0x80, 0x0, 0x0, 0xb, 0xff, 0xff, 0xff, 0xf6,
    0xbf, 0xff, 0xff, 0xff, 0xd0, 0x0, 0x0, 0x3f,
    0xff, 0xff, 0xff, 0xf7, 0xaf, 0xff, 0xff, 0xfd,
    0x10, 0x0, 0x0, 0x4, 0xff, 0xff, 0xff, 0xf5,
    0x8f, 0xff, 0xff, 0xd1, 0x0, 0x0, 0x0, 0x0,
    0x3f, 0xff, 0xff, 0xf4, 0x4f, 0xff, 0xff, 0x10,
    0x0, 0xb, 0x80, 0x0, 0x6, 0xff, 0xff, 0xf0,
    0xf, 0xff, 0xff, 0x90, 0x0, 0xbf, 0xf7, 0x0,
    0x1c, 0xff, 0xff, 0xa0, 0x7, 0xff, 0xff, 0xf9,
    0xb, 0xff, 0xff, 0x71, 0xcf, 0xff, 0xff, 0x30,
    0x0, 0xef, 0xff, 0xff, 0xff, 0xff, 0xff, 0xff,
    0xff, 0xff, 0xfa, 0x0, 0x0, 0x3f, 0xff, 0xff,
    0xff, 0xff, 0xff, 0xff, 0xff, 0xff, 0xd0, 0x0,
    0x0, 0x5, 0xff, 0xff, 0xff, 0xff, 0xff, 0xff,
    0xff, 0xfd, 0x10, 0x0, 0x0, 0x0, 0x3e, 0xff,
    0xff, 0xff, 0xff, 0xff, 0xff, 0xb1, 0x0, 0x0,
    0x0, 0x0, 0x0, 0x8f, 0xff, 0xff, 0xff, 0xff,
    0xe5, 0x0, 0x0, 0x0, 0x0, 0x0, 0x0, 0x0,
    0x59, 0xbc, 0xcb, 0x83, 0x0, 0x0, 0x0, 0x0,

    /* U+F058 "" */
    0x0, 0x0, 0x0, 0x0, 0x2, 0x45, 0x54, 0x10,
    0x0, 0x0, 0x0, 0x0, 0x0, 0x0, 0x0, 0x19,
    0xef, 0xff, 0xff, 0xfc, 0x70, 0x0, 0x0, 0x0,
    0x0, 0x0, 0x8, 0xff, 0xff, 0xff, 0xff, 0xff,
    0xfe, 0x40, 0x0, 0x0, 0x0, 0x0, 0xbf, 0xff,
    0xff, 0xff, 0xff, 0xff, 0xff, 0xf7, 0x0, 0x0,
    0x0, 0xc, 0xff, 0xff, 0xff, 0xff, 0xff, 0xff,
    0xff, 0xff, 0x70, 0x0, 0x0, 0x9f, 0xff, 0xff,
    0xff, 0xff, 0xff, 0xff, 0xff, 0xff, 0xf5, 0x0,
    0x3, 0xff, 0xff, 0xff, 0xff, 0xff, 0xff, 0xff,
    0xff, 0xff, 0xfe, 0x0, 0xc, 0xff, 0xff, 0xff,
    0xff, 0xff, 0xff, 0xff, 0xe7, 0xef, 0xff, 0x70,
    0x2f, 0xff, 0xff, 0xff, 0xff, 0xff, 0xff, 0xfe,
    0x30, 0x2e, 0xff, 0xd0, 0x7f, 0xff, 0xff, 0xff,
    0xff, 0xff, 0xff, 0xe3, 0x0, 0xc, 0xff, 0xf2,
    0x9f, 0xff, 0xff, 0xff, 0xff, 0xff, 0xfe, 0x30,
    0x0, 0xaf, 0xff, 0xf5, 0xbf, 0xff, 0xf8, 0x4f,
    0xff, 0xff, 0xe3, 0x0, 0xa, 0xff, 0xff, 0xf6,
    0xbf, 0xff, 0x90, 0x3, 0xff, 0xfe, 0x30, 0x0,
    0xaf, 0xff, 0xff, 0xf7, 0xaf, 0xff, 0xa0, 0x0,
    0x3f, 0xe3, 0x0, 0xa, 0xff, 0xff, 0xff, 0xf5,
    0x8f, 0xff, 0xf9, 0x0, 0x3, 0x30, 0x0, 0xaf,
    0xff, 0xff, 0xff, 0xf4, 0x4f, 0xff, 0xff, 0x90,
    0x0, 0x0, 0xa, 0xff, 0xff, 0xff, 0xff, 0xf0,
    0xf, 0xff, 0xff, 0xf9, 0x0, 0x0, 0xaf, 0xff,
    0xff, 0xff, 0xff, 0xa0, 0x7, 0xff, 0xff, 0xff,
    0x90, 0xa, 0xff, 0xff, 0xff, 0xff, 0xff, 0x30,
    0x0, 0xef, 0xff, 0xff, 0xfa, 0xaf, 0xff, 0xff,
    0xff, 0xff, 0xfa, 0x0, 0x0, 0x3f, 0xff, 0xff,
    0xff, 0xff, 0xff, 0xff, 0xff, 0xff, 0xd0, 0x0,
    0x0, 0x5, 0xff, 0xff, 0xff, 0xff, 0xff, 0xff,
    0xff, 0xfd, 0x10, 0x0, 0x0, 0x0, 0x3e, 0xff,
    0xff, 0xff, 0xff, 0xff, 0xff, 0xb1, 0x0, 0x0,
    0x0, 0x0, 0x0, 0x8f, 0xff, 0xff, 0xff, 0xff,
    0xe5, 0x0, 0x0, 0x0, 0x0, 0x0, 0x0, 0x0,
    0x59, 0xbc, 0xcb, 0x83, 0x0, 0x0, 0x0, 0x0,

    /* U+F05B "" */
    0x0, 0x0, 0x0, 0x0, 0x0, 0xaf, 0xf3, 0x0,
    0x0, 0x0, 0x0, 0x0, 0x0, 0x0, 0x0, 0x0,
    0x0, 0xbf, 0xf4, 0x0, 0x0, 0x0, 0x0, 0x0,
    0x0, 0x0, 0x0, 0x1, 0x8d, 0xff, 0xff, 0xb6,
    0x0, 0x0, 0x0, 0x0, 0x0, 0x0, 0x0, 0x7f,
    0xff, 0xff, 0xff, 0xff, 0xe5, 0x0, 0x0, 0x0,
    0x0, 0x0, 0xb, 0xff, 0xff, 0xff, 0xff, 0xff,
    0xff, 0x80, 0x0, 0x0, 0x0, 0x0, 0xbf, 0xff,
    0xc4, 0xbf, 0xf5, 0x6e, 0xff, 0xf8, 0x0, 0x0,
    0x0, 0x7, 0xff, 0xf7, 0x0, 0xbf, 0xf4, 0x0,
    0xaf, 0xff, 0x50, 0x0, 0x0, 0x1f, 0xff, 0x80,
    0x0, 0x48, 0x71, 0x0, 0xa, 0xff, 0xe0, 0x0,
    0x0, 0x7f, 0xfd, 0x0, 0x0, 0x0, 0x0, 0x0,
    0x0, 0xef, 0xf6, 0x0, 0x0, 0xcf, 0xf7, 0x0,
    0x0, 0x0, 0x0, 0x0, 0x0, 0x6f, 0xfb, 0x0,
    0x34, 0xff, 0xf6, 0x41, 0x0, 0x3, 0x10, 0x0,
    0x14, 0x5f, 0xff, 0x43, 0xff, 0xff, 0xff, 0xf7,
    0x0, 0x7f, 0xe1, 0x0, 0x7f, 0xff, 0xff, 0xff,
    0xff, 0xff, 0xff, 0xf8, 0x0, 0xaf, 0xf3, 0x0,
    0x8f, 0xff, 0xff, 0xff, 0xab, 0xff, 0xfb, 0xb4,
    0x0, 0x2a, 0x70, 0x0, 0x4b, 0xbf, 0xff, 0xba,
    0x0, 0xdf, 0xf4, 0x0, 0x0, 0x0, 0x0, 0x0,
    0x0, 0x4f, 0xfc, 0x0, 0x0, 0x9f, 0xfb, 0x0,
    0x0, 0x0, 0x0, 0x0, 0x0, 0xcf, 0xf8, 0x0,
    0x0, 0x2f, 0xff, 0x60, 0x0, 0x48, 0x71, 0x0,
    0x7, 0xff, 0xf1, 0x0, 0x0, 0x9, 0xff, 0xf6,
    0x0, 0xbf, 0xf4, 0x0, 0x8f, 0xff, 0x70, 0x0,
    0x0, 0x0, 0xdf, 0xff, 0xb4, 0xbf, 0xf6, 0x7d,
    0xff, 0xfb, 0x0, 0x0, 0x0, 0x0, 0x1d, 0xff,
    0xff, 0xff, 0xff, 0xff, 0xff, 0xa0, 0x0, 0x0,
    0x0, 0x0, 0x0, 0x9f, 0xff, 0xff, 0xff, 0xff,
    0xe6, 0x0, 0x0, 0x0, 0x0, 0x0, 0x0, 0x2,
    0x9d, 0xff, 0xff, 0xb7, 0x0, 0x0, 0x0, 0x0,
    0x0, 0x0, 0x0, 0x0, 0x0, 0xbf, 0xf4, 0x0,
    0x0, 0x0, 0x0, 0x0, 0x0, 0x0, 0x0, 0x0,
    0x0, 0xaf, 0xf3, 0x0, 0x0, 0x0, 0x0, 0x0,

    /* U+F067 "" */
    0x0, 0x0, 0x0, 0x0, 0x3, 0x43, 0x0, 0x0,
    0x0, 0x0, 0x0, 0x0, 0x0, 0x0, 0x7, 0xff,
    0xf7, 0x0, 0x0, 0x0, 0x0, 0x0, 0x0, 0x0,
    0x0, 0xbf, 0xff, 0xb0, 0x0, 0x0, 0x0, 0x0,
    0x0, 0x0, 0x0, 0xc, 0xff, 0xfc, 0x0, 0x0,
    0x0, 0x0, 0x0, 0x0, 0x0, 0x0, 0xcf, 0xff,
    0xc0, 0x0, 0x0, 0x0, 0x0, 0x0, 0x0, 0x0,
    0xc, 0xff, 0xfc, 0x0, 0x0, 0x0, 0x0, 0x0,
    0x0, 0x0, 0x0, 0xcf, 0xff, 0xc0, 0x0, 0x0,
    0x0, 0x0, 0x0, 0x0, 0x0, 0xc, 0xff, 0xfc,
    0x0, 0x0, 0x0, 0x0, 0x0, 0x0, 0x0, 0x0,
    0xcf, 0xff, 0xc0, 0x0, 0x0, 0x0, 0x8, 0xff,
    0xff, 0xff, 0xff, 0xff, 0xff, 0xff, 0xff, 0xff,
    0xf8, 0xff, 0xff, 0xff, 0xff, 0xff, 0xff, 0xff,
    0xff, 0xff, 0xff, 0xff, 0xff, 0xff, 0xff, 0xff,
    0xff, 0xff, 0xff, 0xff, 0xff, 0xff, 0xdf, 0xff,
    0xff, 0xff, 0xff, 0xff, 0xff, 0xff, 0xff, 0xff,
    0xd1, 0x77, 0x77, 0x77, 0x7d, 0xff, 0xfd, 0x77,
    0x77, 0x77, 0x71, 0x0, 0x0, 0x0, 0x0, 0xcf,
    0xff, 0xc0, 0x0, 0x0, 0x0, 0x0, 0x0, 0x0,
    0x0, 0xc, 0xff, 0xfc, 0x0, 0x0, 0x0, 0x0,
    0x0, 0x0, 0x0, 0x0, 0xcf, 0xff, 0xc0, 0x0,
    0x0, 0x0, 0x0, 0x0, 0x0, 0x0, 0xc, 0xff,
    0xfc, 0x0, 0x0, 0x0, 0x0, 0x0, 0x0, 0x0,
    0x0, 0xcf, 0xff, 0xc0, 0x0, 0x0, 0x0, 0x0,
    0x0, 0x0, 0x0, 0xc, 0xff, 0xfc, 0x0, 0x0,
    0x0, 0x0, 0x0, 0x0, 0x0, 0x0, 0xaf, 0xff,
    0xa0, 0x0, 0x0, 0x0, 0x0, 0x0, 0x0, 0x0,
    0x2, 0xab, 0xa2, 0x0, 0x0, 0x0, 0x0,

    /* U+F068 "" */
    0x16, 0x77, 0x77, 0x77, 0x77, 0x77, 0x77, 0x77,
    0x77, 0x76, 0x1d, 0xff, 0xff, 0xff, 0xff, 0xff,
    0xff, 0xff, 0xff, 0xff, 0xfd, 0xff, 0xff, 0xff,
    0xff, 0xff, 0xff, 0xff, 0xff, 0xff, 0xff, 0xff,
    0xff, 0xff, 0xff, 0xff, 0xff, 0xff, 0xff, 0xff,
    0xff, 0xff, 0x9f, 0xff, 0xff, 0xff, 0xff, 0xff,
    0xff, 0xff, 0xff, 0xff, 0x80, 0x0, 0x0, 0x0,
    0x0, 0x0, 0x0, 0x0, 0x0, 0x0, 0x0,

    /* U+F06D "" */
    0x0, 0x0, 0x0, 0x0, 0x0, 0x0, 0x0, 0x0,
    0x0, 0x0, 0x0, 0x0, 0x0, 0xcc, 0x0, 0x0,
    0x0, 0x0, 0x0, 0x0, 0x0, 0x8, 0xff, 0x20,
    0x0, 0x0, 0x0, 0x0, 0x0, 0x0, 0x2f, 0xff,
    0x60, 0x0, 0x0, 0x0, 0x0, 0x0, 0x0, 0x9f,
    0xff, 0xd0, 0x0, 0x0, 0x0, 0x0, 0x0, 0x0,
    0xdf, 0xff, 0xfa, 0x0, 0x0, 0x0, 0x0, 0x0,
    0x0, 0xff, 0xff, 0xff, 0x90, 0x0, 0x0, 0x0,
    0x0, 0x0, 0xef, 0xff, 0xff, 0xf9, 0x0, 0x0,
    0x0, 0x0, 0x0, 0x9f, 0xff, 0xff, 0xff, 0xa0,
    0x0, 0x0, 0x39, 0x10, 0x1d, 0xff, 0xff, 0xff,
    0xf9, 0x0, 0x2, 0xff, 0x70, 0x2, 0xef, 0xff,
    0xff, 0xff, 0x50, 0xc, 0xff, 0x80, 0x0, 0x2e,
    0xff, 0xff, 0xff, 0xd0, 0x4f, 0xff, 0x80, 0x0,
    0x4, 0xff, 0xff, 0xff, 0xf5, 0xaf, 0xff, 0x80,
    0x0, 0x0, 0xbf, 0xff, 0xff, 0xfa, 0xdf, 0xff,
    0x80, 0x0, 0x0, 0x8f, 0xff, 0xff, 0xfd, 0xff,
    0xff, 0xb0, 0x0, 0x0, 0xbf, 0xff, 0xff, 0xff,
    0xff, 0xff, 0xf5, 0x0, 0x5, 0xff, 0xff, 0xff,
    0xff, 0xdf, 0xff, 0xff, 0xb8, 0xbf, 0xff, 0xff,
    0xff, 0xfd, 0x9f, 0xff, 0xff, 0xff, 0xff, 0xff,
    0xff, 0xff, 0xf9, 0x4f, 0xff, 0xff, 0xff, 0xff,
    0xff, 0xff, 0xff, 0xf4, 0xc, 0xff, 0xff, 0xff,
    0xff, 0xff, 0xff, 0xff, 0xc0, 0x2, 0xef, 0xff,
    0xff, 0xff, 0xff, 0xff, 0xfe, 0x20, 0x0, 0x3e,
    0xff, 0xff, 0xff, 0xff, 0xff, 0xe3, 0x0, 0x0,
    0x2, 0xcf, 0xff, 0xff, 0xff, 0xfc, 0x20, 0x0,
    0x0, 0x0, 0x4, 0x9d, 0xff, 0xd9, 0x40, 0x0,
    0x0,

    /* U+F06E "" */
    0x0, 0x0, 0x0, 0x0, 0x16, 0xad, 0xef, 0xed,
    0xa6, 0x10, 0x0, 0x0, 0x0, 0x0, 0x0, 0x0,
    0x2, 0xbf, 0xff, 0xff, 0xff, 0xff, 0xff, 0xb2,
    0x0, 0x0, 0x0, 0x0, 0x0, 0x9, 0xff, 0xff,
    0xe9, 0x54, 0x59, 0xef, 0xff, 0xf9, 0x0, 0x0,
    0x0, 0x0, 0x2d, 0xff, 0xff, 0x90, 0x0, 0x0,
    0x0, 0x9f, 0xff, 0xfd, 0x20, 0x0, 0x0, 0x2e,
    0xff, 0xff, 0x70, 0x0, 0x14, 0x20, 0x0, 0x7f,
    0xff, 0xfe, 0x20, 0x0, 0x1e, 0xff, 0xff, 0xb0,
    0x0, 0x6, 0xff, 0xc2, 0x0, 0xbf, 0xff, 0xfe,
    0x10, 0xb, 0xff, 0xff, 0xf3, 0x0, 0x0, 0x5f,
    0xff, 0xe2, 0x3, 0xff, 0xff, 0xfb, 0x6, 0xff,
    0xff, 0xfe, 0x0, 0x0, 0x1c, 0xff, 0xff, 0xa0,
    0xe, 0xff, 0xff, 0xf5, 0xef, 0xff, 0xff, 0xc0,
    0xd, 0xcf, 0xff, 0xff, 0xfe, 0x0, 0xcf, 0xff,
    0xff, 0xee, 0xff, 0xff, 0xfc, 0x0, 0xff, 0xff,
    0xff, 0xff, 0xf0, 0xc, 0xff, 0xff, 0xfe, 0x5f,
    0xff, 0xff, 0xe0, 0xc, 0xff, 0xff, 0xff, 0xfc,
    0x0, 0xef, 0xff, 0xff, 0x50, 0xbf, 0xff, 0xff,
    0x30, 0x4f, 0xff, 0xff, 0xff, 0x50, 0x3f, 0xff,
    0xff, 0xb0, 0x1, 0xdf, 0xff, 0xfb, 0x0, 0x7f,
    0xff, 0xff, 0x80, 0xb, 0xff, 0xff, 0xe1, 0x0,
    0x2, 0xef, 0xff, 0xf7, 0x0, 0x39, 0xb9, 0x30,
    0x7, 0xff, 0xff, 0xe2, 0x0, 0x0, 0x2, 0xcf,
    0xff, 0xf9, 0x0, 0x0, 0x0, 0x9, 0xff, 0xff,
    0xd2, 0x0, 0x0, 0x0, 0x0, 0x9f, 0xff, 0xfe,
    0x95, 0x45, 0x9e, 0xff, 0xff, 0x90, 0x0, 0x0,
    0x0, 0x0, 0x0, 0x2a, 0xff, 0xff, 0xff, 0xff,
    0xff, 0xfb, 0x30, 0x0, 0x0, 0x0, 0x0, 0x0,
    0x0, 0x1, 0x6a, 0xdf, 0xfe, 0xda, 0x71, 0x0,
    0x0, 0x0, 0x0,

    /* U+F070 "" */
    0x5, 0xe6, 0x0, 0x0, 0x0, 0x0, 0x0, 0x0,
    0x0, 0x0, 0x0, 0x0, 0x0, 0x0, 0x0, 0x1,
    0xff, 0xf9, 0x0, 0x0, 0x0, 0x0, 0x0, 0x0,
    0x0, 0x0, 0x0, 0x0, 0x0, 0x0, 0x0, 0xd,
    0xff, 0xfc, 0x20, 0x0, 0x0, 0x0, 0x0, 0x0,
    0x0, 0x0, 0x0, 0x0, 0x0, 0x0, 0x0, 0xa,
    0xff, 0xfe, 0x40, 0x0, 0x48, 0xce, 0xff, 0xeb,
    0x72, 0x0, 0x0, 0x0, 0x0, 0x0, 0x0, 0x6,
    0xff, 0xff, 0x88, 0xef, 0xff, 0xff, 0xff, 0xff,
    0xfc, 0x40, 0x0, 0x0, 0x0, 0x0, 0x0, 0x3,
    0xef, 0xff, 0xff, 0xff, 0xb6, 0x45, 0x7d, 0xff,
    0xff, 0xb1, 0x0, 0x0, 0x0, 0x0, 0x0, 0x1,
    0xbf, 0xff, 0xfd, 0x20, 0x0, 0x0, 0x6, 0xff,
    0xff, 0xe4, 0x0, 0x0, 0x0, 0x0, 0x0, 0x0,
    0x8f, 0xff, 0xf6, 0x1, 0x76, 0x20, 0x4, 0xff,
    0xff, 0xf4, 0x0, 0x0, 0x0, 0x0, 0x10, 0x0,
    0x4e, 0xff, 0xfa, 0x1f, 0xff, 0x90, 0x8, 0xff,
    0xff, 0xf3, 0x0, 0x0, 0x0, 0x6e, 0x40, 0x0,
    0x2c, 0xff, 0xfd, 0xff, 0xff, 0x80, 0xf, 0xff,
    0xff, 0xe1, 0x0, 0x0, 0x2f, 0xff, 0x70, 0x0,
    0x9, 0xff, 0xff, 0xff, 0xff, 0x0, 0xbf, 0xff,
    0xff, 0x90, 0x0, 0x9, 0xff, 0xff, 0xb1, 0x0,
    0x6, 0xff, 0xff, 0xff, 0xf3, 0x9, 0xff, 0xff,
    0xff, 0x10, 0x0, 0x9f, 0xff, 0xff, 0xd1, 0x0,
    0x3, 0xdf, 0xff, 0xff, 0x30, 0x9f, 0xff, 0xff,
    0xf1, 0x0, 0x2, 0xff, 0xff, 0xff, 0x40, 0x0,
    0x1, 0xbf, 0xff, 0xf4, 0xb, 0xff, 0xff, 0xf9,
    0x0, 0x0, 0x7, 0xff, 0xff, 0xf9, 0x0, 0x0,
    0x0, 0x7f, 0xff, 0xf8, 0xff, 0xff, 0xfd, 0x0,
    0x0, 0x0, 0xa, 0xff, 0xff, 0xf1, 0x0, 0x0,
    0x0, 0x4e, 0xff, 0xff, 0xff, 0xff, 0x20, 0x0,
    0x0, 0x0, 0xb, 0xff, 0xff, 0xc0, 0x0, 0x0,
    0x0, 0x1c, 0xff, 0xff, 0xff, 0x40, 0x0, 0x0,
    0x0, 0x0, 0xa, 0xff, 0xff, 0xc2, 0x0, 0x0,
    0x0, 0x9, 0xff, 0xff, 0x80, 0x0, 0x0, 0x0,
    0x0, 0x0, 0x6, 0xff, 0xff, 0xfb, 0x64, 0x51,
    0x0, 0x5, 0xff, 0xff, 0x80, 0x0, 0x0, 0x0,
    0x0, 0x0, 0x1, 0x9f, 0xff, 0xff, 0xff, 0xe3,
    0x0, 0x2, 0xdf, 0xff, 0xc1, 0x0, 0x0, 0x0,
    0x0, 0x0, 0x0, 0x5, 0x9d, 0xef, 0xfe, 0xb1,
    0x0, 0x0, 0xaf, 0xff, 0xe4, 0x0, 0x0, 0x0,
    0x0, 0x0, 0x0, 0x0, 0x0, 0x0, 0x0, 0x0,
    0x0, 0x0, 0x7f, 0xff, 0xf6, 0x0, 0x0, 0x0,
    0x0, 0x0, 0x0, 0x0, 0x0, 0x0, 0x0, 0x0,
    0x0, 0x0, 0x3e, 0xff, 0x80, 0x0, 0x0, 0x0,
    0x0, 0x0, 0x0, 0x0, 0x0, 0x0, 0x0, 0x0,
    0x0, 0x0, 0x1b, 0xc0,

    /* U+F071 "" */
    0x0, 0x0, 0x0, 0x0, 0x0, 0x0, 0x1c, 0xfc,
    0x10, 0x0, 0x0, 0x0, 0x0, 0x0, 0x0, 0x0,
    0x0, 0x0, 0x0, 0x0, 0xa, 0xff, 0xfa, 0x0,
    0x0, 0x0, 0x0, 0x0, 0x0, 0x0, 0x0, 0x0,
    0x0, 0x0, 0x4, 0xff, 0xff, 0xf4, 0x0, 0x0,
    0x0, 0x0, 0x0, 0x0, 0x0, 0x0, 0x0, 0x0,
    0x0, 0xdf, 0xff, 0xff, 0xd0, 0x0, 0x0, 0x0,
    0x0, 0x0, 0x0, 0x0, 0x0, 0x0, 0x0, 0x6f,
    0xff, 0xff, 0xff, 0x60, 0x0, 0x0, 0x0, 0x0,
    0x0, 0x0, 0x0, 0x0, 0x0, 0x1e, 0xff, 0xff,
    0xff, 0xfe, 0x10, 0x0, 0x0, 0x0, 0x0, 0x0,
    0x0, 0x0, 0x0, 0x9, 0xff, 0xff, 0xff, 0xff,
    0xf9, 0x0, 0x0, 0x0, 0x0, 0x0, 0x0, 0x0,
    0x0, 0x2, 0xff, 0xff, 0xff, 0xff, 0xff, 0xf2,
    0x0, 0x0, 0x0, 0x0, 0x0, 0x0, 0x0, 0x0,
    0xbf, 0xff, 0xa4, 0x44, 0xaf, 0xff, 0xb0, 0x0,
    0x0, 0x0, 0x0, 0x0, 0x0, 0x0, 0x4f, 0xff,
    0xf7, 0x0, 0x7, 0xff, 0xff, 0x40, 0x0, 0x0,
    0x0, 0x0, 0x0, 0x0, 0xd, 0xff, 0xff, 0x80,
    0x0, 0x8f, 0xff, 0xfd, 0x0, 0x0, 0x0, 0x0,
    0x0, 0x0, 0x7, 0xff, 0xff, 0xf9, 0x0, 0x9,
    0xff, 0xff, 0xf7, 0x0, 0x0, 0x0, 0x0, 0x0,
    0x1, 0xff, 0xff, 0xff, 0xa0, 0x0, 0xaf, 0xff,
    0xff, 0xf1, 0x0, 0x0, 0x0, 0x0, 0x0, 0x9f,
    0xff, 0xff, 0xfb, 0x0, 0xb, 0xff, 0xff, 0xff,
    0x90, 0x0, 0x0, 0x0, 0x0, 0x3f, 0xff, 0xff,
    0xff, 0xc0, 0x0, 0xcf, 0xff, 0xff, 0xff, 0x30,
    0x0, 0x0, 0x0, 0xc, 0xff, 0xff, 0xff, 0xfd,
    0x0, 0xd, 0xff, 0xff, 0xff, 0xfc, 0x0, 0x0,
    0x0, 0x5, 0xff, 0xff, 0xff, 0xff, 0xff, 0xdf,
    0xff, 0xff, 0xff, 0xff, 0xf5, 0x0, 0x0, 0x0,
    0xef, 0xff, 0xff, 0xff, 0xfd, 0x10, 0x2d, 0xff,
    0xff, 0xff, 0xff, 0xe0, 0x0, 0x0, 0x7f, 0xff,
    0xff, 0xff, 0xff, 0x60, 0x0, 0x6f, 0xff, 0xff,
    0xff, 0xff, 0x70, 0x0, 0x1f, 0xff, 0xff, 0xff,
    0xff, 0xf8, 0x0, 0x8, 0xff, 0xff, 0xff, 0xff,
    0xff, 0x10, 0xa, 0xff, 0xff, 0xff, 0xff, 0xff,
    0xf5, 0x26, 0xff, 0xff, 0xff, 0xff, 0xff, 0xfa,
    0x0, 0xff, 0xff, 0xff, 0xff, 0xff, 0xff, 0xff,
    0xff, 0xff, 0xff, 0xff, 0xff, 0xff, 0xf0, 0xd,
    0xff, 0xff, 0xff, 0xff, 0xff, 0xff, 0xff, 0xff,
    0xff, 0xff, 0xff, 0xff, 0xfd, 0x0, 0x3d, 0xff,
    0xff, 0xff, 0xff, 0xff, 0xff, 0xff, 0xff, 0xff,
    0xff, 0xff, 0xfd, 0x30,

    /* U+F073 "" */
    0x0, 0x0, 0x8f, 0xf2, 0x0, 0x0, 0x5, 0xff,
    0x50, 0x0, 0x0, 0x0, 0xb, 0xff, 0x40, 0x0,
    0x0, 0x8f, 0xf8, 0x0, 0x0, 0x0, 0x0, 0xbf,
    0xf4, 0x0, 0x0, 0x8, 0xff, 0x80, 0x0, 0x3,
    0xdf, 0xff, 0xff, 0xff, 0xff, 0xff, 0xff, 0xff,
    0xff, 0xd3, 0xdf, 0xff, 0xff, 0xff, 0xff, 0xff,
    0xff, 0xff, 0xff, 0xff, 0xdf, 0xff, 0xff, 0xff,
    0xff, 0xff, 0xff, 0xff, 0xff, 0xff, 0xff, 0xff,
    0xff, 0xff, 0xff, 0xff, 0xff, 0xff, 0xff, 0xff,
    0xff, 0xf8, 0x88, 0x88, 0x88, 0x88, 0x88, 0x88,
    0x88, 0x88, 0x88, 0x88, 0x0, 0x0, 0x0, 0x0,
    0x0, 0x0, 0x0, 0x0, 0x0, 0x0, 0xf, 0xff,
    0xff, 0xff, 0xff, 0xff, 0xff, 0xff, 0xff, 0xff,
    0xff, 0xff, 0xff, 0xff, 0xff, 0xff, 0xff, 0xff,
    0xff, 0xff, 0xff, 0xff, 0xff, 0xff, 0xff, 0xff,
    0xff, 0xff, 0xff, 0xff, 0xff, 0xff, 0xff, 0xf1,
    0x4, 0xff, 0xe0, 0x1, 0xff, 0xf1, 0x1, 0xff,
    0xff, 0xff, 0x0, 0x3f, 0xfd, 0x0, 0xf, 0xff,
    0x0, 0xf, 0xff, 0xff, 0xf1, 0x4, 0xff, 0xe0,
    0x1, 0xff, 0xf1, 0x1, 0xff, 0xff, 0xff, 0xff,
    0xff, 0xff, 0xff, 0xff, 0xff, 0xff, 0xff, 0xff,
    0xff, 0xff, 0xff, 0xff, 0xff, 0xff, 0xff, 0xff,
    0xff, 0xff, 0xff, 0xff, 0xff, 0xff, 0xff, 0xff,
    0xff, 0xff, 0xff, 0xff, 0xff, 0xff, 0xf1, 0x4,
    0xff, 0xe0, 0x1, 0xff, 0xf1, 0x1, 0xff, 0xff,
    0xff, 0x0, 0x3f, 0xfd, 0x0, 0xf, 0xff, 0x0,
    0xf, 0xff, 0xff, 0xf1, 0x4, 0xff, 0xe0, 0x1,
    0xff, 0xf1, 0x1, 0xff, 0xff, 0xff, 0xff, 0xff,
    0xff, 0xff, 0xff, 0xff, 0xff, 0xff, 0xff, 0xdf,
    0xff, 0xff, 0xff, 0xff, 0xff, 0xff, 0xff, 0xff,
    0xff, 0xd3, 0xdf, 0xff, 0xff, 0xff, 0xff, 0xff,
    0xff, 0xff, 0xff, 0xd3,

    /* U+F074 "" */
    0x0, 0x0, 0x0, 0x0, 0x0, 0x0, 0x0, 0x0,
    0x0, 0x69, 0x0, 0x0, 0x0, 0x0, 0x0, 0x0,
    0x0, 0x0, 0x0, 0x0, 0x0, 0xff, 0xc0, 0x0,
    0x0, 0x0, 0x0, 0x0, 0x0, 0x0, 0x0, 0x0,
    0x0, 0xff, 0xfc, 0x0, 0x9b, 0xbb, 0xbb, 0x30,
    0x0, 0x0, 0x0, 0x3b, 0xbb, 0xff, 0xff, 0xc0,
    0xff, 0xff, 0xff, 0xf3, 0x0, 0x0, 0x2, 0xef,
    0xff, 0xff, 0xff, 0xfb, 0xff, 0xff, 0xff, 0xfe,
    0x20, 0x0, 0x1e, 0xff, 0xff, 0xff, 0xff, 0xfe,
    0xff, 0xff, 0xff, 0xff, 0xe1, 0x1, 0xdf, 0xff,
    0xff, 0xff, 0xff, 0xe3, 0x0, 0x0, 0x3e, 0xff,
    0xe2, 0xc, 0xff, 0xfe, 0x20, 0xff, 0xfe, 0x30,
    0x0, 0x0, 0x3, 0xff, 0x30, 0xaf, 0xff, 0xf3,
    0x0, 0xff, 0xe3, 0x0, 0x0, 0x0, 0x0, 0x54,
    0x9, 0xff, 0xff, 0x40, 0x0, 0xbe, 0x30, 0x0,
    0x0, 0x0, 0x0, 0x0, 0x7f, 0xff, 0xf6, 0x0,
    0x0, 0x0, 0x0, 0x0, 0x0, 0x0, 0x0, 0x6,
    0xff, 0xff, 0x70, 0x0, 0x0, 0x0, 0x0, 0x0,
    0x0, 0x0, 0x0, 0x4f, 0xff, 0xf9, 0x4, 0x50,
    0x0, 0xbe, 0x30, 0x0, 0x0, 0x0, 0x3, 0xff,
    0xff, 0xa0, 0x3f, 0xf3, 0x0, 0xff, 0xe3, 0x0,
    0x0, 0x0, 0x2e, 0xff, 0xfc, 0x2, 0xef, 0xfe,
    0x30, 0xff, 0xfe, 0x30, 0xff, 0xff, 0xff, 0xff,
    0xd1, 0x1, 0xef, 0xff, 0xff, 0xff, 0xff, 0xe3,
    0xff, 0xff, 0xff, 0xfe, 0x10, 0x0, 0x2e, 0xff,
    0xff, 0xff, 0xff, 0xfe, 0xff, 0xff, 0xff, 0xe2,
    0x0, 0x0, 0x3, 0xff, 0xff, 0xff, 0xff, 0xfb,
    0x9b, 0xbb, 0xbb, 0x30, 0x0, 0x0, 0x0, 0x3b,
    0xbb, 0xff, 0xff, 0xc0, 0x0, 0x0, 0x0, 0x0,
    0x0, 0x0, 0x0, 0x0, 0x0, 0xff, 0xfc, 0x0,
    0x0, 0x0, 0x0, 0x0, 0x0, 0x0, 0x0, 0x0,
    0x0, 0xff, 0xc0, 0x0, 0x0, 0x0, 0x0, 0x0,
    0x0, 0x0, 0x0, 0x0, 0x0, 0x69, 0x0, 0x0,

    /* U+F075 "" */
    0x0, 0x0, 0x0, 0x0, 0x0, 0x46, 0x77, 0x64,
    0x0, 0x0, 0x0, 0x0, 0x0, 0x0, 0x0, 0x0,
    0x6c, 0xff, 0xff, 0xff, 0xff, 0xc6, 0x0, 0x0,
    0x0, 0x0, 0x0, 0x4, 0xef, 0xff, 0xff, 0xff,
    0xff, 0xff, 0xfe, 0x40, 0x0, 0x0, 0x0, 0x9,
    0xff, 0xff, 0xff, 0xff, 0xff, 0xff, 0xff, 0xff,
    0x90, 0x0, 0x0, 0xa, 0xff, 0xff, 0xff, 0xff,
    0xff, 0xff, 0xff, 0xff, 0xff, 0xa0, 0x0, 0x7,
    0xff, 0xff, 0xff, 0xff, 0xff, 0xff, 0xff, 0xff,
    0xff, 0xff, 0x70, 0x1, 0xff, 0xff, 0xff, 0xff,
    0xff, 0xff, 0xff, 0xff, 0xff, 0xff, 0xff, 0x10,
    0x7f, 0xff, 0xff, 0xff, 0xff, 0xff, 0xff, 0xff,
    0xff, 0xff, 0xff, 0xf7, 0xc, 0xff, 0xff, 0xff,
    0xff, 0xff, 0xff, 0xff, 0xff, 0xff, 0xff, 0xff,
    0xc0, 0xef, 0xff, 0xff, 0xff, 0xff, 0xff, 0xff,
    0xff, 0xff, 0xff, 0xff, 0xfe, 0xf, 0xff, 0xff,
    0xff, 0xff, 0xff, 0xff, 0xff, 0xff, 0xff, 0xff,
    0xff, 0xf0, 0xef, 0xff, 0xff, 0xff, 0xff, 0xff,
    0xff, 0xff, 0xff, 0xff, 0xff, 0xfd, 0xa, 0xff,
    0xff, 0xff, 0xff, 0xff, 0xff, 0xff, 0xff, 0xff,
    0xff, 0xff, 0xa0, 0x4f, 0xff, 0xff, 0xff, 0xff,
    0xff, 0xff, 0xff, 0xff, 0xff, 0xff, 0xf4, 0x0,
    0xcf, 0xff, 0xff, 0xff, 0xff, 0xff, 0xff, 0xff,
    0xff, 0xff, 0xfc, 0x0, 0x2, 0xef, 0xff, 0xff,
    0xff, 0xff, 0xff, 0xff, 0xff, 0xff, 0xff, 0x20,
    0x0, 0x7, 0xff, 0xff, 0xff, 0xff, 0xff, 0xff,
    0xff, 0xff, 0xfe, 0x30, 0x0, 0x0, 0xbf, 0xff,
    0xff, 0xff, 0xff, 0xff, 0xff, 0xff, 0xfc, 0x20,
    0x0, 0x0, 0x3f, 0xff, 0xff, 0xff, 0xff, 0xff,
    0xff, 0xff, 0xe7, 0x0, 0x0, 0x0, 0xd, 0xff,
    0xff, 0x64, 0x8c, 0xdf, 0xfe, 0xc8, 0x40, 0x0,
    0x0, 0x0, 0x9, 0xff, 0xf9, 0x20, 0x0, 0x0,
    0x0, 0x0, 0x0, 0x0, 0x0, 0x0, 0x0, 0x66,
    0x40, 0x0, 0x0, 0x0, 0x0, 0x0, 0x0, 0x0,
    0x0, 0x0, 0x0,

    /* U+F077 "" */
    0x0, 0x0, 0x0, 0x0, 0x0, 0x20, 0x0, 0x0,
    0x0, 0x0, 0x0, 0x0, 0x0, 0x0, 0x0, 0xaf,
    0x90, 0x0, 0x0, 0x0, 0x0, 0x0, 0x0, 0x0,
    0x0, 0xaf, 0xff, 0x90, 0x0, 0x0, 0x0, 0x0,
    0x0, 0x0, 0x0, 0xaf, 0xff, 0xff, 0x90, 0x0,
    0x0, 0x0, 0x0, 0x0, 0x0, 0xaf, 0xff, 0xff,
    0xff, 0x90, 0x0, 0x0, 0x0, 0x0, 0x0, 0xaf,
    0xff, 0xfd, 0xff, 0xff, 0x90, 0x0, 0x0, 0x0,
    0x0, 0xaf, 0xff, 0xf9, 0xa, 0xff, 0xff, 0x90,
    0x0, 0x0, 0x0, 0xaf, 0xff, 0xf9, 0x0, 0xa,
    0xff, 0xff, 0x90, 0x0, 0x0, 0xaf, 0xff, 0xf9,
    0x0, 0x0, 0xa, 0xff, 0xff, 0x90, 0x0, 0xaf,
    0xff, 0xf9, 0x0, 0x0, 0x0, 0xa, 0xff, 0xff,
    0x90, 0x9f, 0xff, 0xf9, 0x0, 0x0, 0x0, 0x0,
    0xa, 0xff, 0xff, 0x79, 0xff, 0xf9, 0x0, 0x0,
    0x0, 0x0, 0x0, 0xa, 0xff, 0xf8, 0xb, 0xf9,
    0x0, 0x0, 0x0, 0x0, 0x0, 0x0, 0xa, 0xfa,
    0x0, 0x2, 0x0, 0x0, 0x0, 0x0, 0x0, 0x0,
    0x0, 0x2, 0x0,

    /* U+F078 "" */
    0x0, 0x20, 0x0, 0x0, 0x0, 0x0, 0x0, 0x0,
    0x0, 0x20, 0x0, 0xbf, 0x90, 0x0, 0x0, 0x0,
    0x0, 0x0, 0x0, 0xaf, 0xa0, 0x9f, 0xff, 0x90,
    0x0, 0x0, 0x0, 0x0, 0x0, 0xaf, 0xff, 0x89,
    0xff, 0xff, 0x90, 0x0, 0x0, 0x0, 0x0, 0xaf,
    0xff, 0xf7, 0xa, 0xff, 0xff, 0x90, 0x0, 0x0,
    0x0, 0xaf, 0xff, 0xf9, 0x0, 0xa, 0xff, 0xff,
    0x90, 0x0, 0x0, 0xaf, 0xff, 0xf9, 0x0, 0x0,
    0xa, 0xff, 0xff, 0x90, 0x0, 0xaf, 0xff, 0xf9,
    0x0, 0x0, 0x0, 0xa, 0xff, 0xff, 0x90, 0xaf,
    0xff, 0xf9, 0x0, 0x0, 0x0, 0x0, 0xa, 0xff,
    0xff, 0xdf, 0xff, 0xf9, 0x0, 0x0, 0x0, 0x0,
    0x0, 0xa, 0xff, 0xff, 0xff, 0xf9, 0x0, 0x0,
    0x0, 0x0, 0x0, 0x0, 0xa, 0xff, 0xff, 0xf9,
    0x0, 0x0, 0x0, 0x0, 0x0, 0x0, 0x0, 0xa,
    0xff, 0xf9, 0x0, 0x0, 0x0, 0x0, 0x0, 0x0,
    0x0, 0x0, 0xa, 0xf9, 0x0, 0x0, 0x0, 0x0,
    0x0, 0x0, 0x0, 0x0, 0x0, 0x2, 0x0, 0x0,
    0x0, 0x0, 0x0,

    /* U+F079 "" */
    0x0, 0x0, 0x3, 0xd9, 0x0, 0x0, 0x0, 0x0,
    0x0, 0x0, 0x0, 0x0, 0x0, 0x0, 0x0, 0x0,
    0x0, 0x3, 0xef, 0xfa, 0x0, 0x0, 0x34, 0x44,
    0x44, 0x44, 0x44, 0x44, 0x10, 0x0, 0x0, 0x0,
    0x3, 0xef, 0xff, 0xfa, 0x0, 0x7f, 0xff, 0xff,
    0xff, 0xff, 0xff, 0xff, 0x0, 0x0, 0x0, 0x3,
    0xef, 0xff, 0xff, 0xfa, 0x5, 0xff, 0xff, 0xff,
    0xff, 0xff, 0xff, 0xf1, 0x0, 0x0, 0x3, 0xff,
    0xff, 0xff, 0xff, 0xfb, 0x5, 0xbb, 0xbb, 0xbb,
    0xbb, 0xbf, 0xff, 0x10, 0x0, 0x0, 0xef, 0xfe,
    0xdf, 0xfb, 0xff, 0xf8, 0x0, 0x0, 0x0, 0x0,
    0x0, 0xef, 0xf1, 0x0, 0x0, 0xd, 0xfe, 0x2b,
    0xff, 0x48, 0xff, 0x60, 0x0, 0x0, 0x0, 0x0,
    0xe, 0xff, 0x10, 0x0, 0x0, 0x17, 0x20, 0xbf,
    0xf4, 0x5, 0x50, 0x0, 0x0, 0x0, 0x0, 0x0,
    0xef, 0xf1, 0x0, 0x0, 0x0, 0x0, 0xb, 0xff,
    0x40, 0x0, 0x0, 0x0, 0x0, 0x0, 0x0, 0xe,
    0xff, 0x10, 0x0, 0x0, 0x0, 0x0, 0xbf, 0xf4,
    0x0, 0x0, 0x0, 0x0, 0x0, 0x0, 0x0, 0xef,
    0xf1, 0x0, 0x0, 0x0, 0x0, 0xb, 0xff, 0x40,
    0x0, 0x0, 0x0, 0x0, 0x0, 0x0, 0xe, 0xff,
    0x10, 0x0, 0x0, 0x0, 0x0, 0xbf, 0xf4, 0x0,
    0x0, 0x0, 0x0, 0x0, 0xaf, 0x70, 0xef, 0xf1,
    0x4f, 0xc0, 0x0, 0x0, 0xb, 0xff, 0x40, 0x0,
    0x0, 0x0, 0x0, 0x3f, 0xff, 0x6e, 0xff, 0x5f,
    0xff, 0x60, 0x0, 0x0, 0xbf, 0xf7, 0x44, 0x44,
    0x44, 0x44, 0x20, 0xcf, 0xff, 0xff, 0xff, 0xff,
    0xd1, 0x0, 0x0, 0xb, 0xff, 0xff, 0xff, 0xff,
    0xff, 0xff, 0x50, 0xbf, 0xff, 0xff, 0xff, 0xd1,
    0x0, 0x0, 0x0, 0xbf, 0xff, 0xff, 0xff, 0xff,
    0xff, 0xfe, 0x0, 0xbf, 0xff, 0xff, 0xd1, 0x0,
    0x0, 0x0, 0x4, 0xbb, 0xbb, 0xbb, 0xbb, 0xbb,
    0xbb, 0x60, 0x0, 0xbf, 0xff, 0xd1, 0x0, 0x0,
    0x0, 0x0, 0x0, 0x0, 0x0, 0x0, 0x0, 0x0,
    0x0, 0x0, 0x0, 0xbf, 0xd1, 0x0, 0x0, 0x0,
    0x0, 0x0, 0x0, 0x0, 0x0, 0x0, 0x0, 0x0,
    0x0, 0x0, 0x0, 0x40, 0x0, 0x0, 0x0,

    /* U+F07A "" */
    0xd, 0xff, 0xff, 0xf9, 0x0, 0x0, 0x0, 0x0,
    0x0, 0x0, 0x0, 0x0, 0x0, 0x0, 0x2f, 0xff,
    0xff, 0xff, 0x0, 0x0, 0x0, 0x0, 0x0, 0x0,
    0x0, 0x0, 0x0, 0x0, 0xd, 0xff, 0xff, 0xff,
    0x30, 0x0, 0x0, 0x0, 0x0, 0x0, 0x0, 0x0,
    0x0, 0x0, 0x0, 0x0, 0xa, 0xff, 0xff, 0xff,
    0xff, 0xff, 0xff, 0xff, 0xff, 0xff, 0xff, 0xf9,
    0x0, 0x0, 0x6, 0xff, 0xff, 0xff, 0xff, 0xff,
    0xff, 0xff, 0xff, 0xff, 0xff, 0xfc, 0x0, 0x0,
    0x3, 0xff, 0xff, 0xff, 0xff, 0xff, 0xff, 0xff,
    0xff, 0xff, 0xff, 0xf8, 0x0, 0x0, 0x0, 0xff,
    0xff, 0xff, 0xff, 0xff, 0xff, 0xff, 0xff, 0xff,
    0xff, 0xf5, 0x0, 0x0, 0x0, 0xdf, 0xff, 0xff,
    0xff, 0xff, 0xff, 0xff, 0xff, 0xff, 0xff, 0xf1,
    0x0, 0x0, 0x0, 0xaf, 0xff, 0xff, 0xff, 0xff,
    0xff, 0xff, 0xff, 0xff, 0xff, 0xe0, 0x0, 0x0,
    0x0, 0x6f, 0xff, 0xff, 0xff, 0xff, 0xff, 0xff,
    0xff, 0xff, 0xff, 0xa0, 0x0, 0x0, 0x0, 0x3f,
    0xff, 0xff, 0xff, 0xff, 0xff, 0xff, 0xff, 0xff,
    0xff, 0x60, 0x0, 0x0, 0x0, 0xf, 0xff, 0xff,
    0xff, 0xff, 0xff, 0xff, 0xff, 0xff, 0xff, 0x30,
    0x0, 0x0, 0x0, 0xd, 0xff, 0xff, 0xff, 0xff,
    0xff, 0xff, 0xff, 0xff, 0xff, 0x0, 0x0, 0x0,
    0x0, 0x9, 0xff, 0xff, 0xff, 0xff, 0xff, 0xff,
    0xff, 0xff, 0xfb, 0x0, 0x0, 0x0, 0x0, 0x6,
    0xff, 0xff, 0xff, 0xff, 0xff, 0xff, 0xff, 0xff,
    0xf5, 0x0, 0x0, 0x0, 0x0, 0x3, 0xff, 0xe0,
    0x0, 0x0, 0x0, 0x0, 0x0, 0x0, 0x0, 0x0,
    0x0, 0x0, 0x0, 0x0, 0xff, 0xf4, 0x44, 0x44,
    0x44, 0x44, 0x44, 0x44, 0x0, 0x0, 0x0, 0x0,
    0x0, 0x0, 0xdf, 0xff, 0xff, 0xff, 0xff, 0xff,
    0xff, 0xff, 0xa0, 0x0, 0x0, 0x0, 0x0, 0x0,
    0x9f, 0xff, 0xff, 0xff, 0xff, 0xff, 0xff, 0xff,
    0xa0, 0x0, 0x0, 0x0, 0x0, 0x0, 0xbf, 0xff,
    0xbb, 0xbb, 0xbb, 0xbb, 0xbe, 0xff, 0xc1, 0x0,
    0x0, 0x0, 0x0, 0x8, 0xff, 0xff, 0x30, 0x0,
    0x0, 0x0, 0xe, 0xff, 0xfb, 0x0, 0x0, 0x0,
    0x0, 0xb, 0xff, 0xff, 0x60, 0x0, 0x0, 0x0,
    0x3f, 0xff, 0xff, 0x0, 0x0, 0x0, 0x0, 0x8,
    0xff, 0xff, 0x40, 0x0, 0x0, 0x0, 0x1f, 0xff,
    0xfc, 0x0, 0x0, 0x0, 0x0, 0x1, 0xcf, 0xf8,
    0x0, 0x0, 0x0, 0x0, 0x6, 0xff, 0xe2, 0x0,
    0x0, 0x0, 0x0, 0x0, 0x2, 0x10, 0x0, 0x0,
    0x0, 0x0, 0x0, 0x2, 0x0, 0x0,

    /* U+F07B "" */
    0x3d, 0xff, 0xff, 0xff, 0xff, 0x40, 0x0, 0x0,
    0x0, 0x0, 0x0, 0x0, 0xdf, 0xff, 0xff, 0xff,
    0xff, 0xf4, 0x0, 0x0, 0x0, 0x0, 0x0, 0x0,
    0xff, 0xff, 0xff, 0xff, 0xff, 0xff, 0x40, 0x0,
    0x0, 0x0, 0x0, 0x0, 0xff, 0xff, 0xff, 0xff,
    0xff, 0xff, 0xff, 0xff, 0xff, 0xff, 0xff, 0xd3,
    0xff, 0xff, 0xff, 0xff, 0xff, 0xff, 0xff, 0xff,
    0xff, 0xff, 0xff, 0xfd, 0xff, 0xff, 0xff, 0xff,
    0xff, 0xff, 0xff, 0xff, 0xff, 0xff, 0xff, 0xff,
    0xff, 0xff, 0xff, 0xff, 0xff, 0xff, 0xff, 0xff,
    0xff, 0xff, 0xff, 0xff, 0xff, 0xff, 0xff, 0xff,
    0xff, 0xff, 0xff, 0xff, 0xff, 0xff, 0xff, 0xff,
    0xff, 0xff, 0xff, 0xff, 0xff, 0xff, 0xff, 0xff,
    0xff, 0xff, 0xff, 0xff, 0xff, 0xff, 0xff, 0xff,
    0xff, 0xff, 0xff, 0xff, 0xff, 0xff, 0xff, 0xff,
    0xff, 0xff, 0xff, 0xff, 0xff, 0xff, 0xff, 0xff,
    0xff, 0xff, 0xff, 0xff, 0xff, 0xff, 0xff, 0xff,
    0xff, 0xff, 0xff, 0xff, 0xff, 0xff, 0xff, 0xff,
    0xff, 0xff, 0xff, 0xff, 0xff, 0xff, 0xff, 0xff,
    0xff, 0xff, 0xff, 0xff, 0xff, 0xff, 0xff, 0xff,
    0xff, 0xff, 0xff, 0xff, 0xff, 0xff, 0xff, 0xff,
    0xff, 0xff, 0xff, 0xff, 0xff, 0xff, 0xff, 0xff,
    0xff, 0xff, 0xff, 0xff, 0xff, 0xff, 0xff, 0xff,
    0xff, 0xff, 0xff, 0xff, 0xff, 0xff, 0xff, 0xff,
    0xdf, 0xff, 0xff, 0xff, 0xff, 0xff, 0xff, 0xff,
    0xff, 0xff, 0xff, 0xfd, 0x3d, 0xff, 0xff, 0xff,
    0xff, 0xff, 0xff, 0xff, 0xff, 0xff, 0xff, 0xd3,

    /* U+F093 "" */
    0x0, 0x0, 0x0, 0x0, 0x0, 0xa, 0xa0, 0x0,
    0x0, 0x0, 0x0, 0x0, 0x0, 0x0, 0x0, 0x0,
    0x0, 0xbf, 0xfb, 0x0, 0x0, 0x0, 0x0, 0x0,
    0x0, 0x0, 0x0, 0x0, 0xb, 0xff, 0xff, 0xb0,
    0x0, 0x0, 0x0, 0x0, 0x0, 0x0, 0x0, 0x0,
    0xbf, 0xff, 0xff, 0xfb, 0x0, 0x0, 0x0, 0x0,
    0x0, 0x0, 0x0, 0xb, 0xff, 0xff, 0xff, 0xff,
    0xb0, 0x0, 0x0, 0x0, 0x0, 0x0, 0x0, 0xbf,
    0xff, 0xff, 0xff, 0xff, 0xfb, 0x0, 0x0, 0x0,
    0x0, 0x0, 0xb, 0xff, 0xff, 0xff, 0xff, 0xff,
    0xff, 0xb0, 0x0, 0x0, 0x0, 0x0, 0xbf, 0xff,
    0xff, 0xff, 0xff, 0xff, 0xff, 0xfa, 0x0, 0x0,
    0x0, 0x0, 0xef, 0xff, 0xff, 0xff, 0xff, 0xff,
    0xff, 0xfe, 0x0, 0x0, 0x0, 0x0, 0x2, 0x22,
    0x2f, 0xff, 0xff, 0xf2, 0x22, 0x20, 0x0, 0x0,
    0x0, 0x0, 0x0, 0x0, 0xf, 0xff, 0xff, 0xf0,
    0x0, 0x0, 0x0, 0x0, 0x0, 0x0, 0x0, 0x0,
    0xf, 0xff, 0xff, 0xf0, 0x0, 0x0, 0x0, 0x0,
    0x0, 0x0, 0x0, 0x0, 0xf, 0xff, 0xff, 0xf0,
    0x0, 0x0, 0x0, 0x0, 0x0, 0x0, 0x0, 0x0,
    0xf, 0xff, 0xff, 0xf0, 0x0, 0x0, 0x0, 0x0,
    0x0, 0x0, 0x0, 0x0, 0xf, 0xff, 0xff, 0xf0,
    0x0, 0x0, 0x0, 0x0, 0x0, 0x0, 0x0, 0x0,
    0xf, 0xff, 0xff, 0xf0, 0x0, 0x0, 0x0, 0x0,
    0x25, 0x55, 0x55, 0x52, 0xf, 0xff, 0xff, 0xf0,
    0x25, 0x55, 0x55, 0x52, 0xef, 0xff, 0xff, 0xf9,
    0xc, 0xff, 0xff, 0xc0, 0x9f, 0xff, 0xff, 0xfe,
    0xff, 0xff, 0xff, 0xff, 0x20, 0x1, 0x10, 0x2,
    0xff, 0xff, 0xff, 0xff, 0xff, 0xff, 0xff, 0xff,
    0xf9, 0x88, 0x88, 0x9f, 0xff, 0xff, 0xff, 0xff,
    0xff, 0xff, 0xff, 0xff, 0xff, 0xff, 0xff, 0xff,
    0xff, 0xff, 0xff, 0xff, 0xff, 0xff, 0xff, 0xff,
    0xff, 0xff, 0xff, 0xff, 0x71, 0xe7, 0x1e, 0xff,
    0xff, 0xff, 0xff, 0xff, 0xff, 0xff, 0xff, 0xff,
    0xb6, 0xfb, 0x6f, 0xff, 0xbf, 0xff, 0xff, 0xff,
    0xff, 0xff, 0xff, 0xff, 0xff, 0xff, 0xff, 0xfb,

    /* U+F095 "" */
    0x0, 0x0, 0x0, 0x0, 0x0, 0x0, 0x0, 0x0,
    0x0, 0x0, 0x0, 0x0, 0x0, 0x0, 0x0, 0x0,
    0x0, 0x0, 0x0, 0x0, 0x0, 0xd, 0xea, 0x63,
    0x0, 0x0, 0x0, 0x0, 0x0, 0x0, 0x0, 0x0,
    0x0, 0x6, 0xff, 0xff, 0xff, 0x80, 0x0, 0x0,
    0x0, 0x0, 0x0, 0x0, 0x0, 0x0, 0xdf, 0xff,
    0xff, 0xff, 0x0, 0x0, 0x0, 0x0, 0x0, 0x0,
    0x0, 0x0, 0x4f, 0xff, 0xff, 0xff, 0xf0, 0x0,
    0x0, 0x0, 0x0, 0x0, 0x0, 0x0, 0xa, 0xff,
    0xff, 0xff, 0xfe, 0x0, 0x0, 0x0, 0x0, 0x0,
    0x0, 0x0, 0x1, 0xff, 0xff, 0xff, 0xff, 0xc0,
    0x0, 0x0, 0x0, 0x0, 0x0, 0x0, 0x0, 0x4f,
    0xff, 0xff, 0xff, 0xf9, 0x0, 0x0, 0x0, 0x0,
    0x0, 0x0, 0x0, 0x0, 0x9f, 0xff, 0xff, 0xff,
    0x60, 0x0, 0x0, 0x0, 0x0, 0x0, 0x0, 0x0,
    0x0, 0x6f, 0xff, 0xff, 0xf2, 0x0, 0x0, 0x0,
    0x0, 0x0, 0x0, 0x0, 0x0, 0x0, 0x6f, 0xff,
    0xfc, 0x0, 0x0, 0x0, 0x0, 0x0, 0x0, 0x0,
    0x0, 0x0, 0xa, 0xff, 0xff, 0x60, 0x0, 0x0,
    0x0, 0x0, 0x0, 0x0, 0x0, 0x0, 0x4, 0xff,
    0xff, 0xe0, 0x0, 0x0, 0x0, 0x0, 0x0, 0x0,
    0x0, 0x0, 0x1, 0xdf, 0xff, 0xf7, 0x0, 0x0,
    0x0, 0x0, 0x0, 0x0, 0x0, 0x0, 0x0, 0xbf,
    0xff, 0xfd, 0x0, 0x0, 0x0, 0x0, 0x1, 0x40,
    0x0, 0x0, 0x0, 0xaf, 0xff, 0xff, 0x30, 0x0,
    0x0, 0x0, 0x3a, 0xff, 0xa0, 0x0, 0x1, 0xbf,
    0xff, 0xff, 0x70, 0x0, 0x0, 0x5, 0xcf, 0xff,
    0xff, 0x70, 0x3, 0xdf, 0xff, 0xff, 0xa0, 0x0,
    0x0, 0xd, 0xff, 0xff, 0xff, 0xff, 0x6a, 0xff,
    0xff, 0xff, 0xb0, 0x0, 0x0, 0x0, 0xef, 0xff,
    0xff, 0xff, 0xff, 0xff, 0xff, 0xff, 0xa0, 0x0,
    0x0, 0x0, 0xa, 0xff, 0xff, 0xff, 0xff, 0xff,
    0xff, 0xff, 0x70, 0x0, 0x0, 0x0, 0x0, 0x6f,
    0xff, 0xff, 0xff, 0xff, 0xff, 0xfd, 0x30, 0x0,
    0x0, 0x0, 0x0, 0x3, 0xff, 0xff, 0xff, 0xff,
    0xff, 0xe7, 0x0, 0x0, 0x0, 0x0, 0x0, 0x0,
    0xf, 0xff, 0xff, 0xff, 0xfc, 0x60, 0x0, 0x0,
    0x0, 0x0, 0x0, 0x0, 0x0, 0x8f, 0xfe, 0xc9,
    0x62, 0x0, 0x0, 0x0, 0x0, 0x0, 0x0, 0x0,
    0x0,

    /* U+F0AD "" */
    0x0, 0x0, 0x0, 0x0, 0x0, 0x0, 0x0, 0x0,
    0x0, 0x0, 0x0, 0x0, 0x0, 0x0, 0x0, 0x0,
    0x0, 0x0, 0x0, 0x5, 0xbe, 0xfd, 0x20, 0x0,
    0x0, 0x0, 0x0, 0x0, 0x0, 0x0, 0x0, 0x1c,
    0xff, 0xff, 0xb0, 0x0, 0x0, 0x0, 0x0, 0x0,
    0x0, 0x0, 0x0, 0x1d, 0xff, 0xff, 0xb0, 0x0,
    0x0, 0x0, 0x0, 0x0, 0x0, 0x0, 0x0, 0xa,
    0xff, 0xff, 0xb0, 0x0, 0x0, 0x0, 0x0, 0x0,
    0x0, 0x0, 0x0, 0x1, 0xff, 0xff, 0xd0, 0x0,
    0x0, 0x0, 0x20, 0x0, 0x0, 0x0, 0x0, 0x0,
    0x5f, 0xff, 0xfc, 0x0, 0x0, 0x0, 0xbd, 0x0,
    0x0, 0x0, 0x0, 0x0, 0x7, 0xff, 0xff, 0xf0,
    0x0, 0x0, 0xbf, 0xf0, 0x0, 0x0, 0x0, 0x0,
    0x0, 0x6f, 0xff, 0xff, 0x30, 0x0, 0xbf, 0xfe,
    0x0, 0x0, 0x0, 0x0, 0x0, 0x3, 0xff, 0xff,
    0xff, 0xfc, 0xdf, 0xff, 0xb0, 0x0, 0x0, 0x0,
    0x0, 0x0, 0xbf, 0xff, 0xff, 0xff, 0xff, 0xff,
    0xf5, 0x0, 0x0, 0x0, 0x0, 0x0, 0xbf, 0xff,
    0xff, 0xff, 0xff, 0xff, 0xfc, 0x0, 0x0, 0x0,
    0x0, 0x0, 0xbf, 0xff, 0xff, 0xff, 0xff, 0xff,
    0xfd, 0x10, 0x0, 0x0, 0x0, 0x0, 0xbf, 0xff,
    0xff, 0xff, 0xff, 0xff, 0xf9, 0x0, 0x0, 0x0,
    0x0, 0x0, 0xbf, 0xff, 0xff, 0xff, 0xb3, 0x67,
    0x51, 0x0, 0x0, 0x0, 0x0, 0x0, 0xbf, 0xff,
    0xff, 0xff, 0xb0, 0x0, 0x0, 0x0, 0x0, 0x0,
    0x0, 0x0, 0xbf, 0xff, 0xff, 0xff, 0xb0, 0x0,
    0x0, 0x0, 0x0, 0x0, 0x0, 0x0, 0xbf, 0xff,
    0xff, 0xff, 0xb0, 0x0, 0x0, 0x0, 0x0, 0x0,
    0x0, 0x0, 0xbf, 0xff, 0xff, 0xff, 0xb0, 0x0,
    0x0, 0x0, 0x0, 0x0, 0x0, 0x0, 0xbf, 0xff,
    0xff, 0xff, 0xb0, 0x0, 0x0, 0x0, 0x0, 0x0,
    0x0, 0x0, 0x8f, 0xff, 0xff, 0xff, 0xb0, 0x0,
    0x0, 0x0, 0x0, 0x0, 0x0, 0x0, 0xe, 0xf1,
    0x1f, 0xff, 0xb0, 0x0, 0x0, 0x0, 0x0, 0x0,
    0x0, 0x0, 0x0, 0xef, 0x11, 0xff, 0xb0, 0x0,
    0x0, 0x0, 0x0, 0x0, 0x0, 0x0, 0x0, 0x9,
    0xff, 0xff, 0xb0, 0x0, 0x0, 0x0, 0x0, 0x0,
    0x0, 0x0, 0x0, 0x0, 0x9, 0xee, 0x80, 0x0,
    0x0, 0x0, 0x0, 0x0, 0x0, 0x0, 0x0, 0x0,
    0x0,

    /* U+F0B1 "" */
    0x0, 0x0, 0x0, 0x1, 0x44, 0x44, 0x44, 0x44,
    0x10, 0x0, 0x0, 0x0, 0x0, 0x0, 0x0, 0x6f,
    0xff, 0xff, 0xff, 0xff, 0xf5, 0x0, 0x0, 0x0,
    0x0, 0x0, 0x0, 0xef, 0xff, 0xff, 0xff, 0xff,
    0xfe, 0x0, 0x0, 0x0, 0x0, 0x0, 0x0, 0xff,
    0xfb, 0xbb, 0xbb, 0xbf, 0xff, 0x0, 0x0, 0x0,
    0x0, 0x0, 0x0, 0xff, 0xf0, 0x0, 0x0, 0xf,
    0xff, 0x0, 0x0, 0x0, 0x2c, 0xff, 0xff, 0xff,
    0xff, 0xff, 0xff, 0xff, 0xff, 0xff, 0xff, 0xc2,
    0xcf, 0xff, 0xff, 0xff, 0xff, 0xff, 0xff, 0xff,
    0xff, 0xff, 0xff, 0xfc, 0xff, 0xff, 0xff, 0xff,
    0xff, 0xff, 0xff, 0xff, 0xff, 0xff, 0xff, 0xff,
    0xff, 0xff, 0xff, 0xff, 0xff, 0xff, 0xff, 0xff,
    0xff, 0xff, 0xff, 0xff, 0xff, 0xff, 0xff, 0xff,
    0xff, 0xff, 0xff, 0xff, 0xff, 0xff, 0xff, 0xff,
    0xff, 0xff, 0xff, 0xff, 0xff, 0xff, 0xff, 0xff,
    0xff, 0xff, 0xff, 0xff, 0x0, 0x0, 0x0, 0x0,
    0x0, 0x0, 0x0, 0x0, 0x0, 0x0, 0x0, 0x0,
    0x44, 0x44, 0x44, 0x44, 0x40, 0x0, 0x0, 0x4,
    0x44, 0x44, 0x44, 0x44, 0xff, 0xff, 0xff, 0xff,
    0xf0, 0x0, 0x0, 0xf, 0xff, 0xff, 0xff, 0xff,
    0xff, 0xff, 0xff, 0xff, 0xf0, 0x0, 0x0, 0xf,
    0xff, 0xff, 0xff, 0xff, 0xff, 0xff, 0xff, 0xff,
    0xf6, 0x44, 0x44, 0x7f, 0xff, 0xff, 0xff, 0xff,
    0xff, 0xff, 0xff, 0xff, 0xff, 0xff, 0xff, 0xff,
    0xff, 0xff, 0xff, 0xff, 0xff, 0xff, 0xff, 0xff,
    0xff, 0xff, 0xff, 0xff, 0xff, 0xff, 0xff, 0xff,
    0xff, 0xff, 0xff, 0xff, 0xff, 0xff, 0xff, 0xff,
    0xff, 0xff, 0xff, 0xff, 0xff, 0xff, 0xff, 0xff,
    0xff, 0xff, 0xff, 0xff, 0xff, 0xff, 0xff, 0xff,
    0xaf, 0xff, 0xff, 0xff, 0xff, 0xff, 0xff, 0xff,
    0xff, 0xff, 0xff, 0xfa, 0x8, 0xbb, 0xbb, 0xbb,
    0xbb, 0xbb, 0xbb, 0xbb, 0xbb, 0xbb, 0xbb, 0x80,

    /* U+F0C2 "" */
    0x0, 0x0, 0x0, 0x0, 0x0, 0x13, 0x31, 0x0,
    0x0, 0x0, 0x0, 0x0, 0x0, 0x0, 0x0, 0x0,
    0x0, 0x0, 0x0, 0x6d, 0xff, 0xff, 0xd6, 0x0,
    0x0, 0x0, 0x0, 0x0, 0x0, 0x0, 0x0, 0x0,
    0x0, 0xb, 0xff, 0xff, 0xff, 0xff, 0xb1, 0x0,
    0x0, 0x0, 0x0, 0x0, 0x0, 0x0, 0x0, 0x0,
    0xcf, 0xff, 0xff, 0xff, 0xff, 0xfc, 0x0, 0x33,
    0x0, 0x0, 0x0, 0x0, 0x0, 0x0, 0x7, 0xff,
    0xff, 0xff, 0xff, 0xff, 0xff, 0xbf, 0xff, 0xf8,
    0x0, 0x0, 0x0, 0x0, 0x0, 0xf, 0xff, 0xff,
    0xff, 0xff, 0xff, 0xff, 0xff, 0xff, 0xff, 0x90,
    0x0, 0x0, 0x0, 0x0, 0x4f, 0xff, 0xff, 0xff,
    0xff, 0xff, 0xff, 0xff, 0xff, 0xff, 0xf2, 0x0,
    0x0, 0x0, 0x0, 0x6f, 0xff, 0xff, 0xff, 0xff,
    0xff, 0xff, 0xff, 0xff, 0xff, 0xf6, 0x0, 0x0,
    0x0, 0x0, 0xaf, 0xff, 0xff, 0xff, 0xff, 0xff,
    0xff, 0xff, 0xff, 0xff, 0xf7, 0x0, 0x0, 0x0,
    0x4e, 0xff, 0xff, 0xff, 0xff, 0xff, 0xff, 0xff,
    0xff, 0xff, 0xff, 0xf5, 0x0, 0x0, 0x4, 0xff,
    0xff, 0xff, 0xff, 0xff, 0xff, 0xff, 0xff, 0xff,
    0xff, 0xff, 0xff, 0xb2, 0x0, 0x1e, 0xff, 0xff,
    0xff, 0xff, 0xff, 0xff, 0xff, 0xff, 0xff, 0xff,
    0xff, 0xff, 0xff, 0x40, 0x8f, 0xff, 0xff, 0xff,
    0xff, 0xff, 0xff, 0xff, 0xff, 0xff, 0xff, 0xff,
    0xff, 0xff, 0xe1, 0xdf, 0xff, 0xff, 0xff, 0xff,
    0xff, 0xff, 0xff, 0xff, 0xff, 0xff, 0xff, 0xff,
    0xff, 0xf8, 0xff, 0xff, 0xff, 0xff, 0xff, 0xff,
    0xff, 0xff, 0xff, 0xff, 0xff, 0xff, 0xff, 0xff,
    0xfd, 0xff, 0xff, 0xff, 0xff, 0xff, 0xff, 0xff,
    0xff, 0xff, 0xff, 0xff, 0xff, 0xff, 0xff, 0xff,
    0xdf, 0xff, 0xff, 0xff, 0xff, 0xff, 0xff, 0xff,
    0xff, 0xff, 0xff, 0xff, 0xff, 0xff, 0xfe, 0x8f,
    0xff, 0xff, 0xff, 0xff, 0xff, 0xff, 0xff, 0xff,
    0xff, 0xff, 0xff, 0xff, 0xff, 0xfb, 0x1e, 0xff,
    0xff, 0xff, 0xff, 0xff, 0xff, 0xff, 0xff, 0xff,
    0xff, 0xff, 0xff, 0xff, 0xf4, 0x4, 0xff, 0xff,
    0xff, 0xff, 0xff, 0xff, 0xff, 0xff, 0xff, 0xff,
    0xff, 0xff, 0xff, 0x90, 0x0, 0x3d, 0xff, 0xff,
    0xff, 0xff, 0xff, 0xff, 0xff, 0xff, 0xff, 0xff,
    0xff, 0xf9, 0x0, 0x0, 0x0, 0x59, 0xbb, 0xbb,
    0xbb, 0xbb, 0xbb, 0xbb, 0xbb, 0xbb, 0xbb, 0xa8,
    0x20, 0x0,

    /* U+F0C4 "" */
    0x0, 0x2, 0x42, 0x0, 0x0, 0x0, 0x0, 0x0,
    0x0, 0x0, 0x0, 0x2, 0xcf, 0xff, 0xc2, 0x0,
    0x0, 0x0, 0x0, 0x37, 0x73, 0x0, 0x2e, 0xff,
    0xff, 0xfe, 0x20, 0x0, 0x0, 0x8, 0xff, 0xff,
    0x90, 0xaf, 0xff, 0xcf, 0xff, 0xa0, 0x0, 0x0,
    0x9f, 0xff, 0xff, 0xb0, 0xef, 0xf4, 0x4, 0xff,
    0xe0, 0x0, 0x9, 0xff, 0xff, 0xfb, 0x0, 0xff,
    0xf1, 0x1, 0xff, 0xf0, 0x0, 0x9f, 0xff, 0xff,
    0xb0, 0x0, 0xcf, 0xfb, 0x5b, 0xff, 0xc0, 0x9,
    0xff, 0xff, 0xfb, 0x0, 0x0, 0x5f, 0xff, 0xff,
    0xff, 0xf5, 0x9f, 0xff, 0xff, 0xb0, 0x0, 0x0,
    0x8, 0xff, 0xff, 0xff, 0xff, 0xff, 0xff, 0xfb,
    0x0, 0x0, 0x0, 0x0, 0x39, 0xbe, 0xff, 0xff,
    0xff, 0xff, 0xb0, 0x0, 0x0, 0x0, 0x0, 0x0,
    0x2, 0xef, 0xff, 0xff, 0xfb, 0x0, 0x0, 0x0,
    0x0, 0x0, 0x0, 0x0, 0xaf, 0xff, 0xff, 0xf5,
    0x0, 0x0, 0x0, 0x0, 0x0, 0x2, 0x4a, 0xff,
    0xff, 0xff, 0xff, 0x50, 0x0, 0x0, 0x0, 0x2,
    0xcf, 0xff, 0xff, 0xff, 0xff, 0xff, 0xf5, 0x0,
    0x0, 0x0, 0x2e, 0xff, 0xff, 0xff, 0xfb, 0xef,
    0xff, 0xff, 0x50, 0x0, 0x0, 0xaf, 0xff, 0xcf,
    0xff, 0xd0, 0x2e, 0xff, 0xff, 0xf5, 0x0, 0x0,
    0xef, 0xf4, 0x4, 0xff, 0xe0, 0x2, 0xef, 0xff,
    0xff, 0x50, 0x0, 0xff, 0xf1, 0x1, 0xff, 0xf0,
    0x0, 0x2e, 0xff, 0xff, 0xf5, 0x0, 0xcf, 0xfb,
    0x5b, 0xff, 0xc0, 0x0, 0x2, 0xef, 0xff, 0xff,
    0x50, 0x5f, 0xff, 0xff, 0xff, 0x50, 0x0, 0x0,
    0x2e, 0xff, 0xff, 0xd0, 0x8, 0xff, 0xff, 0xf8,
    0x0, 0x0, 0x0, 0x1, 0xae, 0xea, 0x20, 0x0,
    0x39, 0xb9, 0x30, 0x0, 0x0, 0x0, 0x0, 0x0,
    0x0, 0x0,

    /* U+F0C5 "" */
    0x0, 0x0, 0x0, 0xbf, 0xff, 0xff, 0xff, 0xf0,
    0x7a, 0x0, 0x0, 0x0, 0x0, 0xf, 0xff, 0xff,
    0xff, 0xff, 0x8, 0xfb, 0x0, 0x0, 0x0, 0x0,
    0xff, 0xff, 0xff, 0xff, 0xf0, 0x8f, 0xfb, 0x0,
    0x0, 0x0, 0xf, 0xff, 0xff, 0xff, 0xff, 0x8,
    0xff, 0xfa, 0x47, 0x88, 0x40, 0xff, 0xff, 0xff,
    0xff, 0xf0, 0x48, 0x88, 0x7f, 0xff, 0xf8, 0xf,
    0xff, 0xff, 0xff, 0xff, 0x40, 0x0, 0x0, 0xff,
    0xff, 0x80, 0xff, 0xff, 0xff, 0xff, 0xff, 0xff,
    0xff, 0xff, 0xff, 0xf8, 0xf, 0xff, 0xff, 0xff,
    0xff, 0xff, 0xff, 0xff, 0xff, 0xff, 0x80, 0xff,
    0xff, 0xff, 0xff, 0xff, 0xff, 0xff, 0xff, 0xff,
    0xf8, 0xf, 0xff, 0xff, 0xff, 0xff, 0xff, 0xff,
    0xff, 0xff, 0xff, 0x80, 0xff, 0xff, 0xff, 0xff,
    0xff, 0xff, 0xff, 0xff, 0xff, 0xf8, 0xf, 0xff,
    0xff, 0xff, 0xff, 0xff, 0xff, 0xff, 0xff, 0xff,
    0x80, 0xff, 0xff, 0xff, 0xff, 0xff, 0xff, 0xff,
    0xff, 0xff, 0xf8, 0xf, 0xff, 0xff, 0xff, 0xff,
    0xff, 0xff, 0xff, 0xff, 0xff, 0x80, 0xff, 0xff,
    0xff, 0xff, 0xff, 0xff, 0xff, 0xff, 0xff, 0xf8,
    0xf, 0xff, 0xff, 0xff, 0xff, 0xff, 0xff, 0xff,
    0xff, 0xff, 0x80, 0xff, 0xff, 0xff, 0xff, 0xff,
    0xff, 0xff, 0xff, 0xff, 0xf8, 0xf, 0xff, 0xff,
    0xff, 0xff, 0xff, 0xff, 0xff, 0xff, 0xff, 0x80,
    0xff, 0xff, 0xff, 0xff, 0xff, 0xff, 0xff, 0xff,
    0xff, 0xfc, 0x4, 0x78, 0x88, 0x88, 0x88, 0x88,
    0x88, 0x74, 0xff, 0xff, 0xfa, 0x10, 0x0, 0x0,
    0x0, 0x0, 0x0, 0x0, 0xf, 0xff, 0xff, 0xff,
    0xff, 0xff, 0xff, 0xff, 0x0, 0x0, 0x0, 0xff,
    0xff, 0xff, 0xff, 0xff, 0xff, 0xff, 0xf0, 0x0,
    0x0, 0xb, 0xff, 0xff, 0xff, 0xff, 0xff, 0xff,
    0xfb, 0x0, 0x0, 0x0,

    /* U+F0C7 "" */
    0x1, 0x44, 0x44, 0x44, 0x44, 0x44, 0x44, 0x42,
    0x0, 0x0, 0x6, 0xff, 0xff, 0xff, 0xff, 0xff,
    0xff, 0xff, 0xf8, 0x0, 0x0, 0xef, 0xff, 0xff,
    0xff, 0xff, 0xff, 0xff, 0xff, 0xf8, 0x0, 0xf,
    0xff, 0xcb, 0xbb, 0xbb, 0xbb, 0xbb, 0xbd, 0xff,
    0xf8, 0x0, 0xff, 0xf0, 0x0, 0x0, 0x0, 0x0,
    0x0, 0xf, 0xff, 0xf8, 0xf, 0xff, 0x0, 0x0,
    0x0, 0x0, 0x0, 0x0, 0xff, 0xff, 0xf7, 0xff,
    0xf0, 0x0, 0x0, 0x0, 0x0, 0x0, 0xf, 0xff,
    0xff, 0xef, 0xff, 0x0, 0x0, 0x0, 0x0, 0x0,
    0x0, 0xff, 0xff, 0xff, 0xff, 0xf0, 0x0, 0x0,
    0x0, 0x0, 0x0, 0xf, 0xff, 0xff, 0xff, 0xff,
    0x54, 0x44, 0x44, 0x44, 0x44, 0x45, 0xff, 0xff,
    0xff, 0xff, 0xff, 0xff, 0xff, 0xff, 0xff, 0xff,
    0xff, 0xff, 0xff, 0xff, 0xff, 0xff, 0xff, 0xff,
    0xff, 0xff, 0xff, 0xff, 0xff, 0xff, 0xff, 0xff,
    0xff, 0xff, 0xfe, 0xce, 0xff, 0xff, 0xff, 0xff,
    0xff, 0xff, 0xff, 0xff, 0xf8, 0x0, 0x8, 0xff,
    0xff, 0xff, 0xff, 0xff, 0xff, 0xff, 0xfc, 0x0,
    0x0, 0xc, 0xff, 0xff, 0xff, 0xff, 0xff, 0xff,
    0xff, 0x80, 0x0, 0x0, 0x8f, 0xff, 0xff, 0xff,
    0xff, 0xff, 0xff, 0xfa, 0x0, 0x0, 0xa, 0xff,
    0xff, 0xff, 0xff, 0xff, 0xff, 0xff, 0xf2, 0x0,
    0x2, 0xff, 0xff, 0xff, 0xff, 0xff, 0xff, 0xff,
    0xff, 0xf7, 0x57, 0xff, 0xff, 0xff, 0xff, 0xff,
    0xff, 0xff, 0xff, 0xff, 0xff, 0xff, 0xff, 0xff,
    0xff, 0xff, 0xbf, 0xff, 0xff, 0xff, 0xff, 0xff,
    0xff, 0xff, 0xff, 0xff, 0xb1, 0x8b, 0xbb, 0xbb,
    0xbb, 0xbb, 0xbb, 0xbb, 0xbb, 0xbb, 0x81,

    /* U+F0C9 "" */
    0x13, 0x33, 0x33, 0x33, 0x33, 0x33, 0x33, 0x33,
    0x33, 0x33, 0x1f, 0xff, 0xff, 0xff, 0xff, 0xff,
    0xff, 0xff, 0xff, 0xff, 0xfe, 0xff, 0xff, 0xff,
    0xff, 0xff, 0xff, 0xff, 0xff, 0xff, 0xff, 0xff,
    0xff, 0xff, 0xff, 0xff, 0xff, 0xff, 0xff, 0xff,
    0xff, 0xfe, 0x13, 0x33, 0x33, 0x33, 0x33, 0x33,
    0x33, 0x33, 0x33, 0x33, 0x10, 0x0, 0x0, 0x0,
    0x0, 0x0, 0x0, 0x0, 0x0, 0x0, 0x0, 0x0,
    0x0, 0x0, 0x0, 0x0, 0x0, 0x0, 0x0, 0x0,
    0x0, 0x0, 0x0, 0x0, 0x0, 0x0, 0x0, 0x0,
    0x0, 0x0, 0x0, 0x0, 0x57, 0x77, 0x77, 0x77,
    0x77, 0x77, 0x77, 0x77, 0x77, 0x77, 0x5f, 0xff,
    0xff, 0xff, 0xff, 0xff, 0xff, 0xff, 0xff, 0xff,
    0xff, 0xff, 0xff, 0xff, 0xff, 0xff, 0xff, 0xff,
    0xff, 0xff, 0xff, 0xfc, 0xee, 0xee, 0xee, 0xee,
    0xee, 0xee, 0xee, 0xee, 0xee, 0xeb, 0x0, 0x0,
    0x0, 0x0, 0x0, 0x0, 0x0, 0x0, 0x0, 0x0,
    0x0, 0x0, 0x0, 0x0, 0x0, 0x0, 0x0, 0x0,
    0x0, 0x0, 0x0, 0x0, 0x0, 0x0, 0x0, 0x0,
    0x0, 0x0, 0x0, 0x0, 0x0, 0x1, 0x33, 0x33,
    0x33, 0x33, 0x33, 0x33, 0x33, 0x33, 0x33, 0x31,
    0xff, 0xff, 0xff, 0xff, 0xff, 0xff, 0xff, 0xff,
    0xff, 0xff, 0xef, 0xff, 0xff, 0xff, 0xff, 0xff,
    0xff, 0xff, 0xff, 0xff, 0xff, 0xff, 0xff, 0xff,
    0xff, 0xff, 0xff, 0xff, 0xff, 0xff, 0xff, 0xe1,
    0x33, 0x33, 0x33, 0x33, 0x33, 0x33, 0x33, 0x33,
    0x33, 0x31,

    /* U+F0E0 "" */
    0x3d, 0xff, 0xff, 0xff, 0xff, 0xff, 0xff, 0xff,
    0xff, 0xff, 0xff, 0xd3, 0xdf, 0xff, 0xff, 0xff,
    0xff, 0xff, 0xff, 0xff, 0xff, 0xff, 0xff, 0xfd,
    0xff, 0xff, 0xff, 0xff, 0xff, 0xff, 0xff, 0xff,
    0xff, 0xff, 0xff, 0xff, 0xef, 0xff, 0xff, 0xff,
    0xff, 0xff, 0xff, 0xff, 0xff, 0xff, 0xff, 0xfe,
    0x2d, 0xff, 0xff, 0xff, 0xff, 0xff, 0xff, 0xff,
    0xff, 0xff, 0xff, 0xd2, 0x0, 0x9f, 0xff, 0xff,
    0xff, 0xff, 0xff, 0xff, 0xff, 0xff, 0xf9, 0x0,
    0xe4, 0x5, 0xff, 0xff, 0xff, 0xff, 0xff, 0xff,
    0xff, 0xff, 0x50, 0x4e, 0xff, 0x80, 0x2c, 0xff,
    0xff, 0xff, 0xff, 0xff, 0xff, 0xc2, 0x8, 0xff,
    0xff, 0xfc, 0x20, 0x8f, 0xff, 0xff, 0xff, 0xff,
    0xf9, 0x1, 0xcf, 0xff, 0xff, 0xff, 0xf5, 0x4,
    0xef, 0xff, 0xff, 0xfe, 0x40, 0x5e, 0xff, 0xff,
    0xff, 0xff, 0xff, 0x90, 0x1c, 0xff, 0xff, 0xb1,
    0x9, 0xff, 0xff, 0xff, 0xff, 0xff, 0xff, 0xfd,
    0x20, 0x6d, 0xd6, 0x2, 0xdf, 0xff, 0xff, 0xff,
    0xff, 0xff, 0xff, 0xff, 0xf6, 0x0, 0x0, 0x6f,
    0xff, 0xff, 0xff, 0xff, 0xff, 0xff, 0xff, 0xff,
    0xff, 0xd9, 0x9d, 0xff, 0xff, 0xff, 0xff, 0xff,
    0xff, 0xff, 0xff, 0xff, 0xff, 0xff, 0xff, 0xff,
    0xff, 0xff, 0xff, 0xff, 0xff, 0xff, 0xff, 0xff,
    0xff, 0xff, 0xff, 0xff, 0xff, 0xff, 0xff, 0xff,
    0xdf, 0xff, 0xff, 0xff, 0xff, 0xff, 0xff, 0xff,
    0xff, 0xff, 0xff, 0xfd, 0x3d, 0xff, 0xff, 0xff,
    0xff, 0xff, 0xff, 0xff, 0xff, 0xff, 0xff, 0xd3,

    /* U+F0E7 "" */
    0x0, 0x4f, 0xff, 0xff, 0xff, 0xf3, 0x0, 0x0,
    0x0, 0x9, 0xff, 0xff, 0xff, 0xff, 0x60, 0x0,
    0x0, 0x0, 0xbf, 0xff, 0xff, 0xff, 0xf1, 0x0,
    0x0, 0x0, 0xd, 0xff, 0xff, 0xff, 0xfc, 0x0,
    0x0, 0x0, 0x0, 0xff, 0xff, 0xff, 0xff, 0x70,
    0x0, 0x0, 0x0, 0x1f, 0xff, 0xff, 0xff, 0xf2,
    0x0, 0x0, 0x0, 0x3, 0xff, 0xff, 0xff, 0xfc,
    0x0, 0x0, 0x0, 0x0, 0x5f, 0xff, 0xff, 0xff,
    0xc8, 0x88, 0x87, 0x30, 0x8, 0xff, 0xff, 0xff,
    0xff, 0xff, 0xff, 0xff, 0x0, 0xaf, 0xff, 0xff,
    0xff, 0xff, 0xff, 0xff, 0xa0, 0xc, 0xff, 0xff,
    0xff, 0xff, 0xff, 0xff, 0xf2, 0x0, 0xef, 0xff,
    0xff, 0xff, 0xff, 0xff, 0xf8, 0x0, 0xf, 0xff,
    0xff, 0xff, 0xff, 0xff, 0xfe, 0x0, 0x0, 0x37,
    0x88, 0x88, 0xaf, 0xff, 0xff, 0x50, 0x0, 0x0,
    0x0, 0x0, 0x8, 0xff, 0xff, 0xc0, 0x0, 0x0,
    0x0, 0x0, 0x0, 0xcf, 0xff, 0xf3, 0x0, 0x0,
    0x0, 0x0, 0x0, 0xf, 0xff, 0xfa, 0x0, 0x0,
    0x0, 0x0, 0x0, 0x3, 0xff, 0xff, 0x10, 0x0,
    0x0, 0x0, 0x0, 0x0, 0x7f, 0xff, 0x70, 0x0,
    0x0, 0x0, 0x0, 0x0, 0xb, 0xff, 0xd0, 0x0,
    0x0, 0x0, 0x0, 0x0, 0x0, 0xff, 0xf4, 0x0,
    0x0, 0x0, 0x0, 0x0, 0x0, 0x3f, 0xfb, 0x0,
    0x0, 0x0, 0x0, 0x0, 0x0, 0x6, 0xff, 0x20,
    0x0, 0x0, 0x0, 0x0, 0x0, 0x0, 0x4f, 0x70,
    0x0, 0x0, 0x0, 0x0,

    /* U+F0EA "" */
    0x0, 0x0, 0x3, 0xdf, 0xd3, 0x0, 0x0, 0x0,
    0x0, 0x0, 0x4, 0x78, 0x88, 0xff, 0xef, 0xf8,
    0x88, 0x74, 0x0, 0x0, 0x0, 0xff, 0xff, 0xff,
    0x90, 0x9f, 0xff, 0xff, 0xf0, 0x0, 0x0, 0xf,
    0xff, 0xff, 0xf9, 0x9, 0xff, 0xff, 0xff, 0x0,
    0x0, 0x0, 0xff, 0xff, 0xff, 0xfe, 0xff, 0xff,
    0xff, 0xf0, 0x0, 0x0, 0xf, 0xff, 0xff, 0xff,
    0xff, 0xff, 0xff, 0xff, 0x0, 0x0, 0x0, 0xff,
    0xff, 0xff, 0xe5, 0x0, 0x0, 0x0, 0x0, 0x0,
    0x0, 0xf, 0xff, 0xff, 0xf4, 0x7, 0x88, 0x88,
    0x88, 0x3, 0x30, 0x0, 0xff, 0xff, 0xff, 0x7,
    0xff, 0xff, 0xff, 0xf0, 0x8f, 0x40, 0xf, 0xff,
    0xff, 0xf0, 0x8f, 0xff, 0xff, 0xff, 0x8, 0xff,
    0x40, 0xff, 0xff, 0xff, 0x8, 0xff, 0xff, 0xff,
    0xf0, 0x8f, 0xff, 0x4f, 0xff, 0xff, 0xf0, 0x8f,
    0xff, 0xff, 0xff, 0x8, 0xff, 0xfe, 0xff, 0xff,
    0xff, 0x8, 0xff, 0xff, 0xff, 0xf0, 0x0, 0x0,
    0xf, 0xff, 0xff, 0xf0, 0x8f, 0xff, 0xff, 0xff,
    0xb8, 0x88, 0x88, 0xff, 0xff, 0xff, 0x8, 0xff,
    0xff, 0xff, 0xff, 0xff, 0xff, 0xff, 0xff, 0xff,
    0xf0, 0x8f, 0xff, 0xff, 0xff, 0xff, 0xff, 0xff,
    0xff, 0xff, 0xff, 0x8, 0xff, 0xff, 0xff, 0xff,
    0xff, 0xff, 0xff, 0xff, 0xff, 0xf0, 0x8f, 0xff,
    0xff, 0xff, 0xff, 0xff, 0xff, 0xff, 0xff, 0xff,
    0x8, 0xff, 0xff, 0xff, 0xff, 0xff, 0xff, 0xf4,
    0x78, 0x88, 0x80, 0x8f, 0xff, 0xff, 0xff, 0xff,
    0xff, 0xff, 0x0, 0x0, 0x0, 0x8, 0xff, 0xff,
    0xff, 0xff, 0xff, 0xff, 0xf0, 0x0, 0x0, 0x0,
    0x8f, 0xff, 0xff, 0xff, 0xff, 0xff, 0xff, 0x0,
    0x0, 0x0, 0x7, 0xff, 0xff, 0xff, 0xff, 0xff,
    0xff, 0xf0, 0x0, 0x0, 0x0, 0x4f, 0xff, 0xff,
    0xff, 0xff, 0xff, 0xfb,

    /* U+F0F2 "" */
    0x0, 0x0, 0x0, 0x1, 0x44, 0x44, 0x44, 0x44,
    0x10, 0x0, 0x0, 0x0, 0x0, 0x0, 0x0, 0x6f,
    0xff, 0xff, 0xff, 0xff, 0xf6, 0x0, 0x0, 0x0,
    0x0, 0x0, 0x0, 0xef, 0xff, 0xff, 0xff, 0xff,
    0xfe, 0x0, 0x0, 0x0, 0x0, 0x0, 0x0, 0xff,
    0xfb, 0xbb, 0xbb, 0xbf, 0xff, 0x0, 0x0, 0x0,
    0x0, 0x0, 0x0, 0xff, 0xf0, 0x0, 0x0, 0xf,
    0xff, 0x0, 0x0, 0x0, 0x3d, 0xff, 0x80, 0xff,
    0xff, 0xff, 0xff, 0xff, 0xff, 0x8, 0xff, 0xd3,
    0xdf, 0xff, 0x80, 0xff, 0xff, 0xff, 0xff, 0xff,
    0xff, 0x8, 0xff, 0xfd, 0xff, 0xff, 0x80, 0xff,
    0xff, 0xff, 0xff, 0xff, 0xff, 0x8, 0xff, 0xff,
    0xff, 0xff, 0x80, 0xff, 0xff, 0xff, 0xff, 0xff,
    0xff, 0x8, 0xff, 0xff, 0xff, 0xff, 0x80, 0xff,
    0xff, 0xff, 0xff, 0xff, 0xff, 0x8, 0xff, 0xff,
    0xff, 0xff, 0x80, 0xff, 0xff, 0xff, 0xff, 0xff,
    0xff, 0x8, 0xff, 0xff, 0xff, 0xff, 0x80, 0xff,
    0xff, 0xff, 0xff, 0xff, 0xff, 0x8, 0xff, 0xff,
    0xff, 0xff, 0x80, 0xff, 0xff, 0xff, 0xff, 0xff,
    0xff, 0x8, 0xff, 0xff, 0xff, 0xff, 0x80, 0xff,
    0xff, 0xff, 0xff, 0xff, 0xff, 0x8, 0xff, 0xff,
    0xff, 0xff, 0x80, 0xff, 0xff, 0xff, 0xff, 0xff,
    0xff, 0x8, 0xff, 0xff, 0xff, 0xff, 0x80, 0xff,
    0xff, 0xff, 0xff, 0xff, 0xff, 0x8, 0xff, 0xff,
    0xff, 0xff, 0x80, 0xff, 0xff, 0xff, 0xff, 0xff,
    0xff, 0x8, 0xff, 0xff, 0xff, 0xff, 0x80, 0xff,
    0xff, 0xff, 0xff, 0xff, 0xff, 0x8, 0xff, 0xff,
    0xff, 0xff, 0x80, 0xff, 0xff, 0xff, 0xff, 0xff,
    0xff, 0x8, 0xff, 0xff, 0xff, 0xff, 0x80, 0xff,
    0xff, 0xff, 0xff, 0xff, 0xff, 0x8, 0xff, 0xff,
    0x9f, 0xff, 0x80, 0xff, 0xff, 0xff, 0xff, 0xff,
    0xff, 0x8, 0xff, 0xf9, 0x5, 0x78, 0x40, 0x88,
    0x88, 0x88, 0x88, 0x88, 0x88, 0x4, 0x87, 0x50,

    /* U+F0F3 "" */
    0x0, 0x0, 0x0, 0x0, 0x8, 0xf8, 0x0, 0x0,
    0x0, 0x0, 0x0, 0x0, 0x0, 0x0, 0x0, 0xff,
    0xf0, 0x0, 0x0, 0x0, 0x0, 0x0, 0x0, 0x0,
    0x1, 0x5f, 0xff, 0x51, 0x0, 0x0, 0x0, 0x0,
    0x0, 0x0, 0x8, 0xff, 0xff, 0xff, 0xf8, 0x0,
    0x0, 0x0, 0x0, 0x0, 0xc, 0xff, 0xff, 0xff,
    0xff, 0xfb, 0x0, 0x0, 0x0, 0x0, 0xa, 0xff,
    0xff, 0xff, 0xff, 0xff, 0xf9, 0x0, 0x0, 0x0,
    0x4, 0xff, 0xff, 0xff, 0xff, 0xff, 0xff, 0xf3,
    0x0, 0x0, 0x0, 0xaf, 0xff, 0xff, 0xff, 0xff,
    0xff, 0xff, 0x90, 0x0, 0x0, 0xe, 0xff, 0xff,
    0xff, 0xff, 0xff, 0xff, 0xfd, 0x0, 0x0, 0x0,
    0xff, 0xff, 0xff, 0xff, 0xff, 0xff, 0xff, 0xf0,
    0x0, 0x0, 0xf, 0xff, 0xff, 0xff, 0xff, 0xff,
    0xff, 0xff, 0x0, 0x0, 0x1, 0xff, 0xff, 0xff,
    0xff, 0xff, 0xff, 0xff, 0xf1, 0x0, 0x0, 0x4f,
    0xff, 0xff, 0xff, 0xff, 0xff, 0xff, 0xff, 0x40,
    0x0, 0x8, 0xff, 0xff, 0xff, 0xff, 0xff, 0xff,
    0xff, 0xf8, 0x0, 0x0, 0xdf, 0xff, 0xff, 0xff,
    0xff, 0xff, 0xff, 0xff, 0xd0, 0x0, 0x5f, 0xff,
    0xff, 0xff, 0xff, 0xff, 0xff, 0xff, 0xff, 0x50,
    0x3f, 0xff, 0xff, 0xff, 0xff, 0xff, 0xff, 0xff,
    0xff, 0xff, 0x3d, 0xff, 0xff, 0xff, 0xff, 0xff,
    0xff, 0xff, 0xff, 0xff, 0xfd, 0xdf, 0xff, 0xff,
    0xff, 0xff, 0xff, 0xff, 0xff, 0xff, 0xff, 0xd2,
    0x78, 0x88, 0x88, 0x88, 0x88, 0x88, 0x88, 0x88,
    0x88, 0x72, 0x0, 0x0, 0x0, 0x0, 0x0, 0x0,
    0x0, 0x0, 0x0, 0x0, 0x0, 0x0, 0x0, 0x0,
    0x6f, 0xff, 0xff, 0x60, 0x0, 0x0, 0x0, 0x0,
    0x0, 0x0, 0x1, 0xff, 0xff, 0xe1, 0x0, 0x0,
    0x0, 0x0, 0x0, 0x0, 0x0, 0x3, 0xcf, 0xc3,
    0x0, 0x0, 0x0, 0x0,

    /* U+F11C "" */
    0x3d, 0xff, 0xff, 0xff, 0xff, 0xff, 0xff, 0xff,
    0xff, 0xff, 0xff, 0xff, 0xfd, 0x3d, 0xff, 0xff,
    0xff, 0xff, 0xff, 0xff, 0xff, 0xff, 0xff, 0xff,
    0xff, 0xff, 0xfd, 0xff, 0xff, 0xff, 0xff, 0xff,
    0xff, 0xff, 0xff, 0xff, 0xff, 0xff, 0xff, 0xff,
    0xff, 0xff, 0x10, 0x1f, 0x90, 0x9, 0xf1, 0x1,
    0xf9, 0x0, 0x9f, 0x10, 0x1f, 0xff, 0xff, 0xf0,
    0x0, 0xf8, 0x0, 0x8f, 0x0, 0xf, 0x80, 0x8,
    0xf0, 0x0, 0xff, 0xff, 0xff, 0x10, 0x1f, 0x90,
    0x9, 0xf1, 0x1, 0xf9, 0x0, 0x9f, 0x10, 0x1f,
    0xff, 0xff, 0xff, 0xff, 0xff, 0xff, 0xff, 0xff,
    0xff, 0xff, 0xff, 0xff, 0xff, 0xff, 0xff, 0xff,
    0xff, 0xb8, 0x8f, 0xe8, 0x8b, 0xfb, 0x88, 0xfe,
    0x88, 0xbf, 0xff, 0xff, 0xff, 0xff, 0xf4, 0x0,
    0xcc, 0x0, 0x4f, 0x40, 0xc, 0xc0, 0x4, 0xff,
    0xff, 0xff, 0xff, 0xff, 0x40, 0xc, 0xc0, 0x4,
    0xf4, 0x0, 0xcc, 0x0, 0x4f, 0xff, 0xff, 0xff,
    0xff, 0xfb, 0x88, 0xfe, 0x88, 0xbf, 0xb8, 0x8f,
    0xe8, 0x8b, 0xff, 0xff, 0xff, 0xff, 0xff, 0xff,
    0xff, 0xff, 0xff, 0xff, 0xff, 0xff, 0xff, 0xff,
    0xff, 0xff, 0xff, 0xf1, 0x1, 0xf9, 0x0, 0x0,
    0x0, 0x0, 0x0, 0x9, 0xf1, 0x1, 0xff, 0xff,
    0xff, 0x0, 0xf, 0x80, 0x0, 0x0, 0x0, 0x0,
    0x0, 0x8f, 0x0, 0xf, 0xff, 0xff, 0xf1, 0x1,
    0xf9, 0x0, 0x0, 0x0, 0x0, 0x0, 0x9, 0xf1,
    0x1, 0xff, 0xff, 0xff, 0xff, 0xff, 0xff, 0xff,
    0xff, 0xff, 0xff, 0xff, 0xff, 0xff, 0xff, 0xff,
    0xdf, 0xff, 0xff, 0xff, 0xff, 0xff, 0xff, 0xff,
    0xff, 0xff, 0xff, 0xff, 0xff, 0xd3, 0xdf, 0xff,
    0xff, 0xff, 0xff, 0xff, 0xff, 0xff, 0xff, 0xff,
    0xff, 0xff, 0xd3,

    /* U+F11E "" */
    0x0, 0x0, 0x0, 0x0, 0x0, 0x0, 0x0, 0x0,
    0x0, 0x0, 0x0, 0x0, 0x9, 0xed, 0x40, 0x0,
    0x0, 0x0, 0x0, 0x0, 0x0, 0x0, 0x0, 0x0,
    0x6f, 0xff, 0xf2, 0x0, 0x0, 0x0, 0x0, 0x0,
    0x0, 0x0, 0x0, 0x0, 0xaf, 0xff, 0xf6, 0x0,
    0x0, 0x0, 0x0, 0x0, 0x0, 0x0, 0x0, 0x0,
    0x8f, 0xff, 0xfb, 0xce, 0xfe, 0xb7, 0x30, 0x0,
    0x0, 0x0, 0x5b, 0xe7, 0x1e, 0xff, 0xff, 0xff,
    0xff, 0xff, 0xfe, 0x96, 0x67, 0xaf, 0xff, 0xfe,
    0xb, 0xff, 0xfe, 0x98, 0xff, 0xfe, 0xff, 0xff,
    0xff, 0xff, 0xfd, 0xfe, 0xb, 0xff, 0x60, 0x4,
    0xff, 0xf2, 0x27, 0xcf, 0xff, 0x95, 0x15, 0xfe,
    0xb, 0xff, 0x40, 0x4, 0xff, 0xf2, 0x0, 0x5f,
    0xff, 0x10, 0x5, 0xfe, 0xb, 0xff, 0x40, 0x15,
    0x99, 0xc2, 0x0, 0x5f, 0xff, 0x10, 0x5, 0xfe,
    0xb, 0xff, 0xac, 0xfc, 0x0, 0xc, 0xa5, 0x6f,
    0xff, 0x13, 0x9f, 0xfe, 0xb, 0xff, 0xff, 0xfc,
    0x0, 0xd, 0xff, 0xa0, 0x21, 0xcf, 0xff, 0xfe,
    0xb, 0xff, 0xff, 0xfb, 0x11, 0xd, 0xff, 0xa0,
    0x0, 0xcf, 0xff, 0xfe, 0xb, 0xff, 0xb5, 0x14,
    0xff, 0xf5, 0x7c, 0xa0, 0x0, 0xcf, 0xb9, 0xfe,
    0xb, 0xff, 0x40, 0x4, 0xff, 0xf2, 0x0, 0x5b,
    0x99, 0x41, 0x5, 0xfe, 0xb, 0xff, 0x40, 0x4,
    0xff, 0xf2, 0x0, 0x5f, 0xff, 0x10, 0x5, 0xfe,
    0xb, 0xff, 0x55, 0x8b, 0xff, 0xfa, 0x51, 0x5f,
    0xff, 0x10, 0x9, 0xfe, 0xb, 0xff, 0xff, 0xff,
    0xff, 0xff, 0xff, 0xdf, 0xff, 0x58, 0xef, 0xfb,
    0xb, 0xff, 0xff, 0xc9, 0x77, 0x8b, 0xff, 0xff,
    0xff, 0xff, 0xff, 0x90, 0xb, 0xff, 0x81, 0x0,
    0x0, 0x0, 0x4, 0x8c, 0xef, 0xfc, 0x81, 0x0,
    0xb, 0xff, 0x40, 0x0, 0x0, 0x0, 0x0, 0x0,
    0x0, 0x0, 0x0, 0x0, 0xb, 0xff, 0x40, 0x0,
    0x0, 0x0, 0x0, 0x0, 0x0, 0x0, 0x0, 0x0,
    0xb, 0xff, 0x40, 0x0, 0x0, 0x0, 0x0, 0x0,
    0x0, 0x0, 0x0, 0x0, 0xb, 0xff, 0x40, 0x0,
    0x0, 0x0, 0x0, 0x0, 0x0, 0x0, 0x0, 0x0,
    0x7, 0xfe, 0x10, 0x0, 0x0, 0x0, 0x0, 0x0,
    0x0, 0x0, 0x0, 0x0,

    /* U+F124 "" */
    0x0, 0x0, 0x0, 0x0, 0x0, 0x0, 0x0, 0x0,
    0x0, 0x0, 0x0, 0x0, 0x0, 0x0, 0x0, 0x0,
    0x0, 0x0, 0x0, 0x0, 0x0, 0x0, 0x0, 0x3a,
    0xfc, 0x20, 0x0, 0x0, 0x0, 0x0, 0x0, 0x0,
    0x0, 0x0, 0x0, 0x4b, 0xff, 0xff, 0xc0, 0x0,
    0x0, 0x0, 0x0, 0x0, 0x0, 0x0, 0x0, 0x5c,
    0xff, 0xff, 0xff, 0xf0, 0x0, 0x0, 0x0, 0x0,
    0x0, 0x0, 0x0, 0x6e, 0xff, 0xff, 0xff, 0xff,
    0xa0, 0x0, 0x0, 0x0, 0x0, 0x0, 0x1, 0x8e,
    0xff, 0xff, 0xff, 0xff, 0xff, 0x30, 0x0, 0x0,
    0x0, 0x0, 0x2, 0x9f, 0xff, 0xff, 0xff, 0xff,
    0xff, 0xfb, 0x0, 0x0, 0x0, 0x0, 0x3, 0xaf,
    0xff, 0xff, 0xff, 0xff, 0xff, 0xff, 0xf4, 0x0,
    0x0, 0x0, 0x4, 0xcf, 0xff, 0xff, 0xff, 0xff,
    0xff, 0xff, 0xff, 0xc0, 0x0, 0x0, 0x6, 0xdf,
    0xff, 0xff, 0xff, 0xff, 0xff, 0xff, 0xff, 0xff,
    0x50, 0x0, 0x3, 0xef, 0xff, 0xff, 0xff, 0xff,
    0xff, 0xff, 0xff, 0xff, 0xfe, 0x0, 0x0, 0xd,
    0xff, 0xff, 0xff, 0xff, 0xff, 0xff, 0xff, 0xff,
    0xff, 0xf6, 0x0, 0x0, 0xf, 0xff, 0xff, 0xff,
    0xff, 0xff, 0xff, 0xff, 0xff, 0xff, 0xe0, 0x0,
    0x0, 0x9, 0xff, 0xff, 0xff, 0xff, 0xff, 0xff,
    0xff, 0xff, 0xff, 0x80, 0x0, 0x0, 0x0, 0x57,
    0x88, 0x88, 0x88, 0x8c, 0xff, 0xff, 0xff, 0xff,
    0x10, 0x0, 0x0, 0x0, 0x0, 0x0, 0x0, 0x0,
    0x8, 0xff, 0xff, 0xff, 0xf9, 0x0, 0x0, 0x0,
    0x0, 0x0, 0x0, 0x0, 0x0, 0x8, 0xff, 0xff,
    0xff, 0xf2, 0x0, 0x0, 0x0, 0x0, 0x0, 0x0,
    0x0, 0x0, 0x8, 0xff, 0xff, 0xff, 0xa0, 0x0,
    0x0, 0x0, 0x0, 0x0, 0x0, 0x0, 0x0, 0x8,
    0xff, 0xff, 0xff, 0x30, 0x0, 0x0, 0x0, 0x0,
    0x0, 0x0, 0x0, 0x0, 0x8, 0xff, 0xff, 0xfc,
    0x0, 0x0, 0x0, 0x0, 0x0, 0x0, 0x0, 0x0,
    0x0, 0x8, 0xff, 0xff, 0xf4, 0x0, 0x0, 0x0,
    0x0, 0x0, 0x0, 0x0, 0x0, 0x0, 0x8, 0xff,
    0xff, 0xd0, 0x0, 0x0, 0x0, 0x0, 0x0, 0x0,
    0x0, 0x0, 0x0, 0x7, 0xff, 0xff, 0x60, 0x0,
    0x0, 0x0, 0x0, 0x0, 0x0, 0x0, 0x0, 0x0,
    0x5, 0xff, 0xfe, 0x0, 0x0, 0x0, 0x0, 0x0,
    0x0, 0x0, 0x0, 0x0, 0x0, 0x0, 0x9f, 0xd3,
    0x0, 0x0, 0x0, 0x0, 0x0, 0x0, 0x0, 0x0,
    0x0, 0x0, 0x0, 0x0, 0x0, 0x0, 0x0, 0x0,
    0x0, 0x0,

    /* U+F140 "" */
    0x0, 0x0, 0x0, 0x1, 0x6a, 0xbd, 0xca, 0x72,
    0x0, 0x0, 0x0, 0x0, 0x0, 0x0, 0x1, 0x9f,
    0xff, 0xff, 0xff, 0xff, 0xb3, 0x0, 0x0, 0x0,
    0x0, 0x0, 0x5f, 0xff, 0xff, 0xff, 0xff, 0xff,
    0xff, 0x80, 0x0, 0x0, 0x0, 0x7, 0xff, 0xff,
    0xc7, 0x42, 0x36, 0xaf, 0xff, 0xfa, 0x0, 0x0,
    0x0, 0x5f, 0xff, 0xd4, 0x0, 0x0, 0x0, 0x2,
    0xbf, 0xff, 0x80, 0x0, 0x2, 0xff, 0xfc, 0x10,
    0x0, 0x0, 0x0, 0x0, 0x9, 0xff, 0xf5, 0x0,
    0xa, 0xff, 0xd1, 0x0, 0x18, 0xdf, 0xeb, 0x50,
    0x0, 0xaf, 0xfd, 0x0, 0x2f, 0xff, 0x30, 0x3,
    0xef, 0xff, 0xff, 0xfa, 0x0, 0xe, 0xff, 0x50,
    0x7f, 0xfb, 0x0, 0x2f, 0xff, 0xff, 0xff, 0xff,
    0x90, 0x7, 0xff, 0xb0, 0xbf, 0xf5, 0x0, 0xaf,
    0xfe, 0x51, 0x2a, 0xff, 0xf3, 0x2, 0xff, 0xf0,
    0xdf, 0xf2, 0x0, 0xff, 0xf3, 0x0, 0x0, 0xbf,
    0xf8, 0x0, 0xef, 0xf1, 0xff, 0xf0, 0x3, 0xff,
    0xd0, 0x0, 0x0, 0x5f, 0xfb, 0x0, 0xdf, 0xf3,
    0xff, 0xf0, 0x3, 0xff, 0xd0, 0x0, 0x0, 0x5f,
    0xfb, 0x0, 0xdf, 0xf2, 0xdf, 0xf2, 0x0, 0xff,
    0xf3, 0x0, 0x0, 0xbf, 0xf8, 0x0, 0xef, 0xf1,
    0xbf, 0xf5, 0x0, 0xaf, 0xfe, 0x50, 0x2a, 0xff,
    0xf3, 0x2, 0xff, 0xf0, 0x7f, 0xfb, 0x0, 0x2f,
    0xff, 0xff, 0xff, 0xff, 0x90, 0x7, 0xff, 0xb0,
    0x2f, 0xff, 0x30, 0x3, 0xef, 0xff, 0xff, 0xfa,
    0x0, 0xe, 0xff, 0x50, 0xa, 0xff, 0xd1, 0x0,
    0x18, 0xdf, 0xeb, 0x50, 0x0, 0xaf, 0xfd, 0x0,
    0x2, 0xff, 0xfc, 0x10, 0x0, 0x0, 0x0, 0x0,
    0x9, 0xff, 0xf5, 0x0, 0x0, 0x5f, 0xff, 0xd4,
    0x0, 0x0, 0x0, 0x2, 0xbf, 0xff, 0x80, 0x0,
    0x0, 0x7, 0xff, 0xff, 0xc7, 0x42, 0x36, 0xaf,
    0xff, 0xfa, 0x0, 0x0, 0x0, 0x0, 0x5f, 0xff,
    0xff, 0xff, 0xff, 0xff, 0xff, 0x80, 0x0, 0x0,
    0x0, 0x0, 0x1, 0xaf, 0xff, 0xff, 0xff, 0xff,
    0xb3, 0x0, 0x0, 0x0, 0x0, 0x0, 0x0, 0x1,
    0x6a, 0xbd, 0xca, 0x72, 0x0, 0x0, 0x0, 0x0,

    /* U+F155 "" */
    0x0, 0x0, 0x0, 0xcf, 0xe0, 0x0, 0x0, 0x0,
    0x0, 0x0, 0xe, 0xff, 0x10, 0x0, 0x0, 0x0,
    0x0, 0x0, 0xef, 0xf1, 0x0, 0x0, 0x0, 0x0,
    0x5c, 0xff, 0xff, 0xfd, 0x81, 0x0, 0x0, 0xaf,
    0xff, 0xff, 0xff, 0xff, 0xe2, 0x0, 0x6f, 0xff,
    0xff, 0xff, 0xff, 0xff, 0x30, 0xe, 0xff, 0xfd,
    0xcc, 0xcc, 0xff, 0x40, 0x2, 0xff, 0xfc, 0x0,
    0x0, 0x2, 0x20, 0x0, 0x2f, 0xff, 0xa0, 0x0,
    0x0, 0x0, 0x0, 0x0, 0xef, 0xff, 0x94, 0x0,
    0x0, 0x0, 0x0, 0x8, 0xff, 0xff, 0xff, 0xa6,
    0x10, 0x0, 0x0, 0xc, 0xff, 0xff, 0xff, 0xff,
    0xb2, 0x0, 0x0, 0x8, 0xff, 0xff, 0xff, 0xff,
    0xe1, 0x0, 0x0, 0x0, 0x5a, 0xef, 0xff, 0xff,
    0xb0, 0x0, 0x0, 0x0, 0x0, 0x38, 0xff, 0xff,
    0x20, 0x0, 0x0, 0x0, 0x0, 0x8, 0xff, 0xf5,
    0x0, 0x1, 0x30, 0x0, 0x0, 0xaf, 0xff, 0x40,
    0x2, 0xef, 0xdc, 0xcc, 0xdf, 0xff, 0xf1, 0x1,
    0xef, 0xff, 0xff, 0xff, 0xff, 0xf8, 0x0, 0x1d,
    0xff, 0xff, 0xff, 0xff, 0xfa, 0x0, 0x0, 0x7,
    0xcf, 0xff, 0xfe, 0xc5, 0x0, 0x0, 0x0, 0x0,
    0xe, 0xff, 0x10, 0x0, 0x0, 0x0, 0x0, 0x0,
    0xef, 0xf1, 0x0, 0x0, 0x0, 0x0, 0x0, 0xc,
    0xfe, 0x0, 0x0, 0x0,

    /* U+F15B "" */
    0xbf, 0xff, 0xff, 0xff, 0xff, 0x80, 0xe4, 0x0,
    0x0, 0xff, 0xff, 0xff, 0xff, 0xff, 0x80, 0xff,
    0x40, 0x0, 0xff, 0xff, 0xff, 0xff, 0xff, 0x80,
    0xff, 0xf4, 0x0, 0xff, 0xff, 0xff, 0xff, 0xff,
    0x80, 0xff, 0xff, 0x40, 0xff, 0xff, 0xff, 0xff,
    0xff, 0x80, 0xff, 0xff, 0xf4, 0xff, 0xff, 0xff,
    0xff, 0xff, 0x80, 0xff, 0xff, 0xfe, 0xff, 0xff,
    0xff, 0xff, 0xff, 0x80, 0x0, 0x0, 0x0, 0xff,
    0xff, 0xff, 0xff, 0xff, 0xf8, 0x88, 0x88, 0x88,
    0xff, 0xff, 0xff, 0xff, 0xff, 0xff, 0xff, 0xff,
    0xff, 0xff, 0xff, 0xff, 0xff, 0xff, 0xff, 0xff,
    0xff, 0xff, 0xff, 0xff, 0xff, 0xff, 0xff, 0xff,
    0xff, 0xff, 0xff, 0xff, 0xff, 0xff, 0xff, 0xff,
    0xff, 0xff, 0xff, 0xff, 0xff, 0xff, 0xff, 0xff,
    0xff, 0xff, 0xff, 0xff, 0xff, 0xff, 0xff, 0xff,
    0xff, 0xff, 0xff, 0xff, 0xff, 0xff, 0xff, 0xff,
    0xff, 0xff, 0xff, 0xff, 0xff, 0xff, 0xff, 0xff,
    0xff, 0xff, 0xff, 0xff, 0xff, 0xff, 0xff, 0xff,
    0xff, 0xff, 0xff, 0xff, 0xff, 0xff, 0xff, 0xff,
    0xff, 0xff, 0xff, 0xff, 0xff, 0xff, 0xff, 0xff,
    0xff, 0xff, 0xff, 0xff, 0xff, 0xff, 0xff, 0xff,
    0xff, 0xff, 0xff, 0xff, 0xff, 0xff, 0xff, 0xff,
    0xff, 0xff, 0xff, 0xff, 0xff, 0xff, 0xff, 0xff,
    0xff, 0xff, 0xff, 0xff, 0xff, 0xff, 0xff, 0xff,
    0xff, 0xff, 0xff, 0xff, 0xff, 0xff, 0xff, 0xff,
    0xff, 0xff, 0xff, 0xff, 0xff, 0xff, 0xff, 0xbf,
    0xff, 0xff, 0xff, 0xff, 0xff, 0xff, 0xff, 0xfb,

    /* U+F185 "" */
    0x0, 0x0, 0x0, 0x0, 0x0, 0xd, 0x70, 0x0,
    0x0, 0x0, 0x0, 0x0, 0x0, 0x0, 0x0, 0x0,
    0x0, 0x7f, 0xf1, 0x0, 0x0, 0x0, 0x0, 0x0,
    0x0, 0x0, 0x0, 0x0, 0x0, 0xef, 0xf8, 0x0,
    0x0, 0x0, 0x0, 0x0, 0x0, 0x6, 0x94, 0x0,
    0x7, 0xff, 0xff, 0x10, 0x0, 0x49, 0x50, 0x0,
    0x0, 0x9, 0xff, 0xe9, 0x4e, 0xff, 0xff, 0x95,
    0xaf, 0xff, 0x90, 0x0, 0x0, 0x5, 0xff, 0xff,
    0xff, 0xff, 0xff, 0xff, 0xff, 0xff, 0x40, 0x0,
    0x0, 0x0, 0xff, 0xff, 0xf8, 0x30, 0x3, 0x9f,
    0xff, 0xff, 0x0, 0x0, 0x0, 0x0, 0xaf, 0xfe,
    0x20, 0x13, 0x30, 0x3, 0xef, 0xfa, 0x0, 0x0,
    0x0, 0x0, 0x5f, 0xf2, 0xa, 0xff, 0xfe, 0x50,
    0x3f, 0xf5, 0x0, 0x0, 0x0, 0x1, 0x9f, 0x80,
    0xcf, 0xff, 0xff, 0xf5, 0x9, 0xf9, 0x10, 0x0,
    0x1, 0x8f, 0xff, 0x35, 0xff, 0xff, 0xff, 0xfe,
    0x3, 0xff, 0xf8, 0x10, 0x7f, 0xff, 0xff, 0xa,
    0xff, 0xff, 0xff, 0xff, 0x30, 0xff, 0xff, 0xf7,
    0xdf, 0xff, 0xff, 0xb, 0xff, 0xff, 0xff, 0xff,
    0x30, 0xff, 0xff, 0xfd, 0x7, 0xef, 0xff, 0x38,
    0xff, 0xff, 0xff, 0xff, 0x13, 0xff, 0xfe, 0x70,
    0x0, 0x7, 0xef, 0x81, 0xff, 0xff, 0xff, 0xfa,
    0x8, 0xfe, 0x70, 0x0, 0x0, 0x0, 0x4f, 0xf2,
    0x4f, 0xff, 0xff, 0xc0, 0x2f, 0xf4, 0x0, 0x0,
    0x0, 0x0, 0x9f, 0xfe, 0x21, 0x8b, 0xa5, 0x2,
    0xef, 0xf9, 0x0, 0x0, 0x0, 0x0, 0xef, 0xff,
    0xf8, 0x30, 0x3, 0x8f, 0xff, 0xfe, 0x0, 0x0,
    0x0, 0x4, 0xff, 0xff, 0xff, 0xff, 0xff, 0xff,
    0xff, 0xff, 0x40, 0x0, 0x0, 0x9, 0xff, 0xe9,
    0x4e, 0xff, 0xff, 0x95, 0xaf, 0xff, 0x90, 0x0,
    0x0, 0x6, 0x94, 0x0, 0x7, 0xff, 0xff, 0x10,
    0x0, 0x59, 0x50, 0x0, 0x0, 0x0, 0x0, 0x0,
    0x0, 0xef, 0xf8, 0x0, 0x0, 0x0, 0x0, 0x0,
    0x0, 0x0, 0x0, 0x0, 0x0, 0x7f, 0xf1, 0x0,
    0x0, 0x0, 0x0, 0x0, 0x0, 0x0, 0x0, 0x0,
    0x0, 0xd, 0x70, 0x0, 0x0, 0x0, 0x0, 0x0,

    /* U+F186 "" */
    0x0, 0x0, 0x0, 0x1, 0x5a, 0xde, 0xfe, 0xa0,
    0x0, 0x0, 0x0, 0x0, 0x0, 0x0, 0x7f, 0xff,
    0xff, 0xff, 0x50, 0x0, 0x0, 0x0, 0x0, 0x0,
    0x2d, 0xff, 0xff, 0xff, 0xd2, 0x0, 0x0, 0x0,
    0x0, 0x0, 0x3, 0xef, 0xff, 0xff, 0xff, 0x20,
    0x0, 0x0, 0x0, 0x0, 0x0, 0x1e, 0xff, 0xff,
    0xff, 0xf5, 0x0, 0x0, 0x0, 0x0, 0x0, 0x0,
    0xcf, 0xff, 0xff, 0xff, 0xc0, 0x0, 0x0, 0x0,
    0x0, 0x0, 0x5, 0xff, 0xff, 0xff, 0xff, 0x50,
    0x0, 0x0, 0x0, 0x0, 0x0, 0xd, 0xff, 0xff,
    0xff, 0xff, 0x10, 0x0, 0x0, 0x0, 0x0, 0x0,
    0x3f, 0xff, 0xff, 0xff, 0xfe, 0x0, 0x0, 0x0,
    0x0, 0x0, 0x0, 0x7f, 0xff, 0xff, 0xff, 0xfe,
    0x0, 0x0, 0x0, 0x0, 0x0, 0x0, 0x9f, 0xff,
    0xff, 0xff, 0xff, 0x0, 0x0, 0x0, 0x0, 0x0,
    0x0, 0xbf, 0xff, 0xff, 0xff, 0xff, 0x10, 0x0,
    0x0, 0x0, 0x0, 0x0, 0xbf, 0xff, 0xff, 0xff,
    0xff, 0x60, 0x0, 0x0, 0x0, 0x0, 0x0, 0xaf,
    0xff, 0xff, 0xff, 0xff, 0xc0, 0x0, 0x0, 0x0,
    0x0, 0x0, 0x7f, 0xff, 0xff, 0xff, 0xff, 0xf6,
    0x0, 0x0, 0x0, 0x0, 0x0, 0x3f, 0xff, 0xff,
    0xff, 0xff, 0xff, 0x30, 0x0, 0x0, 0x0, 0x0,
    0xd, 0xff, 0xff, 0xff, 0xff, 0xff, 0xe3, 0x0,
    0x0, 0x0, 0x0, 0x6, 0xff, 0xff, 0xff, 0xff,
    0xff, 0xff, 0x80, 0x0, 0x0, 0x0, 0x0, 0xcf,
    0xff, 0xff, 0xff, 0xff, 0xff, 0xff, 0x95, 0x33,
    0x42, 0x0, 0x2e, 0xff, 0xff, 0xff, 0xff, 0xff,
    0xff, 0xff, 0xff, 0xf8, 0x0, 0x3, 0xff, 0xff,
    0xff, 0xff, 0xff, 0xff, 0xff, 0xff, 0xb0, 0x0,
    0x0, 0x2d, 0xff, 0xff, 0xff, 0xff, 0xff, 0xff,
    0xf8, 0x0, 0x0, 0x0, 0x0, 0x8f, 0xff, 0xff,
    0xff, 0xff, 0xfc, 0x30, 0x0, 0x0, 0x0, 0x0,
    0x0, 0x6a, 0xdf, 0xfe, 0xc8, 0x30, 0x0, 0x0,

    /* U+F1B9 "" */
    0x0, 0x0, 0x0, 0x5, 0xbe, 0xff, 0xff, 0xff,
    0xec, 0x50, 0x0, 0x0, 0x0, 0x0, 0x0, 0x0,
    0xaf, 0xff, 0xff, 0xff, 0xff, 0xff, 0xfa, 0x0,
    0x0, 0x0, 0x0, 0x0, 0x7, 0xff, 0xff, 0xff,
    0xff, 0xff, 0xff, 0xff, 0x70, 0x0, 0x0, 0x0,
    0x0, 0xe, 0xff, 0xa1, 0x0, 0x0, 0x0, 0x19,
    0xff, 0xe0, 0x0, 0x0, 0x0, 0x0, 0x6f, 0xfd,
    0x0, 0x0, 0x0, 0x0, 0x0, 0xdf, 0xf6, 0x0,
    0x0, 0xd, 0xff, 0xff, 0xf7, 0x0, 0x0, 0x0,
    0x0, 0x0, 0x6f, 0xff, 0xff, 0xd0, 0xc, 0xff,
    0xff, 0xf8, 0x77, 0x77, 0x77, 0x77, 0x77, 0x8f,
    0xff, 0xff, 0xc0, 0x2, 0xaf, 0xff, 0xff, 0xff,
    0xff, 0xff, 0xff, 0xff, 0xff, 0xff, 0xfa, 0x20,
    0x1, 0xff, 0xfe, 0xff, 0xff, 0xff, 0xff, 0xff,
    0xff, 0xff, 0xef, 0xff, 0x0, 0x3, 0xff, 0x50,
    0x4f, 0xff, 0xff, 0xff, 0xff, 0xff, 0xf5, 0x5,
    0xff, 0x30, 0x4, 0xff, 0x0, 0x7, 0xff, 0xff,
    0xff, 0xff, 0xff, 0x80, 0x0, 0xff, 0x40, 0x3,
    0xff, 0x70, 0x6, 0xff, 0xff, 0xff, 0xff, 0xff,
    0x70, 0x7, 0xff, 0x30, 0x2, 0xff, 0xff, 0xff,
    0xff, 0xff, 0xff, 0xff, 0xff, 0xff, 0xff, 0xff,
    0x20, 0x0, 0xcf, 0xff, 0xff, 0xff, 0xff, 0xff,
    0xff, 0xff, 0xff, 0xff, 0xfc, 0x0, 0x0, 0x8f,
    0xff, 0xff, 0xff, 0xff, 0xff, 0xff, 0xff, 0xff,
    0xff, 0xf8, 0x0, 0x0, 0x8f, 0xff, 0xf0, 0x0,
    0x0, 0x0, 0x0, 0x0, 0xf, 0xff, 0xf8, 0x0,
    0x0, 0x7f, 0xff, 0xf0, 0x0, 0x0, 0x0, 0x0,
    0x0, 0xf, 0xff, 0xf7, 0x0, 0x0, 0x2d, 0xff,
    0x80, 0x0, 0x0, 0x0, 0x0, 0x0, 0x8, 0xff,
    0xd2, 0x0,

    /* U+F1DA "" */
    0x0, 0x0, 0x0, 0x1, 0x59, 0xbd, 0xca, 0x72,
    0x0, 0x0, 0x0, 0x0, 0xcc, 0x10, 0x1, 0x8f,
    0xff, 0xff, 0xff, 0xff, 0xc3, 0x0, 0x0, 0x0,
    0xdf, 0xc1, 0x3e, 0xff, 0xff, 0xff, 0xff, 0xff,
    0xff, 0x80, 0x0, 0x0, 0xdf, 0xfd, 0xff, 0xff,
    0xc7, 0x42, 0x35, 0xaf, 0xff, 0xfa, 0x0, 0x0,
    0xdf, 0xff, 0xff, 0xe4, 0x0, 0x0, 0x0, 0x2,
    0xbf, 0xff, 0x90, 0x0, 0xdf, 0xff, 0xff, 0x20,
    0x0, 0x3, 0x10, 0x0, 0x8, 0xff, 0xf5, 0x0,
    0xdf, 0xff, 0xff, 0xc1, 0x0, 0x9f, 0xf2, 0x0,
    0x0, 0xaf, 0xfd, 0x0, 0xdf, 0xff, 0xff, 0xfc,
    0x10, 0xbf, 0xf4, 0x0, 0x0, 0xe, 0xff, 0x60,
    0xcf, 0xff, 0xff, 0xff, 0x60, 0xbf, 0xf4, 0x0,
    0x0, 0x7, 0xff, 0xb0, 0x2, 0x22, 0x22, 0x22,
    0x0, 0xbf, 0xf4, 0x0, 0x0, 0x2, 0xff, 0xf0,
    0x0, 0x0, 0x0, 0x0, 0x0, 0xbf, 0xf4, 0x0,
    0x0, 0x0, 0xef, 0xf1, 0x0, 0x0, 0x0, 0x0,
    0x0, 0xbf, 0xf4, 0x0, 0x0, 0x0, 0xcf, 0xf3,
    0x0, 0x0, 0x0, 0x0, 0x0, 0xbf, 0xfd, 0x20,
    0x0, 0x0, 0xdf, 0xf2, 0x0, 0x0, 0x0, 0x0,
    0x0, 0x8f, 0xff, 0xf4, 0x0, 0x0, 0xef, 0xf1,
    0x0, 0x0, 0x0, 0x0, 0x0, 0x6, 0xff, 0xf9,
    0x0, 0x2, 0xff, 0xf0, 0x0, 0x0, 0x0, 0x0,
    0x0, 0x0, 0x3d, 0xd1, 0x0, 0x7, 0xff, 0xa0,
    0x0, 0x0, 0x0, 0x0, 0x0, 0x0, 0x0, 0x0,
    0x0, 0xe, 0xff, 0x50, 0x0, 0x0, 0x0, 0x0,
    0x0, 0x0, 0x0, 0x0, 0x0, 0xaf, 0xfd, 0x0,
    0x0, 0x0, 0x4, 0x10, 0x0, 0x0, 0x0, 0x0,
    0x9, 0xff, 0xf5, 0x0, 0x0, 0x0, 0x8f, 0xe5,
    0x0, 0x0, 0x0, 0x2, 0xbf, 0xff, 0x80, 0x0,
    0x0, 0x0, 0xdf, 0xff, 0xd7, 0x42, 0x35, 0xaf,
    0xff, 0xfa, 0x0, 0x0, 0x0, 0x0, 0x3e, 0xff,
    0xff, 0xff, 0xff, 0xff, 0xff, 0x80, 0x0, 0x0,
    0x0, 0x0, 0x0, 0x8f, 0xff, 0xff, 0xff, 0xff,
    0xc3, 0x0, 0x0, 0x0, 0x0, 0x0, 0x0, 0x1,
    0x59, 0xbd, 0xca, 0x72, 0x0, 0x0, 0x0, 0x0,

    /* U+F1E6 "" */
    0x0, 0x5, 0xb5, 0x0, 0x0, 0x0, 0x5b, 0x50,
    0x0, 0x0, 0xf, 0xff, 0x0, 0x0, 0x0, 0xff,
    0xf0, 0x0, 0x0, 0xf, 0xff, 0x0, 0x0, 0x0,
    0xff, 0xf0, 0x0, 0x0, 0xf, 0xff, 0x0, 0x0,
    0x0, 0xff, 0xf0, 0x0, 0x0, 0xf, 0xff, 0x0,
    0x0, 0x0, 0xff, 0xf0, 0x0, 0x0, 0xf, 0xff,
    0x0, 0x0, 0x0, 0xff, 0xf0, 0x0, 0x0, 0xf,
    0xff, 0x0, 0x0, 0x0, 0xff, 0xf0, 0x0, 0x24,
    0x44, 0x44, 0x44, 0x44, 0x44, 0x44, 0x44, 0x42,
    0xff, 0xff, 0xff, 0xff, 0xff, 0xff, 0xff, 0xff,
    0xff, 0xff, 0xff, 0xff, 0xff, 0xff, 0xff, 0xff,
    0xff, 0xff, 0x9d, 0xff, 0xff, 0xff, 0xff, 0xff,
    0xff, 0xff, 0xd8, 0x8, 0xff, 0xff, 0xff, 0xff,
    0xff, 0xff, 0xff, 0x80, 0x7, 0xff, 0xff, 0xff,
    0xff, 0xff, 0xff, 0xff, 0x70, 0x6, 0xff, 0xff,
    0xff, 0xff, 0xff, 0xff, 0xff, 0x50, 0x2, 0xff,
    0xff, 0xff, 0xff, 0xff, 0xff, 0xff, 0x20, 0x0,
    0xbf, 0xff, 0xff, 0xff, 0xff, 0xff, 0xfb, 0x0,
    0x0, 0x2f, 0xff, 0xff, 0xff, 0xff, 0xff, 0xf2,
    0x0, 0x0, 0x5, 0xff, 0xff, 0xff, 0xff, 0xff,
    0x50, 0x0, 0x0, 0x0, 0x3d, 0xff, 0xff, 0xff,
    0xd3, 0x0, 0x0, 0x0, 0x0, 0x0, 0x4c, 0xff,
    0xc4, 0x0, 0x0, 0x0, 0x0, 0x0, 0x0, 0x8,
    0xff, 0x80, 0x0, 0x0, 0x0, 0x0, 0x0, 0x0,
    0x8, 0xff, 0x80, 0x0, 0x0, 0x0, 0x0, 0x0,
    0x0, 0x8, 0xff, 0x80, 0x0, 0x0, 0x0, 0x0,
    0x0, 0x0, 0x8, 0xff, 0x80, 0x0, 0x0, 0x0,
    0x0, 0x0, 0x0, 0x1, 0x33, 0x10, 0x0, 0x0,
    0x0,

    /* U+F1EB "" */
    0x0, 0x0, 0x0, 0x0, 0x0, 0x0, 0x0, 0x0,
    0x0, 0x0, 0x0, 0x0, 0x0, 0x0, 0x0, 0x0,
    0x0, 0x0, 0x0, 0x0, 0x3, 0x56, 0x77, 0x65,
    0x30, 0x0, 0x0, 0x0, 0x0, 0x0, 0x0, 0x0,
    0x0, 0x2, 0x7c, 0xff, 0xff, 0xff, 0xff, 0xff,
    0xc7, 0x20, 0x0, 0x0, 0x0, 0x0, 0x0, 0x5,
    0xcf, 0xff, 0xff, 0xff, 0xff, 0xff, 0xff, 0xff,
    0xfc, 0x50, 0x0, 0x0, 0x0, 0x3, 0xdf, 0xff,
    0xff, 0xff, 0xff, 0xff, 0xff, 0xff, 0xff, 0xff,
    0xfd, 0x30, 0x0, 0x0, 0x8f, 0xff, 0xff, 0xff,
    0xc9, 0x65, 0x44, 0x56, 0x9c, 0xff, 0xff, 0xff,
    0xf8, 0x0, 0x1c, 0xff, 0xff, 0xfd, 0x61, 0x0,
    0x0, 0x0, 0x0, 0x0, 0x16, 0xdf, 0xff, 0xff,
    0xc1, 0xdf, 0xff, 0xfe, 0x50, 0x0, 0x0, 0x0,
    0x0, 0x0, 0x0, 0x0, 0x5, 0xef, 0xff, 0xfd,
    0x9f, 0xff, 0x90, 0x0, 0x0, 0x0, 0x0, 0x0,
    0x0, 0x0, 0x0, 0x0, 0x9, 0xff, 0xf9, 0x9,
    0xf6, 0x0, 0x0, 0x0, 0x48, 0xcd, 0xff, 0xdc,
    0x84, 0x0, 0x0, 0x0, 0x6f, 0x90, 0x0, 0x10,
    0x0, 0x0, 0x6e, 0xff, 0xff, 0xff, 0xff, 0xff,
    0xe6, 0x0, 0x0, 0x1, 0x0, 0x0, 0x0, 0x0,
    0x3d, 0xff, 0xff, 0xff, 0xff, 0xff, 0xff, 0xff,
    0xd3, 0x0, 0x0, 0x0, 0x0, 0x0, 0x5, 0xff,
    0xff, 0xff, 0xfe, 0xcc, 0xef, 0xff, 0xff, 0xff,
    0x50, 0x0, 0x0, 0x0, 0x0, 0x8, 0xff, 0xff,
    0xc5, 0x10, 0x0, 0x1, 0x5c, 0xff, 0xff, 0x80,
    0x0, 0x0, 0x0, 0x0, 0x0, 0xaf, 0xe4, 0x0,
    0x0, 0x0, 0x0, 0x0, 0x4e, 0xfa, 0x0, 0x0,
    0x0, 0x0, 0x0, 0x0, 0x6, 0x10, 0x0, 0x0,
    0x0, 0x0, 0x0, 0x1, 0x60, 0x0, 0x0, 0x0,
    0x0, 0x0, 0x0, 0x0, 0x0, 0x0, 0x0, 0x22,
    0x0, 0x0, 0x0, 0x0, 0x0, 0x0, 0x0, 0x0,
    0x0, 0x0, 0x0, 0x0, 0x0, 0x1d, 0xff, 0xc1,
    0x0, 0x0, 0x0, 0x0, 0x0, 0x0, 0x0, 0x0,
    0x0, 0x0, 0x0, 0x0, 0xbf, 0xff, 0xfb, 0x0,
    0x0, 0x0, 0x0, 0x0, 0x0, 0x0, 0x0, 0x0,
    0x0, 0x0, 0x0, 0xff, 0xff, 0xff, 0x0, 0x0,
    0x0, 0x0, 0x0, 0x0, 0x0, 0x0, 0x0, 0x0,
    0x0, 0x0, 0xdf, 0xff, 0xfd, 0x0, 0x0, 0x0,
    0x0, 0x0, 0x0, 0x0, 0x0, 0x0, 0x0, 0x0,
    0x0, 0x5f, 0xff, 0xf5, 0x0, 0x0, 0x0, 0x0,
    0x0, 0x0, 0x0, 0x0, 0x0, 0x0, 0x0, 0x0,
    0x4, 0xaa, 0x40, 0x0, 0x0, 0x0, 0x0, 0x0,
    0x0,

    /* U+F240 "" */
    0x1, 0x44, 0x44, 0x44, 0x44, 0x44, 0x44, 0x44,
    0x44, 0x44, 0x44, 0x44, 0x44, 0x30, 0x0, 0x6f,
    0xff, 0xff, 0xff, 0xff, 0xff, 0xff, 0xff, 0xff,
    0xff, 0xff, 0xff, 0xff, 0xfd, 0x0, 0xef, 0xff,
    0xff, 0xff, 0xff, 0xff, 0xff, 0xff, 0xff, 0xff,
    0xff, 0xff, 0xff, 0xff, 0x60, 0xff, 0xfb, 0xbb,
    0xbb, 0xbb, 0xbb, 0xbb, 0xbb, 0xbb, 0xbb, 0xbb,
    0xbb, 0xbd, 0xff, 0xa1, 0xff, 0xf0, 0x0, 0x0,
    0x0, 0x0, 0x0, 0x0, 0x0, 0x0, 0x0, 0x0,
    0x8, 0xff, 0xfe, 0xff, 0xf0, 0x8f, 0xff, 0xff,
    0xff, 0xff, 0xff, 0xff, 0xff, 0xff, 0xff, 0x8,
    0xff, 0xff, 0xff, 0xf0, 0x8f, 0xff, 0xff, 0xff,
    0xff, 0xff, 0xff, 0xff, 0xff, 0xff, 0x5, 0xbf,
    0xff, 0xff, 0xf0, 0x8f, 0xff, 0xff, 0xff, 0xff,
    0xff, 0xff, 0xff, 0xff, 0xff, 0x0, 0xf, 0xff,
    0xff, 0xf0, 0x8f, 0xff, 0xff, 0xff, 0xff, 0xff,
    0xff, 0xff, 0xff, 0xff, 0x0, 0xf, 0xff, 0xff,
    0xf0, 0x8f, 0xff, 0xff, 0xff, 0xff, 0xff, 0xff,
    0xff, 0xff, 0xff, 0x2, 0x4f, 0xff, 0xff, 0xf0,
    0x8f, 0xff, 0xff, 0xff, 0xff, 0xff, 0xff, 0xff,
    0xff, 0xff, 0x8, 0xff, 0xff, 0xff, 0xf0, 0x0,
    0x0, 0x0, 0x0, 0x0, 0x0, 0x0, 0x0, 0x0,
    0x0, 0x8, 0xff, 0xff, 0xff, 0xf4, 0x44, 0x44,
    0x44, 0x44, 0x44, 0x44, 0x44, 0x44, 0x44, 0x44,
    0x4a, 0xff, 0xd7, 0xff, 0xff, 0xff, 0xff, 0xff,
    0xff, 0xff, 0xff, 0xff, 0xff, 0xff, 0xff, 0xff,
    0xff, 0x70, 0xbf, 0xff, 0xff, 0xff, 0xff, 0xff,
    0xff, 0xff, 0xff, 0xff, 0xff, 0xff, 0xff, 0xff,
    0x30, 0x18, 0xbb, 0xbb, 0xbb, 0xbb, 0xbb, 0xbb,
    0xbb, 0xbb, 0xbb, 0xbb, 0xbb, 0xbb, 0xa4, 0x0,

    /* U+F241 "" */
    0x1, 0x44, 0x44, 0x44, 0x44, 0x44, 0x44, 0x44,
    0x44, 0x44, 0x44, 0x44, 0x44, 0x30, 0x0, 0x6f,
    0xff, 0xff, 0xff, 0xff, 0xff, 0xff, 0xff, 0xff,
    0xff, 0xff, 0xff, 0xff, 0xfd, 0x0, 0xef, 0xff,
    0xff, 0xff, 0xff, 0xff, 0xff, 0xff, 0xff, 0xff,
    0xff, 0xff, 0xff, 0xff, 0x60, 0xff, 0xfb, 0xbb,
    0xbb, 0xbb, 0xbb, 0xbb, 0xbb, 0xbb, 0xbb, 0xbb,
    0xbb, 0xbd, 0xff, 0xa1, 0xff, 0xf0, 0x0, 0x0,
    0x0, 0x0, 0x0, 0x0, 0x0, 0x0, 0x0, 0x0,
    0x8, 0xff, 0xfe, 0xff, 0xf0, 0xbf, 0xff, 0xff,
    0xff, 0xff, 0xff, 0xff, 0xf4, 0x0, 0x0, 0x8,
    0xff, 0xff, 0xff, 0xf0, 0xbf, 0xff, 0xff, 0xff,
    0xff, 0xff, 0xff, 0xf4, 0x0, 0x0, 0x5, 0xbf,
    0xff, 0xff, 0xf0, 0xbf, 0xff, 0xff, 0xff, 0xff,
    0xff, 0xff, 0xf4, 0x0, 0x0, 0x0, 0xf, 0xff,
    0xff, 0xf0, 0xbf, 0xff, 0xff, 0xff, 0xff, 0xff,
    0xff, 0xf4, 0x0, 0x0, 0x0, 0xf, 0xff, 0xff,
    0xf0, 0xbf, 0xff, 0xff, 0xff, 0xff, 0xff, 0xff,
    0xf4, 0x0, 0x0, 0x2, 0x4f, 0xff, 0xff, 0xf0,
    0xbf, 0xff, 0xff, 0xff, 0xff, 0xff, 0xff, 0xf4,
    0x0, 0x0, 0x8, 0xff, 0xff, 0xff, 0xf0, 0x0,
    0x0, 0x0, 0x0, 0x0, 0x0, 0x0, 0x0, 0x0,
    0x0, 0x8, 0xff, 0xff, 0xff, 0xf4, 0x44, 0x44,
    0x44, 0x44, 0x44, 0x44, 0x44, 0x44, 0x44, 0x44,
    0x4a, 0xff, 0xd7, 0xff, 0xff, 0xff, 0xff, 0xff,
    0xff, 0xff, 0xff, 0xff, 0xff, 0xff, 0xff, 0xff,
    0xff, 0x70, 0xbf, 0xff, 0xff, 0xff, 0xff, 0xff,
    0xff, 0xff, 0xff, 0xff, 0xff, 0xff, 0xff, 0xff,
    0x30, 0x18, 0xbb, 0xbb, 0xbb, 0xbb, 0xbb, 0xbb,
    0xbb, 0xbb, 0xbb, 0xbb, 0xbb, 0xbb, 0xa4, 0x0,

    /* U+F242 "" */
    0x1, 0x44, 0x44, 0x44, 0x44, 0x44, 0x44, 0x44,
    0x44, 0x44, 0x44, 0x44, 0x44, 0x30, 0x0, 0x6f,
    0xff, 0xff, 0xff, 0xff, 0xff, 0xff, 0xff, 0xff,
    0xff, 0xff, 0xff, 0xff, 0xfd, 0x0, 0xef, 0xff,
    0xff, 0xff, 0xff, 0xff, 0xff, 0xff, 0xff, 0xff,
    0xff, 0xff, 0xff, 0xff, 0x60, 0xff, 0xfb, 0xbb,
    0xbb, 0xbb, 0xbb, 0xbb, 0xbb, 0xbb, 0xbb, 0xbb,
    0xbb, 0xbd, 0xff, 0xa1, 0xff, 0xf0, 0x0, 0x0,
    0x0, 0x0, 0x0, 0x0, 0x0, 0x0, 0x0, 0x0,
    0x8, 0xff, 0xfe, 0xff, 0xf0, 0x8f, 0xff, 0xff,
    0xff, 0xff, 0xf0, 0x0, 0x0, 0x0, 0x0, 0x8,
    0xff, 0xff, 0xff, 0xf0, 0x8f, 0xff, 0xff, 0xff,
    0xff, 0xf0, 0x0, 0x0, 0x0, 0x0, 0x5, 0xbf,
    0xff, 0xff, 0xf0, 0x8f, 0xff, 0xff, 0xff, 0xff,
    0xf0, 0x0, 0x0, 0x0, 0x0, 0x0, 0xf, 0xff,
    0xff, 0xf0, 0x8f, 0xff, 0xff, 0xff, 0xff, 0xf0,
    0x0, 0x0, 0x0, 0x0, 0x0, 0xf, 0xff, 0xff,
    0xf0, 0x8f, 0xff, 0xff, 0xff, 0xff, 0xf0, 0x0,
    0x0, 0x0, 0x0, 0x2, 0x4f, 0xff, 0xff, 0xf0,
    0x8f, 0xff, 0xff, 0xff, 0xff, 0xf0, 0x0, 0x0,
    0x0, 0x0, 0x8, 0xff, 0xff, 0xff, 0xf0, 0x0,
    0x0, 0x0, 0x0, 0x0, 0x0, 0x0, 0x0, 0x0,
    0x0, 0x8, 0xff, 0xff, 0xff, 0xf4, 0x44, 0x44,
    0x44, 0x44, 0x44, 0x44, 0x44, 0x44, 0x44, 0x44,
    0x4a, 0xff, 0xd7, 0xff, 0xff, 0xff, 0xff, 0xff,
    0xff, 0xff, 0xff, 0xff, 0xff, 0xff, 0xff, 0xff,
    0xff, 0x70, 0xbf, 0xff, 0xff, 0xff, 0xff, 0xff,
    0xff, 0xff, 0xff, 0xff, 0xff, 0xff, 0xff, 0xff,
    0x30, 0x18, 0xbb, 0xbb, 0xbb, 0xbb, 0xbb, 0xbb,
    0xbb, 0xbb, 0xbb, 0xbb, 0xbb, 0xbb, 0xa4, 0x0,

    /* U+F243 "" */
    0x1, 0x44, 0x44, 0x44, 0x44, 0x44, 0x44, 0x44,
    0x44, 0x44, 0x44, 0x44, 0x44, 0x30, 0x0, 0x6f,
    0xff, 0xff, 0xff, 0xff, 0xff, 0xff, 0xff, 0xff,
    0xff, 0xff, 0xff, 0xff, 0xfd, 0x0, 0xef, 0xff,
    0xff, 0xff, 0xff, 0xff, 0xff, 0xff, 0xff, 0xff,
    0xff, 0xff, 0xff, 0xff, 0x60, 0xff, 0xfb, 0xbb,
    0xbb, 0xbb, 0xbb, 0xbb, 0xbb, 0xbb, 0xbb, 0xbb,
    0xbb, 0xbd, 0xff, 0xa1, 0xff, 0xf0, 0x0, 0x0,
    0x0, 0x0, 0x0, 0x0, 0x0, 0x0, 0x0, 0x0,
    0x8, 0xff, 0xfe, 0xff, 0xf0, 0xbf, 0xff, 0xff,
    0x40, 0x0, 0x0, 0x0, 0x0, 0x0, 0x0, 0x8,
    0xff, 0xff, 0xff, 0xf0, 0xbf, 0xff, 0xff, 0x40,
    0x0, 0x0, 0x0, 0x0, 0x0, 0x0, 0x5, 0xbf,
    0xff, 0xff, 0xf0, 0xbf, 0xff, 0xff, 0x40, 0x0,
    0x0, 0x0, 0x0, 0x0, 0x0, 0x0, 0xf, 0xff,
    0xff, 0xf0, 0xbf, 0xff, 0xff, 0x40, 0x0, 0x0,
    0x0, 0x0, 0x0, 0x0, 0x0, 0xf, 0xff, 0xff,
    0xf0, 0xbf, 0xff, 0xff, 0x40, 0x0, 0x0, 0x0,
    0x0, 0x0, 0x0, 0x2, 0x4f, 0xff, 0xff, 0xf0,
    0xbf, 0xff, 0xff, 0x40, 0x0, 0x0, 0x0, 0x0,
    0x0, 0x0, 0x8, 0xff, 0xff, 0xff, 0xf0, 0x0,
    0x0, 0x0, 0x0, 0x0, 0x0, 0x0, 0x0, 0x0,
    0x0, 0x8, 0xff, 0xff, 0xff, 0xf4, 0x44, 0x44,
    0x44, 0x44, 0x44, 0x44, 0x44, 0x44, 0x44, 0x44,
    0x4a, 0xff, 0xd7, 0xff, 0xff, 0xff, 0xff, 0xff,
    0xff, 0xff, 0xff, 0xff, 0xff, 0xff, 0xff, 0xff,
    0xff, 0x70, 0xbf, 0xff, 0xff, 0xff, 0xff, 0xff,
    0xff, 0xff, 0xff, 0xff, 0xff, 0xff, 0xff, 0xff,
    0x30, 0x18, 0xbb, 0xbb, 0xbb, 0xbb, 0xbb, 0xbb,
    0xbb, 0xbb, 0xbb, 0xbb, 0xbb, 0xbb, 0xa4, 0x0,

    /* U+F244 "" */
    0x1, 0x44, 0x44, 0x44, 0x44, 0x44, 0x44, 0x44,
    0x44, 0x44, 0x44, 0x44, 0x44, 0x30, 0x0, 0x6f,
    0xff, 0xff, 0xff, 0xff, 0xff, 0xff, 0xff, 0xff,
    0xff, 0xff, 0xff, 0xff, 0xfd, 0x0, 0xef, 0xff,
    0xff, 0xff, 0xff, 0xff, 0xff, 0xff, 0xff, 0xff,
    0xff, 0xff, 0xff, 0xff, 0x60, 0xff, 0xfb, 0xbb,
    0xbb, 0xbb, 0xbb, 0xbb, 0xbb, 0xbb, 0xbb, 0xbb,
    0xbb, 0xbd, 0xff, 0xa1, 0xff, 0xf0, 0x0, 0x0,
    0x0, 0x0, 0x0, 0x0, 0x0, 0x0, 0x0, 0x0,
    0x8, 0xff, 0xfe, 0xff, 0xf0, 0x0, 0x0, 0x0,
    0x0, 0x0, 0x0, 0x0, 0x0, 0x0, 0x0, 0x8,
    0xff, 0xff, 0xff, 0xf0, 0x0, 0x0, 0x0, 0x0,
    0x0, 0x0, 0x0, 0x0, 0x0, 0x0, 0x5, 0xbf,
    0xff, 0xff, 0xf0, 0x0, 0x0, 0x0, 0x0, 0x0,
    0x0, 0x0, 0x0, 0x0, 0x0, 0x0, 0xf, 0xff,
    0xff, 0xf0, 0x0, 0x0, 0x0, 0x0, 0x0, 0x0,
    0x0, 0x0, 0x0, 0x0, 0x0, 0xf, 0xff, 0xff,
    0xf0, 0x0, 0x0, 0x0, 0x0, 0x0, 0x0, 0x0,
    0x0, 0x0, 0x0, 0x2, 0x4f, 0xff, 0xff, 0xf0,
    0x0, 0x0, 0x0, 0x0, 0x0, 0x0, 0x0, 0x0,
    0x0, 0x0, 0x8, 0xff, 0xff, 0xff, 0xf0, 0x0,
    0x0, 0x0, 0x0, 0x0, 0x0, 0x0, 0x0, 0x0,
    0x0, 0x8, 0xff, 0xff, 0xff, 0xf4, 0x44, 0x44,
    0x44, 0x44, 0x44, 0x44, 0x44, 0x44, 0x44, 0x44,
    0x4a, 0xff, 0xd7, 0xff, 0xff, 0xff, 0xff, 0xff,
    0xff, 0xff, 0xff, 0xff, 0xff, 0xff, 0xff, 0xff,
    0xff, 0x70, 0xbf, 0xff, 0xff, 0xff, 0xff, 0xff,
    0xff, 0xff, 0xff, 0xff, 0xff, 0xff, 0xff, 0xff,
    0x30, 0x18, 0xbb, 0xbb, 0xbb, 0xbb, 0xbb, 0xbb,
    0xbb, 0xbb, 0xbb, 0xbb, 0xbb, 0xbb, 0xa4, 0x0,

    /* U+F279 "" */
    0x0, 0x0, 0x0, 0x13, 0x5, 0x0, 0x0, 0x0,
    0x0, 0x0, 0x0, 0x0, 0x3, 0x50, 0x0, 0x4,
    0xbf, 0x80, 0xff, 0xa5, 0x0, 0x0, 0x0, 0x0,
    0x0, 0x5c, 0xff, 0x1, 0x7e, 0xff, 0xf8, 0xf,
    0xff, 0xff, 0xa5, 0x0, 0x0, 0x6, 0xdf, 0xff,
    0xf7, 0xff, 0xff, 0xff, 0x80, 0xff, 0xff, 0xff,
    0xff, 0xa0, 0x4e, 0xff, 0xff, 0xff, 0xff, 0xff,
    0xff, 0xf8, 0xf, 0xff, 0xff, 0xff, 0xff, 0x8,
    0xff, 0xff, 0xff, 0xff, 0xff, 0xff, 0xff, 0x80,
    0xff, 0xff, 0xff, 0xff, 0xf0, 0x8f, 0xff, 0xff,
    0xff, 0xff, 0xff, 0xff, 0xf8, 0xf, 0xff, 0xff,
    0xff, 0xff, 0x8, 0xff, 0xff, 0xff, 0xff, 0xff,
    0xff, 0xff, 0x80, 0xff, 0xff, 0xff, 0xff, 0xf0,
    0x8f, 0xff, 0xff, 0xff, 0xff, 0xff, 0xff, 0xf8,
    0xf, 0xff, 0xff, 0xff, 0xff, 0x8, 0xff, 0xff,
    0xff, 0xff, 0xff, 0xff, 0xff, 0x80, 0xff, 0xff,
    0xff, 0xff, 0xf0, 0x8f, 0xff, 0xff, 0xff, 0xff,
    0xff, 0xff, 0xf8, 0xf, 0xff, 0xff, 0xff, 0xff,
    0x8, 0xff, 0xff, 0xff, 0xff, 0xff, 0xff, 0xff,
    0x80, 0xff, 0xff, 0xff, 0xff, 0xf0, 0x8f, 0xff,
    0xff, 0xff, 0xff, 0xff, 0xff, 0xf8, 0xf, 0xff,
    0xff, 0xff, 0xff, 0x8, 0xff, 0xff, 0xff, 0xff,
    0xff, 0xff, 0xff, 0x80, 0xff, 0xff, 0xff, 0xff,
    0xf0, 0x8f, 0xff, 0xff, 0xff, 0xff, 0xff, 0xff,
    0xf8, 0xf, 0xff, 0xff, 0xff, 0xff, 0x8, 0xff,
    0xff, 0xff, 0xff, 0xff, 0xff, 0xff, 0x80, 0xff,
    0xff, 0xff, 0xff, 0xf0, 0x8f, 0xff, 0xff, 0xff,
    0xff, 0xff, 0xff, 0xf8, 0xf, 0xff, 0xff, 0xff,
    0xff, 0x8, 0xff, 0xff, 0xff, 0xff, 0xff, 0xff,
    0xff, 0x80, 0xff, 0xff, 0xff, 0xff, 0xf0, 0x8f,
    0xff, 0xff, 0xff, 0xff, 0xff, 0xff, 0xe4, 0xa,
    0xff, 0xff, 0xff, 0xff, 0x8, 0xff, 0xff, 0xff,
    0x7f, 0xff, 0xfd, 0x60, 0x0, 0x0, 0x5a, 0xff,
    0xff, 0xf0, 0x8f, 0xff, 0xe8, 0x10, 0xff, 0xc5,
    0x0, 0x0, 0x0, 0x0, 0x0, 0x5a, 0xff, 0x8,
    0xfb, 0x40, 0x0, 0x5, 0x30, 0x0, 0x0, 0x0,
    0x0, 0x0, 0x0, 0x0, 0x50, 0x31, 0x0, 0x0,
    0x0,

    /* U+F287 "" */
    0x0, 0x0, 0x0, 0x0, 0x0, 0x0, 0x0, 0x0,
    0x1, 0x0, 0x0, 0x0, 0x0, 0x0, 0x0, 0x0,
    0x0, 0x0, 0x0, 0x0, 0x0, 0x0, 0x0, 0x2d,
    0xfe, 0x30, 0x0, 0x0, 0x0, 0x0, 0x0, 0x0,
    0x0, 0x0, 0x0, 0x0, 0x0, 0x27, 0x7d, 0xff,
    0xfd, 0x0, 0x0, 0x0, 0x0, 0x0, 0x0, 0x0,
    0x0, 0x0, 0x0, 0x0, 0x4f, 0xff, 0xff, 0xff,
    0xf0, 0x0, 0x0, 0x0, 0x0, 0x0, 0x0, 0x0,
    0x0, 0x0, 0x0, 0xe, 0xf5, 0x3a, 0xff, 0xfb,
    0x0, 0x0, 0x0, 0x0, 0x0, 0x0, 0x0, 0x0,
    0x0, 0x0, 0x7, 0xf6, 0x0, 0x9, 0xda, 0x0,
    0x0, 0x0, 0x0, 0x0, 0x0, 0x0, 0x2, 0x0,
    0x0, 0x0, 0xed, 0x0, 0x0, 0x0, 0x0, 0x0,
    0x0, 0x0, 0x0, 0x0, 0x0, 0x9f, 0xfe, 0x50,
    0x0, 0x6f, 0x60, 0x0, 0x0, 0x0, 0x0, 0x0,
    0x0, 0xa4, 0x0, 0x0, 0x8f, 0xff, 0xff, 0x30,
    0x1e, 0xe0, 0x0, 0x0, 0x0, 0x0, 0x0, 0x0,
    0xf, 0xfa, 0x10, 0xe, 0xff, 0xff, 0xfd, 0xbe,
    0xfe, 0xbb, 0xbb, 0xbb, 0xbb, 0xbb, 0xbb, 0xbb,
    0xff, 0xff, 0x60, 0xef, 0xff, 0xff, 0xff, 0xff,
    0xff, 0xff, 0xff, 0xff, 0xff, 0xff, 0xff, 0xff,
    0xff, 0xfb, 0xa, 0xff, 0xff, 0xf5, 0x0, 0x0,
    0x1c, 0xf3, 0x0, 0x0, 0x0, 0x0, 0x0, 0xff,
    0xd4, 0x0, 0x1c, 0xff, 0xf9, 0x0, 0x0, 0x0,
    0x2f, 0xa0, 0x0, 0x0, 0x0, 0x0, 0xe, 0x70,
    0x0, 0x0, 0x4, 0x63, 0x0, 0x0, 0x0, 0x0,
    0xbf, 0x20, 0x0, 0x0, 0x0, 0x0, 0x0, 0x0,
    0x0, 0x0, 0x0, 0x0, 0x0, 0x0, 0x0, 0x3,
    0xfb, 0x0, 0x8f, 0xff, 0xf5, 0x0, 0x0, 0x0,
    0x0, 0x0, 0x0, 0x0, 0x0, 0x0, 0x0, 0xa,
    0xf8, 0x4b, 0xff, 0xff, 0x60, 0x0, 0x0, 0x0,
    0x0, 0x0, 0x0, 0x0, 0x0, 0x0, 0x0, 0xb,
    0xff, 0xff, 0xff, 0xf6, 0x0, 0x0, 0x0, 0x0,
    0x0, 0x0, 0x0, 0x0, 0x0, 0x0, 0x0, 0x3,
    0x5c, 0xff, 0xff, 0x60, 0x0, 0x0, 0x0, 0x0,
    0x0, 0x0, 0x0, 0x0, 0x0, 0x0, 0x0, 0x0,
    0x9f, 0xff, 0xf5, 0x0, 0x0, 0x0, 0x0, 0x0,
    0x0, 0x0, 0x0, 0x0, 0x0, 0x0, 0x0, 0x0,
    0x11, 0x10, 0x0, 0x0, 0x0, 0x0,

    /* U+F293 "" */
    0x0, 0x0, 0x2, 0x8c, 0xef, 0xfe, 0xa6, 0x0,
    0x0, 0x0, 0x0, 0x9, 0xff, 0xff, 0xff, 0xff,
    0xfe, 0x30, 0x0, 0x0, 0xc, 0xff, 0xff, 0xf4,
    0xff, 0xff, 0xff, 0x40, 0x0, 0xa, 0xff, 0xff,
    0xff, 0x5, 0xff, 0xff, 0xfe, 0x10, 0x2, 0xff,
    0xff, 0xff, 0xf0, 0x5, 0xff, 0xff, 0xf8, 0x0,
    0x9f, 0xff, 0xff, 0xff, 0x0, 0x6, 0xff, 0xff,
    0xe0, 0xe, 0xff, 0xfc, 0xff, 0xf0, 0x16, 0x7,
    0xff, 0xff, 0x21, 0xff, 0xf8, 0x9, 0xff, 0x1,
    0xf6, 0x7, 0xff, 0xf5, 0x4f, 0xff, 0xd1, 0x9,
    0xf0, 0x1f, 0x70, 0x6f, 0xff, 0x86, 0xff, 0xff,
    0xd1, 0x7, 0x1, 0x70, 0x5f, 0xff, 0xf9, 0x7f,
    0xff, 0xff, 0xd1, 0x0, 0x0, 0x3f, 0xff, 0xff,
    0xa7, 0xff, 0xff, 0xff, 0xc1, 0x0, 0x2e, 0xff,
    0xff, 0xfb, 0x7f, 0xff, 0xff, 0xff, 0x30, 0x5,
    0xff, 0xff, 0xff, 0xb7, 0xff, 0xff, 0xff, 0x40,
    0x0, 0x6, 0xff, 0xff, 0xfa, 0x6f, 0xff, 0xff,
    0x40, 0x30, 0x3, 0x7, 0xff, 0xff, 0xa4, 0xff,
    0xff, 0x40, 0x4e, 0x1, 0xe2, 0x8, 0xff, 0xf8,
    0x2f, 0xff, 0x70, 0x4f, 0xf0, 0x1f, 0x90, 0x2f,
    0xff, 0x60, 0xef, 0xff, 0x7f, 0xff, 0x1, 0xb0,
    0x2e, 0xff, 0xf3, 0xa, 0xff, 0xff, 0xff, 0xf0,
    0x0, 0x2e, 0xff, 0xff, 0x0, 0x4f, 0xff, 0xff,
    0xff, 0x0, 0x2e, 0xff, 0xff, 0x90, 0x0, 0xbf,
    0xff, 0xff, 0xf0, 0x2e, 0xff, 0xff, 0xf2, 0x0,
    0x1, 0xdf, 0xff, 0xff, 0x3e, 0xff, 0xff, 0xf7,
    0x0, 0x0, 0x0, 0xaf, 0xff, 0xff, 0xff, 0xff,
    0xf7, 0x0, 0x0, 0x0, 0x0, 0x28, 0xce, 0xff,
    0xec, 0x82, 0x0, 0x0,

    /* U+F2B9 "" */
    0x19, 0xcc, 0xcc, 0xcc, 0xcc, 0xcc, 0xcc, 0xcc,
    0xcb, 0x70, 0xb, 0xff, 0xff, 0xff, 0xff, 0xff,
    0xff, 0xff, 0xff, 0xff, 0x60, 0xff, 0xff, 0xff,
    0xff, 0xff, 0xff, 0xff, 0xff, 0xff, 0xfa, 0xf,
    0xff, 0xff, 0xff, 0xff, 0xff, 0xff, 0xff, 0xff,
    0xff, 0xa0, 0xff, 0xff, 0xff, 0xff, 0xff, 0xff,
    0xff, 0xff, 0xff, 0xfc, 0x3f, 0xff, 0xff, 0xff,
    0xff, 0xff, 0xff, 0xff, 0xff, 0xff, 0xff, 0xff,
    0xff, 0xff, 0xff, 0x94, 0x5b, 0xff, 0xff, 0xff,
    0xff, 0xff, 0xff, 0xff, 0xff, 0x50, 0x0, 0xa,
    0xff, 0xff, 0xff, 0xea, 0xff, 0xff, 0xff, 0xd0,
    0x0, 0x0, 0x3f, 0xff, 0xff, 0xfa, 0xf, 0xff,
    0xff, 0xfd, 0x0, 0x0, 0x2, 0xff, 0xff, 0xff,
    0xa0, 0xff, 0xff, 0xff, 0xf3, 0x0, 0x0, 0x8f,
    0xff, 0xff, 0xfc, 0x5f, 0xff, 0xff, 0xff, 0xe5,
    0x11, 0x8f, 0xff, 0xff, 0xff, 0xff, 0xff, 0xff,
    0xff, 0xff, 0xff, 0xff, 0xff, 0xff, 0xff, 0xff,
    0xff, 0xff, 0xff, 0xfb, 0x8a, 0xdc, 0x99, 0xdf,
    0xff, 0xff, 0xd6, 0xff, 0xff, 0xf4, 0x0, 0x0,
    0x0, 0x0, 0x9f, 0xff, 0xfa, 0xf, 0xff, 0xfa,
    0x0, 0x0, 0x0, 0x0, 0x0, 0xff, 0xff, 0xa0,
    0xff, 0xff, 0x80, 0x0, 0x0, 0x0, 0x0, 0xd,
    0xff, 0xfd, 0x6f, 0xff, 0xfb, 0x0, 0x0, 0x0,
    0x0, 0x2, 0xef, 0xff, 0xff, 0xff, 0xff, 0xff,
    0xff, 0xff, 0xff, 0xff, 0xff, 0xff, 0xff, 0xff,
    0xff, 0xff, 0xff, 0xff, 0xff, 0xff, 0xff, 0xff,
    0xff, 0xd6, 0xff, 0xff, 0xff, 0xff, 0xff, 0xff,
    0xff, 0xff, 0xff, 0xfa, 0xf, 0xff, 0xff, 0xff,
    0xff, 0xff, 0xff, 0xff, 0xff, 0xff, 0xa0, 0xdf,
    0xff, 0xff, 0xff, 0xff, 0xff, 0xff, 0xff, 0xff,
    0xf7, 0x3, 0xdf, 0xff, 0xff, 0xff, 0xff, 0xff,
    0xff, 0xff, 0xfa, 0x0,

    /* U+F2C9 "" */
    0x0, 0x3, 0xbf, 0xfb, 0x30, 0x0, 0x0, 0x5f,
    0xff, 0xff, 0xf5, 0x0, 0x1, 0xff, 0xb5, 0x6e,
    0xff, 0x10, 0x5, 0xfd, 0x0, 0x2, 0xff, 0x50,
    0x7, 0xfa, 0x0, 0x0, 0xef, 0x70, 0x8, 0xf9,
    0x0, 0x0, 0xef, 0x80, 0x8, 0xf9, 0x0, 0x0,
    0xef, 0x80, 0x8, 0xf9, 0x0, 0x0, 0xef, 0x80,
    0x8, 0xf9, 0x0, 0x0, 0xef, 0x80, 0x8, 0xf9,
    0x4e, 0xb0, 0xef, 0x80, 0x8, 0xf9, 0xbf, 0xf4,
    0xef, 0x80, 0x8, 0xf9, 0xbf, 0xf4, 0xef, 0x80,
    0x8, 0xf9, 0xbf, 0xf4, 0xef, 0x80, 0x8, 0xf9,
    0xbf, 0xf4, 0xef, 0x80, 0xd, 0xf9, 0xbf, 0xf4,
    0xef, 0xd0, 0x7f, 0xf3, 0xdf, 0xf8, 0x5f, 0xf7,
    0xcf, 0x8b, 0xff, 0xff, 0x79, 0xfc, 0xff, 0x5f,
    0xff, 0xff, 0xd5, 0xff, 0xff, 0x5f, 0xff, 0xff,
    0xd4, 0xff, 0xcf, 0x9a, 0xff, 0xff, 0x79, 0xfc,
    0x6f, 0xf5, 0x9e, 0xe8, 0x4f, 0xf7, 0xc, 0xff,
    0x94, 0x49, 0xff, 0xd0, 0x1, 0xdf, 0xff, 0xff,
    0xfd, 0x10, 0x0, 0x7, 0xcf, 0xfc, 0x70, 0x0,

    /* U+F2DC "" */
    0x0, 0x0, 0x0, 0x0, 0x0, 0xdf, 0xd0, 0x0,
    0x0, 0x0, 0x0, 0x0, 0x0, 0x0, 0x0, 0x7,
    0xf, 0xff, 0x6, 0x0, 0x0, 0x0, 0x0, 0x0,
    0x0, 0x0, 0x9, 0xfc, 0xff, 0xfc, 0xf9, 0x0,
    0x0, 0x0, 0x0, 0x0, 0x0, 0x0, 0x5f, 0xff,
    0xff, 0xff, 0x50, 0x0, 0x0, 0x0, 0x0, 0x0,
    0xbf, 0x20, 0x5f, 0xff, 0xff, 0x50, 0x2f, 0xb0,
    0x0, 0x0, 0x2b, 0x4c, 0xf6, 0x0, 0x5f, 0xff,
    0x50, 0x7, 0xfc, 0x4b, 0x20, 0xb, 0xff, 0xff,
    0xb0, 0x0, 0xff, 0xf0, 0x0, 0xbf, 0xff, 0xfb,
    0x0, 0xdf, 0xff, 0xff, 0x0, 0xf, 0xff, 0x0,
    0xf, 0xff, 0xff, 0xd0, 0x0, 0x9f, 0xff, 0xfe,
    0x60, 0xff, 0xf0, 0x6e, 0xff, 0xff, 0x90, 0x0,
    0x9f, 0xff, 0xff, 0xff, 0xcf, 0xff, 0xcf, 0xff,
    0xff, 0xff, 0x90, 0x9, 0xfd, 0x95, 0xcf, 0xff,
    0xff, 0xff, 0xff, 0xc5, 0x9d, 0xf9, 0x0, 0x1,
    0x0, 0x0, 0x5e, 0xff, 0xff, 0xfe, 0x50, 0x0,
    0x1, 0x0, 0x0, 0x10, 0x0, 0x5, 0xef, 0xff,
    0xff, 0xe5, 0x0, 0x0, 0x10, 0x0, 0x9f, 0xd8,
    0x5c, 0xff, 0xff, 0xff, 0xff, 0xfc, 0x58, 0xdf,
    0x90, 0xa, 0xff, 0xff, 0xff, 0xfc, 0xff, 0xfc,
    0xff, 0xff, 0xff, 0xfa, 0x0, 0x9, 0xff, 0xff,
    0xe6, 0xf, 0xff, 0x6, 0xef, 0xff, 0xf9, 0x0,
    0xd, 0xff, 0xff, 0xf0, 0x0, 0xff, 0xf0, 0x0,
    0xff, 0xff, 0xfc, 0x0, 0xbf, 0xff, 0xfb, 0x0,
    0xf, 0xff, 0x0, 0xb, 0xff, 0xff, 0xb0, 0x2,
    0xb4, 0xdf, 0x60, 0x5, 0xff, 0xf5, 0x0, 0x7f,
    0xc4, 0xb2, 0x0, 0x0, 0xb, 0xf2, 0x5, 0xff,
    0xff, 0xf5, 0x2, 0xfb, 0x0, 0x0, 0x0, 0x0,
    0x0, 0x4, 0xff, 0xff, 0xff, 0xf4, 0x0, 0x0,
    0x0, 0x0, 0x0, 0x0, 0x0, 0x9f, 0xcf, 0xff,
    0xcf, 0x80, 0x0, 0x0, 0x0, 0x0, 0x0, 0x0,
    0x0, 0x60, 0xff, 0xf0, 0x60, 0x0, 0x0, 0x0,
    0x0, 0x0, 0x0, 0x0, 0x0, 0xd, 0xfd, 0x0,
    0x0, 0x0, 0x0, 0x0,

    /* U+F2E7 "" */
    0x2e, 0xc0, 0xbe, 0x18, 0xf5, 0x0, 0x0, 0x1,
    0x8e, 0xe1, 0x6f, 0xf0, 0xff, 0x4b, 0xfa, 0x0,
    0x0, 0x2e, 0xff, 0xf4, 0x8f, 0xf0, 0xff, 0x5b,
    0xfd, 0x0, 0x1, 0xef, 0xff, 0xf4, 0xaf, 0xf1,
    0xff, 0x5b, 0xff, 0x0, 0xb, 0xff, 0xff, 0xf4,
    0xdf, 0xf1, 0xff, 0x6b, 0xff, 0x10, 0x4f, 0xff,
    0xff, 0xf4, 0xef, 0xf2, 0xff, 0x7b, 0xff, 0x30,
    0xbf, 0xff, 0xff, 0xf4, 0xff, 0xf3, 0xff, 0x8b,
    0xff, 0x41, 0xff, 0xff, 0xff, 0xf4, 0xef, 0xfa,
    0xff, 0xcd, 0xff, 0x23, 0xff, 0xff, 0xff, 0xf4,
    0xbf, 0xff, 0xff, 0xff, 0xff, 0x3, 0xff, 0xff,
    0xff, 0xf4, 0x5f, 0xff, 0xff, 0xff, 0xf8, 0x0,
    0xff, 0xff, 0xff, 0xf4, 0x8, 0xff, 0xff, 0xff,
    0xb0, 0x0, 0xbf, 0xff, 0xff, 0xf4, 0x0, 0x4e,
    0xff, 0xf7, 0x0, 0x0, 0x3f, 0xff, 0xff, 0xf4,
    0x0, 0xd, 0xff, 0xf1, 0x0, 0x0, 0x8, 0xff,
    0xff, 0xf4, 0x0, 0xd, 0xff, 0xf2, 0x0, 0x0,
    0x0, 0x9f, 0xff, 0xf4, 0x0, 0xe, 0xff, 0xf3,
    0x0, 0x0, 0x0, 0xe, 0xff, 0xf4, 0x0, 0xf,
    0xff, 0xf4, 0x0, 0x0, 0x0, 0xf, 0xff, 0xf4,
    0x0, 0xf, 0xff, 0xf4, 0x0, 0x0, 0x0, 0x1f,
    0xff, 0xf4, 0x0, 0x1f, 0xff, 0xf5, 0x0, 0x0,
    0x0, 0x2f, 0xff, 0xf4, 0x0, 0x2f, 0xff, 0xf6,
    0x0, 0x0, 0x0, 0x3f, 0xff, 0xf4, 0x0, 0x3f,
    0xff, 0xf7, 0x0, 0x0, 0x0, 0x5f, 0xff, 0xf4,
    0x0, 0x4f, 0xff, 0xf8, 0x0, 0x0, 0x0, 0x6f,
    0xff, 0xf4, 0x0, 0x4f, 0xff, 0xf9, 0x0, 0x0,
    0x0, 0x7f, 0xff, 0xf4, 0x0, 0x5f, 0xff, 0xfa,
    0x0, 0x0, 0x0, 0x9f, 0xff, 0xf4, 0x0, 0x2e,
    0xff, 0xf6, 0x0, 0x0, 0x0, 0x5f, 0xff, 0xe1,

    /* U+F2ED "" */
    0x0, 0x0, 0x0, 0x1a, 0xcc, 0xcc, 0xca, 0x10,
    0x0, 0x0, 0x2, 0x44, 0x44, 0x49, 0xff, 0xff,
    0xff, 0xf9, 0x44, 0x44, 0x42, 0xff, 0xff, 0xff,
    0xff, 0xff, 0xff, 0xff, 0xff, 0xff, 0xff, 0xff,
    0xff, 0xff, 0xff, 0xff, 0xff, 0xff, 0xff, 0xff,
    0xff, 0xff, 0x9b, 0xbb, 0xbb, 0xbb, 0xbb, 0xbb,
    0xbb, 0xbb, 0xbb, 0xbb, 0x80, 0x0, 0x0, 0x0,
    0x0, 0x0, 0x0, 0x0, 0x0, 0x0, 0x0, 0x8,
    0xff, 0xff, 0xff, 0xff, 0xff, 0xff, 0xff, 0xff,
    0xf8, 0x0, 0x8f, 0xff, 0xff, 0xff, 0xff, 0xff,
    0xff, 0xff, 0xff, 0x80, 0x8, 0xff, 0xff, 0xff,
    0xff, 0xff, 0xff, 0xff, 0xff, 0xf8, 0x0, 0x8f,
    0xff, 0x66, 0xff, 0xd1, 0xdf, 0xf6, 0x6f, 0xff,
    0x80, 0x8, 0xff, 0xf4, 0x4f, 0xfc, 0xc, 0xff,
    0x44, 0xff, 0xf8, 0x0, 0x8f, 0xff, 0x44, 0xff,
    0xc0, 0xcf, 0xf4, 0x4f, 0xff, 0x80, 0x8, 0xff,
    0xf4, 0x4f, 0xfc, 0xc, 0xff, 0x44, 0xff, 0xf8,
    0x0, 0x8f, 0xff, 0x44, 0xff, 0xc0, 0xcf, 0xf4,
    0x4f, 0xff, 0x80, 0x8, 0xff, 0xf4, 0x4f, 0xfc,
    0xc, 0xff, 0x44, 0xff, 0xf8, 0x0, 0x8f, 0xff,
    0x44, 0xff, 0xc0, 0xcf, 0xf4, 0x4f, 0xff, 0x80,
    0x8, 0xff, 0xf4, 0x4f, 0xfc, 0xc, 0xff, 0x44,
    0xff, 0xf8, 0x0, 0x8f, 0xff, 0x44, 0xff, 0xc0,
    0xcf, 0xf4, 0x4f, 0xff, 0x80, 0x8, 0xff, 0xf4,
    0x4f, 0xfc, 0xc, 0xff, 0x44, 0xff, 0xf8, 0x0,
    0x8f, 0xff, 0x44, 0xff, 0xc0, 0xcf, 0xf4, 0x4f,
    0xff, 0x80, 0x8, 0xff, 0xf6, 0x6f, 0xfd, 0x1d,
    0xff, 0x66, 0xff, 0xf8, 0x0, 0x7f, 0xff, 0xff,
    0xff, 0xff, 0xff, 0xff, 0xff, 0xff, 0x70, 0x5,
    0xff, 0xff, 0xff, 0xff, 0xff, 0xff, 0xff, 0xff,
    0xf5, 0x0, 0x9, 0xff, 0xff, 0xff, 0xff, 0xff,
    0xff, 0xff, 0xf9, 0x0,

    /* U+F304 "" */
    0x0, 0x0, 0x0, 0x0, 0x0, 0x0, 0x0, 0x0,
    0x0, 0x6e, 0xe5, 0x0, 0x0, 0x0, 0x0, 0x0,
    0x0, 0x0, 0x0, 0x0, 0x0, 0x7f, 0xff, 0xf6,
    0x0, 0x0, 0x0, 0x0, 0x0, 0x0, 0x0, 0x0,
    0x0, 0x7f, 0xff, 0xff, 0xf6, 0x0, 0x0, 0x0,
    0x0, 0x0, 0x0, 0x0, 0x0, 0x1f, 0xff, 0xff,
    0xff, 0xf5, 0x0, 0x0, 0x0, 0x0, 0x0, 0x0,
    0x0, 0x50, 0x3f, 0xff, 0xff, 0xff, 0xe0, 0x0,
    0x0, 0x0, 0x0, 0x0, 0x0, 0x7f, 0xb0, 0x3f,
    0xff, 0xff, 0xfe, 0x0, 0x0, 0x0, 0x0, 0x0,
    0x0, 0x7f, 0xff, 0xb0, 0x3f, 0xff, 0xff, 0x60,
    0x0, 0x0, 0x0, 0x0, 0x0, 0x7f, 0xff, 0xff,
    0xb0, 0x3f, 0xff, 0x70, 0x0, 0x0, 0x0, 0x0,
    0x0, 0x7f, 0xff, 0xff, 0xff, 0xb0, 0x3f, 0x70,
    0x0, 0x0, 0x0, 0x0, 0x0, 0x7f, 0xff, 0xff,
    0xff, 0xff, 0xb0, 0x10, 0x0, 0x0, 0x0, 0x0,
    0x0, 0x7f, 0xff, 0xff, 0xff, 0xff, 0xff, 0x50,
    0x0, 0x0, 0x0, 0x0, 0x0, 0x7f, 0xff, 0xff,
    0xff, 0xff, 0xff, 0x70, 0x0, 0x0, 0x0, 0x0,
    0x0, 0x7f, 0xff, 0xff, 0xff, 0xff, 0xff, 0x70,
    0x0, 0x0, 0x0, 0x0, 0x0, 0x7f, 0xff, 0xff,
    0xff, 0xff, 0xff, 0x70, 0x0, 0x0, 0x0, 0x0,
    0x0, 0x7f, 0xff, 0xff, 0xff, 0xff, 0xff, 0x70,
    0x0, 0x0, 0x0, 0x0, 0x0, 0x7f, 0xff, 0xff,
    0xff, 0xff, 0xff, 0x70, 0x0, 0x0, 0x0, 0x0,
    0x0, 0x7f, 0xff, 0xff, 0xff, 0xff, 0xff, 0x70,
    0x0, 0x0, 0x0, 0x0, 0x0, 0x5f, 0xff, 0xff,
    0xff, 0xff, 0xff, 0x70, 0x0, 0x0, 0x0, 0x0,
    0x0, 0x8, 0xff, 0xff, 0xff, 0xff, 0xff, 0x70,
    0x0, 0x0, 0x0, 0x0, 0x0, 0x0, 0xaf, 0xff,
    0xff, 0xff, 0xff, 0x70, 0x0, 0x0, 0x0, 0x0,
    0x0, 0x0, 0xb, 0xff, 0xff, 0xff, 0xff, 0x70,
    0x0, 0x0, 0x0, 0x0, 0x0, 0x0, 0x0, 0xdf,
    0xff, 0xff, 0xff, 0x70, 0x0, 0x0, 0x0, 0x0,
    0x0, 0x0, 0x0, 0xf, 0xff, 0xff, 0xff, 0x70,
    0x0, 0x0, 0x0, 0x0, 0x0, 0x0, 0x0, 0x0,
    0xbf, 0xdb, 0xa8, 0x50, 0x0, 0x0, 0x0, 0x0,
    0x0, 0x0, 0x0, 0x0, 0x0, 0x0, 0x0, 0x0,
    0x0, 0x0, 0x0, 0x0, 0x0, 0x0, 0x0, 0x0,
    0x0,

    /* U+F3C5 "" */
    0x0, 0x0, 0x4, 0xad, 0xff, 0xda, 0x40, 0x0,
    0x0, 0x0, 0x2, 0xcf, 0xff, 0xff, 0xff, 0xfc,
    0x20, 0x0, 0x0, 0x4f, 0xff, 0xff, 0xff, 0xff,
    0xff, 0xf4, 0x0, 0x2, 0xff, 0xff, 0xff, 0xff,
    0xff, 0xff, 0xff, 0x20, 0xc, 0xff, 0xff, 0xff,
    0xff, 0xff, 0xff, 0xff, 0xc0, 0x4f, 0xff, 0xff,
    0xf9, 0x44, 0x9f, 0xff, 0xff, 0xf4, 0xaf, 0xff,
    0xff, 0x40, 0x0, 0x4, 0xff, 0xff, 0xfa, 0xdf,
    0xff, 0xf9, 0x0, 0x0, 0x0, 0x9f, 0xff, 0xfd,
    0xff, 0xff, 0xf4, 0x0, 0x0, 0x0, 0x4f, 0xff,
    0xff, 0xff, 0xff, 0xf4, 0x0, 0x0, 0x0, 0x4f,
    0xff, 0xff, 0xef, 0xff, 0xf9, 0x0, 0x0, 0x0,
    0x9f, 0xff, 0xfd, 0xaf, 0xff, 0xff, 0x40, 0x0,
    0x4, 0xff, 0xff, 0xf9, 0x4f, 0xff, 0xff, 0xf9,
    0x44, 0x9f, 0xff, 0xff, 0xf3, 0xc, 0xff, 0xff,
    0xff, 0xff, 0xff, 0xff, 0xff, 0xb0, 0x2, 0xff,
    0xff, 0xff, 0xff, 0xff, 0xff, 0xff, 0x20, 0x0,
    0x8f, 0xff, 0xff, 0xff, 0xff, 0xff, 0xf8, 0x0,
    0x0, 0xc, 0xff, 0xff, 0xff, 0xff, 0xff, 0xc0,
    0x0, 0x0, 0x2, 0xff, 0xff, 0xff, 0xff, 0xff,
    0x20, 0x0, 0x0, 0x0, 0x6f, 0xff, 0xff, 0xff,
    0xf6, 0x0, 0x0, 0x0, 0x0, 0xb, 0xff, 0xff,
    0xff, 0xb0, 0x0, 0x0, 0x0, 0x0, 0x1, 0xef,
    0xff, 0xfe, 0x10, 0x0, 0x0, 0x0, 0x0, 0x0,
    0x5f, 0xff, 0xf5, 0x0, 0x0, 0x0, 0x0, 0x0,
    0x0, 0xa, 0xff, 0xa0, 0x0, 0x0, 0x0, 0x0,
    0x0, 0x0, 0x1, 0xdd, 0x10, 0x0, 0x0, 0x0,

    /* U+F3CD "" */
    0x3d, 0xff, 0xff, 0xff, 0xff, 0xff, 0xfd, 0x3d,
    0xff, 0xff, 0xff, 0xff, 0xff, 0xff, 0xfd, 0xff,
    0x84, 0x44, 0x44, 0x44, 0x44, 0x8f, 0xff, 0xf4,
    0x0, 0x0, 0x0, 0x0, 0x4, 0xff, 0xff, 0x40,
    0x0, 0x0, 0x0, 0x0, 0x4f, 0xff, 0xf4, 0x0,
    0x0, 0x0, 0x0, 0x4, 0xff, 0xff, 0x40, 0x0,
    0x0, 0x0, 0x0, 0x4f, 0xff, 0xf4, 0x0, 0x0,
    0x0, 0x0, 0x4, 0xff, 0xff, 0x40, 0x0, 0x0,
    0x0, 0x0, 0x4f, 0xff, 0xf4, 0x0, 0x0, 0x0,
    0x0, 0x4, 0xff, 0xff, 0x40, 0x0, 0x0, 0x0,
    0x0, 0x4f, 0xff, 0xf4, 0x0, 0x0, 0x0, 0x0,
    0x4, 0xff, 0xff, 0x40, 0x0, 0x0, 0x0, 0x0,
    0x4f, 0xff, 0xf4, 0x0, 0x0, 0x0, 0x0, 0x4,
    0xff, 0xff, 0x40, 0x0, 0x0, 0x0, 0x0, 0x4f,
    0xff, 0xf4, 0x0, 0x0, 0x0, 0x0, 0x4, 0xff,
    0xff, 0x40, 0x0, 0x0, 0x0, 0x0, 0x4f, 0xff,
    0xf5, 0x0, 0x0, 0x0, 0x0, 0x5, 0xff, 0xff,
    0xff, 0xff, 0xff, 0xff, 0xff, 0xff, 0xff, 0xff,
    0xff, 0xfd, 0x8d, 0xff, 0xff, 0xff, 0xff, 0xff,
    0xff, 0x20, 0x2f, 0xff, 0xff, 0xff, 0xff, 0xff,
    0xf2, 0x2, 0xff, 0xff, 0xff, 0xdf, 0xff, 0xff,
    0xd8, 0xdf, 0xff, 0xff, 0xd3, 0xdf, 0xff, 0xff,
    0xff, 0xff, 0xff, 0xd3,

    /* U+F4D7 "" */
    0x0, 0x0, 0x0, 0x0, 0x0, 0x0, 0x0, 0x0,
    0x8, 0xdf, 0xd8, 0x0, 0x0, 0x0, 0x0, 0x0,
    0x0, 0x0, 0x0, 0x0, 0xcf, 0xff, 0xff, 0xc0,
    0x0, 0x0, 0x0, 0x0, 0x0, 0x0, 0x0, 0x8,
    0xff, 0xff, 0xff, 0xf8, 0x0, 0x0, 0x0, 0x0,
    0x0, 0x0, 0x0, 0xd, 0xff, 0x70, 0x7f, 0xfd,
    0x0, 0x0, 0x0, 0x0, 0x0, 0x0, 0x0, 0xf,
    0xff, 0x0, 0xf, 0xff, 0x0, 0x0, 0x0, 0x0,
    0x0, 0x0, 0x0, 0xc, 0xff, 0x70, 0x7f, 0xfc,
    0x0, 0x0, 0x0, 0x0, 0x0, 0x0, 0x0, 0x6,
    0xff, 0xff, 0xff, 0xf6, 0x0, 0x0, 0x0, 0x0,
    0x0, 0x0, 0x0, 0x0, 0xdf, 0xff, 0xff, 0xd0,
    0x0, 0x0, 0x0, 0x0, 0x0, 0x0, 0x0, 0x0,
    0x3f, 0xff, 0xff, 0x30, 0x0, 0x0, 0x0, 0x0,
    0x0, 0x0, 0x5c, 0xff, 0xff, 0xff, 0xf8, 0x0,
    0x0, 0x0, 0x0, 0x0, 0x0, 0x8, 0xff, 0xff,
    0xff, 0xff, 0xc0, 0x0, 0x0, 0x0, 0x0, 0x0,
    0x0, 0x3f, 0xff, 0xff, 0xff, 0xfd, 0x10, 0x0,
    0x0, 0x8d, 0xfd, 0x80, 0x0, 0x9f, 0xfb, 0x10,
    0x0, 0x0, 0x0, 0x0, 0xc, 0xff, 0xff, 0xfc,
    0x0, 0xbf, 0xf5, 0x0, 0x0, 0x0, 0x0, 0x0,
    0x8f, 0xff, 0xff, 0xff, 0x80, 0x9f, 0xfb, 0x10,
    0x0, 0x0, 0x0, 0x0, 0xdf, 0xf7, 0x7, 0xff,
    0xd0, 0x3f, 0xff, 0xff, 0xff, 0xff, 0xd7, 0x0,
    0xff, 0xf0, 0x0, 0xff, 0xf0, 0x8, 0xff, 0xff,
    0xff, 0xff, 0xff, 0xc0, 0xcf, 0xf7, 0x7, 0xff,
    0xc0, 0x0, 0x5c, 0xff, 0xff, 0xff, 0xff, 0xf8,
    0x6f, 0xff, 0xff, 0xff, 0x60, 0x0, 0x0, 0x0,
    0x0, 0x0, 0x7f, 0xfd, 0xd, 0xff, 0xff, 0xfd,
    0x0, 0x0, 0x0, 0x0, 0x0, 0x0, 0xf, 0xff,
    0x3, 0xff, 0xff, 0xf3, 0x0, 0x0, 0x0, 0x0,
    0x0, 0x0, 0x7f, 0xfd, 0x0, 0x8f, 0xff, 0x80,
    0xaf, 0xff, 0xff, 0xff, 0xff, 0xff, 0xff, 0xf8,
    0x0, 0xc, 0xfc, 0x5, 0xff, 0xff, 0xff, 0xff,
    0xff, 0xff, 0xff, 0xc0, 0x0, 0x1, 0xb1, 0x2f,
    0xff, 0xff, 0xff, 0xff, 0xff, 0xff, 0xd8, 0x0,

    /* U+F540 "" */
    0x5, 0x78, 0x88, 0x88, 0x88, 0x88, 0x88, 0x88,
    0x88, 0x75, 0x9, 0xff, 0xff, 0xff, 0xff, 0xff,
    0xff, 0xff, 0xff, 0xff, 0xf9, 0xff, 0xff, 0xff,
    0xff, 0xff, 0xff, 0xff, 0xff, 0xff, 0xff, 0xff,
    0xff, 0xff, 0xff, 0xff, 0xff, 0xff, 0xff, 0xff,
    0xff, 0xff, 0xff, 0xff, 0xff, 0xff, 0xff, 0xff,
    0xff, 0xff, 0xff, 0xff, 0xff, 0xff, 0xff, 0xf2,
    0x0, 0x0, 0x2, 0x9f, 0xff, 0xff, 0xff, 0xff,
    0xff, 0xff, 0x0, 0x0, 0x0, 0x0, 0x6f, 0xff,
    0xff, 0xff, 0xff, 0xff, 0xf0, 0x0, 0x0, 0x0,
    0x0, 0xbf, 0xff, 0xff, 0xff, 0xff, 0xff, 0x0,
    0xf, 0xfe, 0x40, 0x6, 0xff, 0xff, 0xff, 0xff,
    0xff, 0xf0, 0x0, 0xff, 0xfb, 0x0, 0x4f, 0xff,
    0xff, 0xff, 0xff, 0xff, 0x0, 0xf, 0xfe, 0x40,
    0x6, 0xff, 0xff, 0xff, 0xff, 0xff, 0xf0, 0x0,
    0x0, 0x0, 0x0, 0xbf, 0xff, 0xff, 0xff, 0xff,
    0xff, 0x0, 0x0, 0x0, 0x0, 0x6f, 0xff, 0xff,
    0xff, 0xff, 0xff, 0xf0, 0x0, 0x0, 0x2, 0x9f,
    0xff, 0xff, 0xff, 0xff, 0xff, 0xff, 0x0, 0xf,
    0xff, 0xff, 0xff, 0xff, 0xff, 0xff, 0xff, 0xff,
    0xf0, 0x0, 0xff, 0xff, 0xff, 0xff, 0xff, 0xff,
    0xff, 0xff, 0xff, 0x20, 0x2f, 0xff, 0xff, 0xff,
    0xff, 0xff, 0xff, 0xff, 0xff, 0xff, 0xff, 0xff,
    0xff, 0xff, 0xff, 0xff, 0xff, 0xff, 0xff, 0xff,
    0xff, 0xff, 0xff, 0xff, 0xff, 0xff, 0xff, 0xff,
    0xff, 0xff, 0xff, 0xff, 0xff, 0xff, 0xff, 0xff,
    0xff, 0xff, 0x9f, 0xff, 0xff, 0xff, 0xff, 0xff,
    0xff, 0xff, 0xff, 0xff, 0x90, 0x57, 0x88, 0x88,
    0x88, 0x88, 0x88, 0x88, 0x88, 0x87, 0x50,

    /* U+F54B "" */
    0x0, 0x0, 0x0, 0x0, 0x0, 0x0, 0x0, 0x3,
    0x79, 0xbb, 0xca, 0x85, 0x10, 0x0, 0x0, 0x0,
    0x0, 0x0, 0x0, 0x24, 0x20, 0x6b, 0xff, 0xff,
    0xff, 0xff, 0xff, 0xfb, 0x40, 0x0, 0x0, 0x0,
    0x0, 0x1d, 0xff, 0x80, 0xff, 0xff, 0xff, 0xff,
    0xff, 0xff, 0xff, 0xfb, 0x10, 0x0, 0x0, 0x0,
    0xbf, 0xff, 0x80, 0xff, 0xff, 0xff, 0xff, 0xff,
    0xff, 0xff, 0xff, 0xd0, 0x0, 0x0, 0x0, 0xff,
    0xff, 0x80, 0xff, 0xff, 0xff, 0xff, 0xff, 0xff,
    0xff, 0xff, 0xf8, 0x0, 0x0, 0x0, 0xdf, 0xff,
    0x80, 0xff, 0xff, 0xff, 0xff, 0xff, 0xff, 0xff,
    0xff, 0xfe, 0x0, 0x0, 0x0, 0x5f, 0xff, 0x80,
    0xff, 0xff, 0xff, 0xff, 0xff, 0xff, 0xff, 0xff,
    0xff, 0x0, 0x0, 0x0, 0x4, 0xab, 0x50, 0xbd,
    0xff, 0xff, 0xff, 0xff, 0xff, 0xff, 0xff, 0xfb,
    0x0, 0x0, 0x0, 0x0, 0x0, 0x0, 0x0, 0x6,
    0xef, 0xff, 0xff, 0xff, 0xff, 0xff, 0xd1, 0x0,
    0x0, 0x0, 0x0, 0x0, 0x0, 0x0, 0x0, 0x8,
    0xff, 0xff, 0xff, 0xff, 0xf8, 0x0, 0x0, 0x0,
    0x0, 0x0, 0x0, 0x0, 0x0, 0x0, 0x0, 0x16,
    0x9b, 0xa9, 0x74, 0x0, 0x0, 0x0, 0x0, 0x0,
    0x0, 0x0, 0x0, 0x0, 0x0, 0x0, 0x0, 0x0,
    0x0, 0x0, 0x0, 0x0, 0x0, 0x0, 0x0, 0x0,
    0x0, 0x0, 0x0, 0x0, 0x0, 0x0, 0x0, 0x0,
    0x0, 0x0, 0x0, 0x0, 0x0, 0x0, 0x0, 0x0,
    0x0, 0x0, 0x24, 0x33, 0x0, 0x0, 0x0, 0x0,
    0x0, 0x0, 0x0, 0x0, 0x0, 0x0, 0x0, 0x2,
    0x9f, 0xff, 0xff, 0xfd, 0x82, 0x0, 0x0, 0x0,
    0x0, 0x0, 0x0, 0x0, 0x0, 0x0, 0x8f, 0xff,
    0xff, 0xff, 0xff, 0xff, 0x80, 0x0, 0x0, 0x0,
    0x0, 0x24, 0x20, 0x46, 0x9e, 0xff, 0xff, 0xff,
    0xff, 0xff, 0xff, 0xf7, 0x0, 0x0, 0x0, 0x1d,
    0xff, 0x80, 0xff, 0xff, 0xff, 0xff, 0xff, 0xff,
    0xff, 0xff, 0xfe, 0x0, 0x0, 0x0, 0xbf, 0xff,
    0x80, 0xff, 0xff, 0xff, 0xff, 0xff, 0xff, 0xff,
    0xff, 0xff, 0x0, 0x0, 0x0, 0xff, 0xff, 0x80,
    0xff, 0xff, 0xff, 0xff, 0xff, 0xff, 0xff, 0xff,
    0xfb, 0x0, 0x0, 0x0, 0xdf, 0xff, 0x80, 0xff,
    0xff, 0xff, 0xff, 0xff, 0xff, 0xff, 0xff, 0xf3,
    0x0, 0x0, 0x0, 0x5f, 0xff, 0x80, 0xff, 0xff,
    0xff, 0xff, 0xff, 0xff, 0xff, 0xff, 0x50, 0x0,
    0x0, 0x0, 0x4, 0xab, 0x50, 0xdf, 0xff, 0xff,
    0xff, 0xff, 0xff, 0xff, 0xb2, 0x0, 0x0, 0x0,
    0x0, 0x0, 0x0, 0x0, 0x2, 0x6a, 0xef, 0xff,
    0xff, 0xfc, 0x72, 0x0, 0x0, 0x0, 0x0, 0x0,
    0x0, 0x0, 0x0, 0x0, 0x0, 0x0, 0x22, 0x31,
    0x0, 0x0, 0x0, 0x0, 0x0, 0x0, 0x0,

    /* U+F554 "" */
    0x0, 0x0, 0x0, 0x0, 0x9f, 0xd3, 0x0, 0x0,
    0x0, 0x0, 0x0, 0x5, 0xff, 0xfd, 0x0, 0x0,
    0x0, 0x0, 0x0, 0x7, 0xff, 0xff, 0x0, 0x0,
    0x0, 0x0, 0x0, 0x1, 0xff, 0xf9, 0x0, 0x0,
    0x0, 0x0, 0x0, 0x0, 0x17, 0x50, 0x0, 0x0,
    0x0, 0x0, 0x0, 0x0, 0x0, 0x0, 0x0, 0x0,
    0x0, 0x0, 0x39, 0xdf, 0xea, 0x20, 0x0, 0x0,
    0x0, 0x3c, 0xff, 0xff, 0xff, 0xf4, 0x0, 0x0,
    0x4, 0xff, 0xff, 0xff, 0xff, 0xff, 0x20, 0x0,
    0xe, 0xff, 0xfb, 0xff, 0xff, 0xff, 0x90, 0x0,
    0x4f, 0xfe, 0x17, 0xff, 0xff, 0xff, 0xe0, 0x0,
    0x1e, 0xf5, 0xb, 0xff, 0xfe, 0xdf, 0xfd, 0x40,
    0x0, 0x10, 0xe, 0xff, 0xfa, 0x6f, 0xff, 0xe0,
    0x0, 0x0, 0xe, 0xff, 0xf7, 0x6, 0xef, 0xc0,
    0x0, 0x0, 0x8, 0xff, 0xf7, 0x0, 0x4, 0x0,
    0x0, 0x0, 0x10, 0xbf, 0xff, 0x40, 0x0, 0x0,
    0x0, 0x0, 0xd3, 0xc, 0xff, 0xf3, 0x0, 0x0,
    0x0, 0x4, 0xfe, 0x21, 0xdf, 0xfd, 0x0, 0x0,
    0x0, 0xc, 0xff, 0x80, 0x2f, 0xff, 0x20, 0x0,
    0x0, 0xaf, 0xff, 0x20, 0xa, 0xff, 0x60, 0x0,
    0xa, 0xff, 0xf8, 0x0, 0x6, 0xff, 0xa0, 0x0,
    0x9f, 0xff, 0x90, 0x0, 0x2, 0xff, 0xe0, 0x0,
    0xff, 0xfa, 0x0, 0x0, 0x0, 0xef, 0xf1, 0x0,
    0x8f, 0x90, 0x0, 0x0, 0x0, 0x6f, 0xa0, 0x0,
    0x0, 0x0, 0x0, 0x0, 0x0, 0x0, 0x0, 0x0,

    /* U+F55A "" */
    0x0, 0x0, 0x0, 0x2, 0xbf, 0xff, 0xff, 0xff,
    0xff, 0xff, 0xff, 0xff, 0xff, 0xfe, 0x80, 0x0,
    0x0, 0x0, 0x3e, 0xff, 0xff, 0xff, 0xff, 0xff,
    0xff, 0xff, 0xff, 0xff, 0xff, 0xf8, 0x0, 0x0,
    0x3, 0xef, 0xff, 0xff, 0xff, 0xff, 0xff, 0xff,
    0xff, 0xff, 0xff, 0xff, 0xfe, 0x0, 0x0, 0x3e,
    0xff, 0xff, 0xff, 0xff, 0xcf, 0xff, 0xff, 0xfc,
    0xff, 0xff, 0xff, 0xff, 0x0, 0x3, 0xef, 0xff,
    0xff, 0xff, 0xf7, 0x6, 0xff, 0xff, 0x60, 0x8f,
    0xff, 0xff, 0xff, 0x0, 0x3e, 0xff, 0xff, 0xff,
    0xff, 0xc0, 0x0, 0x6f, 0xf6, 0x0, 0xc, 0xff,
    0xff, 0xff, 0x3, 0xef, 0xff, 0xff, 0xff, 0xff,
    0xf6, 0x0, 0x6, 0x60, 0x0, 0x6f, 0xff, 0xff,
    0xff, 0x3f, 0xff, 0xff, 0xff, 0xff, 0xff, 0xff,
    0x60, 0x0, 0x0, 0x6, 0xff, 0xff, 0xff, 0xff,
    0xdf, 0xff, 0xff, 0xff, 0xff, 0xff, 0xff, 0xf6,
    0x0, 0x0, 0x6f, 0xff, 0xff, 0xff, 0xff, 0xdf,
    0xff, 0xff, 0xff, 0xff, 0xff, 0xff, 0xf6, 0x0,
    0x0, 0x6f, 0xff, 0xff, 0xff, 0xff, 0x3f, 0xff,
    0xff, 0xff, 0xff, 0xff, 0xff, 0x60, 0x0, 0x0,
    0x6, 0xff, 0xff, 0xff, 0xff, 0x3, 0xff, 0xff,
    0xff, 0xff, 0xff, 0xf6, 0x0, 0x6, 0x60, 0x0,
    0x6f, 0xff, 0xff, 0xff, 0x0, 0x3e, 0xff, 0xff,
    0xff, 0xff, 0xc0, 0x0, 0x6f, 0xf6, 0x0, 0xc,
    0xff, 0xff, 0xff, 0x0, 0x3, 0xef, 0xff, 0xff,
    0xff, 0xf8, 0x6, 0xff, 0xff, 0x60, 0x7f, 0xff,
    0xff, 0xff, 0x0, 0x0, 0x3e, 0xff, 0xff, 0xff,
    0xff, 0xcf, 0xff, 0xff, 0xfc, 0xff, 0xff, 0xff,
    0xff, 0x0, 0x0, 0x3, 0xef, 0xff, 0xff, 0xff,
    0xff, 0xff, 0xff, 0xff, 0xff, 0xff, 0xff, 0xfe,
    0x0, 0x0, 0x0, 0x3e, 0xff, 0xff, 0xff, 0xff,
    0xff, 0xff, 0xff, 0xff, 0xff, 0xff, 0xf8, 0x0,
    0x0, 0x0, 0x2, 0xbf, 0xff, 0xff, 0xff, 0xff,
    0xff, 0xff, 0xff, 0xff, 0xfe, 0x80,

    /* U+F6C3 "" */
    0x0, 0x0, 0x0, 0x0, 0x0, 0x0, 0x0, 0x0,
    0x5a, 0xdf, 0xfb, 0x0, 0x0, 0x0, 0x0, 0x0,
    0x0, 0x0, 0x0, 0x0, 0x0, 0x3c, 0xff, 0xff,
    0xd2, 0x0, 0x0, 0x0, 0x0, 0x0, 0x0, 0x0,
    0x0, 0x0, 0x4, 0xff, 0xff, 0xfd, 0x0, 0x0,
    0x0, 0x0, 0x0, 0x0, 0x0, 0x0, 0x0, 0x0,
    0x3f, 0xff, 0xff, 0xf2, 0x0, 0x0, 0x0, 0x0,
    0x0, 0x0, 0x0, 0x0, 0x0, 0x0, 0xdf, 0xff,
    0xff, 0xa0, 0x0, 0x0, 0x0, 0x0, 0x0, 0x0,
    0x0, 0x0, 0x0, 0x6, 0xff, 0xff, 0xff, 0x50,
    0x0, 0x0, 0x0, 0x0, 0x0, 0x0, 0x0, 0x0,
    0x0, 0xb, 0xff, 0xff, 0xff, 0x30, 0x0, 0x0,
    0x0, 0x0, 0x0, 0x0, 0x0, 0x0, 0x0, 0xf,
    0xff, 0xff, 0xff, 0x20, 0x0, 0x0, 0x0, 0x0,
    0x0, 0x0, 0x0, 0x0, 0x0, 0xf, 0xff, 0xff,
    0xff, 0x40, 0x0, 0x0, 0x0, 0x0, 0x0, 0x0,
    0x0, 0x0, 0x0, 0xf, 0xff, 0xff, 0xff, 0x90,
    0x0, 0x0, 0x0, 0x0, 0x0, 0x0, 0x1, 0x57,
    0x50, 0x8, 0xa8, 0xae, 0xff, 0xf1, 0x0, 0x0,
    0x0, 0x0, 0x0, 0x0, 0x5f, 0xff, 0xfe, 0x40,
    0x0, 0x0, 0xaf, 0xfb, 0x0, 0x0, 0x0, 0x0,
    0x0, 0x3, 0xff, 0xff, 0xff, 0xf6, 0xcf, 0xc3,
    0xc, 0xff, 0xb0, 0x0, 0x0, 0x0, 0x0, 0xb,
    0xff, 0xff, 0xff, 0xff, 0xff, 0xfe, 0x14, 0xff,
    0xfe, 0x61, 0x0, 0x0, 0x0, 0xf, 0xff, 0xff,
    0xff, 0xff, 0xff, 0xff, 0x60, 0xff, 0xff, 0xff,
    0xee, 0xd0, 0x0, 0x6f, 0xff, 0xff, 0xff, 0xff,
    0xff, 0xff, 0x60, 0xdf, 0xff, 0xff, 0xfe, 0x20,
    0xb, 0xff, 0xff, 0xff, 0xff, 0xff, 0xff, 0xff,
    0x71, 0x9, 0xff, 0xff, 0xb1, 0x0, 0x7f, 0xff,
    0xff, 0xff, 0xff, 0xff, 0xff, 0xff, 0xfe, 0x40,
    0xcc, 0x93, 0x0, 0x0, 0xdf, 0xff, 0xff, 0xff,
    0xff, 0xff, 0xff, 0xff, 0xff, 0xe1, 0x0, 0x0,
    0x0, 0x0, 0xff, 0xff, 0xff, 0xff, 0xff, 0xff,
    0xff, 0xff, 0xff, 0xf5, 0x0, 0x0, 0x0, 0x0,
    0xdf, 0xff, 0xff, 0xff, 0xff, 0xff, 0xff, 0xff,
    0xff, 0xf7, 0x0, 0x0, 0x0, 0x0, 0x8f, 0xff,
    0xff, 0xff, 0xff, 0xff, 0xff, 0xff, 0xff, 0xf4,
    0x0, 0x0, 0x0, 0x0, 0xc, 0xff, 0xff, 0xff,
    0xff, 0xff, 0xff, 0xff, 0xff, 0xb0, 0x0, 0x0,
    0x0, 0x0, 0x0, 0x8d, 0xff, 0xff, 0xff, 0xff,
    0xff, 0xff, 0xe8, 0x0, 0x0, 0x0, 0x0, 0x0,

    /* U+F6C4 "" */
    0x0, 0x0, 0x0, 0x0, 0x3, 0xe3, 0x0, 0x0,
    0x0, 0x0, 0x0, 0x0, 0x0, 0x0, 0x0, 0x0,
    0x0, 0x0, 0x0, 0xb, 0xfb, 0x0, 0x0, 0x0,
    0x0, 0x0, 0x0, 0x0, 0x0, 0x0, 0x0, 0x1,
    0x0, 0x0, 0x3f, 0xff, 0x30, 0x0, 0x1, 0x0,
    0x0, 0x0, 0x0, 0x0, 0x0, 0x0, 0x1f, 0xd8,
    0x30, 0xbf, 0xff, 0xb0, 0x38, 0xdf, 0x10, 0x0,
    0x0, 0x0, 0x0, 0x0, 0x0, 0xd, 0xff, 0xfe,
    0xff, 0xff, 0xfe, 0xff, 0xfd, 0x0, 0x0, 0x0,
    0x0, 0x0, 0x0, 0x0, 0x8, 0xff, 0xff, 0xa5,
    0x45, 0xaf, 0xff, 0xf8, 0x0, 0x0, 0x0, 0x0,
    0x0, 0x0, 0x0, 0x3, 0xff, 0xe3, 0x4, 0x64,
    0x3, 0xef, 0xf2, 0x0, 0x0, 0x0, 0x0, 0x0,
    0x0, 0x0, 0x0, 0xef, 0x32, 0xdf, 0xff, 0xd1,
    0x3f, 0xd0, 0x0, 0x0, 0x0, 0x0, 0x0, 0x0,
    0x0, 0x3b, 0xfa, 0xd, 0xff, 0xff, 0xfc, 0x3,
    0x0, 0x0, 0x0, 0x0, 0x0, 0x0, 0x0, 0x3b,
    0xff, 0xf5, 0x4f, 0xff, 0xff, 0xf5, 0x2, 0x79,
    0x83, 0x0, 0x0, 0x0, 0x0, 0x0, 0xef, 0xff,
    0xf4, 0x6f, 0xff, 0xff, 0x40, 0x8f, 0xff, 0xff,
    0xb0, 0x0, 0x0, 0x0, 0x0, 0x3b, 0xff, 0xf5,
    0x4f, 0xff, 0xfa, 0x8, 0xff, 0xff, 0xff, 0xfc,
    0x0, 0x0, 0x0, 0x0, 0x0, 0x3b, 0xfa, 0xd,
    0xff, 0xf3, 0x2f, 0xff, 0xff, 0xff, 0xff, 0xbe,
    0xe8, 0x0, 0x0, 0x0, 0x0, 0xef, 0x32, 0xdf,
    0xe0, 0x7f, 0xff, 0xff, 0xff, 0xff, 0xff, 0xff,
    0x80, 0x0, 0x0, 0x3, 0xff, 0xe3, 0x3, 0x0,
    0x9f, 0xff, 0xff, 0xff, 0xff, 0xff, 0xff, 0xe0,
    0x0, 0x0, 0x8, 0xff, 0xff, 0x30, 0x5c, 0xff,
    0xff, 0xff, 0xff, 0xff, 0xff, 0xff, 0xf6, 0x0,
    0x0, 0xd, 0xff, 0xf9, 0x8, 0xff, 0xff, 0xff,
    0xff, 0xff, 0xff, 0xff, 0xff, 0xff, 0xb0, 0x0,
    0x1f, 0xd8, 0x30, 0x4f, 0xff, 0xff, 0xff, 0xff,
    0xff, 0xff, 0xff, 0xff, 0xff, 0xf7, 0x0, 0x1,
    0x0, 0x0, 0x9f, 0xff, 0xff, 0xff, 0xff, 0xff,
    0xff, 0xff, 0xff, 0xff, 0xfd, 0x0, 0x0, 0x0,
    0x0, 0xbf, 0xff, 0xff, 0xff, 0xff, 0xff, 0xff,
    0xff, 0xff, 0xff, 0xff, 0x0, 0x0, 0x0, 0x0,
    0x9f, 0xff, 0xff, 0xff, 0xff, 0xff, 0xff, 0xff,
    0xff, 0xff, 0xfd, 0x0, 0x0, 0x0, 0x0, 0x4f,
    0xff, 0xff, 0xff, 0xff, 0xff, 0xff, 0xff, 0xff,
    0xff, 0xf8, 0x0, 0x0, 0x0, 0x0, 0x9, 0xff,
    0xff, 0xff, 0xff, 0xff, 0xff, 0xff, 0xff, 0xff,
    0xc0, 0x0, 0x0, 0x0, 0x0, 0x0, 0x6d, 0xff,
    0xff, 0xff, 0xff, 0xff, 0xff, 0xff, 0xd8, 0x0,

    /* U+F72E "" */
    0x0, 0x0, 0x0, 0x0, 0x0, 0x0, 0x0, 0x1,
    0x31, 0x0, 0x0, 0x0, 0x0, 0x0, 0x0, 0x0,
    0x0, 0x0, 0x0, 0x2b, 0xff, 0xfc, 0x20, 0x0,
    0x0, 0x0, 0x0, 0x0, 0x0, 0x0, 0x0, 0x1e,
    0xff, 0xff, 0xfe, 0x10, 0x0, 0x0, 0x0, 0x0,
    0x0, 0x0, 0x0, 0x9, 0xff, 0xfc, 0xff, 0xfa,
    0x0, 0x0, 0x0, 0x0, 0x0, 0x0, 0x0, 0x0,
    0xdf, 0xf3, 0x4, 0xff, 0xe0, 0x0, 0x0, 0x0,
    0x0, 0x0, 0x0, 0x0, 0x1, 0x32, 0x0, 0xf,
    0xff, 0x0, 0x0, 0x24, 0x44, 0x44, 0x44, 0x44,
    0x44, 0x44, 0x44, 0x4b, 0xff, 0xc0, 0x0, 0xf,
    0xff, 0xff, 0xff, 0xff, 0xff, 0xff, 0xff, 0xff,
    0xff, 0xf5, 0x0, 0x0, 0xff, 0xff, 0xff, 0xff,
    0xff, 0xff, 0xff, 0xff, 0xff, 0xf8, 0x0, 0x0,
    0x9, 0xbb, 0xbb, 0xbb, 0xbb, 0xbb, 0xbb, 0xbb,
    0xbb, 0x93, 0x0, 0x0, 0x0, 0x0, 0x0, 0x0,
    0x0, 0x0, 0x0, 0x0, 0x0, 0x0, 0x0, 0x0,
    0x0, 0xd, 0xff, 0xff, 0xff, 0xfd, 0x70, 0x3f,
    0xff, 0xff, 0xff, 0xeb, 0x30, 0x0, 0xff, 0xff,
    0xff, 0xff, 0xff, 0xc0, 0x6f, 0xff, 0xff, 0xff,
    0xff, 0x60, 0xd, 0xff, 0xff, 0xff, 0xff, 0xff,
    0x80, 0xef, 0xff, 0xff, 0xff, 0xff, 0x30, 0x0,
    0x0, 0x0, 0x0, 0x7f, 0xfd, 0x0, 0x0, 0x0,
    0x2, 0xcf, 0xfb, 0x0, 0x0, 0x58, 0x60, 0x0,
    0xff, 0xf0, 0x0, 0x0, 0x0, 0x2, 0xff, 0xf0,
    0x0, 0xd, 0xff, 0x70, 0x8f, 0xfe, 0x0, 0x0,
    0x0, 0x0, 0xf, 0xff, 0x0, 0x0, 0x7f, 0xff,
    0xff, 0xff, 0x80, 0x1f, 0xfc, 0x0, 0x6, 0xff,
    0xd0, 0x0, 0x0, 0xcf, 0xff, 0xff, 0xc0, 0x0,
    0xef, 0xfd, 0x8a, 0xff, 0xf7, 0x0, 0x0, 0x0,
    0x8e, 0xfd, 0x80, 0x0, 0x5, 0xff, 0xff, 0xff,
    0xfc, 0x0, 0x0, 0x0, 0x0, 0x0, 0x0, 0x0,
    0x0, 0x5, 0xef, 0xff, 0xfa, 0x10, 0x0, 0x0,
    0x0, 0x0, 0x0, 0x0, 0x0, 0x0, 0x0, 0x57,
    0x62, 0x0, 0x0,

    /* U+F73D "" */
    0x0, 0x0, 0x3, 0xae, 0xfd, 0x60, 0x0, 0x0,
    0x0, 0x0, 0x0, 0x0, 0x0, 0x0, 0x6f, 0xff,
    0xff, 0xfc, 0x10, 0x47, 0x61, 0x0, 0x0, 0x0,
    0x0, 0x3, 0xff, 0xff, 0xff, 0xff, 0xab, 0xff,
    0xff, 0x40, 0x0, 0x0, 0x0, 0xa, 0xff, 0xff,
    0xff, 0xff, 0xff, 0xff, 0xff, 0xf1, 0x0, 0x0,
    0x0, 0xe, 0xff, 0xff, 0xff, 0xff, 0xff, 0xff,
    0xff, 0xf6, 0x0, 0x0, 0x0, 0xf, 0xff, 0xff,
    0xff, 0xff, 0xff, 0xff, 0xff, 0xf7, 0x0, 0x0,
    0x0, 0x7f, 0xff, 0xff, 0xff, 0xff, 0xff, 0xff,
    0xff, 0xff, 0xd8, 0x0, 0xb, 0xff, 0xff, 0xff,
    0xff, 0xff, 0xff, 0xff, 0xff, 0xff, 0xff, 0xc0,
    0x7f, 0xff, 0xff, 0xff, 0xff, 0xff, 0xff, 0xff,
    0xff, 0xff, 0xff, 0xf8, 0xdf, 0xff, 0xff, 0xff,
    0xff, 0xff, 0xff, 0xff, 0xff, 0xff, 0xff, 0xfd,
    0xff, 0xff, 0xff, 0xff, 0xff, 0xff, 0xff, 0xff,
    0xff, 0xff, 0xff, 0xff, 0xdf, 0xff, 0xff, 0xff,
    0xff, 0xff, 0xff, 0xff, 0xff, 0xff, 0xff, 0xfd,
    0x8f, 0xff, 0xff, 0xff, 0xff, 0xff, 0xff, 0xff,
    0xff, 0xff, 0xff, 0xf8, 0xc, 0xff, 0xff, 0xff,
    0xff, 0xff, 0xff, 0xff, 0xff, 0xff, 0xff, 0xc0,
    0x0, 0x8d, 0xff, 0xff, 0xff, 0xff, 0xff, 0xff,
    0xff, 0xff, 0xd8, 0x0, 0x0, 0x0, 0x0, 0x0,
    0x0, 0x0, 0x0, 0x0, 0x0, 0x0, 0x0, 0x0,
    0x0, 0x0, 0x0, 0x0, 0x0, 0x0, 0x0, 0x0,
    0x0, 0x0, 0x0, 0x0, 0x0, 0x0, 0x90, 0x0,
    0x0, 0x4, 0x40, 0x0, 0x0, 0x9, 0x0, 0x0,
    0x0, 0x4, 0xf4, 0x0, 0x0, 0xc, 0xc0, 0x0,
    0x0, 0x4f, 0x40, 0x0, 0x0, 0xd, 0xfd, 0x0,
    0x0, 0x5f, 0xf5, 0x0, 0x0, 0xdf, 0xd0, 0x0,
    0x0, 0x6f, 0xff, 0x60, 0x0, 0xdf, 0xfd, 0x0,
    0x6, 0xff, 0xf6, 0x0, 0x0, 0xbf, 0xff, 0xb0,
    0x3, 0xff, 0xff, 0x30, 0xb, 0xff, 0xfb, 0x0,
    0x0, 0x8f, 0xff, 0x80, 0x1, 0xff, 0xff, 0x10,
    0x8, 0xff, 0xf8, 0x0, 0x0, 0x1b, 0xfb, 0x10,
    0x0, 0x5e, 0xe5, 0x0, 0x1, 0xbf, 0xb1, 0x0,

    /* U+F740 "" */
    0x0, 0x0, 0x0, 0x3a, 0xef, 0xd6, 0x0, 0x0,
    0x0, 0x0, 0x0, 0x0, 0x0, 0x0, 0x0, 0x6f,
    0xff, 0xff, 0xfc, 0x10, 0x47, 0x61, 0x0, 0x0,
    0x0, 0x0, 0x0, 0x3f, 0xff, 0xff, 0xff, 0xfa,
    0xbf, 0xff, 0xf4, 0x0, 0x0, 0x0, 0x0, 0xa,
    0xff, 0xff, 0xff, 0xff, 0xff, 0xff, 0xff, 0xf1,
    0x0, 0x0, 0x0, 0x0, 0xef, 0xff, 0xff, 0xff,
    0xff, 0xff, 0xff, 0xff, 0x60, 0x0, 0x0, 0x0,
    0xf, 0xff, 0xff, 0xff, 0xff, 0xff, 0xff, 0xff,
    0xf7, 0x0, 0x0, 0x0, 0x7, 0xff, 0xff, 0xff,
    0xff, 0xff, 0xff, 0xff, 0xff, 0xfd, 0x80, 0x0,
    0xb, 0xff, 0xff, 0xff, 0xff, 0xff, 0xff, 0xff,
    0xff, 0xff, 0xff, 0xc0, 0x7, 0xff, 0xff, 0xff,
    0xff, 0xff, 0xff, 0xff, 0xff, 0xff, 0xff, 0xff,
    0x80, 0xdf, 0xff, 0xff, 0xff, 0xff, 0xff, 0xff,
    0xff, 0xff, 0xff, 0xff, 0xfd, 0xf, 0xff, 0xff,
    0xff, 0xff, 0xff, 0xff, 0xff, 0xff, 0xff, 0xff,
    0xff, 0xf0, 0xdf, 0xff, 0xff, 0xff, 0xff, 0xff,
    0xff, 0xff, 0xff, 0xff, 0xff, 0xfd, 0x8, 0xff,
    0xff, 0xff, 0xff, 0xff, 0xff, 0xff, 0xff, 0xff,
    0xff, 0xff, 0x80, 0xc, 0xff, 0xff, 0xff, 0xff,
    0xff, 0xff, 0xff, 0xff, 0xff, 0xff, 0xc0, 0x0,
    0x8, 0xdf, 0xff, 0xff, 0xff, 0xff, 0xff, 0xff,
    0xff, 0xfd, 0x80, 0x0, 0x0, 0x0, 0x0, 0x0,
    0x0, 0x0, 0x0, 0x0, 0x0, 0x0, 0x0, 0x0,
    0x0, 0x0, 0x0, 0x0, 0x0, 0x0, 0x0, 0x0,
    0x0, 0x0, 0x0, 0x0, 0x0, 0x0, 0x9, 0x30,
    0x4, 0x90, 0x0, 0x93, 0x0, 0x49, 0x0, 0x9,
    0x30, 0x0, 0x6, 0xf4, 0x0, 0xdc, 0x0, 0x6f,
    0x40, 0xd, 0xc0, 0x6, 0xf4, 0x0, 0x0, 0xec,
    0x0, 0x7f, 0x40, 0xe, 0xc0, 0x7, 0xf4, 0x0,
    0xec, 0x0, 0x0, 0x8f, 0x30, 0x1f, 0xb0, 0x8,
    0xf3, 0x1, 0xfb, 0x0, 0x8f, 0x30, 0x0, 0x2f,
    0x90, 0x9, 0xf2, 0x2, 0xf9, 0x0, 0x9f, 0x20,
    0x2f, 0x90, 0x0, 0xb, 0xf1, 0x3, 0xf8, 0x0,
    0xbf, 0x10, 0x3f, 0x80, 0xb, 0xf1, 0x0, 0x0,
    0xd7, 0x0, 0x5d, 0x0, 0xd, 0x70, 0x5, 0xd0,
    0x0, 0xd7, 0x0, 0x0,

    /* U+F75F "" */
    0x0, 0x2, 0x9d, 0xfe, 0xb6, 0x0, 0x4, 0xae,
    0xfd, 0xa3, 0x0, 0x0, 0x0, 0x0, 0x0, 0x0,
    0x7f, 0xff, 0xff, 0xff, 0xc2, 0xaf, 0xff, 0xff,
    0xff, 0x90, 0x0, 0x0, 0x0, 0x0, 0x7, 0xff,
    0xff, 0xff, 0xff, 0xff, 0xff, 0xff, 0xff, 0xff,
    0xfa, 0x0, 0x0, 0x0, 0x0, 0x2f, 0xff, 0xff,
    0xff, 0xff, 0xff, 0xff, 0xff, 0xff, 0xff, 0xff,
    0x9d, 0xfe, 0xa3, 0x0, 0x9f, 0xff, 0xff, 0xff,
    0xff, 0xff, 0xff, 0xff, 0xff, 0xff, 0xff, 0xff,
    0xff, 0xff, 0x60, 0xdf, 0xff, 0xff, 0xff, 0xff,
    0xff, 0xff, 0xff, 0xff, 0xff, 0xff, 0xff, 0xff,
    0xff, 0xf3, 0xff, 0xff, 0xff, 0xff, 0xff, 0xff,
    0xff, 0xff, 0xff, 0xff, 0xff, 0xff, 0xff, 0xff,
    0xfa, 0xef, 0xff, 0xff, 0xff, 0xff, 0xff, 0xff,
    0xff, 0xff, 0xff, 0xff, 0xff, 0xff, 0xff, 0xfe,
    0xcf, 0xff, 0xff, 0xff, 0xff, 0xff, 0xff, 0xff,
    0xff, 0xff, 0xff, 0xff, 0xff, 0xff, 0xff, 0x6f,
    0xff, 0xff, 0xff, 0xff, 0xff, 0xff, 0xff, 0xff,
    0xff, 0xff, 0xff, 0xff, 0xff, 0xfd, 0xd, 0xff,
    0xff, 0xff, 0xff, 0xff, 0xff, 0xff, 0xff, 0xff,
    0xff, 0xff, 0xff, 0xff, 0xf7, 0x2, 0xef, 0xff,
    0xff, 0xff, 0xff, 0xff, 0xff, 0xff, 0xff, 0xff,
    0xff, 0xff, 0xff, 0xc0, 0x0, 0x1a, 0xff, 0xff,
    0xff, 0xff, 0xff, 0xff, 0xff, 0xff, 0xff, 0xff,
    0xff, 0xfb, 0x10, 0x0, 0x0, 0x15, 0x78, 0x88,
    0x88, 0x88, 0xcf, 0xff, 0xff, 0xfc, 0x88, 0x76,
    0x20, 0x0, 0x0, 0x0, 0x0, 0x0, 0x0, 0x0,
    0x0, 0x6, 0xcf, 0xfc, 0x60, 0x0, 0x0, 0x0,
    0x0, 0x0, 0x0, 0x0, 0x0, 0x0, 0x0, 0x0,
    0x0, 0x0, 0x0, 0x0, 0x0, 0x0, 0x0, 0x0,
    0x0, 0x0, 0x0, 0x0, 0x0, 0x0, 0x0, 0x0,
    0x0, 0x0, 0x0, 0x0, 0x0, 0x0, 0x0, 0x0,
    0xc, 0xff, 0xff, 0xff, 0xff, 0xff, 0xff, 0xff,
    0xff, 0xff, 0xff, 0xff, 0xff, 0xfc, 0x0, 0xf,
    0xff, 0xff, 0xff, 0xff, 0xff, 0xff, 0xff, 0xff,
    0xff, 0xff, 0xff, 0xff, 0xff, 0x0, 0x2, 0x44,
    0x44, 0x44, 0x44, 0x44, 0x44, 0x44, 0x44, 0x44,
    0x44, 0x44, 0x44, 0x42, 0x0, 0x0, 0x0, 0x0,
    0x0, 0x0, 0x0, 0x0, 0x0, 0x0, 0x0, 0x0,
    0x0, 0x0, 0x0, 0x24, 0x44, 0x44, 0x30, 0x0,
    0x34, 0x44, 0x44, 0x44, 0x44, 0x44, 0x44, 0x44,
    0x20, 0x0, 0xff, 0xff, 0xff, 0xf7, 0x3, 0xff,
    0xff, 0xff, 0xff, 0xff, 0xff, 0xff, 0xff, 0xf0,
    0x0, 0xdf, 0xff, 0xff, 0xf5, 0x2, 0xff, 0xff,
    0xff, 0xff, 0xff, 0xff, 0xff, 0xff, 0xd0, 0x0,

    /* U+F7AB "" */
    0x0, 0x0, 0x0, 0x0, 0x0, 0x0, 0x0, 0x0,
    0x0, 0x0, 0x0, 0x0, 0x0, 0x0, 0x0, 0x0,
    0x0, 0x0, 0x0, 0x0, 0x4a, 0xc0, 0x0, 0x0,
    0x0, 0x0, 0x0, 0x0, 0x0, 0x0, 0x0, 0x28,
    0xef, 0xff, 0x0, 0x0, 0x0, 0x0, 0x0, 0x0,
    0x0, 0x0, 0x16, 0xcf, 0xff, 0xff, 0xc0, 0x0,
    0x0, 0x0, 0x0, 0x0, 0x0, 0x4, 0xaf, 0xff,
    0xff, 0xff, 0xe2, 0x0, 0x0, 0x0, 0x0, 0x0,
    0x0, 0x4c, 0xff, 0xff, 0xff, 0xff, 0xfd, 0x60,
    0x0, 0x0, 0x0, 0x0, 0x0, 0x8f, 0xff, 0xff,
    0xff, 0xff, 0xff, 0xff, 0xd1, 0x0, 0x0, 0x0,
    0x0, 0x9f, 0xff, 0xff, 0xff, 0xff, 0xff, 0xff,
    0xff, 0xd0, 0x0, 0x0, 0x0, 0x6f, 0xff, 0xff,
    0xff, 0xff, 0xff, 0xff, 0xff, 0xff, 0x70, 0x0,
    0x0, 0x1e, 0xff, 0xff, 0xff, 0xff, 0xff, 0xfb,
    0x4d, 0xff, 0xfe, 0x0, 0x0, 0x8, 0xff, 0xff,
    0xff, 0xff, 0xff, 0xff, 0x40, 0x8f, 0xff, 0xf5,
    0x0, 0x0, 0xdf, 0xff, 0xff, 0xff, 0xff, 0xff,
    0xfd, 0x8f, 0xff, 0xff, 0xb0, 0x0, 0x2f, 0xff,
    0xff, 0xff, 0xff, 0xff, 0xff, 0xff, 0xff, 0xff,
    0xff, 0x20, 0x6, 0xff, 0xff, 0xff, 0xff, 0xff,
    0xff, 0xff, 0xff, 0xff, 0xff, 0xf9, 0x0, 0x9f,
    0xff, 0xff, 0xfd, 0xef, 0xff, 0xff, 0xff, 0xff,
    0xff, 0xff, 0xf1, 0xb, 0xff, 0xff, 0xff, 0x23,
    0xff, 0xff, 0xff, 0xff, 0xff, 0xff, 0xff, 0x70,
    0xdf, 0xff, 0xff, 0xfa, 0x5, 0xef, 0xff, 0xff,
    0xff, 0xff, 0xff, 0xfd, 0xe, 0xff, 0xff, 0xff,
    0xf9, 0x0, 0x57, 0x51, 0xef, 0xff, 0xff, 0xff,
    0xe0, 0xff, 0xff, 0xff, 0xff, 0xfd, 0x52, 0x0,
    0x3, 0xff, 0xff, 0xff, 0xf4, 0xf, 0xff, 0xff,
    0xff, 0xff, 0xff, 0xf3, 0x0, 0x7, 0xff, 0xff,
    0xe3, 0x0, 0xff, 0xff, 0xff, 0xff, 0xff, 0xff,
    0xb0, 0x0, 0x5, 0x88, 0x71, 0x0, 0xf, 0xff,
    0xff, 0xff, 0xff, 0xff, 0xff, 0x30, 0x0, 0x0,
    0x0, 0x0, 0x0, 0xff, 0xff, 0xff, 0xff, 0xff,
    0xff, 0xfb, 0x0, 0x0, 0x0, 0x0, 0x0, 0xf,
    0xff, 0xff, 0xff, 0xff, 0xff, 0xff, 0xf0, 0x0,
    0x0, 0x0, 0x0, 0x0, 0x8f, 0xff, 0xff, 0xff,
    0xff, 0xff, 0xf9, 0x0, 0x0, 0x0, 0x0, 0x0,
    0x0,

    /* U+F7C2 "" */
    0x0, 0x0, 0x7, 0xff, 0xff, 0xff, 0xff, 0xfe,
    0x80, 0x0, 0x0, 0x7f, 0xff, 0xff, 0xff, 0xff,
    0xff, 0xf8, 0x0, 0x7, 0xff, 0xff, 0xff, 0xff,
    0xff, 0xff, 0xfe, 0x0, 0x7f, 0xf4, 0x8, 0xf0,
    0xe, 0x90, 0xf, 0xff, 0x7, 0xff, 0xf4, 0x8,
    0xf0, 0xe, 0x90, 0xf, 0xff, 0x7f, 0xff, 0xf4,
    0x8, 0xf0, 0xe, 0x90, 0xf, 0xff, 0xff, 0xff,
    0xf4, 0x8, 0xf0, 0xe, 0x90, 0xf, 0xff, 0xff,
    0xff, 0xfa, 0x8c, 0xf8, 0x8f, 0xc8, 0x8f, 0xff,
    0xff, 0xff, 0xff, 0xff, 0xff, 0xff, 0xff, 0xff,
    0xff, 0xff, 0xff, 0xff, 0xff, 0xff, 0xff, 0xff,
    0xff, 0xff, 0xff, 0xff, 0xff, 0xff, 0xff, 0xff,
    0xff, 0xff, 0xff, 0xff, 0xff, 0xff, 0xff, 0xff,
    0xff, 0xff, 0xff, 0xff, 0xff, 0xff, 0xff, 0xff,
    0xff, 0xff, 0xff, 0xff, 0xff, 0xff, 0xff, 0xff,
    0xff, 0xff, 0xff, 0xff, 0xff, 0xff, 0xff, 0xff,
    0xff, 0xff, 0xff, 0xff, 0xff, 0xff, 0xff, 0xff,
    0xff, 0xff, 0xff, 0xff, 0xff, 0xff, 0xff, 0xff,
    0xff, 0xff, 0xff, 0xff, 0xff, 0xff, 0xff, 0xff,
    0xff, 0xff, 0xff, 0xff, 0xff, 0xff, 0xff, 0xff,
    0xff, 0xff, 0xff, 0xff, 0xff, 0xff, 0xff, 0xff,
    0xff, 0xff, 0xff, 0xff, 0xff, 0xff, 0xff, 0xff,
    0xff, 0xff, 0xff, 0xff, 0xff, 0xff, 0xff, 0xff,
    0xff, 0xff, 0xff, 0xff, 0xff, 0xef, 0xff, 0xff,
    0xff, 0xff, 0xff, 0xff, 0xff, 0xfe, 0x8f, 0xff,
    0xff, 0xff, 0xff, 0xff, 0xff, 0xff, 0xf8, 0x8,
    0xef, 0xff, 0xff, 0xff, 0xff, 0xff, 0xfe, 0x80,

    /* U+F8A2 "" */
    0x0, 0x0, 0x0, 0x0, 0x0, 0x0, 0x0, 0x0,
    0x0, 0x0, 0x0, 0x2, 0x0, 0x0, 0x0, 0x0,
    0x0, 0x0, 0x0, 0x0, 0x0, 0x0, 0x0, 0x7,
    0xf1, 0x0, 0x0, 0x0, 0x0, 0x0, 0x0, 0x0,
    0x0, 0x0, 0x0, 0x7, 0xff, 0x10, 0x0, 0x0,
    0x3, 0x0, 0x0, 0x0, 0x0, 0x0, 0x0, 0x6,
    0xff, 0xf1, 0x0, 0x0, 0x1c, 0xf7, 0x0, 0x0,
    0x0, 0x0, 0x0, 0x0, 0xaf, 0xff, 0x10, 0x0,
    0x1d, 0xff, 0x90, 0x0, 0x0, 0x0, 0x0, 0x0,
    0xa, 0xff, 0xf1, 0x0, 0x2d, 0xff, 0xf9, 0x0,
    0x0, 0x0, 0x0, 0x0, 0x0, 0xaf, 0xff, 0x10,
    0x2e, 0xff, 0xff, 0xa2, 0x22, 0x22, 0x22, 0x22,
    0x22, 0x2b, 0xff, 0xf1, 0x3e, 0xff, 0xff, 0xff,
    0xff, 0xff, 0xff, 0xff, 0xff, 0xff, 0xff, 0xff,
    0x1d, 0xff, 0xff, 0xff, 0xff, 0xff, 0xff, 0xff,
    0xff, 0xff, 0xff, 0xff, 0xf1, 0x8f, 0xff, 0xff,
    0xff, 0xff, 0xff, 0xff, 0xff, 0xff, 0xff, 0xff,
    0xff, 0x0, 0x8f, 0xff, 0xff, 0xd9, 0x99, 0x99,
    0x99, 0x99, 0x99, 0x99, 0x99, 0x60, 0x0, 0x7f,
    0xff, 0xf9, 0x0, 0x0, 0x0, 0x0, 0x0, 0x0,
    0x0, 0x0, 0x0, 0x0, 0x6f, 0xff, 0x90, 0x0,
    0x0, 0x0, 0x0, 0x0, 0x0, 0x0, 0x0, 0x0,
    0x0, 0x5f, 0xf8, 0x0, 0x0, 0x0, 0x0, 0x0,
    0x0, 0x0, 0x0, 0x0, 0x0, 0x0, 0x4a, 0x20,
    0x0, 0x0, 0x0, 0x0, 0x0, 0x0, 0x0, 0x0
};


/*---------------------
 *  GLYPH DESCRIPTION
 *--------------------*/

static const lv_font_fmt_txt_glyph_dsc_t glyph_dsc[] = {
    {.bitmap_index = 0, .adv_w = 0, .box_w = 0, .box_h = 0, .ofs_x = 0, .ofs_y = 0} /* id = 0 reserved */,
    {.bitmap_index = 0, .adv_w = 77, .box_w = 0, .box_h = 0, .ofs_x = 0, .ofs_y = 0},
    {.bitmap_index = 0, .adv_w = 129, .box_w = 4, .box_h = 18, .ofs_x = 2, .ofs_y = 0},
    {.bitmap_index = 36, .adv_w = 125, .box_w = 8, .box_h = 6, .ofs_x = 0, .ofs_y = 12},
    {.bitmap_index = 60, .adv_w = 260, .box_w = 14, .box_h = 17, .ofs_x = 1, .ofs_y = 0},
    {.bitmap_index = 179, .adv_w = 218, .box_w = 12, .box_h = 22, .ofs_x = 1, .ofs_y = -2},
    {.bitmap_index = 311, .adv_w = 320, .box_w = 18, .box_h = 18, .ofs_x = 1, .ofs_y = 0},
    {.bitmap_index = 473, .adv_w = 264, .box_w = 15, .box_h = 18, .ofs_x = 1, .ofs_y = 0},
    {.bitmap_index = 608, .adv_w = 60, .box_w = 4, .box_h = 6, .ofs_x = 0, .ofs_y = 12},
    {.bitmap_index = 620, .adv_w = 121, .box_w = 7, .box_h = 22, .ofs_x = -1, .ofs_y = -2},
    {.bitmap_index = 697, .adv_w = 121, .box_w = 7, .box_h = 22, .ofs_x = 1, .ofs_y = -2},
    {.bitmap_index = 774, .adv_w = 153, .box_w = 10, .box_h = 9, .ofs_x = 0, .ofs_y = 10},
    {.bitmap_index = 819, .adv_w = 189, .box_w = 11, .box_h = 11, .ofs_x = 0, .ofs_y = 2},
    {.bitmap_index = 880, .adv_w = 102, .box_w = 4, .box_h = 7, .ofs_x = 1, .ofs_y = -2},
    {.bitmap_index = 894, .adv_w = 155, .box_w = 9, .box_h = 3, .ofs_x = 0, .ofs_y = 6},
    {.bitmap_index = 908, .adv_w = 105, .box_w = 4, .box_h = 4, .ofs_x = 1, .ofs_y = 0},
    {.bitmap_index = 916, .adv_w = 172, .box_w = 10, .box_h = 18, .ofs_x = 0, .ofs_y = 0},
    {.bitmap_index = 1006, .adv_w = 218, .box_w = 12, .box_h = 18, .ofs_x = 1, .ofs_y = 0},
    {.bitmap_index = 1114, .adv_w = 136, .box_w = 6, .box_h = 18, .ofs_x = 1, .ofs_y = 0},
    {.bitmap_index = 1168, .adv_w = 212, .box_w = 12, .box_h = 18, .ofs_x = 1, .ofs_y = 0},
    {.bitmap_index = 1276, .adv_w = 204, .box_w = 12, .box_h = 18, .ofs_x = 0, .ofs_y = 0},
    {.bitmap_index = 1384, .adv_w = 225, .box_w = 13, .box_h = 18, .ofs_x = 0, .ofs_y = 0},
    {.bitmap_index = 1501, .adv_w = 204, .box_w = 11, .box_h = 18, .ofs_x = 1, .ofs_y = 0},
    {.bitmap_index = 1600, .adv_w = 203, .box_w = 11, .box_h = 18, .ofs_x = 1, .ofs_y = 0},
    {.bitmap_index = 1699, .adv_w = 187, .box_w = 12, .box_h = 18, .ofs_x = 0, .ofs_y = 0},
    {.bitmap_index = 1807, .adv_w = 205, .box_w = 11, .box_h = 18, .ofs_x = 1, .ofs_y = 0},
    {.bitmap_index = 1906, .adv_w = 202, .box_w = 12, .box_h = 18, .ofs_x = 0, .ofs_y = 0},
    {.bitmap_index = 2014, .adv_w = 136, .box_w = 4, .box_h = 12, .ofs_x = 2, .ofs_y = 0},
    {.bitmap_index = 2038, .adv_w = 121, .box_w = 5, .box_h = 14, .ofs_x = 1, .ofs_y = -2},
    {.bitmap_index = 2073, .adv_w = 189, .box_w = 11, .box_h = 13, .ofs_x = 0, .ofs_y = 0},
    {.bitmap_index = 2145, .adv_w = 189, .box_w = 11, .box_h = 8, .ofs_x = 0, .ofs_y = 4},
    {.bitmap_index = 2189, .adv_w = 189, .box_w = 11, .box_h = 13, .ofs_x = 0, .ofs_y = 0},
    {.bitmap_index = 2261, .adv_w = 192, .box_w = 12, .box_h = 18, .ofs_x = 0, .ofs_y = 0},
    {.bitmap_index = 2369, .adv_w = 315, .box_w = 18, .box_h = 18, .ofs_x = 1, .ofs_y = -2},
    {.bitmap_index = 2531, .adv_w = 249, .box_w = 15, .box_h = 18, .ofs_x = 0, .ofs_y = 0},
    {.bitmap_index = 2666, .adv_w = 239, .box_w = 13, .box_h = 18, .ofs_x = 1, .ofs_y = 0},
    {.bitmap_index = 2783, .adv_w = 233, .box_w = 13, .box_h = 18, .ofs_x = 1, .ofs_y = 0},
    {.bitmap_index = 2900, .adv_w = 237, .box_w = 13, .box_h = 18, .ofs_x = 1, .ofs_y = 0},
    {.bitmap_index = 3017, .adv_w = 227, .box_w = 13, .box_h = 18, .ofs_x = 1, .ofs_y = 0},
    {.bitmap_index = 3134, .adv_w = 216, .box_w = 13, .box_h = 18, .ofs_x = 1, .ofs_y = 0},
    {.bitmap_index = 3251, .adv_w = 235, .box_w = 13, .box_h = 18, .ofs_x = 1, .ofs_y = 0},
    {.bitmap_index = 3368, .adv_w = 245, .box_w = 13, .box_h = 18, .ofs_x = 1, .ofs_y = 0},
    {.bitmap_index = 3485, .adv_w = 101, .box_w = 4, .box_h = 18, .ofs_x = 1, .ofs_y = 0},
    {.bitmap_index = 3521, .adv_w = 223, .box_w = 13, .box_h = 18, .ofs_x = 0, .ofs_y = 0},
    {.bitmap_index = 3638, .adv_w = 238, .box_w = 14, .box_h = 18, .ofs_x = 1, .ofs_y = 0},
    {.bitmap_index = 3764, .adv_w = 219, .box_w = 12, .box_h = 18, .ofs_x = 1, .ofs_y = 0},
    {.bitmap_index = 3872, .adv_w = 275, .box_w = 15, .box_h = 18, .ofs_x = 1, .ofs_y = 0},
    {.bitmap_index = 4007, .adv_w = 257, .box_w = 14, .box_h = 18, .ofs_x = 1, .ofs_y = 0},
    {.bitmap_index = 4133, .adv_w = 238, .box_w = 13, .box_h = 18, .ofs_x = 1, .ofs_y = 0},
    {.bitmap_index = 4250, .adv_w = 228, .box_w = 13, .box_h = 18, .ofs_x = 1, .ofs_y = 0},
    {.bitmap_index = 4367, .adv_w = 225, .box_w = 12, .box_h = 20, .ofs_x = 1, .ofs_y = -2},
    {.bitmap_index = 4487, .adv_w = 235, .box_w = 13, .box_h = 18, .ofs_x = 1, .ofs_y = 0},
    {.bitmap_index = 4604, .adv_w = 227, .box_w = 13, .box_h = 18, .ofs_x = 1, .ofs_y = 0},
    {.bitmap_index = 4721, .adv_w = 222, .box_w = 14, .box_h = 18, .ofs_x = 0, .ofs_y = 0},
    {.bitmap_index = 4847, .adv_w = 244, .box_w = 13, .box_h = 18, .ofs_x = 1, .ofs_y = 0},
    {.bitmap_index = 4964, .adv_w = 234, .box_w = 14, .box_h = 18, .ofs_x = 0, .ofs_y = 0},
    {.bitmap_index = 5090, .adv_w = 337, .box_w = 21, .box_h = 18, .ofs_x = 0, .ofs_y = 0},
    {.bitmap_index = 5279, .adv_w = 237, .box_w = 15, .box_h = 18, .ofs_x = 0, .ofs_y = 0},
    {.bitmap_index = 5414, .adv_w = 230, .box_w = 14, .box_h = 18, .ofs_x = 0, .ofs_y = 0},
    {.bitmap_index = 5540, .adv_w = 213, .box_w = 13, .box_h = 18, .ofs_x = 0, .ofs_y = 0},
    {.bitmap_index = 5657, .adv_w = 155, .box_w = 7, .box_h = 24, .ofs_x = 0, .ofs_y = -3},
    {.bitmap_index = 5741, .adv_w = 172, .box_w = 10, .box_h = 18, .ofs_x = 1, .ofs_y = 0},
    {.bitmap_index = 5831, .adv_w = 155, .box_w = 6, .box_h = 24, .ofs_x = 3, .ofs_y = -3},
    {.bitmap_index = 5903, .adv_w = 179, .box_w = 11, .box_h = 10, .ofs_x = 0, .ofs_y = 8},
    {.bitmap_index = 5958, .adv_w = 195, .box_w = 12, .box_h = 3, .ofs_x = 0, .ofs_y = 0},
    {.bitmap_index = 5976, .adv_w = 84, .box_w = 5, .box_h = 4, .ofs_x = 0, .ofs_y = 14},
    {.bitmap_index = 5986, .adv_w = 200, .box_w = 12, .box_h = 13, .ofs_x = 0, .ofs_y = 0},
    {.bitmap_index = 6064, .adv_w = 215, .box_w = 12, .box_h = 18, .ofs_x = 1, .ofs_y = 0},
    {.bitmap_index = 6172, .adv_w = 204, .box_w = 11, .box_h = 13, .ofs_x = 1, .ofs_y = 0},
    {.bitmap_index = 6244, .adv_w = 215, .box_w = 11, .box_h = 18, .ofs_x = 1, .ofs_y = 0},
    {.bitmap_index = 6343, .adv_w = 208, .box_w = 11, .box_h = 13, .ofs_x = 1, .ofs_y = 0},
    {.bitmap_index = 6415, .adv_w = 144, .box_w = 9, .box_h = 18, .ofs_x = 0, .ofs_y = 0},
    {.bitmap_index = 6496, .adv_w = 211, .box_w = 11, .box_h = 18, .ofs_x = 1, .ofs_y = -5},
    {.bitmap_index = 6595, .adv_w = 209, .box_w = 11, .box_h = 18, .ofs_x = 1, .ofs_y = 0},
    {.bitmap_index = 6694, .adv_w = 98, .box_w = 4, .box_h = 19, .ofs_x = 1, .ofs_y = 0},
    {.bitmap_index = 6732, .adv_w = 96, .box_w = 7, .box_h = 24, .ofs_x = -2, .ofs_y = -5},
    {.bitmap_index = 6816, .adv_w = 200, .box_w = 11, .box_h = 18, .ofs_x = 1, .ofs_y = 0},
    {.bitmap_index = 6915, .adv_w = 92, .box_w = 4, .box_h = 18, .ofs_x = 1, .ofs_y = 0},
    {.bitmap_index = 6951, .adv_w = 318, .box_w = 18, .box_h = 13, .ofs_x = 1, .ofs_y = 0},
    {.bitmap_index = 7068, .adv_w = 209, .box_w = 11, .box_h = 13, .ofs_x = 1, .ofs_y = 0},
    {.bitmap_index = 7140, .adv_w = 214, .box_w = 12, .box_h = 13, .ofs_x = 1, .ofs_y = 0},
    {.bitmap_index = 7218, .adv_w = 216, .box_w = 12, .box_h = 18, .ofs_x = 1, .ofs_y = -5},
    {.bitmap_index = 7326, .adv_w = 216, .box_w = 11, .box_h = 18, .ofs_x = 1, .ofs_y = -5},
    {.bitmap_index = 7425, .adv_w = 144, .box_w = 8, .box_h = 13, .ofs_x = 1, .ofs_y = 0},
    {.bitmap_index = 7477, .adv_w = 189, .box_w = 10, .box_h = 13, .ofs_x = 1, .ofs_y = 0},
    {.bitmap_index = 7542, .adv_w = 144, .box_w = 8, .box_h = 16, .ofs_x = 0, .ofs_y = 0},
    {.bitmap_index = 7606, .adv_w = 208, .box_w = 11, .box_h = 13, .ofs_x = 1, .ofs_y = 0},
    {.bitmap_index = 7678, .adv_w = 194, .box_w = 12, .box_h = 13, .ofs_x = 0, .ofs_y = 0},
    {.bitmap_index = 7756, .adv_w = 292, .box_w = 18, .box_h = 13, .ofs_x = 0, .ofs_y = 0},
    {.bitmap_index = 7873, .adv_w = 198, .box_w = 12, .box_h = 13, .ofs_x = 0, .ofs_y = 0},
    {.bitmap_index = 7951, .adv_w = 188, .box_w = 12, .box_h = 18, .ofs_x = 0, .ofs_y = -5},
    {.bitmap_index = 8059, .adv_w = 175, .box_w = 11, .box_h = 13, .ofs_x = 0, .ofs_y = 0},
    {.bitmap_index = 8131, .adv_w = 134, .box_w = 8, .box_h = 24, .ofs_x = 0, .ofs_y = -3},
    {.bitmap_index = 8227, .adv_w = 73, .box_w = 4, .box_h = 22, .ofs_x = 0, .ofs_y = -2},
    {.bitmap_index = 8271, .adv_w = 134, .box_w = 8, .box_h = 24, .ofs_x = 0, .ofs_y = -3},
    {.bitmap_index = 8367, .adv_w = 200, .box_w = 12, .box_h = 4, .ofs_x = 0, .ofs_y = 5},
    {.bitmap_index = 8391, .adv_w = 145, .box_w = 9, .box_h = 8, .ofs_x = 0, .ofs_y = 12},
    {.bitmap_index = 8427, .adv_w = 179, .box_w = 11, .box_h = 3, .ofs_x = 0, .ofs_y = 6},
    {.bitmap_index = 8444, .adv_w = 70, .box_w = 5, .box_h = 6, .ofs_x = 0, .ofs_y = 12},
    {.bitmap_index = 8459, .adv_w = 121, .box_w = 7, .box_h = 7, .ofs_x = 0, .ofs_y = 4},
    {.bitmap_index = 8484, .adv_w = 384, .box_w = 24, .box_h = 25, .ofs_x = 0, .ofs_y = -3},
    {.bitmap_index = 8784, .adv_w = 384, .box_w = 26, .box_h = 22, .ofs_x = -1, .ofs_y = -2},
    {.bitmap_index = 9070, .adv_w = 432, .box_w = 27, .box_h = 25, .ofs_x = 0, .ofs_y = -4},
    {.bitmap_index = 9408, .adv_w = 384, .box_w = 24, .box_h = 18, .ofs_x = 0, .ofs_y = 0},
    {.bitmap_index = 9624, .adv_w = 384, .box_w = 24, .box_h = 22, .ofs_x = 0, .ofs_y = -2},
    {.bitmap_index = 9888, .adv_w = 384, .box_w = 24, .box_h = 18, .ofs_x = 0, .ofs_y = 0},
    {.bitmap_index = 10104, .adv_w = 264, .box_w = 17, .box_h = 18, .ofs_x = 0, .ofs_y = 0},
    {.bitmap_index = 10257, .adv_w = 384, .box_w = 24, .box_h = 24, .ofs_x = 0, .ofs_y = -3},
    {.bitmap_index = 10545, .adv_w = 384, .box_w = 24, .box_h = 24, .ofs_x = 0, .ofs_y = -3},
    {.bitmap_index = 10833, .adv_w = 432, .box_w = 27, .box_h = 22, .ofs_x = 0, .ofs_y = -2},
    {.bitmap_index = 11130, .adv_w = 384, .box_w = 24, .box_h = 24, .ofs_x = 0, .ofs_y = -3},
    {.bitmap_index = 11418, .adv_w = 384, .box_w = 24, .box_h = 24, .ofs_x = 0, .ofs_y = -3},
    {.bitmap_index = 11706, .adv_w = 432, .box_w = 27, .box_h = 18, .ofs_x = 0, .ofs_y = 0},
    {.bitmap_index = 11949, .adv_w = 384, .box_w = 24, .box_h = 26, .ofs_x = 0, .ofs_y = -4},
    {.bitmap_index = 12261, .adv_w = 192, .box_w = 12, .box_h = 19, .ofs_x = 0, .ofs_y = -1},
    {.bitmap_index = 12375, .adv_w = 288, .box_w = 18, .box_h = 19, .ofs_x = 0, .ofs_y = -1},
    {.bitmap_index = 12546, .adv_w = 432, .box_w = 27, .box_h = 24, .ofs_x = 0, .ofs_y = -3},
    {.bitmap_index = 12870, .adv_w = 384, .box_w = 24, .box_h = 18, .ofs_x = 0, .ofs_y = 0},
    {.bitmap_index = 13086, .adv_w = 264, .box_w = 17, .box_h = 24, .ofs_x = 0, .ofs_y = -3},
    {.bitmap_index = 13290, .adv_w = 336, .box_w = 15, .box_h = 22, .ofs_x = 3, .ofs_y = -2},
    {.bitmap_index = 13455, .adv_w = 336, .box_w = 21, .box_h = 26, .ofs_x = 0, .ofs_y = -4},
    {.bitmap_index = 13728, .adv_w = 336, .box_w = 21, .box_h = 22, .ofs_x = 0, .ofs_y = -2},
    {.bitmap_index = 13959, .adv_w = 336, .box_w = 21, .box_h = 22, .ofs_x = 0, .ofs_y = -2},
    {.bitmap_index = 14190, .adv_w = 336, .box_w = 15, .box_h = 22, .ofs_x = 3, .ofs_y = -2},
    {.bitmap_index = 14355, .adv_w = 336, .box_w = 23, .box_h = 22, .ofs_x = -1, .ofs_y = -2},
    {.bitmap_index = 14608, .adv_w = 240, .box_w = 13, .box_h = 22, .ofs_x = 1, .ofs_y = -2},
    {.bitmap_index = 14751, .adv_w = 240, .box_w = 13, .box_h = 22, .ofs_x = 1, .ofs_y = -2},
    {.bitmap_index = 14894, .adv_w = 384, .box_w = 24, .box_h = 24, .ofs_x = 0, .ofs_y = -3},
    {.bitmap_index = 15182, .adv_w = 384, .box_w = 24, .box_h = 24, .ofs_x = 0, .ofs_y = -3},
    {.bitmap_index = 15470, .adv_w = 384, .box_w = 24, .box_h = 24, .ofs_x = 0, .ofs_y = -3},
    {.bitmap_index = 15758, .adv_w = 336, .box_w = 21, .box_h = 22, .ofs_x = 0, .ofs_y = -2},
    {.bitmap_index = 15989, .adv_w = 336, .box_w = 21, .box_h = 6, .ofs_x = 0, .ofs_y = 6},
    {.bitmap_index = 16052, .adv_w = 288, .box_w = 18, .box_h = 25, .ofs_x = 0, .ofs_y = -3},
    {.bitmap_index = 16277, .adv_w = 432, .box_w = 27, .box_h = 18, .ofs_x = 0, .ofs_y = 0},
    {.bitmap_index = 16520, .adv_w = 480, .box_w = 31, .box_h = 24, .ofs_x = -1, .ofs_y = -3},
    {.bitmap_index = 16892, .adv_w = 432, .box_w = 29, .box_h = 24, .ofs_x = -1, .ofs_y = -3},
    {.bitmap_index = 17240, .adv_w = 336, .box_w = 21, .box_h = 24, .ofs_x = 0, .ofs_y = -3},
    {.bitmap_index = 17492, .adv_w = 384, .box_w = 24, .box_h = 22, .ofs_x = 0, .ofs_y = -2},
    {.bitmap_index = 17756, .adv_w = 384, .box_w = 25, .box_h = 22, .ofs_x = -1, .ofs_y = -2},
    {.bitmap_index = 18031, .adv_w = 336, .box_w = 21, .box_h = 14, .ofs_x = 0, .ofs_y = 2},
    {.bitmap_index = 18178, .adv_w = 336, .box_w = 21, .box_h = 14, .ofs_x = 0, .ofs_y = 2},
    {.bitmap_index = 18325, .adv_w = 480, .box_w = 31, .box_h = 19, .ofs_x = -1, .ofs_y = -1},
    {.bitmap_index = 18620, .adv_w = 432, .box_w = 28, .box_h = 25, .ofs_x = -1, .ofs_y = -4},
    {.bitmap_index = 18970, .adv_w = 384, .box_w = 24, .box_h = 18, .ofs_x = 0, .ofs_y = 0},
    {.bitmap_index = 19186, .adv_w = 384, .box_w = 24, .box_h = 24, .ofs_x = 0, .ofs_y = -3},
    {.bitmap_index = 19474, .adv_w = 384, .box_w = 25, .box_h = 25, .ofs_x = -1, .ofs_y = -3},
    {.bitmap_index = 19787, .adv_w = 384, .box_w = 25, .box_h = 25, .ofs_x = 0, .ofs_y = -3},
    {.bitmap_index = 20100, .adv_w = 384, .box_w = 24, .box_h = 22, .ofs_x = 0, .ofs_y = -2},
    {.bitmap_index = 20364, .adv_w = 480, .box_w = 30, .box_h = 22, .ofs_x = 0, .ofs_y = -2},
    {.bitmap_index = 20694, .adv_w = 336, .box_w = 22, .box_h = 22, .ofs_x = 0, .ofs_y = -2},
    {.bitmap_index = 20936, .adv_w = 336, .box_w = 21, .box_h = 24, .ofs_x = 0, .ofs_y = -3},
    {.bitmap_index = 21188, .adv_w = 336, .box_w = 21, .box_h = 22, .ofs_x = 0, .ofs_y = -2},
    {.bitmap_index = 21419, .adv_w = 336, .box_w = 21, .box_h = 20, .ofs_x = 0, .ofs_y = -1},
    {.bitmap_index = 21629, .adv_w = 384, .box_w = 24, .box_h = 18, .ofs_x = 0, .ofs_y = 0},
    {.bitmap_index = 21845, .adv_w = 240, .box_w = 17, .box_h = 24, .ofs_x = -1, .ofs_y = -3},
    {.bitmap_index = 22049, .adv_w = 336, .box_w = 21, .box_h = 24, .ofs_x = 0, .ofs_y = -3},
    {.bitmap_index = 22301, .adv_w = 384, .box_w = 24, .box_h = 22, .ofs_x = 0, .ofs_y = -2},
    {.bitmap_index = 22565, .adv_w = 336, .box_w = 21, .box_h = 24, .ofs_x = 0, .ofs_y = -3},
    {.bitmap_index = 22817, .adv_w = 432, .box_w = 27, .box_h = 18, .ofs_x = 0, .ofs_y = 0},
    {.bitmap_index = 23060, .adv_w = 384, .box_w = 24, .box_h = 25, .ofs_x = 0, .ofs_y = -3},
    {.bitmap_index = 23360, .adv_w = 384, .box_w = 26, .box_h = 26, .ofs_x = -1, .ofs_y = -4},
    {.bitmap_index = 23698, .adv_w = 372, .box_w = 24, .box_h = 24, .ofs_x = 0, .ofs_y = -3},
    {.bitmap_index = 23986, .adv_w = 216, .box_w = 15, .box_h = 24, .ofs_x = -1, .ofs_y = -3},
    {.bitmap_index = 24166, .adv_w = 288, .box_w = 18, .box_h = 24, .ofs_x = 0, .ofs_y = -3},
    {.bitmap_index = 24382, .adv_w = 384, .box_w = 24, .box_h = 24, .ofs_x = 0, .ofs_y = -3},
    {.bitmap_index = 24670, .adv_w = 384, .box_w = 22, .box_h = 24, .ofs_x = 1, .ofs_y = -3},
    {.bitmap_index = 24934, .adv_w = 384, .box_w = 26, .box_h = 18, .ofs_x = -1, .ofs_y = 0},
    {.bitmap_index = 25168, .adv_w = 384, .box_w = 24, .box_h = 24, .ofs_x = 0, .ofs_y = -3},
    {.bitmap_index = 25456, .adv_w = 288, .box_w = 18, .box_h = 25, .ofs_x = 0, .ofs_y = -4},
    {.bitmap_index = 25681, .adv_w = 480, .box_w = 30, .box_h = 23, .ofs_x = 0, .ofs_y = -2},
    {.bitmap_index = 26026, .adv_w = 480, .box_w = 30, .box_h = 16, .ofs_x = 0, .ofs_y = 1},
    {.bitmap_index = 26266, .adv_w = 480, .box_w = 30, .box_h = 16, .ofs_x = 0, .ofs_y = 1},
    {.bitmap_index = 26506, .adv_w = 480, .box_w = 30, .box_h = 16, .ofs_x = 0, .ofs_y = 1},
    {.bitmap_index = 26746, .adv_w = 480, .box_w = 30, .box_h = 16, .ofs_x = 0, .ofs_y = 1},
    {.bitmap_index = 26986, .adv_w = 480, .box_w = 30, .box_h = 16, .ofs_x = 0, .ofs_y = 1},
    {.bitmap_index = 27226, .adv_w = 432, .box_w = 27, .box_h = 22, .ofs_x = 0, .ofs_y = -2},
    {.bitmap_index = 27523, .adv_w = 480, .box_w = 31, .box_h = 20, .ofs_x = 0, .ofs_y = -1},
    {.bitmap_index = 27833, .adv_w = 336, .box_w = 19, .box_h = 24, .ofs_x = 1, .ofs_y = -3},
    {.bitmap_index = 28061, .adv_w = 336, .box_w = 21, .box_h = 24, .ofs_x = 0, .ofs_y = -3},
    {.bitmap_index = 28313, .adv_w = 192, .box_w = 12, .box_h = 24, .ofs_x = 0, .ofs_y = -3},
    {.bitmap_index = 28457, .adv_w = 336, .box_w = 23, .box_h = 24, .ofs_x = -1, .ofs_y = -3},
    {.bitmap_index = 28733, .adv_w = 312, .box_w = 20, .box_h = 24, .ofs_x = 0, .ofs_y = -3},
    {.bitmap_index = 28973, .adv_w = 336, .box_w = 21, .box_h = 24, .ofs_x = 0, .ofs_y = -3},
    {.bitmap_index = 29225, .adv_w = 384, .box_w = 25, .box_h = 25, .ofs_x = -1, .ofs_y = -4},
    {.bitmap_index = 29538, .adv_w = 288, .box_w = 18, .box_h = 24, .ofs_x = 0, .ofs_y = -3},
    {.bitmap_index = 29754, .adv_w = 240, .box_w = 15, .box_h = 24, .ofs_x = 0, .ofs_y = -3},
    {.bitmap_index = 29934, .adv_w = 384, .box_w = 24, .box_h = 24, .ofs_x = 0, .ofs_y = -3},
    {.bitmap_index = 30222, .adv_w = 336, .box_w = 21, .box_h = 22, .ofs_x = 0, .ofs_y = -2},
    {.bitmap_index = 30453, .adv_w = 480, .box_w = 30, .box_h = 25, .ofs_x = 0, .ofs_y = -4},
    {.bitmap_index = 30828, .adv_w = 240, .box_w = 16, .box_h = 25, .ofs_x = 0, .ofs_y = -4},
    {.bitmap_index = 31028, .adv_w = 480, .box_w = 30, .box_h = 18, .ofs_x = 0, .ofs_y = 0},
    {.bitmap_index = 31298, .adv_w = 432, .box_w = 28, .box_h = 24, .ofs_x = 0, .ofs_y = -3},
    {.bitmap_index = 31634, .adv_w = 480, .box_w = 30, .box_h = 24, .ofs_x = 0, .ofs_y = -3},
    {.bitmap_index = 31994, .adv_w = 384, .box_w = 25, .box_h = 22, .ofs_x = 0, .ofs_y = -2},
    {.bitmap_index = 32269, .adv_w = 384, .box_w = 24, .box_h = 24, .ofs_x = 0, .ofs_y = -3},
    {.bitmap_index = 32557, .adv_w = 384, .box_w = 25, .box_h = 24, .ofs_x = -1, .ofs_y = -3},
    {.bitmap_index = 32857, .adv_w = 480, .box_w = 30, .box_h = 24, .ofs_x = 0, .ofs_y = -3},
    {.bitmap_index = 33217, .adv_w = 384, .box_w = 25, .box_h = 25, .ofs_x = 0, .ofs_y = -3},
    {.bitmap_index = 33530, .adv_w = 288, .box_w = 18, .box_h = 24, .ofs_x = 0, .ofs_y = -3},
    {.bitmap_index = 33746, .adv_w = 386, .box_w = 25, .box_h = 16, .ofs_x = 0, .ofs_y = 1}
};

/*---------------------
 *  CHARACTER MAPPING
 *--------------------*/

static const uint16_t unicode_list_1[] = {
    0x0, 0x1f63, 0x1f69, 0x1f72, 0xef51, 0xef54, 0xef55, 0xef58,
    0xef5b, 0xef5c, 0xef5d, 0xef61, 0xef63, 0xef65, 0xef67, 0xef69,
    0xef6c, 0xef71, 0xef76, 0xef77, 0xef78, 0xef8e, 0xef93, 0xef98,
    0xef9b, 0xef9c, 0xef9d, 0xefa1, 0xefa2, 0xefa3, 0xefa4, 0xefa7,
    0xefa8, 0xefab, 0xefb7, 0xefb8, 0xefbd, 0xefbe, 0xefc0, 0xefc1,
    0xefc3, 0xefc4, 0xefc5, 0xefc7, 0xefc8, 0xefc9, 0xefca, 0xefcb,
    0xefe3, 0xefe5, 0xeffd, 0xf001, 0xf012, 0xf014, 0xf015, 0xf017,
    0xf019, 0xf030, 0xf037, 0xf03a, 0xf042, 0xf043, 0xf06c, 0xf06e,
    0xf074, 0xf090, 0xf0a5, 0xf0ab, 0xf0d5, 0xf0d6, 0xf109, 0xf12a,
    0xf136, 0xf13b, 0xf190, 0xf191, 0xf192, 0xf193, 0xf194, 0xf1c9,
    0xf1d7, 0xf1e3, 0xf209, 0xf219, 0xf22c, 0xf237, 0xf23d, 0xf254,
    0xf315, 0xf31d, 0xf427, 0xf490, 0xf49b, 0xf4a4, 0xf4aa, 0xf613,
    0xf614, 0xf67e, 0xf68d, 0xf690, 0xf6af, 0xf6fb, 0xf712, 0xf7f2
};

/*Collect the unicode lists and glyph_id offsets*/
static const lv_font_fmt_txt_cmap_t cmaps[] =
{
    {
        .range_start = 32, .range_length = 95, .glyph_id_start = 1,
        .unicode_list = NULL, .glyph_id_ofs_list = NULL, .list_length = 0, .type = LV_FONT_FMT_TXT_CMAP_FORMAT0_TINY
    },
    {
        .range_start = 176, .range_length = 63475, .glyph_id_start = 96,
        .unicode_list = unicode_list_1, .glyph_id_ofs_list = NULL, .list_length = 104, .type = LV_FONT_FMT_TXT_CMAP_SPARSE_TINY
    }
};

/*-----------------
 *    KERNING
 *----------------*/


/*Map glyph_ids to kern left classes*/
static const uint8_t kern_left_class_mapping[] =
{
    0, 0, 0, 1, 0, 0, 0, 0,
    1, 0, 0, 0, 0, 2, 3, 2,
    4, 5, 6, 7, 8, 9, 5, 10,
    11, 5, 12, 0, 0, 0, 0, 0,
    13, 0, 14, 15, 16, 15, 17, 18,
    16, 19, 20, 21, 22, 23, 0, 24,
    16, 25, 26, 27, 28, 29, 21, 30,
    30, 31, 32, 0, 0, 0, 0, 0,
    0, 0, 33, 34, 35, 0, 36, 37,
    38, 34, 39, 0, 40, 41, 34, 34,
    3, 34, 38, 42, 43, 44, 0, 45,
    45, 46, 45, 0, 0, 0, 0, 0,
    0, 0, 47, 0, 0, 0, 0, 0,
    0, 0, 0, 0, 0, 0, 0, 0,
    0, 0, 0, 0, 0, 0, 0, 0,
    0, 0, 0, 0, 0, 0, 0, 0,
    0, 0, 0, 0, 0, 0, 0, 0,
    0, 0, 0, 0, 0, 0, 0, 0,
    0, 0, 0, 0, 0, 0, 0, 0,
    0, 0, 0, 0, 0, 0, 0, 0,
    0, 0, 0, 0, 0, 0, 0, 0,
    0, 0, 0, 0, 0, 0, 0, 0,
    0, 0, 0, 0, 0, 0, 0, 0,
    0, 0, 0, 0, 0, 0, 0, 0,
    0, 0, 0, 0, 0, 0, 0, 0
};

/*Map glyph_ids to kern right classes*/
static const uint8_t kern_right_class_mapping[] =
{
    0, 0, 0, 1, 0, 0, 0, 0,
    1, 0, 0, 0, 0, 2, 3, 2,
    4, 5, 6, 0, 7, 8, 0, 0,
    9, 0, 0, 10, 10, 0, 0, 0,
    11, 0, 12, 13, 14, 13, 13, 13,
    14, 15, 0, 16, 17, 0, 0, 13,
    14, 13, 14, 0, 18, 19, 20, 21,
    21, 22, 23, 24, 0, 0, 0, 0,
    0, 0, 25, 26, 3, 3, 3, 27,
    28, 26, 29, 30, 26, 31, 32, 32,
    3, 32, 28, 32, 33, 27, 34, 35,
    35, 36, 35, 37, 0, 0, 0, 0,
    0, 0, 38, 0, 0, 0, 0, 0,
    0, 0, 0, 0, 0, 0, 0, 0,
    0, 0, 0, 0, 0, 0, 0, 0,
    0, 0, 0, 0, 0, 0, 0, 0,
    0, 0, 0, 0, 0, 0, 0, 0,
    0, 0, 0, 0, 0, 0, 0, 0,
    0, 0, 0, 0, 0, 0, 0, 0,
    0, 0, 0, 0, 0, 0, 0, 0,
    0, 0, 0, 0, 0, 0, 0, 0,
    0, 0, 0, 0, 0, 0, 0, 0,
    0, 0, 0, 0, 0, 0, 0, 0,
    0, 0, 0, 0, 0, 0, 0, 0,
    0, 0, 0, 0, 0, 0, 0, 0
};

/*Kern values between classes*/
static const int8_t kern_class_values[] =
{
    0, 0, 0, 0, 0, 0, 0, -7,
    0, 0, 0, 0, 0, 0, 0, 0,
    0, 0, 0, 0, 0, 0, 0, 0,
    0, 0, 0, 0, 0, 0, 0, 0,
    0, 0, 0, 0, 0, 0, 0, 0,
    0, 0, -11, 0, 0, 0, 0, 0,
    0, 0, 0, 0, 0, 0, 0, 0,
    0, 0, 0, 0, 0, 0, 0, 0,
    0, 0, 0, 0, 0, 0, 0, 0,
    0, 0, 0, 0, -9, -5, 0, -2,
    0, 0, 0, 0, -24, 0, 0, 0,
    0, 0, 0, 0, 0, 0, -13, 0,
    0, 0, 0, 0, 0, 0, -4, 0,
    0, 0, 0, 0, 0, 0, -10, -8,
    0, -10, 0, 0, -27, 0, 0, 0,
    0, 0, 0, 0, 0, -33, 0, -7,
    0, -3, 0, 0, 0, 0, 0, 0,
    4, 0, -33, 0, -6, -27, 0, 0,
    0, -9, -15, 0, -12, 0, 0, 0,
    0, 0, 0, 0, 0, -7, 0, 0,
    0, 0, 0, 0, 0, 0, 0, 0,
    0, 0, 0, 0, 0, 0, 0, 0,
    0, 0, 0, 0, 0, 0, 0, 0,
    0, 0, 0, 0, 0, 0, 0, 0,
    0, 0, 0, 2, 0, 0, 0, 0,
    0, 0, 0, 0, 0, 0, 0, 0,
    0, 0, 0, 0, 0, 0, 0, 0,
    0, 0, 0, 0, 0, 0, 0, 0,
    0, 0, 0, 0, 0, 0, 0, 0,
    0, -3, -4, 0, 0, 0, 0, 0,
    0, 0, 0, 0, 0, 0, 0, 0,
    0, 0, 0, 0, 0, 0, 0, 0,
    0, 0, 0, 0, 0, 0, 0, 0,
    0, 0, 0, 0, 0, 0, 0, -2,
    0, 0, 0, 0, 0, 0, 0, 0,
    0, 0, 0, 0, 0, 0, 0, 0,
    0, 0, 0, 0, 0, 0, 0, 0,
    0, 0, 0, 0, 0, 0, 0, 0,
    -11, 0, 0, 0, 0, -36, 0, 0,
    -22, 0, 0, 0, 0, 0, 0, 0,
    0, 0, 0, 0, 0, 0, 0, 0,
    0, 0, 0, 0, 0, 0, 0, 0,
    0, 0, 0, 0, 0, 0, 0, 0,
    0, 0, 0, -4, 0, 0, 0, 0,
    0, 0, 0, 0, 0, 0, 0, 0,
    0, 0, 0, 0, 0, 0, 0, 0,
    0, 0, 0, 0, 0, 0, 0, 0,
    0, 0, 0, 0, 0, -22, 0, -33,
    0, 2, 0, 0, 0, 0, 0, 0,
    0, 0, 0, 0, 0, 0, 0, 0,
    0, 0, 0, 0, 0, 0, 0, 0,
    0, 0, 0, 0, 0, 0, 0, 0,
    0, 0, 0, 0, 0, 0, 0, -8,
    0, 0, 0, 0, 0, 0, 0, 0,
    0, 0, 0, 0, 0, 0, 0, 0,
    0, 0, 0, 0, 0, 0, 0, 0,
    0, 0, 0, 0, 0, 0, 0, 0,
    0, 0, 0, 0, 0, 0, 0, 0,
    0, 0, 0, 0, 0, 0, 0, 0,
    0, 0, 0, 0, 0, 0, 0, 0,
    0, 0, 0, 0, 0, 0, 0, 0,
    0, 0, 0, 0, 0, 7, -34, 0,
    -6, 5, 0, 0, 0, 0, 0, 0,
    0, 0, 0, -7, 0, 3, 0, -16,
    -30, -4, -11, 0, -31, 5, 0, 0,
    -9, -8, 0, 0, 0, 0, 0, 0,
    -17, 0, 0, -26, 0, -3, 0, 0,
    0, 0, 0, 0, 0, 0, 0, -13,
    0, 0, 0, 0, 0, 0, -6, 0,
    -9, -9, -12, 0, -2, 0, -3, -5,
    0, 0, 0, 0, -5, -3, -2, 0,
    0, 0, 0, -2, 0, 0, 0, 0,
    0, 0, 0, 0, 0, -4, 0, 0,
    0, 5, 0, 0, -3, 0, -5, 0,
    -8, 0, -2, 0, 0, -3, 0, 0,
    0, 0, 0, 0, 0, 0, 0, 0,
    0, 0, 0, 0, 0, 0, 0, 0,
    0, 0, 0, 0, 0, 0, 0, 0,
    0, 0, 0, 0, 3, 0, 0, 0,
    0, 0, 0, 0, 0, 0, 0, 0,
    0, 0, 0, 0, 0, 0, 0, -32,
    -20, -17, 0, 0, 0, 0, 0, -4,
    0, -26, 0, -1, 0, -21, 0, 0,
    0, 0, 0, 0, 0, 0, -17, 0,
    0, -14, 0, 0, 0, -9, -17, -11,
    -18, -17, -9, 0, 0, 0, 0, 0,
    0, 0, 0, 0, 0, 0, 0, 2,
    0, 0, 0, 0, 0, 0, 0, 0,
    0, 0, 0, 0, 0, 0, 0, 0,
    0, 0, 0, 0, 0, 0, 0, 0,
    0, 0, 0, 0, 0, 0, 0, 0,
    0, 0, 0, 0, 0, 0, 0, 0,
    -2, 0, 0, 0, 0, 0, 0, 0,
    0, 0, 0, 0, 0, 0, 0, 0,
    0, 0, 0, 0, 0, 0, 0, 0,
    0, -3, 0, -7, 0, 0, 0, 0,
    0, 0, 0, -6, 0, -3, 0, 0,
    0, 0, 0, 0, 0, 0, 0, 0,
    0, 0, 0, 0, 0, 0, 0, 0,
    0, 0, 0, 0, 0, 0, 0, 0,
    -11, 0, 0, 0, 0, 0, 0, 0,
    0, 7, 0, -9, 0, -7, 0, -7,
    0, 0, 0, 3, 0, 0, 0, 0,
    0, -9, 0, 0, 0, 0, -4, 0,
    -15, 0, 0, 0, -30, 0, 0, 0,
    0, 0, 0, 0, 0, 0, 0, 10,
    0, -2, 0, 0, 0, 0, -33, 0,
    -15, 0, -16, 0, 0, 0, -6, 0,
    0, 0, 0, 0, 0, 0, -9, 0,
    4, -18, 0, 0, 0, 0, 0, 0,
    0, 0, 0, 0, 0, 0, -3, 0,
    0, 0, 0, 0, 0, 0, 0, 0,
    0, 0, 0, 0, 0, 0, 0, 0,
    0, 0, 0, 0, 0, 0, 0, 0,
    0, -8, -10, 0, 0, 0, 0, 0,
    0, 0, 0, -17, 0, 0, 0, -9,
    0, 0, 0, 0, -6, -11, -11, 0,
    -2, 0, 0, -6, 0, 0, 0, 0,
    -6, 0, 0, 0, 0, 0, 0, -2,
    0, 0, 0, 0, 0, 0, 0, 0,
    0, -8, 0, 0, 0, 5, 0, 0,
    -4, 0, -11, -11, -18, 0, -2, 0,
    0, -3, 0, 0, 0, 0, 0, 0,
    0, 0, 0, 0, 0, 0, -2, 0,
    0, 0, 0, 0, 0, 0, 0, 9,
    0, 0, 0, 0, 0, 0, 0, 0,
    -7, 3, -9, 0, 0, 0, 0, 0,
    0, 0, 0, 0, 0, 0, 0, 0,
    0, 0, 0, -3, 0, 0, 0, 0,
    0, 0, 0, 0, 0, 0, 0, 0,
    0, 2, 0, 0, -5, 0, -6, -13,
    -8, 0, -2, 0, 0, 0, 0, 0,
    0, 0, 0, 0, 0, 0, 0, 0,
    0, -22, -30, 0, 0, 0, 0, 0,
    0, 0, 0, -23, 0, -13, 0, -15,
    0, -2, 0, 0, 0, 0, 0, 0,
    -11, 0, -2, -23, -3, 0, 0, -22,
    -22, -18, -18, -20, 0, 0, 0, -23,
    -22, -20, 0, 0, 0, 0, 0, -19,
    0, -38, -3, -11, 0, -15, -7, -7,
    0, 0, 0, 0, 0, 0, -22, 0,
    0, -20, 0, 0, 0, -5, -15, -6,
    -6, 0, 0, 0, 0, 0, -11, 0,
    0, 0, 0, 0, 0, -2, 0, 0,
    -2, -9, 0, -4, 0, -10, 0, 0,
    0, 0, 0, 0, -6, 0, 0, -13,
    0, 0, 0, 0, -2, 0, -11, 0,
    0, 0, 0, -35, -28, -20, 0, 0,
    0, 0, 0, -25, 0, -42, -3, -12,
    0, -21, 0, -9, 0, 0, 0, 0,
    0, 0, -22, 0, -14, -32, 0, 0,
    0, -20, -17, -14, -14, -14, -9, 0,
    -9, 0, 0, 0, 0, 0, 0, 0,
    0, 0, 0, 0, 0, 0, 0, 0,
    0, 0, -11, 0, 0, 0, -13, 0,
    0, 0, -3, 0, 0, 0, 0, 0,
    0, 0, -4, 0, 0, -7, -14, -5,
    -2, -2, 0, 0, 0, 0, 0, 0,
    0, 0, 0, 0, 0, 0, 0, 0,
    0, 0, 0, 0, 0, 0, 0, 0,
    0, 0, 0, 0, 0, 0, 0, 0,
    -7, 0, 0, -4, -9, -9, -2, 0,
    0, 0, 0, 0, 0, 0, 0, 0,
    0, 0, 0, 0, 0, 0, 0, 0,
    0, 0, 0, 0, 0, 0, 0, 0,
    0, 0, 0, 0, 0, 0, -4, -7,
    2, -7, -13, -8, 0, 0, 0, 0,
    0, 0, 0, 0, -2, 0, 0, 0,
    0, 0, 0, 0, 0, 0, 0, 0,
    0, 0, -2, 0, -4, 0, 0, 0,
    0, 0, -3, 0, -8, -8, 0, -9,
    3, -20, -14, -4, 0, 0, 0, 0,
    0, 0, 5, 0, 0, 0, 0, 0,
    0, 0, 0, 0, 0, 0, 0, 0,
    -4, 0, 0, -11, 0, 0, 0, 0,
    -5, 0, 0, 0, 0, 5, -3, 0,
    0, 0, 0, 0, 0, 0, 0, 0,
    0, 0, 0, 0, 0, 0, 0, 0,
    0, 0, 0, 0, 0, 0, 0, 0,
    0, 0, 0, 2, 0, 0, -2, 0,
    0, 0, 0, 0, 0, 0, 0, 0,
    0, 0, 0, 0, 0, 0, 0, 0,
    0, 0, 0, 0, 0, 0, 0, 0,
    0, 0, 0, 0, 0, 0, 0, 0,
    0, -4, 0, 0, 0, 0, 0, 0,
    0, 0, 0, 0, -14, 0, 0, 0,
    0, 0, 0, 0, 0, 0, 0, 0,
    0, 0, 0, 0, 0, 0, 0, 0,
    0, 0, -7, 0, 0, -10, 0, 0,
    0, 0, -3, 0, 0, 0, 0, 0,
    0, 0, 0, 0, 0, 0, 0, 0,
    0, 0, 0, 0, 0, 0, 0, 0,
    0, 0, 0, 0, 0, 0, 0, 0,
    0, 1, 0, 0, 0, 0, 0, 0,
    0, 0, 0, 0, 0, 0, 9, -15,
    -4, 0, 0, 0, 0, 0, 0, 0,
    5, 0, 0, 0, 0, 0, 0, 0,
    0, 0, 0, 0, 0, 0, -2, 0,
    3, -7, 0, 0, 0, 0, -2, 0,
    7, 0, 2, 19, -7, 0, 0, 0,
    0, 0, 0, 0, 0, 0, -2, 0,
    0, 0, 0, 0, 0, 0, 0, 0,
    0, 0, 0, 0, 0, 0, 0, 0,
    0, 0, 0, 0, -4, 0, -13, -4,
    0, -9, 0, 0, -4, 0, 0, 0,
    0, 0, 0, 0, 0, 0, 0, 0,
    0, 0, 0, 0, 0, 0, 0, 0,
    0, 0, 0, 0, 0, -1, 0, 0,
    0, 0, 0, 0, 0, 0, 0, 0,
    0, -15, -10, -12, 0, 0, 0, 0,
    0, -7, 0, 0, 0, 0, 0, 0,
    0, 0, 0, 0, 0, 0, 0, 0,
    -8, 0, 0, -11, 0, 0, 0, 0,
    -13, 0, 0, 0, 0, 15, 0, 0,
    -12, 0, 0, 0, 0, 0, 0, -7,
    0, 0, 0, 0, 0, 0, 0, 0,
    0, 0, 0, 0, 0, 0, 0, 0,
    0, -8, 0, 0, 0, 0, -2, 0,
    0, 0, 0, 0, 0, 0, -32, 0,
    0, 0, 0, 0, 0, 0, 0, -26,
    0, 0, 0, 0, 0, 0, 0, 0,
    0, 0, 0, 0, -7, 0, -4, -29,
    0, 0, 0, 0, -26, 0, -7, -4,
    0, 0
};


/*Collect the kern class' data in one place*/
static const lv_font_fmt_txt_kern_classes_t kern_classes =
{
    .class_pair_values   = kern_class_values,
    .left_class_mapping  = kern_left_class_mapping,
    .right_class_mapping = kern_right_class_mapping,
    .left_class_cnt      = 47,
    .right_class_cnt     = 38,
};

/*--------------------
 *  ALL CUSTOM DATA
 *--------------------*/

#if LVGL_VERSION_MAJOR == 8
/*Store all the custom data of the font*/
static  lv_font_fmt_txt_glyph_cache_t cache;
#endif

#if LVGL_VERSION_MAJOR >= 8
static const lv_font_fmt_txt_dsc_t font_dsc = {
#else
static lv_font_fmt_txt_dsc_t font_dsc = {
#endif
    .glyph_bitmap = glyph_bitmap,
    .glyph_dsc = glyph_dsc,
    .cmaps = cmaps,
    .kern_dsc = &kern_classes,
    .kern_scale = 16,
    .cmap_num = 2,
    .bpp = 4,
    .kern_classes = 1,
    .bitmap_format = 0,
#if LVGL_VERSION_MAJOR == 8
    .cache = &cache
#endif
};



/*-----------------
 *  PUBLIC FONT
 *----------------*/

/*Initialize a public general font descriptor*/
#if LVGL_VERSION_MAJOR >= 8
const lv_font_t font_md = {
#else
lv_font_t font_md = {
#endif
    .get_glyph_dsc = lv_font_get_glyph_dsc_fmt_txt,    /*Function pointer to get glyph's data*/
    .get_glyph_bitmap = lv_font_get_bitmap_fmt_txt,    /*Function pointer to get glyph's bitmap*/
    .line_height = 27,          /*The maximum line height required by the font*/
    .base_line = 5,             /*Baseline measured from the bottom of the line*/
#if !(LVGL_VERSION_MAJOR == 6 && LVGL_VERSION_MINOR == 0)
    .subpx = LV_FONT_SUBPX_NONE,
#endif
#if LV_VERSION_CHECK(7, 4, 0) || LVGL_VERSION_MAJOR >= 8
    .underline_position = -2,
    .underline_thickness = 1,
#endif
    .dsc = &font_dsc,          /*The custom font data. Will be accessed by `get_glyph_bitmap/dsc` */
#if LV_VERSION_CHECK(8, 2, 0) || LVGL_VERSION_MAJOR >= 9
    .fallback = NULL,
#endif
    .user_data = NULL,
};



#endif /*#if FONT_MD*/

