#pragma once
#include <Arduino.h>

const uint16_t GTA_MAP_FRAME0[240 * 240] PROGMEM = {
	0x0000, 0x0000, 0x0000, 0x0000, 0x0000, 0x0000, 0x0000, 0x0000, 0x0000, 0x0000, 0x0000, 0x0000, 0x0000, 0x0000, 0x0000, 0x0000, 
	0x0000, 0x0000, 0x0000, 0x0000, 0x0000, 0x0000, 0x0000, 0x0000, 0x0000, 0x0000, 0x0000, 0x0000, 0x0000, 0x0000, 0x0000, 0x0000, 
	0x0000, 0x0000, 0x0000, 0x0000, 0x0000, 0x0000, 0x0000, 0x0000, 0x0000, 0x0000, 0x0000, 0x0000, 0x0000, 0x0000, 0x0000, 0x0000, 
	0x0000, 0x0000, 0x0000, 0x0000, 0x0000, 0x0000, 0x0000, 0x0000, 0x0000, 0x0000, 0x0000, 0x0000, 0x0000, 0x0000, 0x0000, 0x0000, 
	0x0000, 0x0000, 0x0000, 0x0000, 0x0000, 0x0000, 0x0000, 0x0000, 0x0000, 0x0000, 0x0000, 0x0000, 0x0000, 0x0000, 0x0000, 0x0000, 
	0x0000, 0x0000, 0x0000, 0x0000, 0x0000, 0x0000, 0x0000, 0x0000, 0x0000, 0x0000, 0x0000, 0x0000, 0x0000, 0x09dc, 0x09dc, 0x09dc, 
	0x11da, 0x19d7, 0x19d7, 0x1193, 0x1170, 0x090d, 0x10e9, 0x10e9, 0x0002, 0x0001, 0x0001, 0x0001, 0x0001, 0x0001, 0x0001, 0x0001, 
	0x0001, 0x0001, 0x0001, 0x0001, 0x0001, 0x0001, 0x0001, 0x0001, 0x0001, 0x0001, 0x0001, 0x0001, 0x0001, 0x0001, 0x0001, 0x0001, 
	0x0001, 0x0001, 0x0001, 0x0001, 0x0001, 0x0001, 0x1860, 0x10e9, 0x10e9, 0x090d, 0x1170, 0x1170, 0x1193, 0x19d7, 0x19d7, 0x11da, 
	0x11da, 0x0000, 0x0000, 0x0000, 0x0000, 0x0000, 0x0000, 0x0000, 0x0000, 0x0000, 0x0000, 0x0000, 0x0000, 0x0000, 0x0000, 0x0000, 
	0x0000, 0x0000, 0x0000, 0x0000, 0x0000, 0x0000, 0x0000, 0x0000, 0x0000, 0x0000, 0x0000, 0x0000, 0x0000, 0x0000, 0x0000, 0x0000, 
	0x0000, 0x0000, 0x0000, 0x0000, 0x0000, 0x0000, 0x0000, 0x0000, 0x0000, 0x0000, 0x0000, 0x0000, 0x0000, 0x0000, 0x0000, 0x0000, 
	0x0000, 0x0000, 0x0000, 0x0000, 0x0000, 0x0000, 0x0000, 0x0000, 0x0000, 0x0000, 0x0000, 0x0000, 0x0000, 0x0000, 0x0000, 0x0000, 
	0x0000, 0x0000, 0x0000, 0x0000, 0x0000, 0x0000, 0x0000, 0x0000, 0x0000, 0x0000, 0x0000, 0x0000, 0x0000, 0x0000, 0x0000, 0x0000, 
	0x0000, 0x0000, 0x0000, 0x0000, 0x0000, 0x0000, 0x0000, 0x0000, 0x0000, 0x0000, 0x0000, 0x0000, 0x0000, 0x0000, 0x0000, 0x0000, 
	0x0000, 0x0000, 0x0000, 0x0000, 0x0000, 0x0000, 0x0000, 0x0000, 0x0000, 0x0000, 0x0000, 0x0000, 0x0000, 0x0000, 0x0000, 0x0000, 
	0x0000, 0x0000, 0x0000, 0x0000, 0x0000, 0x0000, 0x0000, 0x0000, 0x0000, 0x0000, 0x0000, 0x0000, 0x0000, 0x0000, 0x0000, 0x0000, 
	0x0000, 0x0000, 0x0000, 0x0000, 0x0000, 0x0000, 0x0000, 0x0000, 0x0000, 0x0000, 0x0000, 0x0000, 0x0000, 0x0000, 0x0000, 0x0000, 
	0x0000, 0x0000, 0x0000, 0x0000, 0x0000, 0x0000, 0x0000, 0x0000, 0x0000, 0x0000, 0x0000, 0x0000, 0x0000, 0x0000, 0x0000, 0x0000, 
	0x0000, 0x0000, 0x0000, 0x0000, 0x0000, 0x0000, 0x0000, 0x0000, 0x0000, 0x0000, 0x0000, 0x0000, 0x0000, 0x0000, 0x0000, 0x0000, 
	0x0000, 0x0000, 0x0000, 0x0000, 0x0000, 0x0000, 0x0000, 0x0000, 0x0000, 0x0000, 0x0000, 0x0000, 0x0000, 0x09dc, 0x09dc, 0x0177, 
	0x0177, 0x00d1, 0x00d1, 0x006d, 0x004a, 0x0027, 0x0004, 0x0002, 0x0001, 0x0001, 0x0001, 0x0001, 0x0001, 0x0001, 0x0001, 0x0001, 
	0x0001, 0x0001, 0x0001, 0x0001, 0x0001, 0x0001, 0x0001, 0x0001, 0x0001, 0x0001, 0x0001, 0x0001, 0x0001, 0x0001, 0x0001, 0x0001, 
	0x0001, 0x0001, 0x0001, 0x0001, 0x0001, 0x0001, 0x0001, 0x0001, 0x0004, 0x0027, 0x004a, 0x006d, 0x006d, 0x00d1, 0x00d1, 0x0177, 
	0x11da, 0x09dc, 0x09dc, 0x0000, 0x0000, 0x0000, 0x0000, 0x0000, 0x0000, 0x0000, 0x0000, 0x0000, 0x0000, 0x0000, 0x0000, 0x0000, 
	0x0000, 0x0000, 0x0000, 0x0000, 0x0000, 0x0000, 0x0000, 0x0000, 0x0000, 0x0000, 0x0000, 0x0000, 0x0000, 0x0000, 0x0000, 0x0000, 
	0x0000, 0x0000, 0x0000, 0x0000, 0x0000, 0x0000, 0x0000, 0x0000, 0x0000, 0x0000, 0x0000, 0x0000, 0x0000, 0x0000, 0x0000, 0x0000, 
	0x0000, 0x0000, 0x0000, 0x0000, 0x0000, 0x0000, 0x0000, 0x0000, 0x0000, 0x0000, 0x0000, 0x0000, 0x0000, 0x0000, 0x0000, 0x0000, 
	0x0000, 0x0000, 0x0000, 0x0000, 0x0000, 0x0000, 0x0000, 0x0000, 0x0000, 0x0000, 0x0000, 0x0000, 0x0000, 0x0000, 0x0000, 0x0000, 
	0x0000, 0x0000, 0x0000, 0x0000, 0x0000, 0x0000, 0x0000, 0x0000, 0x0000, 0x0000, 0x0000, 0x0000, 0x0000, 0x0000, 0x0000, 0x0000, 
	0x0000, 0x0000, 0x0000, 0x0000, 0x0000, 0x0000, 0x0000, 0x0000, 0x0000, 0x0000, 0x0000, 0x0000, 0x0000, 0x0000, 0x0000, 0x0000, 
	0x0000, 0x0000, 0x0000, 0x0000, 0x0000, 0x0000, 0x0000, 0x0000, 0x0000, 0x0000, 0x0000, 0x0000, 0x0000, 0x0000, 0x0000, 0x0000, 
	0x0000, 0x0000, 0x0000, 0x0000, 0x0000, 0x0000, 0x0000, 0x0000, 0x0000, 0x0000, 0x0000, 0x0000, 0x0000, 0x0000, 0x0000, 0x0000, 
	0x0000, 0x0000, 0x0000, 0x0000, 0x0000, 0x0000, 0x0000, 0x0000, 0x0000, 0x0000, 0x0000, 0x0000, 0x0000, 0x0000, 0x0000, 0x0000, 
	0x0000, 0x0000, 0x0000, 0x0000, 0x0000, 0x0000, 0x0000, 0x0000, 0x0000, 0x0000, 0x0000, 0x0000, 0x0000, 0x0000, 0x0000, 0x0000, 
	0x0000, 0x0000, 0x0000, 0x0000, 0x0000, 0x0000, 0x0000, 0x09dc, 0x09dc, 0x11da, 0x0177, 0x00d1, 0x00d1, 0x00d1, 0x006d, 0x004a, 
	0x004a, 0x0027, 0x0027, 0x0027, 0x0004, 0x0002, 0x0002, 0x0002, 0x0001, 0x0001, 0x0001, 0x0001, 0x0001, 0x0001, 0x0001, 0x0001, 
	0x0001, 0x0001, 0x0001, 0x0001, 0x0001, 0x0001, 0x0001, 0x0001, 0x0001, 0x0001, 0x0001, 0x0001, 0x0001, 0x0001, 0x0001, 0x0001, 
	0x0001, 0x0001, 0x0001, 0x0001, 0x0001, 0x0001, 0x0001, 0x0001, 0x0002, 0x0004, 0x0002, 0x0004, 0x0027, 0x0027, 0x0027, 0x004a, 
	0x004a, 0x006d, 0x00d1, 0x00d1, 0x0177, 0x11da, 0x11da, 0x09dc, 0x0000, 0x0000, 0x0000, 0x0000, 0x0000, 0x0000, 0x0000, 0x0000, 
	0x0000, 0x0000, 0x0000, 0x0000, 0x0000, 0x0000, 0x0000, 0x0000, 0x0000, 0x0000, 0x0000, 0x0000, 0x0000, 0x0000, 0x0000, 0x0000, 
	0x0000, 0x0000, 0x0000, 0x0000, 0x0000, 0x0000, 0x0000, 0x0000, 0x0000, 0x0000, 0x0000, 0x0000, 0x0000, 0x0000, 0x0000, 0x0000, 
	0x0000, 0x0000, 0x0000, 0x0000, 0x0000, 0x0000, 0x0000, 0x0000, 0x0000, 0x0000, 0x0000, 0x0000, 0x0000, 0x0000, 0x0000, 0x0000, 
	0x0000, 0x0000, 0x0000, 0x0000, 0x0000, 0x0000, 0x0000, 0x0000, 0x0000, 0x0000, 0x0000, 0x0000, 0x0000, 0x0000, 0x0000, 0x0000, 
	0x0000, 0x0000, 0x0000, 0x0000, 0x0000, 0x0000, 0x0000, 0x0000, 0x0000, 0x0000, 0x0000, 0x0000, 0x0000, 0x0000, 0x0000, 0x0000, 
	0x0000, 0x0000, 0x0000, 0x0000, 0x0000, 0x0000, 0x0000, 0x0000, 0x0000, 0x0000, 0x0000, 0x0000, 0x0000, 0x0000, 0x0000, 0x0000, 
	0x0000, 0x0000, 0x0000, 0x0000, 0x0000, 0x0000, 0x0000, 0x0000, 0x0000, 0x0000, 0x0000, 0x0000, 0x0000, 0x0000, 0x0000, 0x0000, 
	0x0000, 0x0000, 0x0000, 0x0000, 0x0000, 0x0000, 0x0000, 0x0000, 0x0000, 0x0000, 0x0000, 0x0000, 0x0000, 0x0000, 0x0000, 0x0000, 
	0x0000, 0x0000, 0x0000, 0x0000, 0x0000, 0x0000, 0x0000, 0x0000, 0x0000, 0x0000, 0x0000, 0x0000, 0x0000, 0x0000, 0x0000, 0x0000, 
	0x0000, 0x0000, 0x0000, 0x0000, 0x0000, 0x0000, 0x0000, 0x0000, 0x0000, 0x0000, 0x0000, 0x0000, 0x0000, 0x0000, 0x0000, 0x0000, 
	0x0000, 0x0000, 0x0000, 0x0000, 0x0000, 0x0000, 0x11da, 0x0177, 0x00d1, 0x006d, 0x006d, 0x004a, 0x0004, 0x0002, 0x0002, 0x0002, 
	0x0001, 0x0001, 0x0001, 0x0001, 0x0001, 0x0001, 0x0001, 0x0001, 0x0001, 0x0001, 0x0001, 0x0001, 0x0001, 0x0001, 0x0001, 0x0001, 
	0x0001, 0x0001, 0x0001, 0x0001, 0x0001, 0x0001, 0x0001, 0x0001, 0x0001, 0x0001, 0x0001, 0x0001, 0x0001, 0x0001, 0x0001, 0x0001, 
	0x0001, 0x0001, 0x0001, 0x0001, 0x0001, 0x0001, 0x0001, 0x0001, 0x0001, 0x0001, 0x0001, 0x0001, 0x0001, 0x0001, 0x0001, 0x0001, 
	0x0001, 0x0002, 0x0027, 0x0027, 0x006d, 0x006d, 0x00d1, 0x0177, 0x09dc, 0x09dc, 0x0000, 0x0000, 0x0000, 0x0000, 0x0000, 0x0000, 
	0x0000, 0x0000, 0x0000, 0x0000, 0x0000, 0x0000, 0x0000, 0x0000, 0x0000, 0x0000, 0x0000, 0x0000, 0x0000, 0x0000, 0x0000, 0x0000, 
	0x0000, 0x0000, 0x0000, 0x0000, 0x0000, 0x0000, 0x0000, 0x0000, 0x0000, 0x0000, 0x0000, 0x0000, 0x0000, 0x0000, 0x0000, 0x0000, 
	0x0000, 0x0000, 0x0000, 0x0000, 0x0000, 0x0000, 0x0000, 0x0000, 0x0000, 0x0000, 0x0000, 0x0000, 0x0000, 0x0000, 0x0000, 0x0000, 
	0x0000, 0x0000, 0x0000, 0x0000, 0x0000, 0x0000, 0x0000, 0x0000, 0x0000, 0x0000, 0x0000, 0x0000, 0x0000, 0x0000, 0x0000, 0x0000, 
	0x0000, 0x0000, 0x0000, 0x0000, 0x0000, 0x0000, 0x0000, 0x0000, 0x0000, 0x0000, 0x0000, 0x0000, 0x0000, 0x0000, 0x0000, 0x0000, 
	0x0000, 0x0000, 0x0000, 0x0000, 0x0000, 0x0000, 0x0000, 0x0000, 0x0000, 0x0000, 0x0000, 0x0000, 0x0000, 0x0000, 0x0000, 0x0000, 
	0x0000, 0x0000, 0x0000, 0x0000, 0x0000, 0x0000, 0x0000, 0x0000, 0x0000, 0x0000, 0x0000, 0x0000, 0x0000, 0x0000, 0x0000, 0x0000, 
	0x0000, 0x0000, 0x0000, 0x0000, 0x0000, 0x0000, 0x0000, 0x0000, 0x0000, 0x0000, 0x0000, 0x0000, 0x0000, 0x0000, 0x0000, 0x0000, 
	0x0000, 0x0000, 0x0000, 0x0000, 0x0000, 0x0000, 0x0000, 0x0000, 0x0000, 0x0000, 0x0000, 0x0000, 0x0000, 0x0000, 0x0000, 0x0000, 
	0x0000, 0x0000, 0x0000, 0x0000, 0x0000, 0x0000, 0x0000, 0x0000, 0x0000, 0x0000, 0x0000, 0x0000, 0x0000, 0x0000, 0x0000, 0x0000, 
	0x09dc, 0x09dc, 0x11da, 0x0177, 0x00d1, 0x00d1, 0x006d, 0x004a, 0x0027, 0x0027, 0x0004, 0x0002, 0x0002, 0x0001, 0x0001, 0x0001, 
	0x0001, 0x0001, 0x0001, 0x0001, 0x0001, 0x0001, 0x0001, 0x0001, 0x0001, 0x0001, 0x0001, 0x0001, 0x0001, 0x0001, 0x0001, 0x0001, 
	0x0001, 0x0001, 0x0001, 0x0001, 0x0001, 0x0001, 0x0001, 0x0001, 0x0001, 0x0001, 0x0001, 0x0001, 0x0001, 0x0001, 0x0001, 0x0001, 
	0x0001, 0x0001, 0x0001, 0x0001, 0x0001, 0x0001, 0x0001, 0x0001, 0x0001, 0x0001, 0x0001, 0x0001, 0x0001, 0x0001, 0x0001, 0x0001, 
	0x0001, 0x0001, 0x0002, 0x0002, 0x0004, 0x0027, 0x0027, 0x004a, 0x006d, 0x00d1, 0x00d1, 0x0177, 0x11da, 0x09dc, 0x0000, 0x0000, 
	0x0000, 0x0000, 0x0000, 0x0000, 0x0000, 0x0000, 0x0000, 0x0000, 0x0000, 0x0000, 0x0000, 0x0000, 0x0000, 0x0000, 0x0000, 0x0000, 
	0x0000, 0x0000, 0x0000, 0x0000, 0x0000, 0x0000, 0x0000, 0x0000, 0x0000, 0x0000, 0x0000, 0x0000, 0x0000, 0x0000, 0x0000, 0x0000, 
	0x0000, 0x0000, 0x0000, 0x0000, 0x0000, 0x0000, 0x0000, 0x0000, 0x0000, 0x0000, 0x0000, 0x0000, 0x0000, 0x0000, 0x0000, 0x0000, 
	0x0000, 0x0000, 0x0000, 0x0000, 0x0000, 0x0000, 0x0000, 0x0000, 0x0000, 0x0000, 0x0000, 0x0000, 0x0000, 0x0000, 0x0000, 0x0000, 
	0x0000, 0x0000, 0x0000, 0x0000, 0x0000, 0x0000, 0x0000, 0x0000, 0x0000, 0x0000, 0x0000, 0x0000, 0x0000, 0x0000, 0x0000, 0x0000, 
	0x0000, 0x0000, 0x0000, 0x0000, 0x0000, 0x0000, 0x0000, 0x0000, 0x0000, 0x0000, 0x0000, 0x0000, 0x0000, 0x0000, 0x0000, 0x0000, 
	0x0000, 0x0000, 0x0000, 0x0000, 0x0000, 0x0000, 0x0000, 0x0000, 0x0000, 0x0000, 0x0000, 0x0000, 0x0000, 0x0000, 0x0000, 0x0000, 
	0x0000, 0x0000, 0x0000, 0x0000, 0x0000, 0x0000, 0x0000, 0x0000, 0x0000, 0x0000, 0x0000, 0x0000, 0x0000, 0x0000, 0x0000, 0x0000, 
	0x0000, 0x0000, 0x0000, 0x0000, 0x0000, 0x0000, 0x0000, 0x0000, 0x0000, 0x0000, 0x0000, 0x0000, 0x0000, 0x0000, 0x0000, 0x0000, 
	0x0000, 0x0000, 0x0000, 0x0000, 0x0000, 0x0000, 0x0000, 0x0000, 0x0000, 0x0000, 0x0000, 0x0000, 0x0000, 0x0000, 0x0000, 0x09dc, 
	0x11da, 0x00d1, 0x00d1, 0x006d, 0x0027, 0x0004, 0x0002, 0x0001, 0x0001, 0x0001, 0x0001, 0x0001, 0x0001, 0x0001, 0x0001, 0x0001, 
	0x0001, 0x0001, 0x0800, 0x0001, 0x0001, 0x0001, 0x0001, 0x0001, 0x0001, 0x0001, 0x0001, 0x0001, 0x0001, 0x0001, 0x0001, 0x0001, 
	0x0001, 0x0001, 0x0001, 0x0001, 0x0001, 0x0001, 0x0001, 0x0001, 0x0001, 0x0001, 0x0001, 0x0001, 0x0001, 0x0001, 0x0001, 0x0001, 
	0x0001, 0x0001, 0x0001, 0x0001, 0x0001, 0x0001, 0x0001, 0x0001, 0x0001, 0x0001, 0x0001, 0x0001, 0x0001, 0x0001, 0x0001, 0x0800, 
	0x0001, 0x0001, 0x0001, 0x0001, 0x0001, 0x0001, 0x0001, 0x0001, 0x0001, 0x0002, 0x0027, 0x004a, 0x006d, 0x00d1, 0x11da, 0x09dc, 
	0x0000, 0x0000, 0x0000, 0x0000, 0x0000, 0x0000, 0x0000, 0x0000, 0x0000, 0x0000, 0x0000, 0x0000, 0x0000, 0x0000, 0x0000, 0x0000, 
	0x0000, 0x0000, 0x0000, 0x0000, 0x0000, 0x0000, 0x0000, 0x0000, 0x0000, 0x0000, 0x0000, 0x0000, 0x0000, 0x0000, 0x0000, 0x0000, 
	0x0000, 0x0000, 0x0000, 0x0000, 0x0000, 0x0000, 0x0000, 0x0000, 0x0000, 0x0000, 0x0000, 0x0000, 0x0000, 0x0000, 0x0000, 0x0000, 
	0x0000, 0x0000, 0x0000, 0x0000, 0x0000, 0x0000, 0x0000, 0x0000, 0x0000, 0x0000, 0x0000, 0x0000, 0x0000, 0x0000, 0x0000, 0x0000, 
	0x0000, 0x0000, 0x0000, 0x0000, 0x0000, 0x0000, 0x0000, 0x0000, 0x0000, 0x0000, 0x0000, 0x0000, 0x0000, 0x0000, 0x0000, 0x0000, 
	0x0000, 0x0000, 0x0000, 0x0000, 0x0000, 0x0000, 0x0000, 0x0000, 0x0000, 0x0000, 0x0000, 0x0000, 0x0000, 0x0000, 0x0000, 0x0000, 
	0x0000, 0x0000, 0x0000, 0x0000, 0x0000, 0x0000, 0x0000, 0x0000, 0x0000, 0x0000, 0x0000, 0x0000, 0x0000, 0x0000, 0x0000, 0x0000, 
	0x0000, 0x0000, 0x0000, 0x0000, 0x0000, 0x0000, 0x0000, 0x0000, 0x0000, 0x0000, 0x0000, 0x0000, 0x0000, 0x0000, 0x0000, 0x0000, 
	0x0000, 0x0000, 0x0000, 0x0000, 0x0000, 0x0000, 0x0000, 0x0000, 0x0000, 0x0000, 0x0000, 0x0000, 0x0000, 0x0000, 0x0000, 0x0000, 
	0x0000, 0x0000, 0x0000, 0x0000, 0x0000, 0x0000, 0x0000, 0x0000, 0x0000, 0x0000, 0x0000, 0x09dc, 0x11da, 0x0177, 0x00d1, 0x00d1, 
	0x006d, 0x004a, 0x0004, 0x0004, 0x0002, 0x0002, 0x0001, 0x0001, 0x0001, 0x0001, 0x0001, 0x0001, 0x0001, 0x0001, 0x0001, 0x0001, 
	0x0001, 0x0001, 0x0001, 0x0001, 0x0001, 0x0001, 0x0001, 0x0001, 0x0001, 0x0001, 0x0001, 0x0001, 0x0001, 0x0001, 0x0001, 0x0001, 
	0x0001, 0x0001, 0x0001, 0x0001, 0x0001, 0x0001, 0x0001, 0x0001, 0x0001, 0x0001, 0x0001, 0x0001, 0x0001, 0x0001, 0x0001, 0x0001, 
	0x0001, 0x0001, 0x0001, 0x0001, 0x0001, 0x0001, 0x0001, 0x0001, 0x0001, 0x0001, 0x0001, 0x0001, 0x0001, 0x0001, 0x0001, 0x0001, 
	0x0001, 0x0001, 0x0001, 0x0001, 0x0001, 0x0001, 0x0001, 0x0001, 0x0001, 0x0002, 0x0002, 0x0004, 0x0027, 0x004a, 0x004a, 0x006d, 
	0x00d1, 0x0177, 0x11da, 0x09dc, 0x0000, 0x0000, 0x0000, 0x0000, 0x0000, 0x0000, 0x0000, 0x0000, 0x0000, 0x0000, 0x0000, 0x0000, 
	0x0000, 0x0000, 0x0000, 0x0000, 0x0000, 0x0000, 0x0000, 0x0000, 0x0000, 0x0000, 0x0000, 0x0000, 0x0000, 0x0000, 0x0000, 0x0000, 
	0x0000, 0x0000, 0x0000, 0x0000, 0x0000, 0x0000, 0x0000, 0x0000, 0x0000, 0x0000, 0x0000, 0x0000, 0x0000, 0x0000, 0x0000, 0x0000, 
	0x0000, 0x0000, 0x0000, 0x0000, 0x0000, 0x0000, 0x0000, 0x0000, 0x0000, 0x0000, 0x0000, 0x0000, 0x0000, 0x0000, 0x0000, 0x0000, 
	0x0000, 0x0000, 0x0000, 0x0000, 0x0000, 0x0000, 0x0000, 0x0000, 0x0000, 0x0000, 0x0000, 0x0000, 0x0000, 0x0000, 0x0000, 0x0000, 
	0x0000, 0x0000, 0x0000, 0x0000, 0x0000, 0x0000, 0x0000, 0x0000, 0x0000, 0x0000, 0x0000, 0x0000, 0x0000, 0x0000, 0x0000, 0x0000, 
	0x0000, 0x0000, 0x0000, 0x0000, 0x0000, 0x0000, 0x0000, 0x0000, 0x0000, 0x0000, 0x0000, 0x0000, 0x0000, 0x0000, 0x0000, 0x0000, 
	0x0000, 0x0000, 0x0000, 0x0000, 0x0000, 0x0000, 0x0000, 0x0000, 0x0000, 0x0000, 0x0000, 0x0000, 0x0000, 0x0000, 0x0000, 0x0000, 
	0x0000, 0x0000, 0x0000, 0x0000, 0x0000, 0x0000, 0x0000, 0x0000, 0x0000, 0x0000, 0x0000, 0x0000, 0x0000, 0x0000, 0x0000, 0x0000, 
	0x0000, 0x0000, 0x0000, 0x0000, 0x0000, 0x0000, 0x0000, 0x0000, 0x0000, 0x0000, 0x11da, 0x0177, 0x00d1, 0x006d, 0x0027, 0x0004, 
	0x0001, 0x0001, 0x0001, 0x0001, 0x0001, 0x0001, 0x0001, 0x0001, 0x0001, 0x0001, 0x0001, 0x0001, 0x0001, 0x0001, 0x0001, 0x0001, 
	0x0001, 0x0001, 0x0001, 0x0001, 0x0001, 0x0001, 0x0001, 0x0001, 0x0001, 0x0001, 0x0001, 0x0001, 0x0001, 0x0001, 0x0001, 0x0001, 
	0x0001, 0x0001, 0x0001, 0x0001, 0x0001, 0x0001, 0x0001, 0x0001, 0x0001, 0x0001, 0x0001, 0x0001, 0x0001, 0x0001, 0x0001, 0x0001, 
	0x0001, 0x0001, 0x0001, 0x0001, 0x0001, 0x0001, 0x0001, 0x0001, 0x0001, 0x0001, 0x0800, 0x0001, 0x0001, 0x0001, 0x0001, 0x0001, 
	0x0001, 0x0001, 0x0001, 0x0001, 0x0001, 0x0001, 0x0001, 0x0001, 0x0001, 0x0001, 0x0001, 0x0001, 0x0001, 0x0001, 0x0001, 0x0002, 
	0x0027, 0x006d, 0x00d1, 0x00d1, 0x09dc, 0x0000, 0x0000, 0x0000, 0x0000, 0x0000, 0x0000, 0x0000, 0x0000, 0x0000, 0x0000, 0x0000, 
	0x0000, 0x0000, 0x0000, 0x0000, 0x0000, 0x0000, 0x0000, 0x0000, 0x0000, 0x0000, 0x0000, 0x0000, 0x0000, 0x0000, 0x0000, 0x0000, 
	0x0000, 0x0000, 0x0000, 0x0000, 0x0000, 0x0000, 0x0000, 0x0000, 0x0000, 0x0000, 0x0000, 0x0000, 0x0000, 0x0000, 0x0000, 0x0000, 
	0x0000, 0x0000, 0x0000, 0x0000, 0x0000, 0x0000, 0x0000, 0x0000, 0x0000, 0x0000, 0x0000, 0x0000, 0x0000, 0x0000, 0x0000, 0x0000, 
	0x0000, 0x0000, 0x0000, 0x0000, 0x0000, 0x0000, 0x0000, 0x0000, 0x0000, 0x0000, 0x0000, 0x0000, 0x0000, 0x0000, 0x0000, 0x0000, 
	0x0000, 0x0000, 0x0000, 0x0000, 0x0000, 0x0000, 0x0000, 0x0000, 0x0000, 0x0000, 0x0000, 0x0000, 0x0000, 0x0000, 0x0000, 0x0000, 
	0x0000, 0x0000, 0x0000, 0x0000, 0x0000, 0x0000, 0x0000, 0x0000, 0x0000, 0x0000, 0x0000, 0x0000, 0x0000, 0x0000, 0x0000, 0x0000, 
	0x0000, 0x0000, 0x0000, 0x0000, 0x0000, 0x0000, 0x0000, 0x0000, 0x0000, 0x0000, 0x0000, 0x0000, 0x0000, 0x0000, 0x0000, 0x0000, 
	0x0000, 0x0000, 0x0000, 0x0000, 0x0000, 0x0000, 0x0000, 0x0000, 0x0000, 0x0000, 0x0000, 0x0000, 0x0000, 0x0000, 0x0000, 0x0000, 
	0x0000, 0x0000, 0x0000, 0x0000, 0x0000, 0x0000, 0x09dc, 0x09dc, 0x0177, 0x00d1, 0x006d, 0x006d, 0x0027, 0x0004, 0x0004, 0x0002, 
	0x0001, 0x0001, 0x0001, 0x0001, 0x0001, 0x0001, 0x0001, 0x0001, 0x0001, 0x0001, 0x0001, 0x0001, 0x0001, 0x0001, 0x0001, 0x0001, 
	0x0001, 0x0001, 0x0001, 0x0001, 0x0001, 0x0001, 0x0001, 0x0001, 0x0001, 0x0001, 0x0001, 0x0001, 0x0001, 0x0001, 0x0001, 0x0001, 
	0x0001, 0x0001, 0x0001, 0x0001, 0x0001, 0x0001, 0x0001, 0x0001, 0x0001, 0x0001, 0x0001, 0x0001, 0x0001, 0x0001, 0x0001, 0x0001, 
	0x0001, 0x0001, 0x0001, 0x0001, 0x0001, 0x0001, 0x0001, 0x0001, 0x0001, 0x0800, 0x0001, 0x0001, 0x0001, 0x0001, 0x0001, 0x0001, 
	0x0001, 0x0001, 0x0001, 0x0001, 0x0001, 0x0001, 0x0001, 0x0001, 0x0001, 0x0001, 0x0001, 0x0001, 0x0001, 0x0001, 0x0001, 0x0001, 
	0x0002, 0x0002, 0x0027, 0x004a, 0x006d, 0x00d1, 0x0177, 0x11da, 0x09dc, 0x0000, 0x0000, 0x0000, 0x0000, 0x0000, 0x0000, 0x0000, 
	0x0000, 0x0000, 0x0000, 0x0000, 0x0000, 0x0000, 0x0000, 0x0000, 0x0000, 0x0000, 0x0000, 0x0000, 0x0000, 0x0000, 0x0000, 0x0000, 
	0x0000, 0x0000, 0x0000, 0x0000, 0x0000, 0x0000, 0x0000, 0x0000, 0x0000, 0x0000, 0x0000, 0x0000, 0x0000, 0x0000, 0x0000, 0x0000, 
	0x0000, 0x0000, 0x0000, 0x0000, 0x0000, 0x0000, 0x0000, 0x0000, 0x0000, 0x0000, 0x0000, 0x0000, 0x0000, 0x0000, 0x0000, 0x0000, 
	0x0000, 0x0000, 0x0000, 0x0000, 0x0000, 0x0000, 0x0000, 0x0000, 0x0000, 0x0000, 0x0000, 0x0000, 0x0000, 0x0000, 0x0000, 0x0000, 
	0x0000, 0x0000, 0x0000, 0x0000, 0x0000, 0x0000, 0x0000, 0x0000, 0x0000, 0x0000, 0x0000, 0x0000, 0x0000, 0x0000, 0x0000, 0x0000, 
	0x0000, 0x0000, 0x0000, 0x0000, 0x0000, 0x0000, 0x0000, 0x0000, 0x0000, 0x0000, 0x0000, 0x0000, 0x0000, 0x0000, 0x0000, 0x0000, 
	0x0000, 0x0000, 0x0000, 0x0000, 0x0000, 0x0000, 0x0000, 0x0000, 0x0000, 0x0000, 0x0000, 0x0000, 0x0000, 0x0000, 0x0000, 0x0000, 
	0x0000, 0x0000, 0x0000, 0x0000, 0x0000, 0x0000, 0x0000, 0x0000, 0x0000, 0x0000, 0x0000, 0x0000, 0x0000, 0x0000, 0x0000, 0x0000, 
	0x0000, 0x0000, 0x0000, 0x0000, 0x0000, 0x0000, 0x0177, 0x00d1, 0x004a, 0x0027, 0x0002, 0x0001, 0x0001, 0x0001, 0x0001, 0x0001, 
	0x0001, 0x0001, 0x0001, 0x0001, 0x0001, 0x0001, 0x0001, 0x0001, 0x0001, 0x0001, 0x0001, 0x0001, 0x0001, 0x0001, 0x0001, 0x0001, 
	0x0001, 0x0001, 0x0001, 0x0001, 0x0001, 0x0001, 0x0001, 0x0001, 0x0001, 0x0001, 0x0001, 0x0001, 0x0001, 0x0001, 0x0001, 0x0001, 
	0x0001, 0x0001, 0x0001, 0x0001, 0x0001, 0x0001, 0x0001, 0x0001, 0x0001, 0x0001, 0x0001, 0x0001, 0x0001, 0x0001, 0x0001, 0x0001, 
	0x0001, 0x0001, 0x0001, 0x0001, 0x0001, 0x0001, 0x0001, 0x0001, 0x0001, 0x0001, 0x0800, 0x0001, 0x0001, 0x0001, 0x0001, 0x0001, 
	0x0001, 0x0001, 0x0001, 0x0001, 0x0001, 0x0001, 0x0001, 0x0001, 0x0001, 0x0001, 0x0001, 0x0001, 0x0001, 0x0001, 0x0001, 0x0001, 
	0x0001, 0x0001, 0x0001, 0x0001, 0x0001, 0x0027, 0x004a, 0x00d1, 0x0177, 0x09dc, 0x0000, 0x0000, 0x0000, 0x0000, 0x0000, 0x0000, 
	0x0000, 0x0000, 0x0000, 0x0000, 0x0000, 0x0000, 0x0000, 0x0000, 0x0000, 0x0000, 0x0000, 0x0000, 0x0000, 0x0000, 0x0000, 0x0000, 
	0x0000, 0x0000, 0x0000, 0x0000, 0x0000, 0x0000, 0x0000, 0x0000, 0x0000, 0x0000, 0x0000, 0x0000, 0x0000, 0x0000, 0x0000, 0x0000, 
	0x0000, 0x0000, 0x0000, 0x0000, 0x0000, 0x0000, 0x0000, 0x0000, 0x0000, 0x0000, 0x0000, 0x0000, 0x0000, 0x0000, 0x0000, 0x0000, 
	0x0000, 0x0000, 0x0000, 0x0000, 0x0000, 0x0000, 0x0000, 0x0000, 0x0000, 0x0000, 0x0000, 0x0000, 0x0000, 0x0000, 0x0000, 0x0000, 
	0x0000, 0x0000, 0x0000, 0x0000, 0x0000, 0x0000, 0x0000, 0x0000, 0x0000, 0x0000, 0x0000, 0x0000, 0x0000, 0x0000, 0x0000, 0x0000, 
	0x0000, 0x0000, 0x0000, 0x0000, 0x0000, 0x0000, 0x0000, 0x0000, 0x0000, 0x0000, 0x0000, 0x0000, 0x0000, 0x0000, 0x0000, 0x0000, 
	0x0000, 0x0000, 0x0000, 0x0000, 0x0000, 0x0000, 0x0000, 0x0000, 0x0000, 0x0000, 0x0000, 0x0000, 0x0000, 0x0000, 0x0000, 0x0000, 
	0x0000, 0x0000, 0x0000, 0x0000, 0x0000, 0x0000, 0x0000, 0x0000, 0x0000, 0x0000, 0x0000, 0x0000, 0x0000, 0x0000, 0x0000, 0x0000, 
	0x0000, 0x0000, 0x09dc, 0x11da, 0x0177, 0x006d, 0x004a, 0x0027, 0x0004, 0x0001, 0x0001, 0x0001, 0x0001, 0x0001, 0x0001, 0x0001, 
	0x0001, 0x0001, 0x0001, 0x0001, 0x0001, 0x0001, 0x0001, 0x0001, 0x0001, 0x0001, 0x0001, 0x0001, 0x0001, 0x0001, 0x0001, 0x0001, 
	0x0001, 0x0001, 0x0001, 0x0001, 0x0001, 0x0001, 0x0001, 0x0001, 0x0001, 0x0001, 0x0001, 0x0001, 0x0001, 0x0001, 0x0001, 0x0001, 
	0x0001, 0x0001, 0x0001, 0x0001, 0x0001, 0x0001, 0x0001, 0x0001, 0x0001, 0x0001, 0x0001, 0x0001, 0x0001, 0x0001, 0x0001, 0x0001, 
	0x0001, 0x0001, 0x0001, 0x0001, 0x0001, 0x0001, 0x0001, 0x0001, 0x0001, 0x0800, 0x0001, 0x0001, 0x0001, 0x0800, 0x0001, 0x0001, 
	0x0001, 0x0001, 0x0001, 0x0001, 0x0001, 0x0001, 0x0001, 0x0001, 0x0001, 0x0001, 0x0001, 0x0001, 0x0001, 0x0001, 0x0001, 0x0001, 
	0x0001, 0x0001, 0x0001, 0x0001, 0x0001, 0x0001, 0x0002, 0x0027, 0x0027, 0x006d, 0x00d1, 0x11da, 0x09dc, 0x0000, 0x0000, 0x0000, 
	0x0000, 0x0000, 0x0000, 0x0000, 0x0000, 0x0000, 0x0000, 0x0000, 0x0000, 0x0000, 0x0000, 0x0000, 0x0000, 0x0000, 0x0000, 0x0000, 
	0x0000, 0x0000, 0x0000, 0x0000, 0x0000, 0x0000, 0x0000, 0x0000, 0x0000, 0x0000, 0x0000, 0x0000, 0x0000, 0x0000, 0x0000, 0x0000, 
	0x0000, 0x0000, 0x0000, 0x0000, 0x0000, 0x0000, 0x0000, 0x0000, 0x0000, 0x0000, 0x0000, 0x0000, 0x0000, 0x0000, 0x0000, 0x0000, 
	0x0000, 0x0000, 0x0000, 0x0000, 0x0000, 0x0000, 0x0000, 0x0000, 0x0000, 0x0000, 0x0000, 0x0000, 0x0000, 0x0000, 0x0000, 0x0000, 
	0x0000, 0x0000, 0x0000, 0x0000, 0x0000, 0x0000, 0x0000, 0x0000, 0x0000, 0x0000, 0x0000, 0x0000, 0x0000, 0x0000, 0x0000, 0x0000, 
	0x0000, 0x0000, 0x0000, 0x0000, 0x0000, 0x0000, 0x0000, 0x0000, 0x0000, 0x0000, 0x0000, 0x0000, 0x0000, 0x0000, 0x0000, 0x0000, 
	0x0000, 0x0000, 0x0000, 0x0000, 0x0000, 0x0000, 0x0000, 0x0000, 0x0000, 0x0000, 0x0000, 0x0000, 0x0000, 0x0000, 0x0000, 0x0000, 
	0x0000, 0x0000, 0x0000, 0x0000, 0x0000, 0x0000, 0x0000, 0x0000, 0x0000, 0x0000, 0x0000, 0x0000, 0x0000, 0x0000, 0x0000, 0x0000, 
	0x0000, 0x0000, 0x0177, 0x00d1, 0x0027, 0x0004, 0x0001, 0x0001, 0x0001, 0x0001, 0x0001, 0x0001, 0x0001, 0x0001, 0x0001, 0x0001, 
	0x0001, 0x0001, 0x0001, 0x0001, 0x0001, 0x0001, 0x0001, 0x0001, 0x0001, 0x0001, 0x0001, 0x0001, 0x0001, 0x0001, 0x0001, 0x0001, 
	0x0001, 0x0001, 0x0001, 0x0001, 0x0001, 0x0001, 0x0001, 0x0001, 0x0001, 0x0001, 0x0001, 0x0001, 0x0001, 0x0001, 0x0800, 0x0001, 
	0x0001, 0x0800, 0x0001, 0x0001, 0x0800, 0x0001, 0x0001, 0x0001, 0x0001, 0x0001, 0x0001, 0x0001, 0x0001, 0x0001, 0x0001, 0x0001, 
	0x0001, 0x0001, 0x0001, 0x0001, 0x0800, 0x0001, 0x0001, 0x0001, 0x0800, 0x0001, 0x0800, 0x0001, 0x0800, 0x0001, 0x0001, 0x0800, 
	0x0001, 0x0001, 0x0001, 0x0001, 0x0001, 0x0001, 0x0001, 0x0001, 0x0001, 0x0001, 0x0001, 0x0001, 0x0001, 0x0001, 0x0001, 0x0001, 
	0x0001, 0x0001, 0x0001, 0x0001, 0x0001, 0x0001, 0x0001, 0x0001, 0x0001, 0x0004, 0x0027, 0x006d, 0x0177, 0x09dc, 0x0000, 0x0000, 
	0x0000, 0x0000, 0x0000, 0x0000, 0x0000, 0x0000, 0x0000, 0x0000, 0x0000, 0x0000, 0x0000, 0x0000, 0x0000, 0x0000, 0x0000, 0x0000, 
	0x0000, 0x0000, 0x0000, 0x0000, 0x0000, 0x0000, 0x0000, 0x0000, 0x0000, 0x0000, 0x0000, 0x0000, 0x0000, 0x0000, 0x0000, 0x0000, 
	0x0000, 0x0000, 0x0000, 0x0000, 0x0000, 0x0000, 0x0000, 0x0000, 0x0000, 0x0000, 0x0000, 0x0000, 0x0000, 0x0000, 0x0000, 0x0000, 
	0x0000, 0x0000, 0x0000, 0x0000, 0x0000, 0x0000, 0x0000, 0x0000, 0x0000, 0x0000, 0x0000, 0x0000, 0x0000, 0x0000, 0x0000, 0x0000, 
	0x0000, 0x0000, 0x0000, 0x0000, 0x0000, 0x0000, 0x0000, 0x0000, 0x0000, 0x0000, 0x0000, 0x0000, 0x0000, 0x0000, 0x0000, 0x0000, 
	0x0000, 0x0000, 0x0000, 0x0000, 0x0000, 0x0000, 0x0000, 0x0000, 0x0000, 0x0000, 0x0000, 0x0000, 0x0000, 0x0000, 0x0000, 0x0000, 
	0x0000, 0x0000, 0x0000, 0x0000, 0x0000, 0x0000, 0x0000, 0x0000, 0x0000, 0x0000, 0x0000, 0x0000, 0x0000, 0x0000, 0x0000, 0x0000, 
	0x0000, 0x0000, 0x0000, 0x0000, 0x0000, 0x0000, 0x0000, 0x0000, 0x0000, 0x0000, 0x0000, 0x0000, 0x0000, 0x0000, 0x09dc, 0x11da, 
	0x00d1, 0x00d1, 0x004a, 0x0027, 0x0004, 0x0002, 0x0001, 0x0001, 0x0001, 0x0001, 0x0001, 0x0001, 0x0001, 0x0001, 0x0001, 0x0001, 
	0x0001, 0x0001, 0x0001, 0x0001, 0x0001, 0x0001, 0x0001, 0x0001, 0x0001, 0x0001, 0x0001, 0x0001, 0x0001, 0x0001, 0x0001, 0x0001, 
	0x0001, 0x0001, 0x0001, 0x0001, 0x0001, 0x0800, 0x0800, 0x0800, 0x0800, 0x0800, 0x0800, 0x1000, 0x1000, 0x1000, 0x2020, 0x2020, 
	0x3944, 0x3060, 0x3944, 0x3060, 0x3944, 0x3060, 0x3944, 0x58c3, 0x3944, 0x3944, 0x3944, 0x3944, 0x69c6, 0x31a7, 0x3944, 0x3944, 
	0x3922, 0x1860, 0x2020, 0x1000, 0x0001, 0x0800, 0x0001, 0x0001, 0x0001, 0x0001, 0x0001, 0x0800, 0x0001, 0x0001, 0x0800, 0x0001, 
	0x0001, 0x0001, 0x0001, 0x0001, 0x0001, 0x0001, 0x0001, 0x0001, 0x0001, 0x0001, 0x0001, 0x0001, 0x0001, 0x0001, 0x0001, 0x0001, 
	0x0001, 0x0001, 0x0001, 0x0001, 0x0001, 0x0001, 0x0001, 0x0001, 0x0001, 0x0001, 0x0002, 0x0027, 0x0027, 0x006d, 0x00d1, 0x0177, 
	0x09dc, 0x0000, 0x0000, 0x0000, 0x0000, 0x0000, 0x0000, 0x0000, 0x0000, 0x0000, 0x0000, 0x0000, 0x0000, 0x0000, 0x0000, 0x0000, 
	0x0000, 0x0000, 0x0000, 0x0000, 0x0000, 0x0000, 0x0000, 0x0000, 0x0000, 0x0000, 0x0000, 0x0000, 0x0000, 0x0000, 0x0000, 0x0000, 
	0x0000, 0x0000, 0x0000, 0x0000, 0x0000, 0x0000, 0x0000, 0x0000, 0x0000, 0x0000, 0x0000, 0x0000, 0x0000, 0x0000, 0x0000, 0x0000, 
	0x0000, 0x0000, 0x0000, 0x0000, 0x0000, 0x0000, 0x0000, 0x0000, 0x0000, 0x0000, 0x0000, 0x0000, 0x0000, 0x0000, 0x0000, 0x0000, 
	0x0000, 0x0000, 0x0000, 0x0000, 0x0000, 0x0000, 0x0000, 0x0000, 0x0000, 0x0000, 0x0000, 0x0000, 0x0000, 0x0000, 0x0000, 0x0000, 
	0x0000, 0x0000, 0x0000, 0x0000, 0x0000, 0x0000, 0x0000, 0x0000, 0x0000, 0x0000, 0x0000, 0x0000, 0x0000, 0x0000, 0x0000, 0x0000, 
	0x0000, 0x0000, 0x0000, 0x0000, 0x0000, 0x0000, 0x0000, 0x0000, 0x0000, 0x0000, 0x0000, 0x0000, 0x0000, 0x0000, 0x0000, 0x0000, 
	0x0000, 0x0000, 0x0000, 0x0000, 0x0000, 0x0000, 0x0000, 0x0000, 0x0000, 0x0000, 0x0000, 0x0000, 0x0000, 0x09dc, 0x0177, 0x00d1, 
	0x004a, 0x0004, 0x0001, 0x0001, 0x0001, 0x0001, 0x0001, 0x0001, 0x0001, 0x0001, 0x0001, 0x0001, 0x0001, 0x0001, 0x0001, 0x0001, 
	0x0001, 0x0001, 0x0001, 0x0001, 0x0001, 0x0001, 0x0001, 0x0001, 0x0001, 0x0001, 0x0001, 0x0001, 0x0001, 0x0001, 0x0001, 0x0001, 
	0x0001, 0x0001, 0x0001, 0x0001, 0x1000, 0x1860, 0x2020, 0x2102, 0x58c3, 0x2124, 0x58c3, 0x69c6, 0x41e7, 0x69c6, 0x69c6, 0x69c6, 
	0x8928, 0x69c6, 0x8988, 0x89e8, 0x89e8, 0x8928, 0x69c6, 0x8988, 0x99ea, 0x99ea, 0x928a, 0xa26c, 0xcc31, 0xcc31, 0xb36e, 0xa42e, 
	0xcc31, 0xa4af, 0xa42e, 0xbcd1, 0xbcd1, 0x8c4e, 0x5b2b, 0x5a66, 0x3944, 0x1860, 0x0001, 0x0001, 0x0001, 0x0001, 0x0001, 0x0001, 
	0x0001, 0x0001, 0x0001, 0x0001, 0x0001, 0x0001, 0x0001, 0x0001, 0x0001, 0x0001, 0x0001, 0x0001, 0x0001, 0x0001, 0x0001, 0x0001, 
	0x0001, 0x0001, 0x0001, 0x0001, 0x0001, 0x0001, 0x0001, 0x0001, 0x0001, 0x0001, 0x0001, 0x0001, 0x0001, 0x0002, 0x0027, 0x006d, 
	0x0177, 0x09dc, 0x0000, 0x0000, 0x0000, 0x0000, 0x0000, 0x0000, 0x0000, 0x0000, 0x0000, 0x0000, 0x0000, 0x0000, 0x0000, 0x0000, 
	0x0000, 0x0000, 0x0000, 0x0000, 0x0000, 0x0000, 0x0000, 0x0000, 0x0000, 0x0000, 0x0000, 0x0000, 0x0000, 0x0000, 0x0000, 0x0000, 
	0x0000, 0x0000, 0x0000, 0x0000, 0x0000, 0x0000, 0x0000, 0x0000, 0x0000, 0x0000, 0x0000, 0x0000, 0x0000, 0x0000, 0x0000, 0x0000, 
	0x0000, 0x0000, 0x0000, 0x0000, 0x0000, 0x0000, 0x0000, 0x0000, 0x0000, 0x0000, 0x0000, 0x0000, 0x0000, 0x0000, 0x0000, 0x0000, 
	0x0000, 0x0000, 0x0000, 0x0000, 0x0000, 0x0000, 0x0000, 0x0000, 0x0000, 0x0000, 0x0000, 0x0000, 0x0000, 0x0000, 0x0000, 0x0000, 
	0x0000, 0x0000, 0x0000, 0x0000, 0x0000, 0x0000, 0x0000, 0x0000, 0x0000, 0x0000, 0x0000, 0x0000, 0x0000, 0x0000, 0x0000, 0x0000, 
	0x0000, 0x0000, 0x0000, 0x0000, 0x0000, 0x0000, 0x0000, 0x0000, 0x0000, 0x0000, 0x0000, 0x0000, 0x0000, 0x0000, 0x0000, 0x0000, 
	0x0000, 0x0000, 0x0000, 0x0000, 0x0000, 0x0000, 0x0000, 0x0000, 0x0000, 0x0000, 0x0000, 0x09dc, 0x0177, 0x00d1, 0x006d, 0x0027, 
	0x0002, 0x0002, 0x0001, 0x0001, 0x0001, 0x0001, 0x0001, 0x0001, 0x0001, 0x0001, 0x0001, 0x0001, 0x0001, 0x0001, 0x0001, 0x0001, 
	0x0001, 0x0001, 0x0001, 0x0001, 0x0001, 0x0001, 0x0001, 0x0001, 0x0001, 0x0001, 0x0001, 0x0001, 0x0001, 0x0001, 0x0001, 0x0001, 
	0x2080, 0x3944, 0x3944, 0x3944, 0x69c6, 0x69c6, 0x8988, 0x8988, 0x8928, 0x8988, 0x89e8, 0x8988, 0x9129, 0x8928, 0x8928, 0x8928, 
	0x8988, 0x8988, 0x9149, 0x8988, 0x8988, 0x8988, 0x99ea, 0x99ea, 0x8988, 0x8988, 0x99ea, 0xa26c, 0xc410, 0xcc31, 0xcc31, 0xcc31, 
	0xbcd1, 0xbcd1, 0xbcd1, 0xbdd7, 0xf77d, 0xf739, 0xf739, 0xf77d, 0xf739, 0xd699, 0xbdf3, 0x94ae, 0x734c, 0x4a24, 0x28e0, 0x0060, 
	0x0001, 0x0001, 0x0001, 0x0001, 0x0001, 0x0001, 0x0001, 0x0001, 0x0001, 0x0001, 0x0001, 0x0001, 0x0001, 0x0001, 0x0001, 0x0001, 
	0x0001, 0x0001, 0x0001, 0x0001, 0x0001, 0x0001, 0x0001, 0x0001, 0x0001, 0x0001, 0x0001, 0x0001, 0x0001, 0x0001, 0x0002, 0x0027, 
	0x0027, 0x006d, 0x0177, 0x11da, 0x09dc, 0x0000, 0x0000, 0x0000, 0x0000, 0x0000, 0x0000, 0x0000, 0x0000, 0x0000, 0x0000, 0x0000, 
	0x0000, 0x0000, 0x0000, 0x0000, 0x0000, 0x0000, 0x0000, 0x0000, 0x0000, 0x0000, 0x0000, 0x0000, 0x0000, 0x0000, 0x0000, 0x0000, 
	0x0000, 0x0000, 0x0000, 0x0000, 0x0000, 0x0000, 0x0000, 0x0000, 0x0000, 0x0000, 0x0000, 0x0000, 0x0000, 0x0000, 0x0000, 0x0000, 
	0x0000, 0x0000, 0x0000, 0x0000, 0x0000, 0x0000, 0x0000, 0x0000, 0x0000, 0x0000, 0x0000, 0x0000, 0x0000, 0x0000, 0x0000, 0x0000, 
	0x0000, 0x0000, 0x0000, 0x0000, 0x0000, 0x0000, 0x0000, 0x0000, 0x0000, 0x0000, 0x0000, 0x0000, 0x0000, 0x0000, 0x0000, 0x0000, 
	0x0000, 0x0000, 0x0000, 0x0000, 0x0000, 0x0000, 0x0000, 0x0000, 0x0000, 0x0000, 0x0000, 0x0000, 0x0000, 0x0000, 0x0000, 0x0000, 
	0x0000, 0x0000, 0x0000, 0x0000, 0x0000, 0x0000, 0x0000, 0x0000, 0x0000, 0x0000, 0x0000, 0x0000, 0x0000, 0x0000, 0x0000, 0x0000, 
	0x0000, 0x0000, 0x0000, 0x0000, 0x0000, 0x0000, 0x0000, 0x0000, 0x0000, 0x0000, 0x11da, 0x00d1, 0x006d, 0x0027, 0x0001, 0x0001, 
	0x0001, 0x0001, 0x0001, 0x0001, 0x0001, 0x0001, 0x0001, 0x0001, 0x0001, 0x0001, 0x0001, 0x0001, 0x0001, 0x0001, 0x0001, 0x0001, 
	0x0001, 0x0001, 0x0001, 0x0001, 0x0001, 0x0001, 0x0001, 0x0001, 0x0001, 0x0001, 0x0001, 0x0001, 0x2102, 0x41e7, 0x734c, 0xbd53, 
	0xd699, 0xbdd7, 0x89e8, 0x89e8, 0x89e8, 0x8988, 0x99ea, 0x8928, 0x9149, 0x9149, 0x9149, 0x9129, 0x9129, 0x9129, 0x9129, 0x9129, 
	0x9129, 0x9129, 0x9129, 0x9129, 0x9149, 0x9189, 0x9189, 0x9189, 0xa20b, 0x9149, 0xa20b, 0xab0d, 0xd432, 0xcc31, 0xcc31, 0xcc31, 
	0xcc31, 0xbcd1, 0xbcd1, 0xd5f5, 0xfed9, 0xf739, 0xf739, 0xf739, 0xf739, 0xf77d, 0xf739, 0xf739, 0xff79, 0xe758, 0xd699, 0xbdf3, 
	0x8c4e, 0x62e6, 0x28e0, 0x0001, 0x0001, 0x0001, 0x0001, 0x0001, 0x0001, 0x0001, 0x0001, 0x0001, 0x0001, 0x0001, 0x0001, 0x0001, 
	0x0001, 0x0001, 0x0001, 0x0001, 0x0001, 0x0001, 0x0001, 0x0001, 0x0001, 0x0001, 0x0001, 0x0001, 0x0001, 0x0001, 0x0800, 0x0001, 
	0x0002, 0x0004, 0x004a, 0x00d1, 0x0177, 0x0000, 0x0000, 0x0000, 0x0000, 0x0000, 0x0000, 0x0000, 0x0000, 0x0000, 0x0000, 0x0000, 
	0x0000, 0x0000, 0x0000, 0x0000, 0x0000, 0x0000, 0x0000, 0x0000, 0x0000, 0x0000, 0x0000, 0x0000, 0x0000, 0x0000, 0x0000, 0x0000, 
	0x0000, 0x0000, 0x0000, 0x0000, 0x0000, 0x0000, 0x0000, 0x0000, 0x0000, 0x0000, 0x0000, 0x0000, 0x0000, 0x0000, 0x0000, 0x0000, 
	0x0000, 0x0000, 0x0000, 0x0000, 0x0000, 0x0000, 0x0000, 0x0000, 0x0000, 0x0000, 0x0000, 0x0000, 0x0000, 0x0000, 0x0000, 0x0000, 
	0x0000, 0x0000, 0x0000, 0x0000, 0x0000, 0x0000, 0x0000, 0x0000, 0x0000, 0x0000, 0x0000, 0x0000, 0x0000, 0x0000, 0x0000, 0x0000, 
	0x0000, 0x0000, 0x0000, 0x0000, 0x0000, 0x0000, 0x0000, 0x0000, 0x0000, 0x0000, 0x0000, 0x0000, 0x0000, 0x0000, 0x0000, 0x0000, 
	0x0000, 0x0000, 0x0000, 0x0000, 0x0000, 0x0000, 0x0000, 0x0000, 0x0000, 0x0000, 0x0000, 0x0000, 0x0000, 0x0000, 0x0000, 0x0000, 
	0x0000, 0x0000, 0x0000, 0x0000, 0x0000, 0x0000, 0x0000, 0x09dc, 0x0177, 0x0177, 0x006d, 0x0027, 0x0027, 0x0002, 0x0001, 0x0001, 
	0x0001, 0x0001, 0x0001, 0x0001, 0x0001, 0x0001, 0x0001, 0x0001, 0x0001, 0x0001, 0x0001, 0x0001, 0x0001, 0x0001, 0x0001, 0x0001, 
	0x0001, 0x0001, 0x0060, 0x0001, 0x0001, 0x0001, 0x0001, 0x0001, 0x08e1, 0x29c4, 0x734c, 0xbd53, 0xd699, 0xd699, 0xf77d, 0xf77d, 
	0xfed9, 0xb30e, 0x5a89, 0x8988, 0x8988, 0xa20b, 0x9149, 0x9149, 0x9149, 0x9129, 0x9129, 0x9129, 0x9129, 0x9129, 0x9129, 0x9129, 
	0x9149, 0x9149, 0x9149, 0x9189, 0x99ea, 0x9189, 0x99ea, 0x99ea, 0x9189, 0x9189, 0x99ea, 0xa26c, 0xd432, 0xcc31, 0xcc31, 0xcc31, 
	0xc410, 0xa4af, 0xbcd1, 0xee97, 0xfed9, 0xf739, 0xf739, 0xe758, 0xf739, 0xe758, 0xe758, 0xe758, 0xe758, 0xe758, 0xe758, 0xf758, 
	0xf739, 0xf739, 0xd699, 0xbdf3, 0x8c4e, 0x4a24, 0x1860, 0x0001, 0x0001, 0x0001, 0x0001, 0x0001, 0x0001, 0x0001, 0x0001, 0x0001, 
	0x0001, 0x0001, 0x0001, 0x0001, 0x0001, 0x0001, 0x0001, 0x0001, 0x0001, 0x0001, 0x0001, 0x0001, 0x0001, 0x0001, 0x0800, 0x0001, 
	0x0001, 0x0002, 0x0004, 0x0027, 0x006d, 0x00d1, 0x11da, 0x09dc, 0x0000, 0x0000, 0x0000, 0x0000, 0x0000, 0x0000, 0x0000, 0x0000, 
	0x0000, 0x0000, 0x0000, 0x0000, 0x0000, 0x0000, 0x0000, 0x0000, 0x0000, 0x0000, 0x0000, 0x0000, 0x0000, 0x0000, 0x0000, 0x0000, 
	0x0000, 0x0000, 0x0000, 0x0000, 0x0000, 0x0000, 0x0000, 0x0000, 0x0000, 0x0000, 0x0000, 0x0000, 0x0000, 0x0000, 0x0000, 0x0000, 
	0x0000, 0x0000, 0x0000, 0x0000, 0x0000, 0x0000, 0x0000, 0x0000, 0x0000, 0x0000, 0x0000, 0x0000, 0x0000, 0x0000, 0x0000, 0x0000, 
	0x0000, 0x0000, 0x0000, 0x0000, 0x0000, 0x0000, 0x0000, 0x0000, 0x0000, 0x0000, 0x0000, 0x0000, 0x0000, 0x0000, 0x0000, 0x0000, 
	0x0000, 0x0000, 0x0000, 0x0000, 0x0000, 0x0000, 0x0000, 0x0000, 0x0000, 0x0000, 0x0000, 0x0000, 0x0000, 0x0000, 0x0000, 0x0000, 
	0x0000, 0x0000, 0x0000, 0x0000, 0x0000, 0x0000, 0x0000, 0x0000, 0x0000, 0x0000, 0x0000, 0x0000, 0x0000, 0x0000, 0x0000, 0x0000, 
	0x0000, 0x0000, 0x0000, 0x0000, 0x0000, 0x0000, 0x09dc, 0x0177, 0x006d, 0x0027, 0x0002, 0x0001, 0x0001, 0x0001, 0x0001, 0x0001, 
	0x0001, 0x0001, 0x0001, 0x0001, 0x0001, 0x0001, 0x0001, 0x0001, 0x0001, 0x0001, 0x0001, 0x0001, 0x0001, 0x0001, 0x0001, 0x0001, 
	0x0001, 0x0001, 0x0001, 0x0001, 0x0001, 0x0060, 0x41e7, 0x6beb, 0xbdf3, 0xd699, 0xf739, 0xf739, 0xd699, 0xf739, 0xf6f7, 0xfed9, 
	0xee16, 0xa20b, 0x8928, 0x8988, 0x8988, 0x8988, 0x8928, 0x8928, 0x9149, 0x9149, 0x9129, 0x9129, 0x9129, 0x9129, 0x9129, 0x9149, 
	0x9189, 0x9189, 0x99ea, 0x9189, 0x9189, 0x9189, 0x9189, 0x9189, 0x91e9, 0x91e9, 0x99ea, 0xab0d, 0xcc31, 0xd432, 0xcc31, 0xcc31, 
	0xc410, 0xcc31, 0xbcd1, 0xee97, 0xf738, 0xef38, 0xe758, 0xf758, 0xf758, 0xf758, 0xf758, 0xf758, 0xf758, 0xf758, 0xf758, 0xe758, 
	0xe758, 0xf758, 0xf739, 0xf739, 0xf739, 0xd5f5, 0xbd53, 0x734c, 0x49c4, 0x2020, 0x0001, 0x0001, 0x0001, 0x0001, 0x0001, 0x0001, 
	0x0001, 0x0001, 0x0001, 0x0001, 0x0001, 0x0001, 0x0001, 0x0001, 0x0001, 0x0001, 0x0001, 0x0001, 0x0001, 0x0001, 0x0001, 0x0001, 
	0x0001, 0x0001, 0x0001, 0x0001, 0x0002, 0x0027, 0x006d, 0x0177, 0x0000, 0x0000, 0x0000, 0x0000, 0x0000, 0x0000, 0x0000, 0x0000, 
	0x0000, 0x0000, 0x0000, 0x0000, 0x0000, 0x0000, 0x0000, 0x0000, 0x0000, 0x0000, 0x0000, 0x0000, 0x0000, 0x0000, 0x0000, 0x0000, 
	0x0000, 0x0000, 0x0000, 0x0000, 0x0000, 0x0000, 0x0000, 0x0000, 0x0000, 0x0000, 0x0000, 0x0000, 0x0000, 0x0000, 0x0000, 0x0000, 
	0x0000, 0x0000, 0x0000, 0x0000, 0x0000, 0x0000, 0x0000, 0x0000, 0x0000, 0x0000, 0x0000, 0x0000, 0x0000, 0x0000, 0x0000, 0x0000, 
	0x0000, 0x0000, 0x0000, 0x0000, 0x0000, 0x0000, 0x0000, 0x0000, 0x0000, 0x0000, 0x0000, 0x0000, 0x0000, 0x0000, 0x0000, 0x0000, 
	0x0000, 0x0000, 0x0000, 0x0000, 0x0000, 0x0000, 0x0000, 0x0000, 0x0000, 0x0000, 0x0000, 0x0000, 0x0000, 0x0000, 0x0000, 0x0000, 
	0x0000, 0x0000, 0x0000, 0x0000, 0x0000, 0x0000, 0x0000, 0x0000, 0x0000, 0x0000, 0x0000, 0x0000, 0x0000, 0x0000, 0x0000, 0x0000, 
	0x0000, 0x0000, 0x0000, 0x0000, 0x09dc, 0x0177, 0x00d1, 0x006d, 0x0027, 0x0002, 0x0001, 0x0001, 0x0001, 0x0001, 0x0001, 0x0001, 
	0x0001, 0x0001, 0x0001, 0x0001, 0x0001, 0x0001, 0x0001, 0x0001, 0x0001, 0x0001, 0x0001, 0x0001, 0x0001, 0x0001, 0x0800, 0x0800, 
	0x1000, 0x0001, 0x1860, 0x3944, 0x5b2b, 0xa550, 0xd699, 0xe758, 0xf77d, 0xe758, 0xe758, 0xe758, 0xd699, 0xee97, 0xd699, 0xee97, 
	0xcc31, 0x8988, 0x8988, 0x8988, 0x8988, 0x8988, 0x8928, 0x8928, 0x8928, 0x8928, 0x8928, 0x8928, 0x9129, 0x9129, 0x91e9, 0x9189, 
	0x9189, 0x91e9, 0x91e9, 0x99ea, 0x91e9, 0x91e9, 0x99ea, 0x9189, 0x99ea, 0x99ea, 0x928a, 0xc390, 0xc410, 0xcc31, 0xcc31, 0xc410, 
	0xbcf0, 0xbcd1, 0xccf2, 0xee97, 0xf738, 0xf738, 0xef37, 0xf758, 0xef37, 0xf758, 0xef37, 0xef37, 0xef37, 0xef37, 0xf758, 0xf758, 
	0xef37, 0xef37, 0xf758, 0xff79, 0xf6f7, 0xd5f4, 0xbd53, 0xd5f5, 0xbdd7, 0xbcd1, 0x734c, 0x51e5, 0x0800, 0x2080, 0x0001, 0x0800, 
	0x0800, 0x0001, 0x0800, 0x0001, 0x0800, 0x0001, 0x0001, 0x0001, 0x0001, 0x0001, 0x0001, 0x0001, 0x0001, 0x0001, 0x0001, 0x0001, 
	0x0001, 0x0001, 0x0001, 0x0001, 0x0001, 0x0002, 0x0027, 0x004a, 0x00d1, 0x0177, 0x09dc, 0x0000, 0x0000, 0x0000, 0x0000, 0x0000, 
	0x0000, 0x0000, 0x0000, 0x0000, 0x0000, 0x0000, 0x0000, 0x0000, 0x0000, 0x0000, 0x0000, 0x0000, 0x0000, 0x0000, 0x0000, 0x0000, 
	0x0000, 0x0000, 0x0000, 0x0000, 0x0000, 0x0000, 0x0000, 0x0000, 0x0000, 0x0000, 0x0000, 0x0000, 0x0000, 0x0000, 0x0000, 0x0000, 
	0x0000, 0x0000, 0x0000, 0x0000, 0x0000, 0x0000, 0x0000, 0x0000, 0x0000, 0x0000, 0x0000, 0x0000, 0x0000, 0x0000, 0x0000, 0x0000, 
	0x0000, 0x0000, 0x0000, 0x0000, 0x0000, 0x0000, 0x0000, 0x0000, 0x0000, 0x0000, 0x0000, 0x0000, 0x0000, 0x0000, 0x0000, 0x0000, 
	0x0000, 0x0000, 0x0000, 0x0000, 0x0000, 0x0000, 0x0000, 0x0000, 0x0000, 0x0000, 0x0000, 0x0000, 0x0000, 0x0000, 0x0000, 0x0000, 
	0x0000, 0x0000, 0x0000, 0x0000, 0x0000, 0x0000, 0x0000, 0x0000, 0x0000, 0x0000, 0x0000, 0x0000, 0x0000, 0x0000, 0x0000, 0x0000, 
	0x0000, 0x0000, 0x0000, 0x0000, 0x00d1, 0x00d1, 0x0027, 0x0002, 0x0001, 0x0001, 0x0001, 0x0001, 0x0001, 0x0800, 0x0800, 0x0800, 
	0x0001, 0x0001, 0x0001, 0x0001, 0x0001, 0x0001, 0x0001, 0x0001, 0x0001, 0x0001, 0x0001, 0x0001, 0x0800, 0x0800, 0x0800, 0x0800, 
	0x2102, 0x72a9, 0x8c4e, 0xbcd1, 0xa593, 0xd699, 0xe758, 0xe758, 0xe758, 0xd699, 0xf739, 0xf739, 0xfed9, 0xf738, 0xf6f7, 0xfed9, 
	0xa26c, 0x8988, 0x89e8, 0x8988, 0x8928, 0x8988, 0x8928, 0x8928, 0x8928, 0x8928, 0x9129, 0x8928, 0x8988, 0x9129, 0x91e9, 0x9189, 
	0x9189, 0x99ea, 0x9189, 0x99ea, 0x9189, 0x99ea, 0x99ea, 0x99ea, 0x99ea, 0x99ea, 0xa26c, 0xbbef, 0xcc31, 0xcc31, 0xc410, 0xc410, 
	0xbcf0, 0xcc92, 0xccf2, 0xf6f7, 0xff37, 0xf737, 0xf758, 0xf758, 0xf758, 0xef37, 0xef37, 0xef37, 0xef37, 0xef37, 0xf758, 0xef37, 
	0xf738, 0xf758, 0xf738, 0xf739, 0xf6f7, 0xd5f5, 0xbd53, 0xdd54, 0xdd54, 0xbdd7, 0xe5d5, 0xbd53, 0xbd53, 0x734c, 0x3922, 0x1000, 
	0x0800, 0x0800, 0x0800, 0x0800, 0x0800, 0x0001, 0x0001, 0x0001, 0x0001, 0x0001, 0x0001, 0x0001, 0x0001, 0x0001, 0x0001, 0x0001, 
	0x0001, 0x0001, 0x0001, 0x0001, 0x0001, 0x0001, 0x0001, 0x0001, 0x0004, 0x006d, 0x00d1, 0x09dc, 0x0000, 0x0000, 0x0000, 0x0000, 
	0x0000, 0x0000, 0x0000, 0x0000, 0x0000, 0x0000, 0x0000, 0x0000, 0x0000, 0x0000, 0x0000, 0x0000, 0x0000, 0x0000, 0x0000, 0x0000, 
	0x0000, 0x0000, 0x0000, 0x0000, 0x0000, 0x0000, 0x0000, 0x0000, 0x0000, 0x0000, 0x0000, 0x0000, 0x0000, 0x0000, 0x0000, 0x0000, 
	0x0000, 0x0000, 0x0000, 0x0000, 0x0000, 0x0000, 0x0000, 0x0000, 0x0000, 0x0000, 0x0000, 0x0000, 0x0000, 0x0000, 0x0000, 0x0000, 
	0x0000, 0x0000, 0x0000, 0x0000, 0x0000, 0x0000, 0x0000, 0x0000, 0x0000, 0x0000, 0x0000, 0x0000, 0x0000, 0x0000, 0x0000, 0x0000, 
	0x0000, 0x0000, 0x0000, 0x0000, 0x0000, 0x0000, 0x0000, 0x0000, 0x0000, 0x0000, 0x0000, 0x0000, 0x0000, 0x0000, 0x0000, 0x0000, 
	0x0000, 0x0000, 0x0000, 0x0000, 0x0000, 0x0000, 0x0000, 0x0000, 0x0000, 0x0000, 0x0000, 0x0000, 0x0000, 0x0000, 0x0000, 0x0000, 
	0x0000, 0x09dc, 0x11da, 0x00d1, 0x006d, 0x0004, 0x0002, 0x0001, 0x0001, 0x0001, 0x0001, 0x0001, 0x0001, 0x0001, 0x0800, 0x0001, 
	0x0001, 0x0001, 0x0001, 0x0001, 0x0800, 0x0001, 0x0001, 0x0001, 0x0001, 0x0800, 0x0001, 0x0001, 0x0001, 0x1000, 0x41e7, 0x936b, 
	0xbcd1, 0xbd53, 0xbdd7, 0xbd53, 0xbdd7, 0xee97, 0xe758, 0xd699, 0xf739, 0xf739, 0xe758, 0xf738, 0xf739, 0xd699, 0xfed9, 0xbd53, 
	0x89e8, 0x8988, 0x89e8, 0x89e8, 0x8988, 0x8988, 0x8988, 0x8928, 0x8988, 0x8988, 0x8928, 0x8988, 0x8928, 0x91e9, 0x91e9, 0x9189, 
	0x9189, 0x99ea, 0x99ea, 0x99ea, 0x99ea, 0x99ea, 0x99ea, 0x91e9, 0x928a, 0x99ea, 0xab0d, 0xc410, 0xcc31, 0xcc31, 0xc410, 0xbcf0, 
	0xcc31, 0xbcf0, 0xd594, 0xff37, 0xf6f7, 0xf737, 0xf758, 0xf758, 0xef37, 0xef37, 0xef37, 0xef37, 0xef37, 0xef37, 0xf758, 0xef37, 
	0xf738, 0xf738, 0xf738, 0xff18, 0xee97, 0xd594, 0xdd54, 0xdd54, 0xd594, 0xdd54, 0xdd54, 0xbdd7, 0xdd54, 0xd594, 0xbd53, 0x9c2e, 
	0x41e7, 0x2080, 0x0001, 0x0001, 0x0800, 0x0800, 0x0001, 0x0800, 0x0001, 0x0001, 0x0001, 0x0001, 0x0001, 0x0001, 0x0001, 0x0001, 
	0x0001, 0x0001, 0x0001, 0x0001, 0x0001, 0x0001, 0x0001, 0x0001, 0x0001, 0x0004, 0x004a, 0x006d, 0x0177, 0x09dc, 0x0000, 0x0000, 
	0x0000, 0x0000, 0x0000, 0x0000, 0x0000, 0x0000, 0x0000, 0x0000, 0x0000, 0x0000, 0x0000, 0x0000, 0x0000, 0x0000, 0x0000, 0x0000, 
	0x0000, 0x0000, 0x0000, 0x0000, 0x0000, 0x0000, 0x0000, 0x0000, 0x0000, 0x0000, 0x0000, 0x0000, 0x0000, 0x0000, 0x0000, 0x0000, 
	0x0000, 0x0000, 0x0000, 0x0000, 0x0000, 0x0000, 0x0000, 0x0000, 0x0000, 0x0000, 0x0000, 0x0000, 0x0000, 0x0000, 0x0000, 0x0000, 
	0x0000, 0x0000, 0x0000, 0x0000, 0x0000, 0x0000, 0x0000, 0x0000, 0x0000, 0x0000, 0x0000, 0x0000, 0x0000, 0x0000, 0x0000, 0x0000, 
	0x0000, 0x0000, 0x0000, 0x0000, 0x0000, 0x0000, 0x0000, 0x0000, 0x0000, 0x0000, 0x0000, 0x0000, 0x0000, 0x0000, 0x0000, 0x0000, 
	0x0000, 0x0000, 0x0000, 0x0000, 0x0000, 0x0000, 0x0000, 0x0000, 0x0000, 0x0000, 0x0000, 0x0000, 0x0000, 0x0000, 0x0000, 0x0000, 
	0x09dc, 0x0177, 0x006d, 0x0027, 0x0001, 0x0001, 0x0001, 0x0001, 0x0001, 0x0001, 0x0001, 0x0001, 0x0001, 0x0001, 0x0001, 0x0001, 
	0x0800, 0x0001, 0x0800, 0x0800, 0x0800, 0x0800, 0x0800, 0x0800, 0x0800, 0x0001, 0x0800, 0x3922, 0x5a89, 0xa42e, 0xbdd7, 0xbdd7, 
	0xdd54, 0xbdd7, 0xbd53, 0xbd53, 0xe676, 0xee97, 0xe758, 0xf739, 0xe758, 0xe758, 0xf738, 0xd699, 0xf739, 0xfed9, 0xf6f7, 0xb36e, 
	0x69c6, 0x8988, 0x8988, 0x8988, 0x8988, 0x8928, 0x8988, 0x8928, 0x8928, 0x8988, 0x8928, 0x8988, 0x91e9, 0x9189, 0xa20b, 0xa20b, 
	0x99ea, 0x9189, 0x99ea, 0x99ea, 0x99ea, 0x91e9, 0x99ea, 0x99ea, 0x99ea, 0x928a, 0xab0d, 0xc410, 0xc410, 0xcc31, 0xc410, 0xc410, 
	0xccf2, 0xccf2, 0xe5d5, 0xfed9, 0xff37, 0xf737, 0xf758, 0xef37, 0xef37, 0xef37, 0xef37, 0xef37, 0xef37, 0xf758, 0xef37, 0xf758, 
	0xef37, 0xf738, 0xf738, 0xff18, 0xee16, 0xe5d5, 0xd594, 0xdd54, 0xdd54, 0xdd54, 0xdd54, 0xdd54, 0xdd54, 0xd594, 0xd5f5, 0xd5f5, 
	0xd5f5, 0xc410, 0x5b2b, 0x3922, 0x0800, 0x0800, 0x0001, 0x0001, 0x0001, 0x0001, 0x0001, 0x0001, 0x0001, 0x0001, 0x0001, 0x0001, 
	0x0001, 0x0001, 0x0001, 0x0001, 0x0001, 0x0001, 0x0001, 0x0001, 0x0001, 0x0001, 0x0001, 0x0004, 0x006d, 0x0177, 0x09dc, 0x0000, 
	0x0000, 0x0000, 0x0000, 0x0000, 0x0000, 0x0000, 0x0000, 0x0000, 0x0000, 0x0000, 0x0000, 0x0000, 0x0000, 0x0000, 0x0000, 0x0000, 
	0x0000, 0x0000, 0x0000, 0x0000, 0x0000, 0x0000, 0x0000, 0x0000, 0x0000, 0x0000, 0x0000, 0x0000, 0x0000, 0x0000, 0x0000, 0x0000, 
	0x0000, 0x0000, 0x0000, 0x0000, 0x0000, 0x0000, 0x0000, 0x0000, 0x0000, 0x0000, 0x0000, 0x0000, 0x0000, 0x0000, 0x0000, 0x0000, 
	0x0000, 0x0000, 0x0000, 0x0000, 0x0000, 0x0000, 0x0000, 0x0000, 0x0000, 0x0000, 0x0000, 0x0000, 0x0000, 0x0000, 0x0000, 0x0000, 
	0x0000, 0x0000, 0x0000, 0x0000, 0x0000, 0x0000, 0x0000, 0x0000, 0x0000, 0x0000, 0x0000, 0x0000, 0x0000, 0x0000, 0x0000, 0x0000, 
	0x0000, 0x0000, 0x0000, 0x0000, 0x0000, 0x0000, 0x0000, 0x0000, 0x0000, 0x0000, 0x0000, 0x0000, 0x0000, 0x0000, 0x0000, 0x11da, 
	0x00d1, 0x006d, 0x0027, 0x0002, 0x0001, 0x0001, 0x0001, 0x0001, 0x0001, 0x0001, 0x0001, 0x0001, 0x0001, 0x0001, 0x0001, 0x0001, 
	0x0800, 0x0800, 0x0800, 0x0800, 0x0800, 0x0800, 0x0800, 0x0800, 0x0800, 0x2080, 0x734c, 0xbcd1, 0xbd53, 0xfc99, 0xd594, 0xdd54, 
	0xbd53, 0xdd54, 0xdd54, 0xd5f5, 0xee97, 0xe758, 0xf738, 0xf6f7, 0xf6f7, 0xf6f7, 0xe758, 0xee97, 0xf738, 0xee97, 0xd5f5, 0x936b, 
	0x8a69, 0x928a, 0x928a, 0x928a, 0xa26c, 0x91e9, 0xa26c, 0xa26c, 0xa20b, 0xa26c, 0xa26c, 0xa26c, 0xb30e, 0xc390, 0xc390, 0xc390, 
	0xd432, 0xc390, 0xb30e, 0xb30e, 0xab0d, 0xb30e, 0xab0d, 0xb30e, 0xb30e, 0xb30e, 0xc410, 0xd432, 0xdcb3, 0xdcb3, 0xccf2, 0xccf2, 
	0xccf2, 0xd594, 0xee97, 0xff37, 0xf6f7, 0xf737, 0xf758, 0xf758, 0xef37, 0xef37, 0xf758, 0xef37, 0xf758, 0xef37, 0xef37, 0xef37, 
	0xe758, 0xf738, 0xf738, 0xf738, 0xe5d5, 0xe5d5, 0xe5d5, 0xe5d5, 0xee16, 0xdd54, 0xdd54, 0xbdd7, 0xdd54, 0xdd54, 0xd5f5, 0xe5d5, 
	0xd5f5, 0xbdd7, 0xee16, 0xbd53, 0x6308, 0x2102, 0x0001, 0x0001, 0x0001, 0x0001, 0x0001, 0x0001, 0x0001, 0x0001, 0x0001, 0x0001, 
	0x0001, 0x0001, 0x0001, 0x0001, 0x0001, 0x0001, 0x0001, 0x0001, 0x0001, 0x0001, 0x0001, 0x0002, 0x0027, 0x004a, 0x00d1, 0x0177, 
	0x09dc, 0x0000, 0x0000, 0x0000, 0x0000, 0x0000, 0x0000, 0x0000, 0x0000, 0x0000, 0x0000, 0x0000, 0x0000, 0x0000, 0x0000, 0x0000, 
	0x0000, 0x0000, 0x0000, 0x0000, 0x0000, 0x0000, 0x0000, 0x0000, 0x0000, 0x0000, 0x0000, 0x0000, 0x0000, 0x0000, 0x0000, 0x0000, 
	0x0000, 0x0000, 0x0000, 0x0000, 0x0000, 0x0000, 0x0000, 0x0000, 0x0000, 0x0000, 0x0000, 0x0000, 0x0000, 0x0000, 0x0000, 0x0000, 
	0x0000, 0x0000, 0x0000, 0x0000, 0x0000, 0x0000, 0x0000, 0x0000, 0x0000, 0x0000, 0x0000, 0x0000, 0x0000, 0x0000, 0x0000, 0x0000, 
	0x0000, 0x0000, 0x0000, 0x0000, 0x0000, 0x0000, 0x0000, 0x0000, 0x0000, 0x0000, 0x0000, 0x0000, 0x0000, 0x0000, 0x0000, 0x0000, 
	0x0000, 0x0000, 0x0000, 0x0000, 0x0000, 0x0000, 0x0000, 0x0000, 0x0000, 0x0000, 0x0000, 0x0000, 0x0000, 0x0000, 0x11da, 0x00d1, 
	0x004a, 0x0002, 0x0001, 0x0001, 0x0001, 0x0001, 0x0001, 0x0001, 0x0001, 0x0001, 0x0001, 0x0001, 0x0001, 0x0001, 0x0001, 0x0001, 
	0x0800, 0x0800, 0x0800, 0x0800, 0x0800, 0x0800, 0x0800, 0x1000, 0x5a89, 0xa42e, 0xbdd7, 0xbdd7, 0xdd54, 0xbdd7, 0xdd54, 0xbd53, 
	0xdcb3, 0xbdd7, 0xdd54, 0xd5f5, 0xf6f7, 0xf6f7, 0xf738, 0xe758, 0xf6f7, 0xf6f7, 0xf6f7, 0xd699, 0xee97, 0xfed9, 0xbd53, 0xc410, 
	0xcc31, 0xd432, 0xc390, 0xd432, 0xd432, 0xd432, 0xd432, 0xd432, 0xd432, 0xd432, 0xd432, 0xd432, 0xdcb3, 0xdcb3, 0xfc99, 0xdcb3, 
	0xdcb3, 0xdcb3, 0xdcb3, 0xd432, 0xdcb3, 0xd432, 0xdcb3, 0xd432, 0xd432, 0xd432, 0xdcb3, 0xdd54, 0xdd54, 0xdd54, 0xdd54, 0xdd54, 
	0xdd54, 0xe5d5, 0xee97, 0xff18, 0xff37, 0xf737, 0xf758, 0xf758, 0xf758, 0xef37, 0xef37, 0xef37, 0xef37, 0xf758, 0xef37, 0xef37, 
	0xf758, 0xe758, 0xf738, 0xf738, 0xd5f5, 0xe5d5, 0xe5d5, 0xe5d5, 0xee16, 0xdd54, 0xe5d5, 0xe5d5, 0xdd54, 0xd5f5, 0xd594, 0xd5f5, 
	0xdd54, 0xd5f5, 0xd5f5, 0xbd53, 0xbcf0, 0x734c, 0x62e6, 0x28e0, 0x0001, 0x0001, 0x0001, 0x0001, 0x0001, 0x0001, 0x0001, 0x0001, 
	0x0001, 0x0001, 0x0001, 0x0001, 0x0001, 0x0001, 0x0001, 0x0001, 0x0001, 0x0001, 0x0001, 0x0001, 0x0001, 0x0002, 0x0004, 0x006d, 
	0x0177, 0x0000, 0x0000, 0x0000, 0x0000, 0x0000, 0x0000, 0x0000, 0x0000, 0x0000, 0x0000, 0x0000, 0x0000, 0x0000, 0x0000, 0x0000, 
	0x0000, 0x0000, 0x0000, 0x0000, 0x0000, 0x0000, 0x0000, 0x0000, 0x0000, 0x0000, 0x0000, 0x0000, 0x0000, 0x0000, 0x0000, 0x0000, 
	0x0000, 0x0000, 0x0000, 0x0000, 0x0000, 0x0000, 0x0000, 0x0000, 0x0000, 0x0000, 0x0000, 0x0000, 0x0000, 0x0000, 0x0000, 0x0000, 
	0x0000, 0x0000, 0x0000, 0x0000, 0x0000, 0x0000, 0x0000, 0x0000, 0x0000, 0x0000, 0x0000, 0x0000, 0x0000, 0x0000, 0x0000, 0x0000, 
	0x0000, 0x0000, 0x0000, 0x0000, 0x0000, 0x0000, 0x0000, 0x0000, 0x0000, 0x0000, 0x0000, 0x0000, 0x0000, 0x0000, 0x0000, 0x0000, 
	0x0000, 0x0000, 0x0000, 0x0000, 0x0000, 0x0000, 0x0000, 0x0000, 0x0000, 0x0000, 0x0000, 0x0000, 0x09dc, 0x0177, 0x006d, 0x0027, 
	0x0004, 0x0001, 0x0001, 0x0001, 0x0001, 0x0001, 0x0001, 0x0001, 0x0001, 0x0001, 0x0001, 0x0001, 0x0001, 0x0001, 0x0001, 0x0001, 
	0x0800, 0x0001, 0x0001, 0x0800, 0x1000, 0x2020, 0x3944, 0x8a69, 0x928a, 0xb36e, 0xdcb3, 0xfc99, 0xdd54, 0xdd54, 0xfc99, 0xbdd7, 
	0xdcb3, 0xbd53, 0xdd54, 0xee97, 0xee97, 0xf738, 0xf738, 0xf6f7, 0xd699, 0xe758, 0xf6f7, 0xf6f7, 0xee97, 0xee16, 0x936b, 0x8a69, 
	0x8a69, 0x9189, 0xa20b, 0x99ea, 0xa20b, 0xa20b, 0xa20b, 0xa20b, 0xa26c, 0xa20b, 0x9189, 0xa20b, 0x9189, 0x9189, 0x99ea, 0xa20b, 
	0xa20b, 0x9189, 0xa20b, 0xa20b, 0xa20b, 0xa26c, 0xa26c, 0xa26c, 0xa20b, 0xa26c, 0xc390, 0xd432, 0xd432, 0xd432, 0xcc92, 0xcc92, 
	0xccf2, 0xe5d5, 0xee97, 0xff18, 0xf737, 0xf737, 0xf758, 0xf758, 0xf758, 0xef37, 0xef37, 0xef37, 0xf758, 0xef37, 0xef37, 0xef37, 
	0xf758, 0xef37, 0xef37, 0xf6f7, 0xe5d5, 0xe5d5, 0xe5d5, 0xe5d5, 0xdd54, 0xe5d5, 0xdd54, 0xdd54, 0xe5d5, 0xd5f5, 0xd594, 0xe5d5, 
	0xd5f5, 0xdd54, 0xe5d5, 0xc410, 0x6308, 0x5a89, 0x5a89, 0x5a89, 0x4a24, 0x0060, 0x0001, 0x0001, 0x0001, 0x0001, 0x0001, 0x0001, 
	0x0001, 0x0001, 0x0001, 0x0001, 0x0001, 0x0001, 0x0001, 0x0001, 0x0001, 0x0001, 0x0001, 0x0001, 0x0001, 0x0001, 0x0002, 0x0027, 
	0x006d, 0x0177, 0x11da, 0x0000, 0x0000, 0x0000, 0x0000, 0x0000, 0x0000, 0x0000, 0x0000, 0x0000, 0x0000, 0x0000, 0x0000, 0x0000, 
	0x0000, 0x0000, 0x0000, 0x0000, 0x0000, 0x0000, 0x0000, 0x0000, 0x0000, 0x0000, 0x0000, 0x0000, 0x0000, 0x0000, 0x0000, 0x0000, 
	0x0000, 0x0000, 0x0000, 0x0000, 0x0000, 0x0000, 0x0000, 0x0000, 0x0000, 0x0000, 0x0000, 0x0000, 0x0000, 0x0000, 0x0000, 0x0000, 
	0x0000, 0x0000, 0x0000, 0x0000, 0x0000, 0x0000, 0x0000, 0x0000, 0x0000, 0x0000, 0x0000, 0x0000, 0x0000, 0x0000, 0x0000, 0x0000, 
	0x0000, 0x0000, 0x0000, 0x0000, 0x0000, 0x0000, 0x0000, 0x0000, 0x0000, 0x0000, 0x0000, 0x0000, 0x0000, 0x0000, 0x0000, 0x0000, 
	0x0000, 0x0000, 0x0000, 0x0000, 0x0000, 0x0000, 0x0000, 0x0000, 0x0000, 0x0000, 0x0000, 0x09dc, 0x0177, 0x004a, 0x0002, 0x0001, 
	0x0001, 0x0001, 0x0001, 0x0001, 0x0001, 0x0001, 0x0001, 0x0001, 0x0001, 0x0001, 0x0001, 0x0001, 0x0001, 0x0001, 0x0001, 0x0001, 
	0x0001, 0x0001, 0x1000, 0x2020, 0x3944, 0x99ea, 0xa26c, 0x89e8, 0x99ea, 0xa26c, 0xb36e, 0xc410, 0xcc31, 0xc390, 0xa42e, 0xcc31, 
	0xd533, 0xd533, 0xd594, 0xee97, 0xfed9, 0xf738, 0xe758, 0xf6f7, 0xe758, 0xeef6, 0xd699, 0xf6f7, 0xee97, 0xbcd1, 0x72a9, 0x69c6, 
	0x8988, 0x8928, 0x8928, 0x8928, 0x8928, 0x8928, 0x91e9, 0x9149, 0x9149, 0x9189, 0x9189, 0x9189, 0x9189, 0xa20b, 0x9189, 0x99ea, 
	0x99ea, 0x99ea, 0xa20b, 0x99ea, 0xa20b, 0xa20b, 0xa20b, 0xa26c, 0xa20b, 0xab0d, 0xc390, 0xd432, 0xd432, 0xd432, 0xcc92, 0xcc92, 
	0xccf2, 0xe5d5, 0xfed9, 0xff18, 0xf737, 0xf737, 0xf758, 0xf758, 0xef37, 0xef37, 0xef37, 0xef37, 0xef37, 0xef37, 0xf737, 0xf758, 
	0xf758, 0xef37, 0xef37, 0xf6f7, 0xe5d5, 0xe5d5, 0xe5d5, 0xe5d5, 0xe5d5, 0xdd54, 0xe5d5, 0xe5d5, 0xdd54, 0xd5f5, 0xdd54, 0xd594, 
	0xdd54, 0xd594, 0xbd53, 0x9c2e, 0x5a66, 0x51e5, 0x4a24, 0x42a8, 0x6308, 0x5a89, 0x6308, 0x2102, 0x0001, 0x0001, 0x0001, 0x0001, 
	0x0001, 0x0001, 0x0001, 0x0001, 0x0001, 0x0001, 0x0001, 0x0001, 0x0001, 0x0001, 0x0001, 0x0001, 0x0001, 0x0001, 0x0001, 0x0001, 
	0x0002, 0x0027, 0x00d1, 0x09dc, 0x0000, 0x0000, 0x0000, 0x0000, 0x0000, 0x0000, 0x0000, 0x0000, 0x0000, 0x0000, 0x0000, 0x0000, 
	0x0000, 0x0000, 0x0000, 0x0000, 0x0000, 0x0000, 0x0000, 0x0000, 0x0000, 0x0000, 0x0000, 0x0000, 0x0000, 0x0000, 0x0000, 0x0000, 
	0x0000, 0x0000, 0x0000, 0x0000, 0x0000, 0x0000, 0x0000, 0x0000, 0x0000, 0x0000, 0x0000, 0x0000, 0x0000, 0x0000, 0x0000, 0x0000, 
	0x0000, 0x0000, 0x0000, 0x0000, 0x0000, 0x0000, 0x0000, 0x0000, 0x0000, 0x0000, 0x0000, 0x0000, 0x0000, 0x0000, 0x0000, 0x0000, 
	0x0000, 0x0000, 0x0000, 0x0000, 0x0000, 0x0000, 0x0000, 0x0000, 0x0000, 0x0000, 0x0000, 0x0000, 0x0000, 0x0000, 0x0000, 0x0000, 
	0x0000, 0x0000, 0x0000, 0x0000, 0x0000, 0x0000, 0x0000, 0x0000, 0x0000, 0x0000, 0x11da, 0x00d1, 0x004a, 0x0004, 0x0001, 0x0001, 
	0x0001, 0x0001, 0x0001, 0x0001, 0x0001, 0x0001, 0x0001, 0x0001, 0x0001, 0x0001, 0x0001, 0x0001, 0x0001, 0x0001, 0x0001, 0x0001, 
	0x0800, 0x1000, 0x3944, 0x69c6, 0xa26c, 0x928a, 0xa20b, 0x99ea, 0x99ea, 0x99ea, 0xa20b, 0xa26c, 0xa26c, 0x928a, 0xa26c, 0xb36e, 
	0xcc92, 0xbd53, 0xe5d5, 0xfed9, 0xf6f7, 0xf738, 0xf6f7, 0xd699, 0xef37, 0xeef6, 0xd699, 0xf6f7, 0xfed9, 0x936b, 0x89e8, 0x69c6, 
	0x8928, 0x8928, 0x8928, 0x8928, 0x8988, 0x8928, 0x8928, 0x91e9, 0x9149, 0x9189, 0x9189, 0x9189, 0x9189, 0x9189, 0x99ea, 0x9189, 
	0x99ea, 0x99ea, 0x99ea, 0x99ea, 0x91e9, 0x91e9, 0xa20b, 0x91e9, 0xa20b, 0xa26c, 0xc390, 0xd432, 0xcc31, 0xcc92, 0xcc92, 0xcc92, 
	0xccf2, 0xe5d5, 0xff18, 0xff37, 0xf6f7, 0xf737, 0xf758, 0xf758, 0xef37, 0xef37, 0xef37, 0xf737, 0xf737, 0xf737, 0xf737, 0xef38, 
	0xe758, 0xf737, 0xef37, 0xf6f7, 0xe5d5, 0xd594, 0xdd54, 0xdd54, 0xe5d5, 0xdd54, 0xdd54, 0xe5d5, 0xdd54, 0xdd54, 0xe5d5, 0xdd54, 
	0xe5d5, 0xe5d5, 0xdd54, 0x936b, 0x5a66, 0x51e5, 0x41e7, 0x5a66, 0x41e7, 0x62e6, 0x9591, 0xa593, 0x734c, 0x0060, 0x0001, 0x0001, 
	0x0001, 0x0001, 0x0001, 0x0001, 0x0001, 0x0001, 0x0001, 0x0001, 0x0001, 0x0001, 0x0001, 0x0001, 0x0001, 0x0001, 0x0001, 0x0001, 
	0x0001, 0x0004, 0x004a, 0x00d1, 0x0177, 0x09dc, 0x0000, 0x0000, 0x0000, 0x0000, 0x0000, 0x0000, 0x0000, 0x0000, 0x0000, 0x0000, 
	0x0000, 0x0000, 0x0000, 0x0000, 0x0000, 0x0000, 0x0000, 0x0000, 0x0000, 0x0000, 0x0000, 0x0000, 0x0000, 0x0000, 0x0000, 0x0000, 
	0x0000, 0x0000, 0x0000, 0x0000, 0x0000, 0x0000, 0x0000, 0x0000, 0x0000, 0x0000, 0x0000, 0x0000, 0x0000, 0x0000, 0x0000, 0x0000, 
	0x0000, 0x0000, 0x0000, 0x0000, 0x0000, 0x0000, 0x0000, 0x0000, 0x0000, 0x0000, 0x0000, 0x0000, 0x0000, 0x0000, 0x0000, 0x0000, 
	0x0000, 0x0000, 0x0000, 0x0000, 0x0000, 0x0000, 0x0000, 0x0000, 0x0000, 0x0000, 0x0000, 0x0000, 0x0000, 0x0000, 0x0000, 0x0000, 
	0x0000, 0x0000, 0x0000, 0x0000, 0x0000, 0x0000, 0x0000, 0x0000, 0x0000, 0x11da, 0x00d1, 0x004a, 0x0001, 0x0001, 0x0001, 0x0001, 
	0x0001, 0x0001, 0x0001, 0x0001, 0x0001, 0x0001, 0x0001, 0x0001, 0x0001, 0x0001, 0x0001, 0x0001, 0x0001, 0x0001, 0x0001, 0x0800, 
	0x3060, 0x69c6, 0x928a, 0x8a69, 0xa20b, 0x99ea, 0x99ea, 0xa20b, 0x99ea, 0xa20b, 0x99ea, 0x99ea, 0xa20b, 0x8988, 0xa20b, 0xab0d, 
	0xcc92, 0xd533, 0xee16, 0xfed9, 0xfed9, 0xf739, 0xe758, 0xf6f7, 0xe758, 0xeef6, 0xf6f7, 0xee97, 0xdd54, 0x8a69, 0x69c6, 0x8988, 
	0x8928, 0x8928, 0x8928, 0x8928, 0x8928, 0x8988, 0x9149, 0x9149, 0x9149, 0x9189, 0x9189, 0x9189, 0x9189, 0x9189, 0xa20b, 0x9189, 
	0x99ea, 0x9189, 0xa20b, 0x99ea, 0xa20b, 0xa20b, 0xa20b, 0xa26c, 0x91e9, 0xab0d, 0xc390, 0xc410, 0xd432, 0xcc92, 0xcc92, 0xcc92, 
	0xccf2, 0xe5d5, 0xff18, 0xf6f7, 0xf737, 0xf737, 0xf737, 0xf758, 0xef37, 0xef37, 0xf737, 0xf737, 0xf737, 0xf737, 0xf737, 0xf738, 
	0xf758, 0xef38, 0xf6f7, 0xee97, 0xd5f4, 0xd594, 0xd594, 0xdd54, 0xdd54, 0xe5d5, 0xdd54, 0xdd54, 0xe5d5, 0xdd54, 0xdd54, 0xe5d5, 
	0xdd54, 0xdd54, 0xd533, 0x72a9, 0x5a66, 0x51e5, 0x4a24, 0x5a66, 0x42a8, 0x6308, 0xa593, 0xd5f4, 0xbdd7, 0xa593, 0x42a8, 0x0060, 
	0x0001, 0x0001, 0x0001, 0x0001, 0x0001, 0x0001, 0x0001, 0x0001, 0x0001, 0x0001, 0x0001, 0x0001, 0x0001, 0x0001, 0x0001, 0x0001, 
	0x0001, 0x0001, 0x0001, 0x0027, 0x00d1, 0x11da, 0x0000, 0x0000, 0x0000, 0x0000, 0x0000, 0x0000, 0x0000, 0x0000, 0x0000, 0x0000, 
	0x0000, 0x0000, 0x0000, 0x0000, 0x0000, 0x0000, 0x0000, 0x0000, 0x0000, 0x0000, 0x0000, 0x0000, 0x0000, 0x0000, 0x0000, 0x0000, 
	0x0000, 0x0000, 0x0000, 0x0000, 0x0000, 0x0000, 0x0000, 0x0000, 0x0000, 0x0000, 0x0000, 0x0000, 0x0000, 0x0000, 0x0000, 0x0000, 
	0x0000, 0x0000, 0x0000, 0x0000, 0x0000, 0x0000, 0x0000, 0x0000, 0x0000, 0x0000, 0x0000, 0x0000, 0x0000, 0x0000, 0x0000, 0x0000, 
	0x0000, 0x0000, 0x0000, 0x0000, 0x0000, 0x0000, 0x0000, 0x0000, 0x0000, 0x0000, 0x0000, 0x0000, 0x0000, 0x0000, 0x0000, 0x0000, 
	0x0000, 0x0000, 0x0000, 0x0000, 0x0000, 0x0000, 0x0000, 0x09dc, 0x0177, 0x00d1, 0x0027, 0x0002, 0x0001, 0x0001, 0x0001, 0x0001, 
	0x0001, 0x0001, 0x0001, 0x0001, 0x0001, 0x0001, 0x0001, 0x0001, 0x0001, 0x0001, 0x0001, 0x0001, 0x0800, 0x0001, 0x28e0, 0x734c, 
	0xab0d, 0x99ea, 0x928a, 0x99ea, 0x99ea, 0x99ea, 0x99ea, 0xa20b, 0xa20b, 0xa20b, 0xa20b, 0x99ea, 0xa20b, 0x89e8, 0xa20b, 0xab0d, 
	0xcc92, 0xd533, 0xee97, 0xf6f7, 0xf739, 0xf6f7, 0xf6f7, 0xe758, 0xf6f7, 0xd699, 0xf6f7, 0xee97, 0xbbef, 0x89e8, 0x69c6, 0x8988, 
	0x8928, 0x8928, 0x8928, 0x8928, 0x8928, 0x9149, 0x9149, 0x9149, 0x9129, 0x9189, 0x9189, 0x9189, 0x9189, 0x9189, 0x9189, 0xa20b, 
	0x9189, 0x99ea, 0xa20b, 0x9189, 0x91e9, 0xa20b, 0x91e9, 0xa20b, 0xa20b, 0xa26c, 0xc390, 0xd432, 0xd432, 0xcc92, 0xcc92, 0xbcd1, 
	0xcc92, 0xd5f5, 0xff18, 0xf6f7, 0xf737, 0xf737, 0xf737, 0xef37, 0xef37, 0xef37, 0xf737, 0xf737, 0xf737, 0xf737, 0xf737, 0xf737, 
	0xe758, 0xf737, 0xf6f7, 0xeef6, 0xd594, 0xd594, 0xdd54, 0xdd54, 0xe5d5, 0xdd54, 0xe5d5, 0xdd54, 0xdd54, 0xdd54, 0xdd54, 0xdd54, 
	0xdd54, 0xe5d5, 0xd533, 0x72a9, 0x51e5, 0x5a66, 0x5a66, 0x5a66, 0x4a24, 0x6beb, 0xa593, 0xa593, 0xbdf3, 0xbdf3, 0xa593, 0x8c4e, 
	0x29c4, 0x0001, 0x0001, 0x0001, 0x0001, 0x0001, 0x0001, 0x0001, 0x0001, 0x0001, 0x0001, 0x0001, 0x0001, 0x0001, 0x0001, 0x0001, 
	0x0001, 0x0001, 0x0001, 0x0002, 0x0027, 0x006d, 0x00d1, 0x09dc, 0x0000, 0x0000, 0x0000, 0x0000, 0x0000, 0x0000, 0x0000, 0x0000, 
	0x0000, 0x0000, 0x0000, 0x0000, 0x0000, 0x0000, 0x0000, 0x0000, 0x0000, 0x0000, 0x0000, 0x0000, 0x0000, 0x0000, 0x0000, 0x0000, 
	0x0000, 0x0000, 0x0000, 0x0000, 0x0000, 0x0000, 0x0000, 0x0000, 0x0000, 0x0000, 0x0000, 0x0000, 0x0000, 0x0000, 0x0000, 0x0000, 
	0x0000, 0x0000, 0x0000, 0x0000, 0x0000, 0x0000, 0x0000, 0x0000, 0x0000, 0x0000, 0x0000, 0x0000, 0x0000, 0x0000, 0x0000, 0x0000, 
	0x0000, 0x0000, 0x0000, 0x0000, 0x0000, 0x0000, 0x0000, 0x0000, 0x0000, 0x0000, 0x0000, 0x0000, 0x0000, 0x0000, 0x0000, 0x0000, 
	0x0000, 0x0000, 0x0000, 0x0000, 0x0000, 0x0000, 0x0000, 0x0177, 0x006d, 0x0004, 0x0001, 0x0001, 0x0001, 0x0001, 0x0001, 0x0001, 
	0x0001, 0x0001, 0x0001, 0x0001, 0x0001, 0x0001, 0x0001, 0x0001, 0x0001, 0x0001, 0x0001, 0x0001, 0x0800, 0x41e7, 0xa42e, 0xcc92, 
	0xab0d, 0xa20b, 0x89e8, 0xa20b, 0x99ea, 0x9189, 0xa20b, 0x9189, 0xa20b, 0x9189, 0xa20b, 0x99ea, 0xa20b, 0x8988, 0xa20b, 0xab0d, 
	0xccf2, 0xe5d5, 0xee97, 0xf6f7, 0xf738, 0xe758, 0xd699, 0xef37, 0xf6f7, 0xf6f7, 0xfed9, 0xd594, 0x936b, 0x89e8, 0x8988, 0x8988, 
	0x8988, 0x8928, 0x8928, 0x8928, 0x8928, 0x8928, 0x8928, 0x9189, 0x9149, 0x9129, 0x9189, 0x9189, 0x9189, 0x9189, 0x9189, 0x9189, 
	0xa20b, 0x9189, 0x9189, 0xa20b, 0x9189, 0xa20b, 0x91e9, 0xa20b, 0x91e9, 0xab0d, 0xc390, 0xd432, 0xcc92, 0xcc92, 0xcc31, 0xcc92, 
	0xbcd1, 0xe5d5, 0xff18, 0xfed9, 0xf737, 0xf737, 0xf737, 0xef37, 0xef37, 0xef37, 0xf737, 0xf737, 0xf737, 0xf737, 0xf737, 0xf737, 
	0xef37, 0xf738, 0xf6f7, 0xeef6, 0xd594, 0xe5d5, 0xe5d5, 0xdd54, 0xdd54, 0xdd54, 0xdd54, 0xdd54, 0xe5d5, 0xdd54, 0xdd54, 0xd594, 
	0xdd54, 0xdd54, 0xccf2, 0x69c6, 0x5a66, 0x51e5, 0x5a66, 0x41e7, 0x5a66, 0x6beb, 0xbdf3, 0xadb1, 0xa593, 0xa593, 0xbdf3, 0xa593, 
	0x9591, 0x42a8, 0x08e1, 0x0001, 0x0001, 0x0001, 0x0001, 0x0001, 0x0001, 0x0001, 0x0001, 0x0001, 0x0001, 0x0001, 0x0001, 0x0001, 
	0x0001, 0x0001, 0x0001, 0x0001, 0x0001, 0x0004, 0x006d, 0x00d1, 0x09dc, 0x0000, 0x0000, 0x0000, 0x0000, 0x0000, 0x0000, 0x0000, 
	0x0000, 0x0000, 0x0000, 0x0000, 0x0000, 0x0000, 0x0000, 0x0000, 0x0000, 0x0000, 0x0000, 0x0000, 0x0000, 0x0000, 0x0000, 0x0000, 
	0x0000, 0x0000, 0x0000, 0x0000, 0x0000, 0x0000, 0x0000, 0x0000, 0x0000, 0x0000, 0x0000, 0x0000, 0x0000, 0x0000, 0x0000, 0x0000, 
	0x0000, 0x0000, 0x0000, 0x0000, 0x0000, 0x0000, 0x0000, 0x0000, 0x0000, 0x0000, 0x0000, 0x0000, 0x0000, 0x0000, 0x0000, 0x0000, 
	0x0000, 0x0000, 0x0000, 0x0000, 0x0000, 0x0000, 0x0000, 0x0000, 0x0000, 0x0000, 0x0000, 0x0000, 0x0000, 0x0000, 0x0000, 0x0000, 
	0x0000, 0x0000, 0x0000, 0x0000, 0x0000, 0x09dc, 0x0177, 0x006d, 0x0004, 0x0001, 0x0001, 0x0001, 0x0001, 0x0001, 0x0001, 0x0001, 
	0x0001, 0x0001, 0x0001, 0x0001, 0x0001, 0x0001, 0x0001, 0x0001, 0x0001, 0x0001, 0x0800, 0x1860, 0x41e7, 0xc410, 0xbd53, 0xcc31, 
	0xb30e, 0x99ea, 0x99ea, 0x99ea, 0x99ea, 0xa20b, 0x9189, 0x99ea, 0x9189, 0xa20b, 0x99ea, 0xa20b, 0x99ea, 0x91e9, 0x99ea, 0xab0d, 
	0xd533, 0xee16, 0xfed9, 0xf738, 0xf6f7, 0xef38, 0xe758, 0xf6f7, 0xee97, 0xf738, 0xfed9, 0xccf2, 0x89e8, 0x89e8, 0x69c6, 0x8988, 
	0x8988, 0x8928, 0x8928, 0x8928, 0x8988, 0x9129, 0x9189, 0x9149, 0x9149, 0x8988, 0x9149, 0x9189, 0x9189, 0x99ea, 0x9189, 0x9189, 
	0x9189, 0x9189, 0xa20b, 0x9189, 0x9189, 0xa20b, 0x91e9, 0xa20b, 0x99ea, 0xb30e, 0xd432, 0xd432, 0xcc92, 0xcc92, 0xcc31, 0xbcd1, 
	0xccf2, 0xee97, 0xfed9, 0xf737, 0xf737, 0xf737, 0xf737, 0xef37, 0xef37, 0xef37, 0xf737, 0xf737, 0xf737, 0xf737, 0xf737, 0xf737, 
	0xf738, 0xf758, 0xf6f7, 0xe676, 0xd594, 0xd533, 0xdd54, 0xdd54, 0xdd54, 0xdd54, 0xdd54, 0xdd54, 0xdd54, 0xdd54, 0xd594, 0xdd54, 
	0xdd54, 0xdd54, 0xa42e, 0x69c6, 0x5a66, 0x5a66, 0x4a24, 0x5a66, 0x42a8, 0x8c4e, 0xb5b1, 0xa593, 0xa593, 0xbdf3, 0xa593, 0xa593, 
	0xa593, 0xa593, 0x7c4e, 0x29c4, 0x0001, 0x0001, 0x0001, 0x0001, 0x0001, 0x0001, 0x0001, 0x0001, 0x0001, 0x0001, 0x0001, 0x0001, 
	0x0001, 0x0001, 0x0001, 0x0001, 0x0001, 0x0001, 0x0004, 0x004a, 0x00d1, 0x09dc, 0x09dc, 0x0000, 0x0000, 0x0000, 0x0000, 0x0000, 
	0x0000, 0x0000, 0x0000, 0x0000, 0x0000, 0x0000, 0x0000, 0x0000, 0x0000, 0x0000, 0x0000, 0x0000, 0x0000, 0x0000, 0x0000, 0x0000, 
	0x0000, 0x0000, 0x0000, 0x0000, 0x0000, 0x0000, 0x0000, 0x0000, 0x0000, 0x0000, 0x0000, 0x0000, 0x0000, 0x0000, 0x0000, 0x0000, 
	0x0000, 0x0000, 0x0000, 0x0000, 0x0000, 0x0000, 0x0000, 0x0000, 0x0000, 0x0000, 0x0000, 0x0000, 0x0000, 0x0000, 0x0000, 0x0000, 
	0x0000, 0x0000, 0x0000, 0x0000, 0x0000, 0x0000, 0x0000, 0x0000, 0x0000, 0x0000, 0x0000, 0x0000, 0x0000, 0x0000, 0x0000, 0x0000, 
	0x0000, 0x0000, 0x0000, 0x0000, 0x09dc, 0x0177, 0x004a, 0x0002, 0x0001, 0x0800, 0x0001, 0x0001, 0x0001, 0x0001, 0x0001, 0x0001, 
	0x0001, 0x0800, 0x0001, 0x0001, 0x0001, 0x0001, 0x0001, 0x0800, 0x0001, 0x0001, 0x3944, 0x5a89, 0x928a, 0xc410, 0xcc31, 0xd432, 
	0xab0d, 0x99ea, 0x99ea, 0x99ea, 0x9189, 0x99ea, 0x99ea, 0xa20b, 0xa20b, 0xa20b, 0x91e9, 0x91e9, 0xa20b, 0x89e8, 0x928a, 0xab0d, 
	0xe5d5, 0xee97, 0xfed9, 0xf738, 0xef38, 0xf6f7, 0xe758, 0xf6f7, 0xee97, 0xfed9, 0xee16, 0xbbef, 0x89e8, 0x8988, 0x8988, 0x8928, 
	0x8928, 0x8928, 0x8928, 0x8988, 0x9129, 0x8988, 0x9129, 0x9149, 0x9149, 0x9149, 0x9149, 0x9189, 0x9149, 0x99ea, 0x9189, 0x9189, 
	0xa20b, 0x9189, 0x9189, 0xa20b, 0x9189, 0x9189, 0xa20b, 0x91e9, 0xa20b, 0xb30e, 0xd432, 0xc410, 0xd432, 0xcc31, 0xcc92, 0xcc92, 
	0xd533, 0xee97, 0xfed9, 0xff18, 0xf737, 0xf737, 0xf737, 0xef37, 0xef37, 0xef37, 0xf737, 0xf737, 0xf737, 0xf737, 0xf737, 0xf737, 
	0xf738, 0xf738, 0xf6f7, 0xe676, 0xd594, 0xd594, 0xe5d5, 0xdd54, 0xdd54, 0xdd54, 0xd594, 0xe5d5, 0xdd54, 0xdd54, 0xdd54, 0xd594, 
	0xdd54, 0xd533, 0xa42e, 0x51e5, 0x51e5, 0x5a66, 0x5a66, 0x4a24, 0x5a66, 0x94ae, 0xadb1, 0xa593, 0xa593, 0xa593, 0xa593, 0xa593, 
	0xa593, 0x9d91, 0xa593, 0xa593, 0x42a8, 0x0060, 0x0001, 0x0001, 0x0001, 0x0001, 0x0001, 0x0001, 0x0001, 0x0001, 0x0001, 0x0001, 
	0x0001, 0x0001, 0x0001, 0x0001, 0x0001, 0x0001, 0x0001, 0x0002, 0x004a, 0x00d1, 0x09dc, 0x0000, 0x0000, 0x0000, 0x0000, 0x0000, 
	0x0000, 0x0000, 0x0000, 0x0000, 0x0000, 0x0000, 0x0000, 0x0000, 0x0000, 0x0000, 0x0000, 0x0000, 0x0000, 0x0000, 0x0000, 0x0000, 
	0x0000, 0x0000, 0x0000, 0x0000, 0x0000, 0x0000, 0x0000, 0x0000, 0x0000, 0x0000, 0x0000, 0x0000, 0x0000, 0x0000, 0x0000, 0x0000, 
	0x0000, 0x0000, 0x0000, 0x0000, 0x0000, 0x0000, 0x0000, 0x0000, 0x0000, 0x0000, 0x0000, 0x0000, 0x0000, 0x0000, 0x0000, 0x0000, 
	0x0000, 0x0000, 0x0000, 0x0000, 0x0000, 0x0000, 0x0000, 0x0000, 0x0000, 0x0000, 0x0000, 0x0000, 0x0000, 0x0000, 0x0000, 0x0000, 
	0x0000, 0x0000, 0x0000, 0x11da, 0x00d1, 0x006d, 0x0004, 0x0001, 0x0001, 0x0001, 0x0001, 0x0001, 0x0001, 0x0001, 0x0001, 0x0001, 
	0x0001, 0x0001, 0x0001, 0x0800, 0x0001, 0x0001, 0x0001, 0x0001, 0x1000, 0x3922, 0x89e8, 0x72a9, 0x928a, 0xc410, 0xcc31, 0xdcb3, 
	0xb30e, 0x99ea, 0x99ea, 0x9189, 0x99ea, 0xa20b, 0x9189, 0xa20b, 0x9189, 0x91e9, 0xa20b, 0x99ea, 0x99ea, 0x99ea, 0x8a69, 0xb36e, 
	0xee16, 0xee97, 0xf6f7, 0xfed9, 0xef38, 0xf6f7, 0xe758, 0xf6f7, 0xf6f7, 0xf6f7, 0xee16, 0x936b, 0x89e8, 0x89e8, 0x8988, 0x9189, 
	0x8988, 0x9189, 0x8928, 0x9189, 0x9149, 0x9129, 0x9189, 0x9149, 0x9149, 0x9149, 0x9189, 0x9189, 0x9149, 0x9189, 0x9189, 0x9189, 
	0x9189, 0x99ea, 0x9189, 0x9189, 0xa20b, 0x9189, 0x91e9, 0xa20b, 0x99ea, 0xb30e, 0xd432, 0xd432, 0xcc92, 0xcc31, 0xcc92, 0xbcf0, 
	0xdd54, 0xfed9, 0xf738, 0xf738, 0xf737, 0xf737, 0xf737, 0xef37, 0xef37, 0xef37, 0xf737, 0xf737, 0xf737, 0xf737, 0xf737, 0xf738, 
	0xf738, 0xf737, 0xeef6, 0xe5d5, 0xd5f4, 0xdd54, 0xdd54, 0xdd54, 0xdd54, 0xdd54, 0xdd54, 0xdd54, 0xdd54, 0xdd54, 0xdd54, 0xdd54, 
	0xdd54, 0xd533, 0x72a9, 0x51e5, 0x5a66, 0x51e5, 0x5a66, 0x5a66, 0x62e6, 0x9d91, 0xbdf3, 0xadb1, 0xa593, 0xadb1, 0xa593, 0xa593, 
	0xa593, 0xa593, 0x9591, 0xa593, 0xa593, 0x6c4e, 0x2102, 0x0001, 0x0001, 0x0001, 0x0001, 0x0060, 0x0001, 0x0001, 0x0001, 0x0001, 
	0x0001, 0x0001, 0x0001, 0x0001, 0x0001, 0x0001, 0x0001, 0x0001, 0x0004, 0x004a, 0x00d1, 0x0177, 0x09dc, 0x0000, 0x0000, 0x0000, 
	0x0000, 0x0000, 0x0000, 0x0000, 0x0000, 0x0000, 0x0000, 0x0000, 0x0000, 0x0000, 0x0000, 0x0000, 0x0000, 0x0000, 0x0000, 0x0000, 
	0x0000, 0x0000, 0x0000, 0x0000, 0x0000, 0x0000, 0x0000, 0x0000, 0x0000, 0x0000, 0x0000, 0x0000, 0x0000, 0x0000, 0x0000, 0x0000, 
	0x0000, 0x0000, 0x0000, 0x0000, 0x0000, 0x0000, 0x0000, 0x0000, 0x0000, 0x0000, 0x0000, 0x0000, 0x0000, 0x0000, 0x0000, 0x0000, 
	0x0000, 0x0000, 0x0000, 0x0000, 0x0000, 0x0000, 0x0000, 0x0000, 0x0000, 0x0000, 0x0000, 0x0000, 0x0000, 0x0000, 0x0000, 0x0000, 
	0x0000, 0x0000, 0x09dc, 0x0177, 0x006d, 0x0002, 0x0001, 0x0001, 0x0001, 0x0001, 0x0001, 0x0001, 0x0001, 0x0001, 0x0001, 0x0001, 
	0x0001, 0x0001, 0x0800, 0x0800, 0x0001, 0x0800, 0x1000, 0x3060, 0x89e8, 0x89e8, 0x8a69, 0x8a69, 0x928a, 0xc410, 0xcc31, 0xd432, 
	0xb30e, 0x99ea, 0x9189, 0x91e9, 0xa20b, 0x91e9, 0xa20b, 0x9189, 0xa20b, 0x9189, 0x9189, 0xa20b, 0x91e9, 0x99ea, 0x928a, 0xa42e, 
	0xee16, 0xfed9, 0xfed9, 0xf6f7, 0xf739, 0xf6f7, 0xe758, 0xf6f7, 0xf6f7, 0xf6f7, 0xbd53, 0x72a9, 0x89e8, 0x89e8, 0x9189, 0x8988, 
	0x8988, 0x9189, 0x8988, 0x9149, 0x9149, 0x9149, 0x9149, 0x8928, 0x9189, 0x9189, 0x9189, 0x9189, 0x9189, 0x9189, 0xa20b, 0x9189, 
	0xa20b, 0x9189, 0x99ea, 0x99ea, 0x9189, 0x91e9, 0xa20b, 0x91e9, 0x99ea, 0xab0d, 0xd432, 0xd432, 0xcc31, 0xcc92, 0xc410, 0xbcd1, 
	0xd5f5, 0xfed9, 0xf738, 0xf738, 0xf737, 0xef37, 0xef37, 0xef37, 0xef37, 0xf737, 0xf737, 0xf738, 0xef37, 0xf737, 0xf738, 0xf758, 
	0xf738, 0xf6f7, 0xeef6, 0xe5d5, 0xd594, 0xd594, 0xdd54, 0xdd54, 0xdd54, 0xdd54, 0xdd54, 0xdd54, 0xdd54, 0xdd54, 0xdd54, 0xd594, 
	0xd594, 0xd533, 0x72a9, 0x69c6, 0x5a66, 0x5a66, 0x5a66, 0x4a24, 0x6308, 0xadb1, 0xadb1, 0xadb1, 0xa593, 0xa593, 0xa5b1, 0xa5b1, 
	0x9591, 0xa593, 0x9591, 0xa593, 0x8530, 0xa593, 0x8571, 0x31a7, 0x0060, 0x0001, 0x0001, 0x0001, 0x0001, 0x0001, 0x0001, 0x0001, 
	0x0001, 0x0001, 0x0001, 0x0001, 0x0001, 0x0001, 0x0001, 0x0001, 0x0001, 0x0001, 0x0027, 0x00d1, 0x09dc, 0x0000, 0x0000, 0x0000, 
	0x0000, 0x0000, 0x0000, 0x0000, 0x0000, 0x0000, 0x0000, 0x0000, 0x0000, 0x0000, 0x0000, 0x0000, 0x0000, 0x0000, 0x0000, 0x0000, 
	0x0000, 0x0000, 0x0000, 0x0000, 0x0000, 0x0000, 0x0000, 0x0000, 0x0000, 0x0000, 0x0000, 0x0000, 0x0000, 0x0000, 0x0000, 0x0000, 
	0x0000, 0x0000, 0x0000, 0x0000, 0x0000, 0x0000, 0x0000, 0x0000, 0x0000, 0x0000, 0x0000, 0x0000, 0x0000, 0x0000, 0x0000, 0x0000, 
	0x0000, 0x0000, 0x0000, 0x0000, 0x0000, 0x0000, 0x0000, 0x0000, 0x0000, 0x0000, 0x0000, 0x0000, 0x0000, 0x0000, 0x0000, 0x0000, 
	0x09dc, 0x09dc, 0x00d1, 0x004a, 0x0004, 0x0001, 0x0001, 0x0001, 0x0001, 0x0001, 0x0001, 0x0001, 0x0001, 0x0001, 0x0001, 0x0001, 
	0x0001, 0x0001, 0x0001, 0x0800, 0x0001, 0x1000, 0x3922, 0x69c6, 0x89e8, 0x89e8, 0x89e8, 0x8a69, 0x928a, 0xc410, 0xcc31, 0xd432, 
	0xb30e, 0x99ea, 0x9189, 0x99ea, 0x91e9, 0x99ea, 0x91e9, 0x91e9, 0xa20b, 0xa20b, 0x91e9, 0xa20b, 0x91e9, 0x8a69, 0x928a, 0xbbef, 
	0xfed9, 0xfed9, 0xf6f7, 0xf738, 0xf6f7, 0xf6f7, 0xe758, 0xf6f7, 0xf6f7, 0xee97, 0xa42e, 0x72a9, 0x89e8, 0x89e8, 0x8988, 0x9189, 
	0x8988, 0x9189, 0x8928, 0x9189, 0x9149, 0x9149, 0x9149, 0x9129, 0x9189, 0x9129, 0x9189, 0x9189, 0x9189, 0x99ea, 0x9189, 0x9189, 
	0xa20b, 0x9189, 0x91e9, 0x99ea, 0x9189, 0x91e9, 0x99ea, 0x99ea, 0xa20b, 0xb30e, 0xc410, 0xc410, 0xcc31, 0xbcd1, 0xcc92, 0xbcf0, 
	0xee16, 0xf739, 0xf738, 0xf738, 0xf737, 0xef37, 0xef37, 0xef37, 0xf737, 0xf737, 0xf737, 0xf738, 0xef37, 0xf737, 0xf738, 0xf738, 
	0xf738, 0xf6f7, 0xe676, 0xe5d5, 0xd594, 0xdd54, 0xdd54, 0xdd54, 0xdd54, 0xdd54, 0xdd54, 0xe5d5, 0xdd54, 0xdd54, 0xdd54, 0xdd54, 
	0xe5d5, 0xcc92, 0x6ac6, 0x51e5, 0x51e5, 0x5a66, 0x51e5, 0x5a66, 0x6beb, 0xadb1, 0xadb1, 0xadb1, 0xa5b1, 0xa593, 0xa5b1, 0xa593, 
	0x9591, 0xa593, 0x9591, 0x9591, 0x8d71, 0x8d71, 0x8d71, 0xa593, 0x5b2b, 0x0060, 0x0060, 0x0001, 0x0001, 0x0001, 0x0001, 0x0001, 
	0x0001, 0x0001, 0x0001, 0x0001, 0x0001, 0x0001, 0x0001, 0x0001, 0x0001, 0x0001, 0x0004, 0x0027, 0x00d1, 0x0177, 0x09dc, 0x0000, 
	0x0000, 0x0000, 0x0000, 0x0000, 0x0000, 0x0000, 0x0000, 0x0000, 0x0000, 0x0000, 0x0000, 0x0000, 0x0000, 0x0000, 0x0000, 0x0000, 
	0x0000, 0x0000, 0x0000, 0x0000, 0x0000, 0x0000, 0x0000, 0x0000, 0x0000, 0x0000, 0x0000, 0x0000, 0x0000, 0x0000, 0x0000, 0x0000, 
	0x0000, 0x0000, 0x0000, 0x0000, 0x0000, 0x0000, 0x0000, 0x0000, 0x0000, 0x0000, 0x0000, 0x0000, 0x0000, 0x0000, 0x0000, 0x0000, 
	0x0000, 0x0000, 0x0000, 0x0000, 0x0000, 0x0000, 0x0000, 0x0000, 0x0000, 0x0000, 0x0000, 0x0000, 0x0000, 0x0000, 0x0000, 0x0000, 
	0x09dc, 0x00d1, 0x004a, 0x0002, 0x0001, 0x0001, 0x0001, 0x0001, 0x0001, 0x0001, 0x0001, 0x0001, 0x0001, 0x0001, 0x0001, 0x0001, 
	0x0001, 0x0001, 0x0001, 0x0800, 0x1000, 0x69c6, 0x936b, 0x928a, 0x928a, 0x8a69, 0x928a, 0xab0d, 0x928a, 0xc410, 0xcc31, 0xd432, 
	0xb36e, 0x928a, 0x99ea, 0x99ea, 0x91e9, 0x99ea, 0x99ea, 0x91e9, 0x91e9, 0xa20b, 0xa20b, 0x928a, 0x928a, 0x928a, 0xab0d, 0xbcd1, 
	0xfed9, 0xf738, 0xf738, 0xf738, 0xe758, 0xf6f7, 0xf6f7, 0xe758, 0xfed9, 0xd5f5, 0x936b, 0x89e8, 0x89e8, 0x89e8, 0x89e8, 0x9189, 
	0x8988, 0x9189, 0x8988, 0x9129, 0x8988, 0x9189, 0x9149, 0x9189, 0x9189, 0x9189, 0x9189, 0x9189, 0x99ea, 0x9189, 0xa20b, 0x9189, 
	0x9189, 0x9189, 0x91e9, 0x99ea, 0xa20b, 0x9189, 0x91e9, 0x99ea, 0x99ea, 0xab0d, 0xc390, 0xb36e, 0xbbef, 0xc410, 0xbcd1, 0xc410, 
	0xe676, 0xf6f7, 0xf738, 0xf738, 0xf737, 0xef37, 0xef37, 0xef37, 0xf737, 0xf737, 0xf737, 0xf738, 0xef37, 0xf737, 0xf738, 0xf738, 
	0xf758, 0xf6f7, 0xe676, 0xe5d5, 0xd594, 0xd594, 0xdd54, 0xdd54, 0xdd54, 0xe5d5, 0xdd54, 0xdd54, 0xdd54, 0xdd54, 0xdd54, 0xdd54, 
	0xdd54, 0xa42e, 0x69c6, 0x5a43, 0x51e5, 0x5a66, 0x5a66, 0x4a24, 0x840b, 0xadb1, 0xadb1, 0xadb1, 0xa5b1, 0x9d91, 0x9d91, 0x9d91, 
	0x9591, 0x9591, 0x9591, 0xa593, 0x8d71, 0x8d71, 0x8d71, 0x8d71, 0xa593, 0x6c4e, 0x2102, 0x0001, 0x0001, 0x0001, 0x0001, 0x0001, 
	0x0001, 0x0001, 0x0001, 0x0001, 0x0001, 0x0001, 0x0001, 0x0001, 0x0001, 0x0001, 0x0001, 0x0001, 0x0027, 0x00d1, 0x11da, 0x0000, 
	0x0000, 0x0000, 0x0000, 0x0000, 0x0000, 0x0000, 0x0000, 0x0000, 0x0000, 0x0000, 0x0000, 0x0000, 0x0000, 0x0000, 0x0000, 0x0000, 
	0x0000, 0x0000, 0x0000, 0x0000, 0x0000, 0x0000, 0x0000, 0x0000, 0x0000, 0x0000, 0x0000, 0x0000, 0x0000, 0x0000, 0x0000, 0x0000, 
	0x0000, 0x0000, 0x0000, 0x0000, 0x0000, 0x0000, 0x0000, 0x0000, 0x0000, 0x0000, 0x0000, 0x0000, 0x0000, 0x0000, 0x0000, 0x0000, 
	0x0000, 0x0000, 0x0000, 0x0000, 0x0000, 0x0000, 0x0000, 0x0000, 0x0000, 0x0000, 0x0000, 0x0000, 0x0000, 0x0000, 0x0000, 0x09dc, 
	0x00d1, 0x006d, 0x0004, 0x0001, 0x0001, 0x0001, 0x0001, 0x0001, 0x0001, 0x0001, 0x0001, 0x0001, 0x0001, 0x0001, 0x0001, 0x0001, 
	0x0060, 0x0001, 0x0001, 0x3922, 0x928a, 0xa42e, 0xc410, 0xc410, 0xbbef, 0xc410, 0xc410, 0xc410, 0xcc31, 0xcc31, 0xcc31, 0xcc31, 
	0xc410, 0xbbef, 0xbbef, 0xc410, 0xc410, 0xc410, 0xbbef, 0xd432, 0xc410, 0xc410, 0xcc6b, 0xd432, 0xbbef, 0xbbef, 0xcc92, 0xee97, 
	0xee97, 0xfed9, 0xf738, 0xee97, 0xf6f7, 0xe758, 0xf6f7, 0xf6f7, 0xf6f7, 0xde75, 0xbcf0, 0xa42e, 0xa42e, 0xab0d, 0xab0d, 0x8a69, 
	0x8a69, 0x99ea, 0x89e8, 0x89e8, 0x8988, 0x8988, 0x8988, 0x89e8, 0x9189, 0x89e8, 0x9189, 0x8988, 0x9189, 0x99ea, 0x8988, 0x99ea, 
	0x99ea, 0x9189, 0x9189, 0x91e9, 0x91e9, 0x99ea, 0x99ea, 0x99ea, 0x99ea, 0x928a, 0x928a, 0x928a, 0x8a69, 0xab0d, 0xab0d, 0xbcf0, 
	0xee97, 0xf6f7, 0xf738, 0xf737, 0xf737, 0xef37, 0xef37, 0xef37, 0xf737, 0xf737, 0xf737, 0xf738, 0xef37, 0xf737, 0xf738, 0xf738, 
	0xff18, 0xf738, 0xe5d5, 0xe5d5, 0xd594, 0xdd54, 0xe5d5, 0xdd54, 0xdd54, 0xdd54, 0xdd54, 0xdd54, 0xdd54, 0xdd54, 0xdd54, 0xd594, 
	0xe5d5, 0xa42e, 0x69c6, 0x51e5, 0x5a66, 0x5a66, 0x5223, 0x5a66, 0x8c4e, 0xadb1, 0xadb1, 0xbdf3, 0x9d91, 0x9d91, 0x9d91, 0x9d91, 
	0x9d91, 0xa593, 0x8d71, 0x9591, 0x9591, 0x8d71, 0xa593, 0x8571, 0x8d71, 0xa593, 0x7c4e, 0x29c4, 0x0001, 0x0001, 0x0001, 0x0001, 
	0x0001, 0x0001, 0x0001, 0x0001, 0x0001, 0x0001, 0x0001, 0x0001, 0x0001, 0x0001, 0x0001, 0x0001, 0x0001, 0x0027, 0x00d1, 0x0177, 
	0x0000, 0x0000, 0x0000, 0x0000, 0x0000, 0x0000, 0x0000, 0x0000, 0x0000, 0x0000, 0x0000, 0x0000, 0x0000, 0x0000, 0x0000, 0x0000, 
	0x0000, 0x0000, 0x0000, 0x0000, 0x0000, 0x0000, 0x0000, 0x0000, 0x0000, 0x0000, 0x0000, 0x0000, 0x0000, 0x0000, 0x0000, 0x0000, 
	0x0000, 0x0000, 0x0000, 0x0000, 0x0000, 0x0000, 0x0000, 0x0000, 0x0000, 0x0000, 0x0000, 0x0000, 0x0000, 0x0000, 0x0000, 0x0000, 
	0x0000, 0x0000, 0x0000, 0x0000, 0x0000, 0x0000, 0x0000, 0x0000, 0x0000, 0x0000, 0x0000, 0x0000, 0x0000, 0x0000, 0x09dc, 0x0177, 
	0x006d, 0x0002, 0x0001, 0x0001, 0x0800, 0x0800, 0x0001, 0x0001, 0x0001, 0x0001, 0x0001, 0x0001, 0x0001, 0x0001, 0x0001, 0x0001, 
	0x0800, 0x0800, 0x3944, 0xa42e, 0xcc31, 0xcc31, 0xbbef, 0xc410, 0xc410, 0xc410, 0xcc31, 0xcc31, 0xcc31, 0xcc31, 0xcc92, 0xcc31, 
	0xcc31, 0xcc31, 0xcc31, 0xcc31, 0xc410, 0xc410, 0xc410, 0xc410, 0xc410, 0xcc31, 0xcc92, 0xcc92, 0xccf2, 0xccf2, 0xd5f5, 0xfed9, 
	0xfed9, 0xef38, 0xf6f7, 0xe758, 0xf6f7, 0xef37, 0xf6f7, 0xe758, 0xf6f7, 0xee97, 0xee97, 0xee97, 0xfed9, 0xfed9, 0xee16, 0xee16, 
	0xdd54, 0xccf2, 0xc410, 0xbbef, 0xab0d, 0xab0d, 0xab0d, 0x928a, 0x8a69, 0x99ea, 0x8a69, 0x89e8, 0x89e8, 0x89e8, 0x91e9, 0x89e8, 
	0x91e9, 0x91e9, 0x9189, 0x99ea, 0x91e9, 0x91e9, 0x99ea, 0x99ea, 0x99ea, 0xa20b, 0x928a, 0x928a, 0x99ea, 0x928a, 0x936b, 0xa42e, 
	0xe676, 0xf6f7, 0xf737, 0xf737, 0xf737, 0xef37, 0xff37, 0xef37, 0xf737, 0xf738, 0xef37, 0xf737, 0xf738, 0xef37, 0xf737, 0xf738, 
	0xff18, 0xf738, 0xe676, 0xd594, 0xd594, 0xdd54, 0xdd54, 0xdd54, 0xdd54, 0xdd54, 0xdd54, 0xdd54, 0xdd54, 0xdd54, 0xdd54, 0xdd54, 
	0xdd54, 0x936b, 0x69c6, 0x5a43, 0x51e5, 0x5a66, 0x5a66, 0x5a66, 0x94ae, 0xadb1, 0xadb1, 0xa5b1, 0xa5b1, 0x9d91, 0x9d91, 0xa593, 
	0x9591, 0x8d71, 0x8d71, 0x8d71, 0xa593, 0x8571, 0x8571, 0x8d71, 0x8d71, 0xa593, 0x8d71, 0x8530, 0x42a8, 0x0060, 0x0001, 0x0060, 
	0x0001, 0x0001, 0x0001, 0x0001, 0x0001, 0x0001, 0x0001, 0x0001, 0x0001, 0x0001, 0x0800, 0x0001, 0x0001, 0x0001, 0x0027, 0x00d1, 
	0x09dc, 0x0000, 0x0000, 0x0000, 0x0000, 0x0000, 0x0000, 0x0000, 0x0000, 0x0000, 0x0000, 0x0000, 0x0000, 0x0000, 0x0000, 0x0000, 
	0x0000, 0x0000, 0x0000, 0x0000, 0x0000, 0x0000, 0x0000, 0x0000, 0x0000, 0x0000, 0x0000, 0x0000, 0x0000, 0x0000, 0x0000, 0x0000, 
	0x0000, 0x0000, 0x0000, 0x0000, 0x0000, 0x0000, 0x0000, 0x0000, 0x0000, 0x0000, 0x0000, 0x0000, 0x0000, 0x0000, 0x0000, 0x0000, 
	0x0000, 0x0000, 0x0000, 0x0000, 0x0000, 0x0000, 0x0000, 0x0000, 0x0000, 0x0000, 0x0000, 0x0000, 0x0000, 0x09dc, 0x0177, 0x004a, 
	0x0004, 0x0001, 0x0001, 0x0001, 0x0001, 0x0001, 0x0001, 0x0001, 0x0001, 0x0001, 0x0001, 0x0001, 0x0001, 0x0001, 0x0001, 0x0001, 
	0x1000, 0x51e5, 0xa42e, 0xbcd1, 0xa42e, 0xcc31, 0xc410, 0xbbef, 0xc410, 0xc410, 0xcc31, 0xcc31, 0xcc92, 0xcc31, 0xcc92, 0xcc31, 
	0xc410, 0xbcf0, 0xbbef, 0xbcf0, 0xc410, 0xccf2, 0xd594, 0xe5d5, 0xe5d5, 0xee16, 0xee16, 0xee97, 0xfed9, 0xfed9, 0xfed9, 0xf739, 
	0xf6f7, 0xef38, 0xf6f7, 0xf6f7, 0xef37, 0xf6f7, 0xe758, 0xf6f7, 0xef38, 0xf6f7, 0xf6f7, 0xf6f7, 0xfed9, 0xfed9, 0xfed9, 0xfed9, 
	0xfed9, 0xfed9, 0xee97, 0xfed9, 0xee97, 0xee97, 0xe5d5, 0xe5d5, 0xcc92, 0xc410, 0xa42e, 0xab0d, 0xab0d, 0x8a69, 0x8a69, 0x99ea, 
	0x89e8, 0x89e8, 0x99ea, 0x91e9, 0x9189, 0x99ea, 0x91e9, 0x99ea, 0x99ea, 0x928a, 0x99ea, 0x928a, 0x928a, 0x8a69, 0x8a69, 0xbbef, 
	0xff37, 0xf6f7, 0xf737, 0xf737, 0xf737, 0xef37, 0xef37, 0xef37, 0xf737, 0xf737, 0xf737, 0xf737, 0xf737, 0xf737, 0xf737, 0xf737, 
	0xf738, 0xf6f7, 0xe5d5, 0xe5d5, 0xd594, 0xdd54, 0xdd54, 0xdd54, 0xdd54, 0xdd54, 0xdd54, 0xdd54, 0xe5d5, 0xdd54, 0xdd54, 0xd594, 
	0xd533, 0x72a9, 0x5a66, 0x69c6, 0x5a66, 0x5a66, 0x5223, 0x62e6, 0xadb1, 0xadb1, 0xadb1, 0xa5b1, 0xa5b1, 0x9d91, 0x9591, 0x9591, 
	0x9591, 0x9d91, 0x9591, 0x8d71, 0x8d71, 0x8d71, 0x8d71, 0xa593, 0x8571, 0x8530, 0x8571, 0xa593, 0x8d71, 0x5b2b, 0x0060, 0x0001, 
	0x0001, 0x0001, 0x0001, 0x0001, 0x0001, 0x0001, 0x0001, 0x0001, 0x0001, 0x0001, 0x0001, 0x0001, 0x0001, 0x0001, 0x0002, 0x0027, 
	0x00d1, 0x11da, 0x0000, 0x0000, 0x0000, 0x0000, 0x0000, 0x0000, 0x0000, 0x0000, 0x0000, 0x0000, 0x0000, 0x0000, 0x0000, 0x0000, 
	0x0000, 0x0000, 0x0000, 0x0000, 0x0000, 0x0000, 0x0000, 0x0000, 0x0000, 0x0000, 0x0000, 0x0000, 0x0000, 0x0000, 0x0000, 0x0000, 
	0x0000, 0x0000, 0x0000, 0x0000, 0x0000, 0x0000, 0x0000, 0x0000, 0x0000, 0x0000, 0x0000, 0x0000, 0x0000, 0x0000, 0x0000, 0x0000, 
	0x0000, 0x0000, 0x0000, 0x0000, 0x0000, 0x0000, 0x0000, 0x0000, 0x0000, 0x0000, 0x0000, 0x0000, 0x0000, 0x0177, 0x004a, 0x0002, 
	0x0001, 0x0001, 0x0001, 0x0001, 0x0001, 0x0001, 0x0001, 0x0001, 0x0001, 0x0001, 0x0001, 0x0001, 0x0001, 0x0001, 0x0001, 0x0800, 
	0x72a9, 0xc410, 0xbd53, 0xcc31, 0xcc31, 0xcc31, 0xc410, 0xcc31, 0xc410, 0xc410, 0xc410, 0xcc92, 0xcc31, 0xcc31, 0xcc92, 0xcc31, 
	0xbcd1, 0xcc92, 0xd533, 0xd594, 0xe5d5, 0xee16, 0xee97, 0xee97, 0xfed9, 0xfed9, 0xfed9, 0xfed9, 0xfed9, 0xff18, 0xff18, 0xf738, 
	0xf6f7, 0xf738, 0xef37, 0xf6f7, 0xef37, 0xef37, 0xf6f7, 0xef38, 0xef38, 0xef38, 0xef38, 0xf738, 0xf6f7, 0xef37, 0xf737, 0xf737, 
	0xf738, 0xf738, 0xf738, 0xf737, 0xf6f7, 0xff18, 0xff18, 0xff18, 0xff18, 0xf6f7, 0xee97, 0xee97, 0xe5d5, 0xdd54, 0xdd54, 0xdcb3, 
	0xb36e, 0xab0d, 0xa26c, 0x928a, 0x8a69, 0x91e9, 0x99ea, 0x91e9, 0x928a, 0x91e9, 0xa26c, 0x8a69, 0x928a, 0x8a69, 0x7b06, 0xcc92, 
	0xff37, 0xf6f7, 0xf737, 0xf737, 0xf737, 0xef37, 0xff37, 0xef37, 0xef37, 0xef37, 0xef37, 0xef37, 0xef37, 0xef37, 0xef37, 0xf737, 
	0xf738, 0xf6f7, 0xe5d5, 0xd594, 0xd594, 0xdd54, 0xdd54, 0xdd54, 0xdd54, 0xdd54, 0xdd54, 0xdd54, 0xdd54, 0xdd54, 0xd594, 0xdd54, 
	0xccf2, 0x72a9, 0x51e5, 0x5a66, 0x51e5, 0x5a66, 0x5a66, 0x62e6, 0xadb1, 0xbdf3, 0xadb1, 0xa5b1, 0x9d91, 0x9d91, 0x9d91, 0x9591, 
	0x9d91, 0xa593, 0x9591, 0x8d71, 0x9591, 0xa593, 0x8571, 0x8571, 0x8d71, 0x8571, 0x8d71, 0x8d71, 0x8d71, 0xa593, 0x6beb, 0x0060, 
	0x0001, 0x0001, 0x0001, 0x0001, 0x0001, 0x0001, 0x0001, 0x0001, 0x0001, 0x0001, 0x0001, 0x0001, 0x0001, 0x0001, 0x0001, 0x0002, 
	0x004a, 0x00d1, 0x0000, 0x0000, 0x0000, 0x0000, 0x0000, 0x0000, 0x0000, 0x0000, 0x0000, 0x0000, 0x0000, 0x0000, 0x0000, 0x0000, 
	0x0000, 0x0000, 0x0000, 0x0000, 0x0000, 0x0000, 0x0000, 0x0000, 0x0000, 0x0000, 0x0000, 0x0000, 0x0000, 0x0000, 0x0000, 0x0000, 
	0x0000, 0x0000, 0x0000, 0x0000, 0x0000, 0x0000, 0x0000, 0x0000, 0x0000, 0x0000, 0x0000, 0x0000, 0x0000, 0x0000, 0x0000, 0x0000, 
	0x0000, 0x0000, 0x0000, 0x0000, 0x0000, 0x0000, 0x0000, 0x0000, 0x0000, 0x0000, 0x0000, 0x09dc, 0x0177, 0x006d, 0x0004, 0x0001, 
	0x0001, 0x0001, 0x0001, 0x0001, 0x0001, 0x0001, 0x0001, 0x0001, 0x0001, 0x0001, 0x0001, 0x0001, 0x0800, 0x0001, 0x2020, 0x5a89, 
	0xa42e, 0xcc92, 0xcc31, 0xcc31, 0xa4af, 0xcc31, 0xa4af, 0xc410, 0xccf2, 0xbcd1, 0xc410, 0xbcd1, 0xcc92, 0xccf2, 0xd533, 0xe5d5, 
	0xe5d5, 0xee97, 0xfed9, 0xee97, 0xfed9, 0xff37, 0xfed9, 0xfed9, 0xfed9, 0xf6f7, 0xfed9, 0xfed9, 0xf6f7, 0xfed9, 0xf738, 0xf6f7, 
	0xf738, 0xef37, 0xf6f7, 0xef37, 0xef37, 0xf6f7, 0xef37, 0xef37, 0xef37, 0xef38, 0xf738, 0xf6f7, 0xf738, 0xf6f7, 0xf738, 0xf6f7, 
	0xf738, 0xf738, 0xf738, 0xf6f7, 0xf738, 0xf6f7, 0xf738, 0xf6f7, 0xf6f7, 0xfed9, 0xf6f7, 0xfed9, 0xfed9, 0xfed9, 0xfed9, 0xfed9, 
	0xfed9, 0xfed9, 0xee16, 0xee16, 0xcc92, 0xbbef, 0xbbef, 0xb36e, 0x928a, 0x8a69, 0x8a69, 0x8a69, 0x8a69, 0x8a69, 0x8a69, 0xbcf0, 
	0xff37, 0xfed9, 0xf737, 0xf737, 0xf737, 0xef37, 0xef37, 0xff37, 0xef37, 0xef37, 0xff37, 0xef37, 0xef37, 0xff37, 0xef37, 0xf737, 
	0xf6f7, 0xee97, 0xe5d5, 0xd594, 0xd594, 0xdd54, 0xdd54, 0xdd54, 0xdd54, 0xdd54, 0xdd54, 0xdd54, 0xdd54, 0xdd54, 0xdd54, 0xd594, 
	0xccf2, 0x6ac6, 0x69c6, 0x51e5, 0x5a66, 0x5a66, 0x4a24, 0x840b, 0xadb1, 0xadb1, 0xadb1, 0xa5b1, 0x9d91, 0x9d91, 0x9d91, 0x9d91, 
	0x9591, 0x9591, 0x9591, 0x8d71, 0x8d71, 0x8571, 0x8d71, 0x8d71, 0x8d71, 0x8571, 0x8d71, 0x8d71, 0x8d71, 0xa593, 0x8571, 0x6c4e, 
	0x2102, 0x0001, 0x0001, 0x0001, 0x0001, 0x0001, 0x0001, 0x0001, 0x0001, 0x0001, 0x0001, 0x0001, 0x0001, 0x0001, 0x0001, 0x0001, 
	0x0004, 0x004a, 0x0177, 0x11da, 0x0000, 0x0000, 0x0000, 0x0000, 0x0000, 0x0000, 0x0000, 0x0000, 0x0000, 0x0000, 0x0000, 0x0000, 
	0x0000, 0x0000, 0x0000, 0x0000, 0x0000, 0x0000, 0x0000, 0x0000, 0x0000, 0x0000, 0x0000, 0x0000, 0x0000, 0x0000, 0x0000, 0x0000, 
	0x0000, 0x0000, 0x0000, 0x0000, 0x0000, 0x0000, 0x0000, 0x0000, 0x0000, 0x0000, 0x0000, 0x0000, 0x0000, 0x0000, 0x0000, 0x0000, 
	0x0000, 0x0000, 0x0000, 0x0000, 0x0000, 0x0000, 0x0000, 0x0000, 0x0000, 0x0000, 0x0000, 0x11da, 0x006d, 0x0004, 0x0001, 0x0001, 
	0x0001, 0x0001, 0x0001, 0x0001, 0x0001, 0x0001, 0x0001, 0x0001, 0x0001, 0x0001, 0x0001, 0x0800, 0x0800, 0x1000, 0x72a9, 0xc410, 
	0xbcd1, 0xcc31, 0xbcd1, 0xcc31, 0xc410, 0xc410, 0xbcf0, 0xc410, 0xbcf0, 0xbbef, 0xbcf0, 0xbcf0, 0xd533, 0xd5f5, 0xeef6, 0xf6f7, 
	0xfed9, 0xf6f7, 0xf6f7, 0xfed9, 0xf6f7, 0xfed9, 0xf738, 0xf6f7, 0xf6f7, 0xf738, 0xf6f7, 0xef38, 0xf6f7, 0xef38, 0xf738, 0xef38, 
	0xef38, 0xf6f7, 0xef37, 0xf6f7, 0xef37, 0xef37, 0xef37, 0xef37, 0xf6f7, 0xf6f7, 0xf738, 0xf6f7, 0xf6f7, 0xf6f7, 0xf6f7, 0xf738, 
	0xf6f7, 0xf738, 0xf6f7, 0xf738, 0xf6f7, 0xf738, 0xf6f7, 0xf738, 0xf6f7, 0xf738, 0xf6f7, 0xfed9, 0xf6f7, 0xf6f7, 0xf6f7, 0xfed9, 
	0xfed9, 0xfed9, 0xfed9, 0xfed9, 0xfed9, 0xf739, 0xfed9, 0xfed9, 0xee16, 0xd533, 0xbcf0, 0x9c2b, 0x928a, 0x9be8, 0x936b, 0xd533, 
	0xff37, 0xff37, 0xf737, 0xff37, 0xf737, 0xef37, 0xff37, 0xef37, 0xf737, 0xef37, 0xef37, 0xef37, 0xff37, 0xef37, 0xef37, 0xff37, 
	0xf6f7, 0xe676, 0xe5d5, 0xd5f4, 0xdd54, 0xdd54, 0xdd54, 0xdd54, 0xdd54, 0xdd54, 0xdd54, 0xe5d5, 0xdd54, 0xdd54, 0xdd54, 0xd594, 
	0xbbef, 0x5a66, 0x51e5, 0x5a66, 0x51e5, 0x5a66, 0x5a66, 0x8c4e, 0xadb1, 0xbdf3, 0xadb1, 0xa5b1, 0x9d91, 0x9d91, 0x9d91, 0x9591, 
	0x9591, 0x9591, 0x9591, 0x8d71, 0x8571, 0x8d71, 0x8d71, 0x8d71, 0x8d71, 0x8571, 0x8d71, 0x8571, 0x8571, 0x8571, 0xa593, 0x8d71, 
	0x7c4e, 0x2102, 0x0001, 0x0001, 0x0001, 0x0001, 0x0001, 0x0001, 0x0001, 0x0001, 0x0001, 0x0001, 0x0001, 0x0001, 0x0001, 0x0001, 
	0x0001, 0x0002, 0x006d, 0x0177, 0x09dc, 0x0000, 0x0000, 0x0000, 0x0000, 0x0000, 0x0000, 0x0000, 0x0000, 0x0000, 0x0000, 0x0000, 
	0x0000, 0x0000, 0x0000, 0x0000, 0x0000, 0x0000, 0x0000, 0x0000, 0x0000, 0x0000, 0x0000, 0x0000, 0x0000, 0x0000, 0x0000, 0x0000, 
	0x0000, 0x0000, 0x0000, 0x0000, 0x0000, 0x0000, 0x0000, 0x0000, 0x0000, 0x0000, 0x0000, 0x0000, 0x0000, 0x0000, 0x0000, 0x0000, 
	0x0000, 0x0000, 0x0000, 0x0000, 0x0000, 0x0000, 0x0000, 0x0000, 0x0000, 0x0000, 0x11da, 0x00d1, 0x0027, 0x0001, 0x0001, 0x0001, 
	0x0001, 0x0001, 0x0001, 0x0001, 0x0001, 0x0001, 0x0001, 0x0001, 0x0001, 0x0001, 0x0001, 0x0800, 0x1000, 0x69c6, 0xcc31, 0xcc31, 
	0xbcd1, 0xcc31, 0xcc31, 0xa4af, 0xcc31, 0xa4af, 0xc410, 0xbcf0, 0xbcf0, 0xcc92, 0xe5d5, 0xe5d5, 0xeef6, 0xee97, 0xff18, 0xff18, 
	0xf738, 0xfed9, 0xf738, 0xf738, 0xf6f7, 0xf6f7, 0xf738, 0xf6f7, 0xf738, 0xf738, 0xf738, 0xf6f7, 0xf738, 0xef38, 0xf6f7, 0xf6f7, 
	0xf737, 0xef37, 0xf6f7, 0xef37, 0xf6f7, 0xef37, 0xf6f7, 0xf737, 0xf6f7, 0xef37, 0xf6f7, 0xf6f7, 0xf738, 0xf6f7, 0xf738, 0xf6f7, 
	0xef38, 0xf6f7, 0xef38, 0xf739, 0xef38, 0xef38, 0xef38, 0xf6f7, 0xf738, 0xf6f7, 0xf737, 0xf737, 0xf738, 0xf738, 0xf6f7, 0xf6f7, 
	0xf6f7, 0xfed9, 0xfed9, 0xfed9, 0xfed9, 0xfed9, 0xfed9, 0xfed9, 0xff18, 0xfed9, 0xfed9, 0xee97, 0xe676, 0xe5d5, 0xd5f4, 0xeef6, 
	0xfed9, 0xf737, 0xff37, 0xf738, 0xf737, 0xf758, 0xf737, 0xf737, 0xf737, 0xef37, 0xef37, 0xff37, 0xef37, 0xef37, 0xef37, 0xf737, 
	0xeef6, 0xe676, 0xd5f4, 0xd594, 0xdd54, 0xdd54, 0xdd54, 0xe5d5, 0xdd54, 0xdd54, 0xdd54, 0xdd54, 0xe5d5, 0xdd54, 0xdd54, 0xd594, 
	0x936b, 0x6ac6, 0x51e5, 0x51e5, 0x5a66, 0x4a24, 0x5a66, 0x94ae, 0xbdf3, 0xadb1, 0xa5b1, 0xa5b1, 0x9d91, 0x9591, 0x9d91, 0x9591, 
	0x9591, 0x9591, 0x8d71, 0x8d71, 0x8d71, 0x8d71, 0x8d71, 0x8571, 0x8d71, 0x8571, 0x8d71, 0x8571, 0x8d71, 0x8571, 0x8d71, 0xa593, 
	0x8571, 0x6c4e, 0x2102, 0x0001, 0x0001, 0x0001, 0x0001, 0x0001, 0x0001, 0x0001, 0x0001, 0x0001, 0x0001, 0x0001, 0x0001, 0x0001, 
	0x0001, 0x0001, 0x0004, 0x006d, 0x0177, 0x0000, 0x0000, 0x0000, 0x0000, 0x0000, 0x0000, 0x0000, 0x0000, 0x0000, 0x0000, 0x0000, 
	0x0000, 0x0000, 0x0000, 0x0000, 0x0000, 0x0000, 0x0000, 0x0000, 0x0000, 0x0000, 0x0000, 0x0000, 0x0000, 0x0000, 0x0000, 0x0000, 
	0x0000, 0x0000, 0x0000, 0x0000, 0x0000, 0x0000, 0x0000, 0x0000, 0x0000, 0x0000, 0x0000, 0x0000, 0x0000, 0x0000, 0x0000, 0x0000, 
	0x0000, 0x0000, 0x0000, 0x0000, 0x0000, 0x0000, 0x0000, 0x0000, 0x0000, 0x09dc, 0x00d1, 0x0027, 0x0002, 0x0001, 0x0001, 0x0001, 
	0x0001, 0x0001, 0x0001, 0x0001, 0x0001, 0x0001, 0x0001, 0x0001, 0x0001, 0x0001, 0x0800, 0x1000, 0x3944, 0x936b, 0xa42e, 0xc410, 
	0xcc31, 0xcc31, 0xcc31, 0xc410, 0xbcf0, 0xc410, 0xbcf0, 0xbbef, 0xcd71, 0xe5d5, 0xff18, 0xff18, 0xfed9, 0xff18, 0xff18, 0xf738, 
	0xff18, 0xf738, 0xf738, 0xf738, 0xf738, 0xf738, 0xf738, 0xf738, 0xf738, 0xf738, 0xf738, 0xf738, 0xf738, 0xf738, 0xf738, 0xf738, 
	0xf737, 0xf737, 0xf6f7, 0xf6f7, 0xf737, 0xf737, 0xf6f7, 0xf738, 0xef38, 0xf6f7, 0xef38, 0xef38, 0xef38, 0xef38, 0xef38, 0xef38, 
	0xf6f7, 0xef38, 0xf6f7, 0xef38, 0xef38, 0xf6f7, 0xef38, 0xef38, 0xef38, 0xef38, 0xef38, 0xef38, 0xef38, 0xef38, 0xf6f7, 0xef38, 
	0xf6f7, 0xef38, 0xfed9, 0xf739, 0xf739, 0xf739, 0xf6f7, 0xff18, 0xf738, 0xf738, 0xff18, 0xff18, 0xff18, 0xf738, 0xff18, 0xf739, 
	0xff37, 0xf738, 0xf738, 0xf738, 0xf758, 0xf737, 0xf737, 0xf737, 0xef37, 0xef37, 0xef37, 0xef37, 0xef37, 0xef37, 0xef37, 0xff37, 
	0xf6f7, 0xe5d5, 0xe5d5, 0xe5d5, 0xd594, 0xdd54, 0xe5d5, 0xdd54, 0xdd54, 0xdd54, 0xdd54, 0xdd54, 0xdd54, 0xdd54, 0xe5d5, 0xd594, 
	0x936b, 0x69c6, 0x5a66, 0x51e5, 0x5a66, 0x4a24, 0x5a66, 0x94ae, 0xadb1, 0xadb1, 0xa5b1, 0xa5b1, 0xa5b1, 0x9d91, 0x8d71, 0x9d91, 
	0x9591, 0x9591, 0x8d71, 0x8d71, 0x8d71, 0x8d71, 0x8571, 0x8d71, 0x8571, 0x8571, 0x8571, 0x8571, 0x8571, 0x8571, 0x8571, 0x8571, 
	0x8d71, 0xa593, 0x6c4e, 0x2102, 0x0001, 0x0001, 0x0001, 0x0001, 0x0001, 0x0001, 0x0001, 0x0001, 0x0001, 0x0001, 0x0001, 0x0001, 
	0x0001, 0x0001, 0x0001, 0x0004, 0x00d1, 0x11da, 0x0000, 0x0000, 0x0000, 0x0000, 0x0000, 0x0000, 0x0000, 0x0000, 0x0000, 0x0000, 
	0x0000, 0x0000, 0x0000, 0x0000, 0x0000, 0x0000, 0x0000, 0x0000, 0x0000, 0x0000, 0x0000, 0x0000, 0x0000, 0x0000, 0x0000, 0x0000, 
	0x0000, 0x0000, 0x0000, 0x0000, 0x0000, 0x0000, 0x0000, 0x0000, 0x0000, 0x0000, 0x0000, 0x0000, 0x0000, 0x0000, 0x0000, 0x0000, 
	0x0000, 0x0000, 0x0000, 0x0000, 0x0000, 0x0000, 0x0000, 0x0000, 0x09dc, 0x00d1, 0x004a, 0x0004, 0x0001, 0x0001, 0x0001, 0x0001, 
	0x0001, 0x0001, 0x0001, 0x0001, 0x0001, 0x0001, 0x0001, 0x0001, 0x0001, 0x0001, 0x1000, 0x69c6, 0x89e8, 0x8a69, 0xb36e, 0xcc31, 
	0xc410, 0xcc31, 0xa4af, 0xcc31, 0xa4af, 0xa42e, 0xbcf0, 0xe5d5, 0xe5d5, 0xff37, 0xfed9, 0xff18, 0xff18, 0xf738, 0xf739, 0xf738, 
	0xf738, 0xf738, 0xf738, 0xf738, 0xf738, 0xef38, 0xf738, 0xef38, 0xf738, 0xef38, 0xf738, 0xef38, 0xf738, 0xef38, 0xf738, 0xef38, 
	0xf737, 0xf738, 0xef37, 0xf6f7, 0xf738, 0xef37, 0xef37, 0xf738, 0xf6f7, 0xef37, 0xf6f7, 0xef38, 0xf6f7, 0xef38, 0xf6f7, 0xf6f7, 
	0xef38, 0xf6f7, 0xef38, 0xef38, 0xef38, 0xef38, 0xef38, 0xef38, 0xef38, 0xef38, 0xef38, 0xef38, 0xef38, 0xef38, 0xef38, 0xef38, 
	0xef38, 0xef38, 0xef38, 0xf738, 0xf739, 0xf738, 0xf739, 0xf738, 0xf738, 0xf738, 0xf738, 0xf738, 0xf738, 0xf738, 0xf738, 0xf738, 
	0xf738, 0xf738, 0xf758, 0xf738, 0xf737, 0xf738, 0xf737, 0xf737, 0xef37, 0xef37, 0xff37, 0xef37, 0xef37, 0xff37, 0xef37, 0xf737, 
	0xeef6, 0xe5d5, 0xe5d5, 0xd594, 0xdd54, 0xe5d5, 0xdd54, 0xdd54, 0xdd54, 0xdd54, 0xdd54, 0xdd54, 0xdd54, 0xdd54, 0xdd54, 0xd594, 
	0x72a9, 0x5a66, 0x69c6, 0x5a66, 0x5a66, 0x4a24, 0x6308, 0xa550, 0xbdf3, 0xa5b1, 0xa5b1, 0x9d91, 0x9d91, 0x9d91, 0x9591, 0x8d71, 
	0x9591, 0x8d71, 0x8d71, 0x8d71, 0x8d71, 0x8d71, 0x8571, 0x8571, 0x8571, 0x8571, 0x8571, 0x8571, 0x8571, 0x8571, 0x8571, 0x8571, 
	0x8571, 0x8571, 0x8530, 0x6beb, 0x2102, 0x0001, 0x0001, 0x0001, 0x0001, 0x0001, 0x0001, 0x0001, 0x0001, 0x0001, 0x0001, 0x0001, 
	0x0001, 0x0001, 0x0001, 0x0002, 0x0027, 0x00d1, 0x09dc, 0x0000, 0x0000, 0x0000, 0x0000, 0x0000, 0x0000, 0x0000, 0x0000, 0x0000, 
	0x0000, 0x0000, 0x0000, 0x0000, 0x0000, 0x0000, 0x0000, 0x0000, 0x0000, 0x0000, 0x0000, 0x0000, 0x0000, 0x0000, 0x0000, 0x0000, 
	0x0000, 0x0000, 0x0000, 0x0000, 0x0000, 0x0000, 0x0000, 0x0000, 0x0000, 0x0000, 0x0000, 0x0000, 0x0000, 0x0000, 0x0000, 0x0000, 
	0x0000, 0x0000, 0x0000, 0x0000, 0x0000, 0x0000, 0x0000, 0x09dc, 0x0177, 0x006d, 0x0002, 0x0001, 0x0001, 0x0001, 0x0001, 0x0001, 
	0x0001, 0x0001, 0x0001, 0x0001, 0x0001, 0x0001, 0x0001, 0x0001, 0x0001, 0x1000, 0x69c6, 0x89e8, 0x89e8, 0x8a69, 0xb30e, 0xcc31, 
	0xcc31, 0xcc31, 0xc410, 0xbcf0, 0xa4af, 0xbcd1, 0xe676, 0xf6f7, 0xff37, 0xfed9, 0xff18, 0xff18, 0xf738, 0xf739, 0xf758, 0xf739, 
	0xf738, 0xf738, 0xef38, 0xef38, 0xef38, 0xef38, 0xef38, 0xef38, 0xef38, 0xef38, 0xef38, 0xef38, 0xef38, 0xef38, 0xef38, 0xef38, 
	0xef38, 0xf738, 0xef37, 0xf6f7, 0xef37, 0xf738, 0xef37, 0xf6f7, 0xf6f7, 0xf6f7, 0xf6f7, 0xf6f7, 0xef38, 0xf6f7, 0xef38, 0xef38, 
	0xf6f7, 0xef38, 0xef38, 0xef38, 0xef38, 0xef38, 0xe758, 0xf6f7, 0xef38, 0xef38, 0xe758, 0xef37, 0xe758, 0xef37, 0xef38, 0xe758, 
	0xef38, 0xef38, 0xe758, 0xe758, 0xf758, 0xe758, 0xf758, 0xe758, 0xf758, 0xe758, 0xef37, 0xef37, 0xef37, 0xef37, 0xef37, 0xef37, 
	0xf758, 0xf758, 0xf758, 0xf737, 0xf738, 0xf737, 0xf737, 0xf737, 0xef37, 0xef37, 0xef37, 0xef37, 0xff37, 0xef37, 0xef37, 0xf737, 
	0xf6f7, 0xd5f4, 0xe5d5, 0xe5d5, 0xd594, 0xdd54, 0xdd54, 0xdd54, 0xe5d5, 0xdd54, 0xdd54, 0xdd54, 0xdd54, 0xe5d5, 0xd594, 0xd533, 
	0x72a9, 0x69c6, 0x5a43, 0x51e5, 0x5a66, 0x4a24, 0x62e6, 0xadb1, 0xadb1, 0xadb1, 0xa5b1, 0x9d91, 0x9d91, 0x9d91, 0x9d91, 0x8d71, 
	0x9591, 0x9591, 0x8d71, 0x8d71, 0x8d71, 0x8d71, 0x8571, 0x8571, 0x8571, 0x8571, 0x8571, 0x8571, 0x8571, 0x8571, 0x8571, 0x8571, 
	0x8571, 0x8d71, 0x8d71, 0x8571, 0x6beb, 0x2102, 0x0001, 0x0001, 0x0001, 0x0001, 0x0001, 0x0001, 0x0001, 0x0001, 0x0001, 0x0001, 
	0x0001, 0x0001, 0x0001, 0x0001, 0x0001, 0x0027, 0x00d1, 0x09dc, 0x0000, 0x0000, 0x0000, 0x0000, 0x0000, 0x0000, 0x0000, 0x0000, 
	0x0000, 0x0000, 0x0000, 0x0000, 0x0000, 0x0000, 0x0000, 0x0000, 0x0000, 0x0000, 0x0000, 0x0000, 0x0000, 0x0000, 0x0000, 0x0000, 
	0x0000, 0x0000, 0x0000, 0x0000, 0x0000, 0x0000, 0x0000, 0x0000, 0x0000, 0x0000, 0x0000, 0x0000, 0x0000, 0x0000, 0x0000, 0x0000, 
	0x0000, 0x0000, 0x0000, 0x0000, 0x0000, 0x0000, 0x0000, 0x0177, 0x006d, 0x0004, 0x0002, 0x0001, 0x0001, 0x0001, 0x0001, 0x0001, 
	0x0001, 0x0001, 0x0001, 0x0001, 0x0001, 0x0001, 0x0001, 0x0001, 0x0800, 0x41e7, 0x89e8, 0x5a89, 0x89e8, 0x99ea, 0xb36e, 0xc410, 
	0xc410, 0xbcd1, 0xc410, 0xbcf0, 0xbcd1, 0xd5f5, 0xff18, 0xff18, 0xff18, 0xff18, 0xff18, 0xff18, 0xf739, 0xf739, 0xf739, 0xf738, 
	0xf758, 0xf758, 0xe758, 0xf758, 0xef38, 0xef38, 0xef38, 0xef38, 0xef38, 0xef38, 0xef38, 0xef38, 0xef38, 0xef38, 0xef38, 0xef38, 
	0xef37, 0xf6f7, 0xeef6, 0xeef6, 0xf6f7, 0xf6f7, 0xf6f7, 0xef38, 0xf6f7, 0xf6f7, 0xf6f7, 0xf6f7, 0xf6f7, 0xf6f7, 0xf6f7, 0xf6f7, 
	0xf738, 0xf6f7, 0xf6f7, 0xf6f7, 0xf6f7, 0xf6f7, 0xf6f7, 0xef38, 0xef38, 0xf6f7, 0xef37, 0xef38, 0xef37, 0xef38, 0xef38, 0xef38, 
	0xef38, 0xef38, 0xf738, 0xf758, 0xe758, 0xf758, 0xf758, 0xef37, 0xef37, 0xef37, 0xf737, 0xf738, 0xef37, 0xf737, 0xf738, 0xf758, 
	0xf758, 0xf758, 0xf737, 0xf738, 0xef37, 0xf737, 0xf737, 0xf737, 0xef37, 0xef37, 0xef37, 0xff37, 0xef37, 0xef37, 0xef37, 0xf737, 
	0xf6f7, 0xd5f4, 0xe5d5, 0xd594, 0xe5d5, 0xdd54, 0xe5d5, 0xdd54, 0xdd54, 0xe5d5, 0xdd54, 0xdd54, 0xdd54, 0xd594, 0xdd54, 0xcc92, 
	0x5a66, 0x51e5, 0x51e5, 0x5a66, 0x4a24, 0x4a24, 0x7b69, 0xadb1, 0xbdf3, 0xa5b1, 0xa5b1, 0x9d91, 0x9d91, 0x9d91, 0x8d71, 0x9d91, 
	0x9591, 0x9591, 0x8d71, 0x8d71, 0x8d71, 0x8d71, 0x8571, 0x8571, 0x8571, 0x8571, 0x8571, 0x8571, 0x8571, 0x8571, 0x8571, 0x8571, 
	0x8571, 0x8d71, 0x8571, 0x8d71, 0xa593, 0x6beb, 0x08e1, 0x0001, 0x0001, 0x0001, 0x0001, 0x0001, 0x0001, 0x0001, 0x0001, 0x0001, 
	0x0001, 0x0001, 0x0001, 0x0001, 0x0001, 0x0002, 0x006d, 0x00d1, 0x0000, 0x0000, 0x0000, 0x0000, 0x0000, 0x0000, 0x0000, 0x0000, 
	0x0000, 0x0000, 0x0000, 0x0000, 0x0000, 0x0000, 0x0000, 0x0000, 0x0000, 0x0000, 0x0000, 0x0000, 0x0000, 0x0000, 0x0000, 0x0000, 
	0x0000, 0x0000, 0x0000, 0x0000, 0x0000, 0x0000, 0x0000, 0x0000, 0x0000, 0x0000, 0x0000, 0x0000, 0x0000, 0x0000, 0x0000, 0x0000, 
	0x0000, 0x0000, 0x0000, 0x0000, 0x0000, 0x0000, 0x09dc, 0x00d1, 0x0004, 0x0001, 0x0001, 0x0001, 0x0001, 0x0001, 0x0001, 0x0001, 
	0x0001, 0x0001, 0x0001, 0x0001, 0x0001, 0x0001, 0x0001, 0x0001, 0x5a89, 0x928a, 0x99ea, 0xa20b, 0x89e8, 0x8a69, 0xb36e, 0xc410, 
	0xc410, 0xbcf0, 0xcc31, 0xa4af, 0xfed9, 0xf6f7, 0xf738, 0xf738, 0xff18, 0xf738, 0xff18, 0xff18, 0xf758, 0xf739, 0xf738, 0xf739, 
	0xf739, 0xe758, 0xf758, 0xe758, 0xef38, 0xef38, 0xef38, 0xef38, 0xef38, 0xef38, 0xef38, 0xef38, 0xf739, 0xef38, 0xef38, 0xef38, 
	0xe676, 0xde75, 0xde75, 0xde75, 0xbdf3, 0xa4af, 0x9c2e, 0xa4af, 0x9c2e, 0x9c2e, 0x9c2e, 0x9c2b, 0x9c2e, 0xa42e, 0xcd71, 0xd533, 
	0xd5f4, 0xe676, 0xee97, 0xf6f7, 0xf6f7, 0xf6f7, 0xf6f7, 0xf6f7, 0xf6f7, 0xf738, 0xf6f7, 0xf6f7, 0xf738, 0xf6f7, 0xf738, 0xf738, 
	0xef38, 0xef37, 0xef37, 0xef37, 0xef37, 0xef37, 0xf737, 0xf738, 0xf737, 0xf737, 0xf737, 0xf738, 0xf737, 0xf738, 0xef37, 0xf737, 
	0xf738, 0xef37, 0xf737, 0xf738, 0xef37, 0xf737, 0xf737, 0xf737, 0xef37, 0xef37, 0xef37, 0xef37, 0xef37, 0xef37, 0xef37, 0xf737, 
	0xeef6, 0xe5d5, 0xd594, 0xd594, 0xdd54, 0xe5d5, 0xdd54, 0xdd54, 0xdd54, 0xdd54, 0xe5d5, 0xdd54, 0xdd54, 0xdd54, 0xd594, 0xbcd1, 
	0x69c6, 0x51e5, 0x51e5, 0x51e5, 0x5a66, 0x4a24, 0x94ae, 0xb5b1, 0xadb1, 0xadb1, 0xa5b1, 0x9d91, 0x9d91, 0x9d91, 0x9d91, 0x8d71, 
	0x8d71, 0x9591, 0x8d71, 0x8d71, 0x8d71, 0x8d71, 0x8571, 0x8571, 0x8571, 0x8571, 0x8571, 0x8571, 0x8571, 0x8571, 0x8571, 0x8571, 
	0x8571, 0x8571, 0x8d71, 0x8571, 0x8530, 0x8571, 0x6c4e, 0x0060, 0x0001, 0x0001, 0x0001, 0x0001, 0x0001, 0x0001, 0x0001, 0x0001, 
	0x0001, 0x0001, 0x0001, 0x0001, 0x0001, 0x0060, 0x0004, 0x006d, 0x11da, 0x0000, 0x0000, 0x0000, 0x0000, 0x0000, 0x0000, 0x0000, 
	0x0000, 0x0000, 0x0000, 0x0000, 0x0000, 0x0000, 0x0000, 0x0000, 0x0000, 0x0000, 0x0000, 0x0000, 0x0000, 0x0000, 0x0000, 0x0000, 
	0x0000, 0x0000, 0x0000, 0x0000, 0x0000, 0x0000, 0x0000, 0x0000, 0x0000, 0x0000, 0x0000, 0x0000, 0x0000, 0x0000, 0x0000, 0x0000, 
	0x0000, 0x0000, 0x0000, 0x0000, 0x0000, 0x11da, 0x00d1, 0x0027, 0x0004, 0x0001, 0x0001, 0x0001, 0x0001, 0x0001, 0x0001, 0x0001, 
	0x0001, 0x0001, 0x0001, 0x0800, 0x0800, 0x0001, 0x1000, 0x69c6, 0xcc31, 0x936b, 0x928a, 0x928a, 0x928a, 0xab0d, 0xb36e, 0xbcd1, 
	0xcc92, 0xc410, 0xbd53, 0xee97, 0xf6f7, 0xff18, 0xf738, 0xf738, 0xf738, 0xf738, 0xf738, 0xf739, 0xf738, 0xf738, 0xf739, 0xf738, 
	0xf738, 0xf739, 0xf6f7, 0xf738, 0xf738, 0xf738, 0xf738, 0xf738, 0xf6f7, 0xf6f7, 0xe676, 0xd5f5, 0xd594, 0xcd71, 0xd594, 0xcd71, 
	0xbcd1, 0xbcf0, 0xbd53, 0xcd71, 0xa42e, 0x72a9, 0x7b69, 0x72a9, 0x928a, 0x72a9, 0x8a69, 0x8a69, 0x89e8, 0x6ac6, 0x89e8, 0x72a9, 
	0x8a69, 0x936b, 0x936b, 0xa42e, 0xcc92, 0xd533, 0xd533, 0xd594, 0xee97, 0xf739, 0xf739, 0xf739, 0xfed9, 0xf739, 0xf738, 0xf738, 
	0xf738, 0xf738, 0xf738, 0xf738, 0xf737, 0xef37, 0xf737, 0xf737, 0xf737, 0xf737, 0xf737, 0xf738, 0xf737, 0xf738, 0xf737, 0xf738, 
	0xf737, 0xf737, 0xf737, 0xf737, 0xf737, 0xf737, 0xf737, 0xf737, 0xf737, 0xf737, 0xf737, 0xf737, 0xf737, 0xf737, 0xef37, 0xf737, 
	0xeef6, 0xe5d5, 0xd594, 0xd594, 0xdd54, 0xe5d5, 0xdd54, 0xe5d5, 0xdd54, 0xdd54, 0xdd54, 0xdd54, 0xdd54, 0xd594, 0xdd54, 0x936b, 
	0x51e5, 0x5a66, 0x5a43, 0x51e5, 0x4a24, 0x62e6, 0x94ae, 0xadb1, 0xadb1, 0xadb1, 0xa5b1, 0x9d91, 0x9d91, 0x9d91, 0x8d71, 0x9d91, 
	0x8d71, 0x8d71, 0x8d71, 0x8d71, 0x8550, 0x8d71, 0x8550, 0x8571, 0x8550, 0x8571, 0x8571, 0x7530, 0x8571, 0x7530, 0x8571, 0x7d50, 
	0x8571, 0x8571, 0x8571, 0x8571, 0x8571, 0x8571, 0x8530, 0x6beb, 0x0001, 0x0001, 0x0001, 0x0001, 0x0001, 0x0001, 0x0001, 0x0001, 
	0x0001, 0x0001, 0x0001, 0x0001, 0x0001, 0x0001, 0x0001, 0x0027, 0x00d1, 0x11da, 0x0000, 0x0000, 0x0000, 0x0000, 0x0000, 0x0000, 
	0x0000, 0x0000, 0x0000, 0x0000, 0x0000, 0x0000, 0x0000, 0x0000, 0x0000, 0x0000, 0x0000, 0x0000, 0x0000, 0x0000, 0x0000, 0x0000, 
	0x0000, 0x0000, 0x0000, 0x0000, 0x0000, 0x0000, 0x0000, 0x0000, 0x0000, 0x0000, 0x0000, 0x0000, 0x0000, 0x0000, 0x0000, 0x0000, 
	0x0000, 0x0000, 0x0000, 0x0000, 0x09dc, 0x0177, 0x0027, 0x0002, 0x0001, 0x0001, 0x0001, 0x0001, 0x0001, 0x0001, 0x0001, 0x0001, 
	0x0001, 0x0800, 0x0800, 0x0800, 0x0800, 0x1000, 0x69c6, 0xdd54, 0xcc31, 0xb36e, 0xb36e, 0xc410, 0xb36e, 0xc410, 0xbbef, 0xcc31, 
	0xbcd1, 0xbd53, 0xe676, 0xfed9, 0xff18, 0xf738, 0xf738, 0xf758, 0xf738, 0xf758, 0xf738, 0xf738, 0xf739, 0xf738, 0xff18, 0xf738, 
	0xf6f7, 0xf739, 0xf738, 0xf6f7, 0xe676, 0xee16, 0xd5f4, 0xd5f4, 0xd533, 0xcd71, 0xbcd1, 0xbcd1, 0xbcf0, 0xbcd1, 0xbcf0, 0xbcd1, 
	0xbcd1, 0xbcd1, 0xbcd1, 0xcc92, 0xa42e, 0x8a69, 0x8a69, 0x928a, 0x928a, 0x8a69, 0x91e9, 0x91e9, 0x91e9, 0x8988, 0x91e9, 0x91e9, 
	0x89e8, 0x89e8, 0x89e8, 0x89e8, 0x89e8, 0x8a69, 0x72a9, 0x928a, 0x936b, 0xbbef, 0xcc92, 0xd5f5, 0xd5f5, 0xe676, 0xfed9, 0xf739, 
	0xf738, 0xf738, 0xf739, 0xff79, 0xf739, 0xff79, 0xef37, 0xef37, 0xef37, 0xf737, 0xf737, 0xf738, 0xf737, 0xf738, 0xf737, 0xf738, 
	0xf737, 0xf737, 0xf737, 0xef37, 0xef37, 0xef37, 0xef37, 0xf737, 0xf737, 0xf737, 0xf737, 0xf737, 0xf737, 0xf737, 0xf738, 0xf737, 
	0xee16, 0xd5f4, 0xd594, 0xd594, 0xdd54, 0xdd54, 0xdd54, 0xdd54, 0xdd54, 0xdd54, 0xe5d5, 0xdd54, 0xdd54, 0xd594, 0xd533, 0x936b, 
	0x51e5, 0x51e5, 0x51e5, 0x51e5, 0x4a24, 0x62e6, 0xa550, 0xadb1, 0xadb1, 0xadb1, 0xa5b1, 0x9d91, 0x9d91, 0x8d71, 0x8d71, 0x8d71, 
	0x8d71, 0x8d71, 0x8d71, 0x8d71, 0x8550, 0x8550, 0x8d71, 0x8550, 0x8550, 0x8550, 0x8571, 0x8571, 0x7530, 0x8571, 0x7530, 0x8571, 
	0x7530, 0x8571, 0x7d50, 0x8571, 0x8571, 0x8571, 0x8571, 0x8571, 0x5b2b, 0x0001, 0x0001, 0x0001, 0x0001, 0x0001, 0x0001, 0x0001, 
	0x0001, 0x0001, 0x0001, 0x0001, 0x0001, 0x0001, 0x0001, 0x0002, 0x004a, 0x00d1, 0x09dc, 0x0000, 0x0000, 0x0000, 0x0000, 0x0000, 
	0x0000, 0x0000, 0x0000, 0x0000, 0x0000, 0x0000, 0x0000, 0x0000, 0x0000, 0x0000, 0x0000, 0x0000, 0x0000, 0x0000, 0x0000, 0x0000, 
	0x0000, 0x0000, 0x0000, 0x0000, 0x0000, 0x0000, 0x0000, 0x0000, 0x0000, 0x0000, 0x0000, 0x0000, 0x0000, 0x0000, 0x0000, 0x0000, 
	0x0000, 0x0000, 0x0000, 0x09dc, 0x0177, 0x090d, 0x0002, 0x0001, 0x0001, 0x0001, 0x0001, 0x0001, 0x0001, 0x0001, 0x0001, 0x0001, 
	0x0800, 0x0800, 0x0800, 0x0800, 0x0001, 0x51e5, 0xbd53, 0xc410, 0xcc31, 0xcc31, 0xd432, 0xdcb3, 0xdcb3, 0xcc31, 0xcc31, 0xbcd1, 
	0xd533, 0xee97, 0xfed9, 0xfed9, 0xf738, 0xf738, 0xf738, 0xf758, 0xf758, 0xf738, 0xf738, 0xf738, 0xf739, 0xff18, 0xf738, 0xfed9, 
	0xff79, 0xee97, 0xee97, 0xee97, 0xd533, 0xd533, 0xcc92, 0xbcf0, 0xcc92, 0xcc92, 0xccf2, 0xcc92, 0xcc92, 0xbcd1, 0xcc92, 0xbcd1, 
	0xcc31, 0xc410, 0xa4af, 0xcc31, 0xab0d, 0x89e8, 0x8a69, 0x928a, 0x928a, 0x99ea, 0x91e9, 0x91e9, 0x8988, 0x8988, 0x8988, 0x91e9, 
	0x89e8, 0x8988, 0x8988, 0x8988, 0x89e8, 0x89e8, 0x89e8, 0x89e8, 0x89e8, 0x89e8, 0x89e8, 0x8a69, 0x928a, 0x936b, 0x936b, 0xa42e, 
	0xbcd1, 0xd533, 0xe5d5, 0xf6f7, 0xff18, 0xff18, 0xf6f7, 0xff37, 0xf6f7, 0xff18, 0xf737, 0xff18, 0xf737, 0xf737, 0xf738, 0xf737, 
	0xf737, 0xf737, 0xf737, 0xef37, 0xef37, 0xef37, 0xef37, 0xf737, 0xf737, 0xf737, 0xf737, 0xf737, 0xf737, 0xef37, 0xf737, 0xf6f7, 
	0xd5f5, 0xe5d5, 0xd594, 0xd594, 0xdd54, 0xe5d5, 0xdd54, 0xdd54, 0xdd54, 0xdd54, 0xdd54, 0xe5d5, 0xdd54, 0xd594, 0xd533, 0x72a9, 
	0x51e5, 0x51c3, 0x51c3, 0x4a24, 0x5a66, 0x6308, 0xadb1, 0xa593, 0xadb1, 0xadb1, 0xa5b1, 0x9d91, 0x9d91, 0x8d71, 0x8d71, 0x8d71, 
	0x8d71, 0x8d71, 0x8d71, 0x8d71, 0x8550, 0x8550, 0x8550, 0x8571, 0x8550, 0x8550, 0x8550, 0x7530, 0x8571, 0x7530, 0x8571, 0x7530, 
	0x8571, 0x7530, 0x8571, 0x7d50, 0x7d50, 0x8571, 0x8571, 0x8571, 0x8571, 0x41e7, 0x0001, 0x0001, 0x0001, 0x0001, 0x0001, 0x0001, 
	0x0001, 0x0001, 0x0001, 0x0001, 0x0001, 0x0001, 0x0001, 0x0001, 0x0004, 0x004a, 0x0177, 0x09dc, 0x0000, 0x0000, 0x0000, 0x0000, 
	0x0000, 0x0000, 0x0000, 0x0000, 0x0000, 0x0000, 0x0000, 0x0000, 0x0000, 0x0000, 0x0000, 0x0000, 0x0000, 0x0000, 0x0000, 0x0000, 
	0x0000, 0x0000, 0x0000, 0x0000, 0x0000, 0x0000, 0x0000, 0x0000, 0x0000, 0x0000, 0x0000, 0x0000, 0x0000, 0x0000, 0x0000, 0x0000, 
	0x0000, 0x0000, 0x0000, 0x09dc, 0x00d1, 0x0027, 0x0001, 0x0001, 0x0001, 0x0001, 0x0001, 0x0001, 0x0001, 0x0001, 0x0001, 0x0001, 
	0x0800, 0x0800, 0x0800, 0x0800, 0x3922, 0xc410, 0xbcd1, 0xcc31, 0xbcd1, 0xdcb3, 0xcc92, 0xcc31, 0xcc31, 0xcc92, 0xbcd1, 0xd533, 
	0xfed9, 0xfed9, 0xff18, 0xf738, 0xf738, 0xf737, 0xf758, 0xf758, 0xf758, 0xf738, 0xf738, 0xf738, 0xf738, 0xff18, 0xfed9, 0xfed9, 
	0xd594, 0xa42e, 0xab0d, 0x9c2b, 0xab0d, 0x936b, 0xab0d, 0xab0d, 0xab0d, 0xab0d, 0xab0d, 0xab0d, 0xab0d, 0xab0d, 0xab0d, 0xab0d, 
	0x936b, 0xcc31, 0xcc31, 0xc410, 0xab0d, 0x89e8, 0x89e8, 0x928a, 0x928a, 0x99ea, 0x91e9, 0x8988, 0x8988, 0x8988, 0x8988, 0x8988, 
	0x8988, 0x8988, 0x8988, 0x8988, 0x8988, 0x8988, 0x8988, 0x9189, 0x8988, 0x8988, 0x8988, 0x8988, 0x89e8, 0x8988, 0x89e8, 0x89e8, 
	0x89e8, 0x72a9, 0x8a69, 0x7b69, 0xab0d, 0xbcf0, 0xe5d5, 0xe5d5, 0xee97, 0xff37, 0xfed9, 0xff37, 0xff18, 0xf737, 0xff37, 0xf738, 
	0xf737, 0xf737, 0xf737, 0xef37, 0xef37, 0xef37, 0xef37, 0xf737, 0xf737, 0xf737, 0xf737, 0xf737, 0xef37, 0xef37, 0xf737, 0xf6f7, 
	0xd5f4, 0xe5d5, 0xd594, 0xd594, 0xdd54, 0xe5d5, 0xdd54, 0xdd54, 0xee16, 0xdd54, 0xdd54, 0xdd54, 0xdd54, 0xd594, 0xd533, 0x6ac6, 
	0x51e5, 0x51c3, 0x49c4, 0x4a24, 0x4a24, 0x6beb, 0xbdf3, 0xadb1, 0xadb1, 0xadb1, 0xa5b1, 0x9d91, 0x9591, 0x8d71, 0x8d71, 0x8d71, 
	0x8d71, 0x8d71, 0x8d71, 0x8550, 0x8d71, 0x8550, 0x8550, 0x8550, 0x8550, 0x8571, 0x7530, 0x8571, 0x7530, 0x7530, 0x7530, 0x8550, 
	0x7530, 0x7530, 0x7530, 0x7530, 0x750f, 0x7530, 0x8571, 0x7d50, 0x8530, 0x8530, 0x41e7, 0x0001, 0x0001, 0x0001, 0x0001, 0x0001, 
	0x0001, 0x0001, 0x0001, 0x0001, 0x0001, 0x0001, 0x0001, 0x0001, 0x0001, 0x0002, 0x006d, 0x11da, 0x0000, 0x0000, 0x0000, 0x0000, 
	0x0000, 0x0000, 0x0000, 0x0000, 0x0000, 0x0000, 0x0000, 0x0000, 0x0000, 0x0000, 0x0000, 0x0000, 0x0000, 0x0000, 0x0000, 0x0000, 
	0x0000, 0x0000, 0x0000, 0x0000, 0x0000, 0x0000, 0x0000, 0x0000, 0x0000, 0x0000, 0x0000, 0x0000, 0x0000, 0x0000, 0x0000, 0x0000, 
	0x0000, 0x0000, 0x09dc, 0x0177, 0x0027, 0x0002, 0x0001, 0x0001, 0x0001, 0x0001, 0x0001, 0x0001, 0x0001, 0x0001, 0x0001, 0x0800, 
	0x0800, 0x0800, 0x0001, 0x1000, 0x9c2e, 0xbcd1, 0xbcd1, 0xbcd1, 0xcc31, 0xbcd1, 0xcc31, 0xcc92, 0xbcd1, 0xbcd1, 0xdd54, 0xfed9, 
	0xfed9, 0xff18, 0xff18, 0xf738, 0xf738, 0xf738, 0xf738, 0xf738, 0xf758, 0xf738, 0xf738, 0xf738, 0xf6f7, 0xee97, 0xe676, 0xd594, 
	0xc410, 0x936b, 0x89e8, 0x89e8, 0x89e8, 0x8a69, 0x89e8, 0x89e8, 0x89e8, 0x89e8, 0x91e9, 0x8988, 0x89e8, 0x89e8, 0x8988, 0x89e8, 
	0x8a69, 0xc390, 0xcc92, 0xc410, 0x928a, 0x99ea, 0x89e8, 0xa20b, 0xa26c, 0x99ea, 0x9189, 0x9189, 0x9149, 0x9129, 0x9129, 0x8988, 
	0x9149, 0x9129, 0x8988, 0x9129, 0x8988, 0x9149, 0x9149, 0x8928, 0x9149, 0x8988, 0x9149, 0x8928, 0x8988, 0x8988, 0x8988, 0x89e8, 
	0x89e8, 0x89e8, 0x89e8, 0x89e8, 0x89e8, 0x89e8, 0x89e8, 0x89e8, 0x928a, 0x936b, 0xbbef, 0xbcf0, 0xd533, 0xef37, 0xf737, 0xf737, 
	0xf737, 0xf737, 0xf737, 0xef37, 0xef37, 0xff37, 0xef37, 0xef37, 0xf737, 0xf737, 0xf737, 0xf737, 0xf737, 0xff79, 0xef37, 0xde75, 
	0xd5f4, 0xe5d5, 0xd594, 0xd594, 0xdd54, 0xdd54, 0xdd54, 0xdd54, 0xdd54, 0xdd54, 0xe5d5, 0xdd54, 0xdd54, 0xd594, 0xbbef, 0x69c6, 
	0x51c3, 0x51e5, 0x49c4, 0x4a24, 0x4a24, 0x840b, 0xadb1, 0xadb1, 0xadb1, 0xadb1, 0x9d91, 0x9d91, 0x9591, 0x8d71, 0x8d71, 0x9570, 
	0x8d71, 0x8d71, 0x8d71, 0x8550, 0x8550, 0x8550, 0x8550, 0x8550, 0x8550, 0x8550, 0x8550, 0x7530, 0x8571, 0x7530, 0x7530, 0x7530, 
	0x8550, 0x7530, 0x8571, 0x7530, 0x8571, 0x750f, 0x8571, 0x7d50, 0x8530, 0x8530, 0x7c4e, 0x29c4, 0x0001, 0x0001, 0x0001, 0x0001, 
	0x0001, 0x0001, 0x0001, 0x0001, 0x0001, 0x0001, 0x0001, 0x0001, 0x0001, 0x0002, 0x0027, 0x00d1, 0x11da, 0x0000, 0x0000, 0x0000, 
	0x0000, 0x0000, 0x0000, 0x0000, 0x0000, 0x0000, 0x0000, 0x0000, 0x0000, 0x0000, 0x0000, 0x0000, 0x0000, 0x0000, 0x0000, 0x0000, 
	0x0000, 0x0000, 0x0000, 0x0000, 0x0000, 0x0000, 0x0000, 0x0000, 0x0000, 0x0000, 0x0000, 0x0000, 0x0000, 0x0000, 0x0000, 0x0000, 
	0x0000, 0x0000, 0x19d7, 0x006d, 0x0004, 0x0001, 0x0001, 0x0001, 0x0001, 0x0001, 0x0001, 0x0001, 0x0001, 0x0001, 0x0001, 0x0800, 
	0x0800, 0x0800, 0x0001, 0x734c, 0xbcd1, 0xbcd1, 0xbcd1, 0xcc31, 0xbcd1, 0xcc92, 0xbcd1, 0xcc92, 0xc410, 0xbd53, 0xee97, 0xfed9, 
	0xff18, 0xf739, 0xf738, 0xf738, 0xf738, 0xf738, 0xf738, 0xf738, 0xf738, 0xf738, 0xff18, 0xf738, 0xeef6, 0xe5d5, 0xd594, 0xd533, 
	0xcc31, 0x928a, 0x91e9, 0x91e9, 0x91e9, 0x91e9, 0x91e9, 0x8988, 0x8988, 0x91e9, 0x9129, 0x8988, 0x91e9, 0x9149, 0x91e9, 0x9149, 
	0x99ea, 0xc410, 0xd432, 0xc390, 0x99ea, 0x91e9, 0x9189, 0xa20b, 0xa26c, 0x99ea, 0x9189, 0x9129, 0x9149, 0x9149, 0x9149, 0x9149, 
	0x8928, 0x9149, 0x9149, 0x9149, 0x9149, 0x9149, 0x9149, 0x9149, 0x9149, 0x9149, 0x9149, 0x9149, 0x9149, 0x9149, 0x9149, 0x8988, 
	0x8988, 0x8988, 0x8988, 0x91e9, 0x8988, 0x91e9, 0x91e9, 0x89e8, 0x91e9, 0x8a69, 0x928a, 0x7b69, 0x936b, 0xee93, 0xff79, 0xef37, 
	0xef37, 0xef37, 0xef37, 0xef37, 0xef37, 0xef37, 0xef37, 0xef37, 0xf737, 0xf737, 0xf737, 0xf737, 0xf737, 0xef37, 0xf737, 0xde75, 
	0xd5f4, 0xd5f4, 0xd594, 0xd594, 0xdd54, 0xe5d5, 0xdd54, 0xdd54, 0xee16, 0xdd54, 0xdd54, 0xdd54, 0xd533, 0xd594, 0xa42e, 0x69c6, 
	0x5223, 0x51c3, 0x49c4, 0x4a24, 0x5a66, 0x8c4e, 0xbdf3, 0xadb1, 0xadb1, 0xa5b1, 0xa5b1, 0x9d91, 0x9591, 0x8d71, 0x8d71, 0x9570, 
	0x9570, 0x8571, 0x8d70, 0x8550, 0x8550, 0x8550, 0x8550, 0x8550, 0x8571, 0x7530, 0x8571, 0x8550, 0x7530, 0x8550, 0x7530, 0x7530, 
	0x7530, 0x8550, 0x7530, 0x7530, 0x7530, 0x8571, 0x7530, 0x7d50, 0x7d50, 0x8571, 0x8571, 0x6c4e, 0x08e1, 0x0001, 0x0001, 0x0001, 
	0x0001, 0x0001, 0x0001, 0x0001, 0x0001, 0x0001, 0x0001, 0x0001, 0x0001, 0x0001, 0x0002, 0x004a, 0x0177, 0x09dc, 0x0000, 0x0000, 
	0x0000, 0x0000, 0x0000, 0x0000, 0x0000, 0x0000, 0x0000, 0x0000, 0x0000, 0x0000, 0x0000, 0x0000, 0x0000, 0x0000, 0x0000, 0x0000, 
	0x0000, 0x0000, 0x0000, 0x0000, 0x0000, 0x0000, 0x0000, 0x0000, 0x0000, 0x0000, 0x0000, 0x0000, 0x0000, 0x0000, 0x0000, 0x0000, 
	0x0000, 0x09dc, 0x00d1, 0x0027, 0x0002, 0x0001, 0x0001, 0x0001, 0x0001, 0x0001, 0x0001, 0x0001, 0x0001, 0x0001, 0x0001, 0x0800, 
	0x0800, 0x0800, 0x6308, 0xbcd1, 0xbcd1, 0xcc31, 0xbcd1, 0xbcd1, 0xbcd1, 0xbcd1, 0xbcd1, 0xbcd1, 0xbd53, 0xee97, 0xfed9, 0xf739, 
	0xfed9, 0xf738, 0xf738, 0xf738, 0xf738, 0xf738, 0xf738, 0xf738, 0xf737, 0xff18, 0xf6f7, 0xe676, 0xd594, 0xd533, 0xcd71, 0xccf2, 
	0xcc31, 0x928a, 0x91e9, 0x91e9, 0x91e9, 0x8988, 0x91e9, 0x91e9, 0x9189, 0x9149, 0x8988, 0x9189, 0x9149, 0x9149, 0x9149, 0x8988, 
	0xa26c, 0xcc31, 0xd432, 0xb30e, 0x99ea, 0x8988, 0x9189, 0xa20b, 0xa26c, 0x99ea, 0x9149, 0x8988, 0x9149, 0x8928, 0x8928, 0x8928, 
	0x8928, 0x8928, 0x8988, 0x8928, 0x8928, 0x8928, 0x9149, 0x9149, 0x9149, 0x9149, 0x9149, 0x9149, 0x9149, 0x9149, 0x8928, 0x9189, 
	0x8928, 0x8988, 0x8988, 0x8988, 0x8988, 0x8988, 0x9189, 0x8988, 0x91e9, 0x91e9, 0x89e8, 0x8a69, 0x936b, 0xe676, 0xff37, 0xde75, 
	0xef37, 0xef37, 0xef37, 0xff37, 0xef37, 0xef37, 0xff37, 0xef37, 0xf737, 0xf737, 0xf737, 0xf737, 0xf737, 0xef37, 0xf737, 0xe676, 
	0xd5f4, 0xd594, 0xd594, 0xdd54, 0xe5d5, 0xdd54, 0xe5d5, 0xdd54, 0xdd54, 0xdd54, 0xdd54, 0xdd54, 0xdd54, 0xd533, 0x936b, 0x51e5, 
	0x51e5, 0x51c3, 0x51e5, 0x4a24, 0x62e6, 0x94ae, 0xadb1, 0xadb1, 0xadb1, 0xa5b1, 0x9d91, 0x9d91, 0x9591, 0x8d71, 0x9591, 0x9570, 
	0x8571, 0x9570, 0x8d71, 0x8550, 0x8550, 0x8550, 0x8d71, 0x8550, 0x8550, 0x8550, 0x7530, 0x8571, 0x7530, 0x7530, 0x8550, 0x7530, 
	0x7530, 0x7530, 0x8550, 0x7530, 0x7530, 0x7530, 0x8571, 0x7530, 0x7530, 0x7530, 0x8571, 0xa593, 0x5b2b, 0x2102, 0x0001, 0x0001, 
	0x0001, 0x0001, 0x0001, 0x0001, 0x0001, 0x0001, 0x0001, 0x0001, 0x0001, 0x0001, 0x0001, 0x0004, 0x006d, 0x0177, 0x0000, 0x0000, 
	0x0000, 0x0000, 0x0000, 0x0000, 0x0000, 0x0000, 0x0000, 0x0000, 0x0000, 0x0000, 0x0000, 0x0000, 0x0000, 0x0000, 0x0000, 0x0000, 
	0x0000, 0x0000, 0x0000, 0x0000, 0x0000, 0x0000, 0x0000, 0x0000, 0x0000, 0x0000, 0x0000, 0x0000, 0x0000, 0x0000, 0x0000, 0x0000, 
	0x09dc, 0x0177, 0x0027, 0x0002, 0x0001, 0x0001, 0x0001, 0x0001, 0x0001, 0x0001, 0x0001, 0x0001, 0x0001, 0x0001, 0x0001, 0x0800, 
	0x0800, 0x41e7, 0xc410, 0xbd53, 0xbcd1, 0xa4af, 0xbcd1, 0xcc31, 0xbcd1, 0xbcd1, 0xbcd1, 0xbcd1, 0xee97, 0xee97, 0xfed9, 0xfed9, 
	0xf738, 0xf738, 0xf738, 0xf738, 0xf738, 0xf738, 0xff18, 0xf737, 0xf738, 0xf738, 0xe676, 0xd594, 0xd533, 0xcd71, 0xd533, 0xbcd1, 
	0xcc31, 0x928a, 0x99ea, 0x8988, 0x9189, 0x9189, 0x9189, 0x9189, 0x9149, 0x9189, 0x9189, 0x9149, 0x9189, 0x9189, 0x9189, 0x8988, 
	0xb30e, 0xd432, 0xd432, 0xb30e, 0x9189, 0x8988, 0x9189, 0xa20b, 0xa26c, 0x99ea, 0x8988, 0x9129, 0x8928, 0x8928, 0x8928, 0x8928, 
	0x8928, 0x8928, 0x8928, 0x8988, 0x8928, 0x8928, 0x8928, 0x9149, 0x8928, 0x9149, 0x8928, 0x9149, 0x8988, 0x8928, 0x8928, 0x8988, 
	0x9129, 0x8988, 0x9129, 0x9189, 0x9129, 0x9189, 0x9189, 0x9189, 0x9189, 0x9189, 0x99ea, 0x928a, 0x936b, 0xe676, 0xff79, 0xef37, 
	0xf737, 0xef37, 0xef37, 0xef37, 0xef37, 0xff37, 0xef37, 0xef37, 0xef37, 0xef37, 0xf737, 0xf737, 0xef37, 0xf758, 0xf737, 0xde75, 
	0xd5f4, 0xd594, 0xd594, 0xd594, 0xdd54, 0xe5d5, 0xdd54, 0xdd54, 0xdd54, 0xdd54, 0xe5d5, 0xdd54, 0xdd54, 0xbcd1, 0x7b69, 0x51e5, 
	0x51e5, 0x51c3, 0x49c4, 0x4a24, 0x62e6, 0x9d70, 0xadb1, 0xbdf3, 0xadb1, 0xadb1, 0x9d91, 0x9d91, 0x9591, 0x8d71, 0x8d71, 0x9570, 
	0x8571, 0x9570, 0x8571, 0x8550, 0x8d71, 0x8550, 0x8550, 0x8550, 0x8550, 0x8571, 0x8550, 0x7530, 0x8550, 0x7530, 0x7530, 0x8550, 
	0x7530, 0x7530, 0x7530, 0x7530, 0x8571, 0x750f, 0x750f, 0x7530, 0x6d0f, 0x7d50, 0x7530, 0x7530, 0x8530, 0x31a7, 0x0060, 0x0001, 
	0x0001, 0x0001, 0x0001, 0x0001, 0x0001, 0x0001, 0x0001, 0x0001, 0x0001, 0x0001, 0x0001, 0x0001, 0x0027, 0x00d1, 0x09dc, 0x0000, 
	0x0000, 0x0000, 0x0000, 0x0000, 0x0000, 0x0000, 0x0000, 0x0000, 0x0000, 0x0000, 0x0000, 0x0000, 0x0000, 0x0000, 0x0000, 0x0000, 
	0x0000, 0x0000, 0x0000, 0x0000, 0x0000, 0x0000, 0x0000, 0x0000, 0x0000, 0x0000, 0x0000, 0x0000, 0x0000, 0x0000, 0x0000, 0x0000, 
	0x0177, 0x006d, 0x0004, 0x0001, 0x0001, 0x0001, 0x0001, 0x0001, 0x0001, 0x0001, 0x0001, 0x0001, 0x0001, 0x0001, 0x0001, 0x0001, 
	0x2080, 0xa4af, 0xbcd1, 0xbcd1, 0xbcd1, 0xbcd1, 0xbcd1, 0xbcd1, 0xc410, 0xbcd1, 0xd533, 0xd5f5, 0xee97, 0xfed9, 0xf738, 0xf738, 
	0xf6f7, 0xf738, 0xf738, 0xf738, 0xf738, 0xf738, 0xf738, 0xff18, 0xf6f7, 0xd5f5, 0xd533, 0xcd71, 0xcd71, 0xbcd1, 0xd533, 0xccf2, 
	0xcc31, 0x928a, 0x9189, 0x9189, 0x8988, 0x9189, 0x9129, 0x9189, 0x9129, 0x9189, 0x9129, 0x9189, 0x8988, 0x9149, 0x8988, 0x8988, 
	0xb30e, 0xd432, 0xd432, 0xa26c, 0x9189, 0x9189, 0x8988, 0xa20b, 0xa26c, 0x99ea, 0x8988, 0x9189, 0x8928, 0x8928, 0x8928, 0x8928, 
	0x8928, 0x8928, 0x8928, 0x8928, 0x8928, 0x8928, 0x8928, 0x8928, 0x8928, 0x8928, 0x8928, 0x8928, 0x8928, 0x9149, 0x8928, 0x9149, 
	0x8928, 0x9149, 0x8988, 0x9149, 0x8988, 0x9129, 0x9189, 0x9189, 0x9189, 0x9189, 0x91e9, 0x89e8, 0xbbef, 0xeef6, 0xff37, 0xf737, 
	0xf737, 0xef37, 0xff37, 0xef37, 0xef37, 0xef37, 0xef37, 0xef37, 0xff37, 0xef37, 0xef37, 0xf737, 0xf738, 0xf758, 0xf6f7, 0xde75, 
	0xd594, 0xd594, 0xd594, 0xdd54, 0xdd54, 0xdd54, 0xdd54, 0xdd54, 0xdd54, 0xdd54, 0xdd54, 0xdd54, 0xd594, 0xccf2, 0x69c6, 0x51e5, 
	0x51e5, 0x5223, 0x4a24, 0x49c4, 0x7349, 0xa5b1, 0xadb1, 0xadb1, 0xadb1, 0xa5b1, 0x9d91, 0x9d91, 0x9591, 0x8d71, 0x8d71, 0x9570, 
	0x8571, 0x8571, 0x8d70, 0x8d71, 0x8550, 0x8550, 0x8550, 0x8550, 0x8571, 0x7530, 0x8571, 0x7530, 0x7530, 0x8550, 0x7530, 0x7530, 
	0x7530, 0x7530, 0x7530, 0x7530, 0x750f, 0x7530, 0x7530, 0x7530, 0x7530, 0x7530, 0x7530, 0x7530, 0x8530, 0x8530, 0x29c4, 0x0060, 
	0x0001, 0x0001, 0x0001, 0x0001, 0x0001, 0x0001, 0x0001, 0x0001, 0x0001, 0x0001, 0x0001, 0x0001, 0x0004, 0x004a, 0x0177, 0x09dc, 
	0x0000, 0x0000, 0x0000, 0x0000, 0x0000, 0x0000, 0x0000, 0x0000, 0x0000, 0x0000, 0x0000, 0x0000, 0x0000, 0x0000, 0x0000, 0x0000, 
	0x0000, 0x0000, 0x0000, 0x0000, 0x0000, 0x0000, 0x0000, 0x0000, 0x0000, 0x0000, 0x0000, 0x0000, 0x0000, 0x0000, 0x0000, 0x09dc, 
	0x00d1, 0x0027, 0x0002, 0x0001, 0x0001, 0x0001, 0x0001, 0x0001, 0x0001, 0x0001, 0x0001, 0x0001, 0x0800, 0x0001, 0x0800, 0x0800, 
	0x734c, 0xbdd7, 0xbd53, 0xa593, 0xbcd1, 0xbcd1, 0xcc31, 0xbcd1, 0xbcd1, 0xbd53, 0xee16, 0xee97, 0xfed9, 0xf738, 0xfed9, 0xfed9, 
	0xf739, 0xf738, 0xf738, 0xf738, 0xf738, 0xf738, 0xff18, 0xf6f7, 0xe676, 0xcd71, 0xbcd1, 0xbcd1, 0xd533, 0xbcd1, 0xccf2, 0xccf2, 
	0xcc31, 0x928a, 0x8988, 0x9189, 0x9189, 0x9189, 0x9189, 0x9129, 0x9189, 0x9129, 0x9189, 0x8988, 0x8988, 0x8988, 0x8988, 0x8988, 
	0xb30e, 0xd432, 0xd432, 0xa20b, 0x8988, 0x8988, 0x9189, 0x99ea, 0xa26c, 0x9149, 0x9149, 0x8988, 0x8928, 0x8928, 0x8928, 0x8988, 
	0x8928, 0x8928, 0x8928, 0x8928, 0x8988, 0x8928, 0x8928, 0x8928, 0x8928, 0x8928, 0x8928, 0x8928, 0x8928, 0x8928, 0x9149, 0x8928, 
	0x8928, 0x9149, 0x9149, 0x9149, 0x9149, 0x8988, 0x9189, 0x9189, 0x9189, 0x9189, 0x91e9, 0x8a69, 0xbcf0, 0xee97, 0xff79, 0xff37, 
	0xef37, 0xef37, 0xef37, 0xef37, 0xff37, 0xef37, 0xef37, 0xff37, 0xef37, 0xef37, 0xef37, 0xf738, 0xe758, 0xf738, 0xf6f7, 0xd5f5, 
	0xe5d5, 0xd594, 0xd594, 0xdd54, 0xe5d5, 0xe5d5, 0xdd54, 0xdd54, 0xdd54, 0xdd54, 0xdd54, 0xdd54, 0xd594, 0xbcf0, 0x69c6, 0x51e5, 
	0x51e5, 0x51e5, 0x4a24, 0x4a24, 0x6beb, 0xb5b1, 0xadb1, 0xadb1, 0xbdf3, 0x9d91, 0xa5b1, 0x9d91, 0x9591, 0x8d71, 0x8d71, 0x9570, 
	0x9570, 0x8571, 0x9570, 0x8550, 0x8d71, 0x8550, 0x8550, 0x8550, 0x8571, 0x8550, 0x7530, 0x8571, 0x7530, 0x7530, 0x7530, 0x7530, 
	0x7530, 0x7530, 0x7530, 0x7530, 0x7530, 0x750f, 0x7530, 0x7530, 0x7530, 0x7530, 0x7530, 0x7530, 0x7530, 0x8571, 0x6c4e, 0x08e1, 
	0x0001, 0x0001, 0x0001, 0x0001, 0x0001, 0x0001, 0x0001, 0x0001, 0x0001, 0x0001, 0x0001, 0x0001, 0x0060, 0x0004, 0x00d1, 0x11da, 
	0x09dc, 0x0000, 0x0000, 0x0000, 0x0000, 0x0000, 0x0000, 0x0000, 0x0000, 0x0000, 0x0000, 0x0000, 0x0000, 0x0000, 0x0000, 0x0000, 
	0x0000, 0x0000, 0x0000, 0x0000, 0x0000, 0x0000, 0x0000, 0x0000, 0x0000, 0x0000, 0x0000, 0x0000, 0x0000, 0x0000, 0x0000, 0x0177, 
	0x004a, 0x0002, 0x0001, 0x0001, 0x0001, 0x0001, 0x0001, 0x0001, 0x0001, 0x0001, 0x0001, 0x0001, 0x0001, 0x1000, 0x0001, 0x72a9, 
	0xd699, 0xf6f7, 0xd699, 0xee16, 0xee16, 0xbdd7, 0xd5f5, 0xe5d5, 0xbd53, 0xee16, 0xee97, 0xfed9, 0xfed9, 0xfed9, 0xf739, 0xf739, 
	0xf738, 0xf738, 0xf738, 0xf738, 0xf738, 0xf738, 0xf6f7, 0xe676, 0xd533, 0xcd71, 0xbcd1, 0xccf2, 0xbcd1, 0xd533, 0xccf2, 0xccf2, 
	0xc410, 0xa20b, 0x8988, 0x9189, 0x9149, 0x9149, 0x9129, 0x9189, 0x9129, 0x9189, 0x9149, 0x9149, 0x9149, 0x8988, 0x9149, 0x8988, 
	0xb30e, 0xd432, 0xc390, 0x99ea, 0x8928, 0x8988, 0x9149, 0x9189, 0xa26c, 0x8928, 0x8988, 0x8988, 0x8928, 0x8988, 0x8928, 0x8928, 
	0x8928, 0x8928, 0x8928, 0x8928, 0x8928, 0x8928, 0x8928, 0x8928, 0x8928, 0x8928, 0x8928, 0x8928, 0x8988, 0x9149, 0x8928, 0x8928, 
	0x8988, 0x9149, 0x8928, 0x9149, 0x8988, 0x9129, 0x9189, 0x9189, 0x9189, 0x99ea, 0x91e9, 0x8a69, 0xd533, 0xfed9, 0xff37, 0xff79, 
	0xf737, 0xef37, 0xef37, 0xff37, 0xef37, 0xef37, 0xef37, 0xef37, 0xef37, 0xef37, 0xef37, 0xf738, 0xf738, 0xef38, 0xee97, 0xd5f4, 
	0xd594, 0xd594, 0xdd54, 0xe5d5, 0xdd54, 0xdd54, 0xe5d5, 0xdd54, 0xdd54, 0xdd54, 0xdd54, 0xe5d5, 0xdd54, 0xbcf0, 0x51e5, 0x51e5, 
	0x51e5, 0x5223, 0x4a24, 0x4a24, 0x8c4e, 0xadb1, 0xadb1, 0xadb1, 0xa5b1, 0xa5b1, 0x9d91, 0x9d91, 0x9591, 0x8d71, 0x8d71, 0x9570, 
	0x8571, 0x9570, 0x8d71, 0x8d71, 0x8d71, 0x8550, 0x8d71, 0x8550, 0x8550, 0x8571, 0x8550, 0x7530, 0x8550, 0x7530, 0x7530, 0x7530, 
	0x7530, 0x7530, 0x7530, 0x7530, 0x7530, 0x7530, 0x7530, 0x7530, 0x6d0f, 0x7530, 0x7530, 0x7530, 0x7530, 0x7530, 0x8571, 0x5b2b, 
	0x0001, 0x0001, 0x0001, 0x0001, 0x0001, 0x0001, 0x0001, 0x0001, 0x0001, 0x0001, 0x0001, 0x0001, 0x0001, 0x0001, 0x0027, 0x00d1, 
	0x09dc, 0x0000, 0x0000, 0x0000, 0x0000, 0x0000, 0x0000, 0x0000, 0x0000, 0x0000, 0x0000, 0x0000, 0x0000, 0x0000, 0x0000, 0x0000, 
	0x0000, 0x0000, 0x0000, 0x0000, 0x0000, 0x0000, 0x0000, 0x0000, 0x0000, 0x0000, 0x0000, 0x0000, 0x0000, 0x0000, 0x09dc, 0x00d1, 
	0x0004, 0x0001, 0x0001, 0x0001, 0x0001, 0x0001, 0x0001, 0x0001, 0x0001, 0x0001, 0x0001, 0x0001, 0x0001, 0x0001, 0x3944, 0xd699, 
	0xf739, 0xfed9, 0xfed9, 0xfed9, 0xfed9, 0xfed9, 0xfed9, 0xfed9, 0xe5d5, 0xee97, 0xfed9, 0xfed9, 0xfed9, 0xfed9, 0xf739, 0xfed9, 
	0xf738, 0xf738, 0xf738, 0xf738, 0xf738, 0xf6f7, 0xe676, 0xd594, 0xbcd1, 0xbcd1, 0xccf2, 0xccf2, 0xccf2, 0xccf2, 0xccf2, 0xdcb3, 
	0xc410, 0x928a, 0x8928, 0x9129, 0x9189, 0x9129, 0x9129, 0x9129, 0x9189, 0x9129, 0x9129, 0x8988, 0x8988, 0x9149, 0x8988, 0x8988, 
	0xc390, 0xd432, 0xb30e, 0x99ea, 0x8988, 0x8988, 0x9189, 0x99ea, 0xa26c, 0x9149, 0x8928, 0x8928, 0x8928, 0x8988, 0x8928, 0x8928, 
	0x8928, 0x8928, 0x8928, 0x8928, 0x8928, 0x8928, 0x8928, 0x8928, 0x8928, 0x8928, 0x8928, 0x9149, 0x8928, 0x9149, 0x8928, 0x8988, 
	0x9149, 0x8928, 0x9149, 0x9149, 0x8988, 0x9189, 0x9189, 0x9189, 0x9189, 0x99ea, 0x99ea, 0x928a, 0xe5d5, 0xff18, 0xff18, 0xef37, 
	0xf737, 0xef37, 0xef37, 0xef37, 0xef37, 0xef37, 0xff37, 0xef37, 0xef37, 0xef37, 0xef37, 0xf758, 0xef38, 0xef38, 0xe676, 0xd5f4, 
	0xd594, 0xd594, 0xdd54, 0xdd54, 0xe5d5, 0xdd54, 0xdd54, 0xe5d5, 0xdd54, 0xe5d5, 0xdd54, 0xdd54, 0xd594, 0xa42e, 0x51e5, 0x51e5, 
	0x51e5, 0x4a24, 0x41e7, 0x4a24, 0x94ae, 0xadb1, 0xa593, 0xadb1, 0xbdf3, 0xa5b1, 0x9d91, 0x9d91, 0x9591, 0x8d71, 0x8d71, 0x9570, 
	0x9570, 0x8571, 0x8d71, 0x8550, 0x8d71, 0x8550, 0x8550, 0x8550, 0x8550, 0x7530, 0x8571, 0x7530, 0x7530, 0x7530, 0x7530, 0x7530, 
	0x7530, 0x7530, 0x7530, 0x7530, 0x7530, 0x6d0f, 0x7530, 0x7530, 0x7530, 0x6d0f, 0x7530, 0x7530, 0x6d0f, 0x7530, 0x7530, 0x8571, 
	0x29c4, 0x0001, 0x0001, 0x0001, 0x0001, 0x0001, 0x0001, 0x0001, 0x0001, 0x0001, 0x0001, 0x0001, 0x0001, 0x0001, 0x0004, 0x006d, 
	0x11da, 0x0000, 0x0000, 0x0000, 0x0000, 0x0000, 0x0000, 0x0000, 0x0000, 0x0000, 0x0000, 0x0000, 0x0000, 0x0000, 0x0000, 0x0000, 
	0x0000, 0x0000, 0x0000, 0x0000, 0x0000, 0x0000, 0x0000, 0x0000, 0x0000, 0x0000, 0x0000, 0x0000, 0x0000, 0x09dc, 0x0177, 0x0027, 
	0x0002, 0x0001, 0x0001, 0x0001, 0x0001, 0x0001, 0x0001, 0x0001, 0x0001, 0x0001, 0x0001, 0x0001, 0x0800, 0x0001, 0x5a66, 0x9c2e, 
	0x936b, 0x8c4e, 0x936b, 0x936b, 0x936b, 0xab0d, 0x936b, 0x936b, 0xab0d, 0x936b, 0x936b, 0x936b, 0x936b, 0xbcf0, 0xf739, 0xf6f7, 
	0xff18, 0xf738, 0xf738, 0xf6f7, 0xfed9, 0xe676, 0xccf2, 0xccf2, 0xcc92, 0xcc92, 0xcc92, 0xccf2, 0xccf2, 0xd533, 0xd533, 0xcc92, 
	0xcc31, 0x99ea, 0x8988, 0x9149, 0x9149, 0x9129, 0x9189, 0x9189, 0x9129, 0x9189, 0x9129, 0x9129, 0x9149, 0x8928, 0x8928, 0xa26c, 
	0xc390, 0xd432, 0xb30e, 0x8988, 0x8988, 0x9189, 0x8988, 0x99ea, 0xb30e, 0x9149, 0x9149, 0x9149, 0x9149, 0x9149, 0x8928, 0x8928, 
	0x8928, 0x8928, 0x8928, 0x8928, 0x8928, 0x8928, 0x8928, 0x8928, 0x8928, 0x8928, 0x9149, 0x8928, 0x9149, 0x8928, 0x9129, 0x9129, 
	0x8928, 0x9149, 0x9149, 0x8988, 0x9189, 0x9189, 0x9189, 0x9189, 0x9189, 0x99ea, 0x89e8, 0xab0d, 0xfed9, 0xfed9, 0xf737, 0xf737, 
	0xf737, 0xef37, 0xff37, 0xef37, 0xef37, 0xff37, 0xef37, 0xef37, 0xef37, 0xef37, 0xef37, 0xf738, 0xf738, 0xf738, 0xde75, 0xd594, 
	0xd594, 0xd594, 0xdd54, 0xe5d5, 0xdd54, 0xe5d5, 0xdd54, 0xdd54, 0xdd54, 0xdd54, 0xdd54, 0xdd54, 0xd594, 0x936b, 0x51e5, 0x51e5, 
	0x51e5, 0x5a66, 0x4a24, 0x62e6, 0x9d70, 0xadb1, 0xadb1, 0xbdf3, 0xa5b1, 0xa5b1, 0x9d91, 0x9d91, 0x9591, 0x8d71, 0x8d71, 0x8d71, 
	0x9570, 0x8571, 0x8d71, 0x8d71, 0x8550, 0x8d71, 0x8550, 0x8550, 0x8550, 0x8550, 0x7530, 0x8571, 0x7530, 0x7530, 0x7530, 0x7530, 
	0x7530, 0x7530, 0x7530, 0x7530, 0x7530, 0x7530, 0x6d0f, 0x6d0f, 0x7530, 0x7530, 0x6d0f, 0x7530, 0x7530, 0x7530, 0x7530, 0x8571, 
	0x6c4e, 0x08e1, 0x0001, 0x0001, 0x0001, 0x0001, 0x0001, 0x0001, 0x0001, 0x0001, 0x0001, 0x0001, 0x0001, 0x0001, 0x0001, 0x0027, 
	0x00d1, 0x09dc, 0x0000, 0x0000, 0x0000, 0x0000, 0x0000, 0x0000, 0x0000, 0x0000, 0x0000, 0x0000, 0x0000, 0x0000, 0x0000, 0x0000, 
	0x0000, 0x0000, 0x0000, 0x0000, 0x0000, 0x0000, 0x0000, 0x0000, 0x0000, 0x0000, 0x0000, 0x0000, 0x0000, 0x11da, 0x006d, 0x0004, 
	0x0001, 0x0001, 0x0001, 0x0001, 0x0001, 0x0001, 0x0001, 0x0001, 0x0001, 0x0001, 0x0800, 0x0800, 0x0800, 0x2080, 0x41e7, 0x5a89, 
	0x69c6, 0x41e7, 0x69c6, 0x69c6, 0x69c6, 0x51e5, 0x69c6, 0x69c6, 0x51e5, 0x69c6, 0x51c3, 0x51e5, 0x3100, 0x936b, 0xf739, 0xff18, 
	0xf739, 0xff18, 0xf738, 0xff18, 0xee97, 0xd533, 0xa4af, 0xccf2, 0xccf2, 0xcc92, 0xccf2, 0xcc92, 0xdcb3, 0xd533, 0xcc92, 0xcc92, 
	0xcc31, 0x99ea, 0x8928, 0x8928, 0x9149, 0x9149, 0x9189, 0x9129, 0x9149, 0x9149, 0x9129, 0x9149, 0x9149, 0x8928, 0x8928, 0xb30e, 
	0xc390, 0xd432, 0xb30e, 0x8928, 0x8988, 0x9189, 0x9149, 0x9189, 0xa26c, 0x99ea, 0x9129, 0x9149, 0x9149, 0x9149, 0x9149, 0x8928, 
	0x8928, 0x9129, 0x8928, 0x8928, 0x8928, 0x8928, 0x8928, 0x9129, 0x9129, 0x9129, 0x9129, 0x9129, 0x9129, 0x9129, 0x9129, 0x9189, 
	0x8928, 0x9149, 0x9149, 0x8988, 0x9129, 0x9189, 0x9189, 0x9189, 0x9189, 0x99ea, 0x8a69, 0xb36e, 0xfed9, 0xff18, 0xf738, 0xf758, 
	0xef37, 0xef37, 0xef37, 0xef37, 0xff37, 0xef37, 0xef37, 0xef37, 0xef37, 0xef37, 0xef37, 0xf738, 0xf738, 0xf738, 0xe5d5, 0xe5d5, 
	0xd594, 0xd594, 0xdd54, 0xdd54, 0xdd54, 0xdd54, 0xdd54, 0xe5d5, 0xdd54, 0xdd54, 0xdd54, 0xd594, 0xd533, 0x936b, 0x51e5, 0x51e5, 
	0x51c3, 0x4a24, 0x5a66, 0x6308, 0xadb1, 0xadb1, 0xadb1, 0xbdf3, 0xa5b1, 0xa5b1, 0xa5b1, 0x9d91, 0x9591, 0x8d71, 0x8d71, 0x8d71, 
	0x9570, 0x8571, 0x8d71, 0x8d70, 0x8d71, 0x8550, 0x8550, 0x8550, 0x8550, 0x8550, 0x8571, 0x7530, 0x8550, 0x7530, 0x7530, 0x7530, 
	0x7530, 0x7530, 0x7530, 0x7530, 0x6d0f, 0x7530, 0x6d0f, 0x7530, 0x6d0f, 0x7530, 0x7530, 0x7530, 0x7530, 0x7530, 0x7530, 0x8571, 
	0x7530, 0x42a8, 0x0060, 0x0060, 0x0001, 0x0001, 0x0001, 0x0001, 0x0001, 0x0001, 0x0001, 0x0001, 0x0001, 0x0001, 0x0001, 0x0002, 
	0x006d, 0x11da, 0x0000, 0x0000, 0x0000, 0x0000, 0x0000, 0x0000, 0x0000, 0x0000, 0x0000, 0x0000, 0x0000, 0x0000, 0x0000, 0x0000, 
	0x0000, 0x0000, 0x0000, 0x0000, 0x0000, 0x0000, 0x0000, 0x0000, 0x0000, 0x0000, 0x0000, 0x0000, 0x0000, 0x1193, 0x0027, 0x0002, 
	0x0001, 0x0001, 0x0001, 0x0001, 0x0001, 0x0001, 0x0001, 0x0001, 0x0001, 0x0001, 0x0800, 0x0800, 0x3922, 0xbcd1, 0xbdd7, 0xd5f5, 
	0xd5f5, 0xd5f5, 0xdd54, 0xd594, 0xbd53, 0xdd54, 0xd533, 0xd533, 0xccf2, 0xccf2, 0xd533, 0xd533, 0x51e5, 0x9c2b, 0xf739, 0xff18, 
	0xff18, 0xff18, 0xfed9, 0xee97, 0xccf2, 0xa42e, 0xab0d, 0xbbef, 0xb36e, 0xbbef, 0xb36e, 0xbbef, 0xc410, 0xdcb3, 0xdcb3, 0xcc31, 
	0xcc31, 0x928a, 0x8928, 0x8928, 0x9149, 0x9149, 0x9129, 0x9189, 0x9129, 0x9149, 0x9189, 0x9129, 0x9149, 0x9149, 0x8928, 0xb30e, 
	0xd432, 0xc390, 0xa26c, 0x8988, 0x8988, 0x9189, 0x9149, 0x9189, 0xa26c, 0x9189, 0x9129, 0x9149, 0x9149, 0x8928, 0x9129, 0x9129, 
	0x9129, 0x9129, 0x9129, 0x9129, 0x9129, 0x8928, 0x9129, 0x9129, 0x9129, 0x9129, 0x9129, 0x9129, 0x9129, 0x9129, 0x9129, 0x9149, 
	0x9149, 0x8928, 0x9149, 0x8988, 0x9189, 0x9189, 0x9189, 0x9189, 0x9189, 0x99ea, 0x928a, 0xcc92, 0xff18, 0xff18, 0xf738, 0xf758, 
	0xef37, 0xef37, 0xef37, 0xff37, 0xef37, 0xef37, 0xef37, 0xef37, 0xef37, 0xef37, 0xef37, 0xf738, 0xf738, 0xf6f7, 0xd5f4, 0xe5d5, 
	0xd594, 0xdd54, 0xdd54, 0xe5d5, 0xdd54, 0xe5d5, 0xdd54, 0xdd54, 0xdd54, 0xdd54, 0xdd54, 0xd594, 0xccf2, 0x69c6, 0x5a43, 0x51e5, 
	0x51e5, 0x4a24, 0x4a24, 0x7b69, 0xa593, 0xbdf3, 0xadb1, 0xa5b1, 0xbdf3, 0x9d91, 0x9d91, 0x9d91, 0x9591, 0x8d71, 0x8d71, 0x8d71, 
	0x9570, 0x8571, 0x8d70, 0x8d71, 0x8d71, 0x8550, 0x8d71, 0x8550, 0x8550, 0x8571, 0x7530, 0x8550, 0x7530, 0x7530, 0x7530, 0x7530, 
	0x7530, 0x7530, 0x7530, 0x7530, 0x7530, 0x6d0f, 0x7530, 0x7530, 0x7530, 0x7530, 0x7530, 0x7530, 0x6d0f, 0x7530, 0x7530, 0x7530, 
	0x8571, 0x8530, 0x29c4, 0x0001, 0x0001, 0x0001, 0x0001, 0x0001, 0x0001, 0x0001, 0x0001, 0x0001, 0x0001, 0x0001, 0x0001, 0x0002, 
	0x0027, 0x00d1, 0x09dc, 0x0000, 0x0000, 0x0000, 0x0000, 0x0000, 0x0000, 0x0000, 0x0000, 0x0000, 0x0000, 0x0000, 0x0000, 0x0000, 
	0x0000, 0x0000, 0x0000, 0x0000, 0x0000, 0x0000, 0x0000, 0x0000, 0x0000, 0x0000, 0x0000, 0x0000, 0x11da, 0x006d, 0x0004, 0x0001, 
	0x0001, 0x0001, 0x0001, 0x0001, 0x0001, 0x0001, 0x0001, 0x0001, 0x0001, 0x0800, 0x0800, 0x0800, 0x8c4e, 0xbdd7, 0xe5d5, 0xbd53, 
	0xdd54, 0xd594, 0xd594, 0xd594, 0xdd54, 0xbd53, 0xdd54, 0xdd54, 0xd594, 0xd594, 0xd533, 0xd594, 0x51e5, 0x936b, 0xfed9, 0xfed9, 
	0xf6f7, 0xfed9, 0xeef6, 0xd533, 0x936b, 0x8a69, 0x928a, 0x8a69, 0x8a69, 0x8a69, 0x8a69, 0x8a69, 0x928a, 0xcc92, 0xdd54, 0xcc31, 
	0xcc31, 0x99ea, 0x8928, 0x8928, 0x9149, 0x9149, 0x9189, 0x9129, 0x9149, 0x9129, 0x9149, 0x9149, 0x9149, 0x8928, 0x9149, 0xc390, 
	0xd432, 0xc390, 0xa26c, 0x8928, 0x8988, 0x9149, 0x8928, 0x99ea, 0xa20b, 0x9189, 0x9149, 0x9149, 0x9129, 0x9129, 0x9129, 0x9129, 
	0x9129, 0x9129, 0x9129, 0x8928, 0x9129, 0x9129, 0x8928, 0x9129, 0x9129, 0x9129, 0x9129, 0x9129, 0x9129, 0x9129, 0x9129, 0x9149, 
	0x9149, 0x9149, 0x9149, 0x9149, 0x9189, 0x9189, 0x9189, 0x9189, 0x89e8, 0x99ea, 0xab0d, 0xdd54, 0xfed9, 0xf739, 0xf738, 0xf758, 
	0xef37, 0xef37, 0xef37, 0xef37, 0xef37, 0xef37, 0xff37, 0xef37, 0xef37, 0xef37, 0xff37, 0xf738, 0xf738, 0xf6f7, 0xe5d5, 0xd594, 
	0xd594, 0xd594, 0xdd54, 0xdd54, 0xdd54, 0xe5d5, 0xdd54, 0xdd54, 0xe5d5, 0xdd54, 0xdd54, 0xdd54, 0xbcf0, 0x51e5, 0x51c3, 0x51e5, 
	0x49c4, 0x4a24, 0x5a66, 0x840b, 0xadb1, 0xadb1, 0xadb1, 0xbdf3, 0x9d91, 0xa5b1, 0xa5b1, 0x9d91, 0x9591, 0x8d71, 0x8d71, 0x8d71, 
	0x9570, 0x8571, 0x8d71, 0x8550, 0x8d71, 0x8550, 0x8550, 0x8550, 0x8550, 0x8571, 0x7530, 0x8550, 0x7530, 0x7530, 0x7530, 0x7530, 
	0x7530, 0x7530, 0x7530, 0x7530, 0x7530, 0x7530, 0x7530, 0x7530, 0x7530, 0x7530, 0x6d0f, 0x7530, 0x7530, 0x7530, 0x7530, 0x7530, 
	0x7530, 0x8571, 0x6c4e, 0x0060, 0x0001, 0x0001, 0x0001, 0x0001, 0x0001, 0x0001, 0x0001, 0x0001, 0x0001, 0x0001, 0x0001, 0x0001, 
	0x0001, 0x004a, 0x0177, 0x0000, 0x0000, 0x0000, 0x0000, 0x0000, 0x0000, 0x0000, 0x0000, 0x0000, 0x0000, 0x0000, 0x0000, 0x0000, 
	0x0000, 0x0000, 0x0000, 0x0000, 0x0000, 0x0000, 0x0000, 0x0000, 0x0000, 0x0000, 0x0000, 0x09dc, 0x00d1, 0x004a, 0x0001, 0x0001, 
	0x0001, 0x0001, 0x0001, 0x0001, 0x0001, 0x0001, 0x0001, 0x0001, 0x0001, 0x1000, 0x0001, 0x41e7, 0xd5f5, 0xd594, 0xbdd7, 0xdd54, 
	0xbd53, 0xbdd7, 0xd594, 0xd594, 0xd594, 0xd594, 0xd594, 0xd594, 0xd594, 0xd594, 0xd533, 0xd533, 0x51e5, 0x7b69, 0xff18, 0xf739, 
	0xfed9, 0xff18, 0xd594, 0xc410, 0x928a, 0x8a69, 0x89e8, 0x91e9, 0x89e8, 0x91e9, 0x89e8, 0x89e8, 0x8a69, 0xcc31, 0xdcb3, 0xdcb3, 
	0xcc31, 0x99ea, 0x8928, 0x8988, 0x9129, 0x9149, 0x9129, 0x9189, 0x9129, 0x9129, 0x9189, 0x9129, 0x9149, 0x8928, 0xa20b, 0xc390, 
	0xc390, 0xc390, 0xa20b, 0x8988, 0x9149, 0x9149, 0x9149, 0x9189, 0xa26c, 0x9149, 0x9149, 0x9129, 0x8928, 0x9129, 0x9129, 0x9129, 
	0x9129, 0x9129, 0x9129, 0x9129, 0x9129, 0x9129, 0x9129, 0x9129, 0x9129, 0x9129, 0x9129, 0x9129, 0x9149, 0x9149, 0x9149, 0x9149, 
	0x9149, 0x8928, 0x9149, 0x9149, 0x8988, 0x9149, 0x9189, 0x9189, 0x91e9, 0x99ea, 0x928a, 0xee16, 0xfed9, 0xf738, 0xf758, 0xf758, 
	0xf737, 0xf737, 0xef37, 0xef37, 0xef37, 0xef37, 0xef37, 0xef37, 0xef37, 0xef37, 0xf738, 0xf738, 0xf738, 0xf6f7, 0xe5d5, 0xd594, 
	0xd594, 0xdd54, 0xdd54, 0xe5d5, 0xdd54, 0xdd54, 0xdd54, 0xdd54, 0xdd54, 0xdd54, 0xdd54, 0xd594, 0xa42e, 0x51c3, 0x51e5, 0x51c3, 
	0x5223, 0x4a24, 0x4a24, 0x8c4e, 0xadb1, 0xadb1, 0xadb1, 0xbdf3, 0xa5b1, 0xa5b1, 0x9d91, 0x9d91, 0x9591, 0x9591, 0x8d71, 0x8d71, 
	0x8571, 0x8d71, 0x8d71, 0x8d70, 0x8d71, 0x8550, 0x8d71, 0x8550, 0x8550, 0x8571, 0x7530, 0x8571, 0x7530, 0x7530, 0x7530, 0x7530, 
	0x7530, 0x7530, 0x7530, 0x7530, 0x7530, 0x7530, 0x6d0f, 0x7530, 0x6d0f, 0x7530, 0x7530, 0x7530, 0x7530, 0x7530, 0x7530, 0x7530, 
	0x7530, 0x7530, 0x7530, 0x5b2b, 0x0001, 0x0001, 0x0001, 0x0001, 0x0001, 0x0001, 0x0001, 0x0001, 0x0001, 0x0001, 0x0001, 0x0001, 
	0x0001, 0x0004, 0x00d1, 0x11da, 0x0000, 0x0000, 0x0000, 0x0000, 0x0000, 0x0000, 0x0000, 0x0000, 0x0000, 0x0000, 0x0000, 0x0000, 
	0x0000, 0x0000, 0x0000, 0x0000, 0x0000, 0x0000, 0x0000, 0x0000, 0x0000, 0x0000, 0x0000, 0x0177, 0x006d, 0x0004, 0x0001, 0x0001, 
	0x0001, 0x0001, 0x0001, 0x0001, 0x0001, 0x0001, 0x0001, 0x0001, 0x0001, 0x0001, 0x1000, 0xbcd1, 0xbdd7, 0xdd54, 0xd594, 0xbd53, 
	0xbdd7, 0xd594, 0xd594, 0xd594, 0xd594, 0xd5f5, 0xd594, 0xd594, 0xd594, 0xd594, 0xd594, 0xd533, 0x69c6, 0x936b, 0xfed9, 0xfed9, 
	0xfed9, 0xd5f4, 0xbcd1, 0xc410, 0x928a, 0x91e9, 0x99ea, 0x91e9, 0x91e9, 0x91e9, 0x91e9, 0x91e9, 0x99ea, 0xcc31, 0xdd54, 0xd432, 
	0xd432, 0x99ea, 0x8988, 0x8928, 0x8988, 0x9149, 0x9149, 0x9129, 0x9189, 0x9129, 0x9129, 0x9129, 0x8928, 0x8928, 0xa20b, 0xc390, 
	0xd432, 0xc390, 0x9189, 0x8928, 0x9149, 0x8928, 0x9149, 0x9189, 0xa26c, 0x9149, 0x9189, 0x9129, 0x8928, 0x9129, 0x8928, 0x9129, 
	0x9149, 0x9129, 0x9149, 0x9129, 0x9149, 0x9129, 0x9129, 0x8928, 0x9129, 0x8928, 0x9129, 0x9129, 0x9149, 0x9129, 0x9149, 0x9149, 
	0x9149, 0x8928, 0x9149, 0x9149, 0x9149, 0x9189, 0x9189, 0x9189, 0x9189, 0x99ea, 0xab0d, 0xee16, 0xff18, 0xf738, 0xf738, 0xf758, 
	0xef37, 0xf737, 0xef37, 0xef37, 0xef37, 0xef37, 0xef37, 0xef37, 0xff37, 0xef37, 0xf738, 0xf738, 0xff18, 0xee97, 0xe5d5, 0xd533, 
	0xd594, 0xdd54, 0xdd54, 0xdd54, 0xdd54, 0xdd54, 0xdd54, 0xdd54, 0xdd54, 0xdd54, 0xdd54, 0xd594, 0x9c2b, 0x51c3, 0x51c3, 0x51e5, 
	0x5223, 0x4a24, 0x5a66, 0x94ae, 0xadb1, 0xadb1, 0xbdf3, 0x9d91, 0xa5b1, 0xa5b1, 0x9d91, 0x9d91, 0x9591, 0x9591, 0x8d71, 0x8d71, 
	0x8d71, 0x8d70, 0x8d71, 0x8550, 0x8d71, 0x8550, 0x8550, 0x8550, 0x8550, 0x8571, 0x7530, 0x8550, 0x7530, 0x7530, 0x8550, 0x7530, 
	0x7530, 0x7530, 0x750f, 0x7530, 0x7530, 0x7530, 0x7530, 0x7530, 0x7530, 0x7530, 0x7530, 0x7530, 0x7530, 0x7530, 0x7530, 0x7530, 
	0x8571, 0x7530, 0x7530, 0x8530, 0x08e1, 0x0001, 0x0001, 0x0800, 0x0001, 0x0001, 0x0001, 0x0001, 0x0001, 0x0001, 0x0001, 0x0001, 
	0x0001, 0x0001, 0x006d, 0x0177, 0x09dc, 0x0000, 0x0000, 0x0000, 0x0000, 0x0000, 0x0000, 0x0000, 0x0000, 0x0000, 0x0000, 0x0000, 
	0x0000, 0x0000, 0x0000, 0x0000, 0x0000, 0x0000, 0x0000, 0x0000, 0x0000, 0x0000, 0x09dc, 0x0177, 0x0027, 0x0001, 0x0001, 0x0001, 
	0x0001, 0x0001, 0x0001, 0x0001, 0x0001, 0x0001, 0x0001, 0x0001, 0x0800, 0x0001, 0x41e7, 0xd699, 0xbd53, 0xbdd7, 0xd594, 0xbd53, 
	0xbd53, 0xbd53, 0xd594, 0xd594, 0xd594, 0xd594, 0xd5f5, 0xd594, 0xd594, 0xd594, 0xd533, 0xd533, 0x5a43, 0x72a9, 0xfed9, 0xfed9, 
	0xee16, 0xccf2, 0xbcf0, 0xc410, 0x928a, 0x91e9, 0x99ea, 0x91e9, 0x91e9, 0x91e9, 0x91e9, 0x89e8, 0x8a69, 0xcc31, 0xdcb3, 0xdcb3, 
	0xd432, 0x99ea, 0x8928, 0x8988, 0x8928, 0x9149, 0x9149, 0x9149, 0x9129, 0x9149, 0x9149, 0x9149, 0x8928, 0x8988, 0xa26c, 0xd432, 
	0xc390, 0xb30e, 0x9189, 0x8988, 0x8988, 0x8928, 0x9149, 0x9189, 0xa26c, 0x9189, 0x9149, 0x9129, 0x8928, 0x9129, 0x8928, 0x9129, 
	0x9129, 0x9149, 0x8928, 0x9149, 0x9129, 0x9129, 0x8928, 0x9129, 0x9129, 0x8928, 0x9129, 0x8928, 0x9129, 0x9149, 0x8928, 0x9149, 
	0x9149, 0x9149, 0x9149, 0x9149, 0x9149, 0x9189, 0x9189, 0x9189, 0x91e9, 0x99ea, 0xa42e, 0xfed9, 0xfed9, 0xf738, 0xf738, 0xf758, 
	0xf737, 0xf738, 0xef37, 0xef37, 0xef37, 0xef37, 0xef37, 0xef37, 0xef37, 0xef37, 0xff18, 0xf738, 0xff18, 0xeef6, 0xd533, 0xd594, 
	0xd594, 0xdd54, 0xdd54, 0xe5d5, 0xdd54, 0xdd54, 0xdd54, 0xdd54, 0xdd54, 0xdd54, 0xdd54, 0xdd54, 0x7b69, 0x69c6, 0x51c3, 0x5a43, 
	0x49c4, 0x4a24, 0x62e6, 0x9d70, 0xadb1, 0xadb1, 0xa5b1, 0xadb1, 0xa5b1, 0xa5b1, 0x9d91, 0x9591, 0x9591, 0x8d70, 0x9591, 0x8d70, 
	0x8d70, 0x8d71, 0x8d70, 0x8d71, 0x8d71, 0x8550, 0x8d71, 0x8550, 0x8550, 0x8571, 0x8571, 0x7530, 0x8550, 0x7530, 0x7530, 0x7530, 
	0x7530, 0x7530, 0x7530, 0x750f, 0x7530, 0x7530, 0x7530, 0x7530, 0x7530, 0x7530, 0x7530, 0x7530, 0x7530, 0x7530, 0x7530, 0x7530, 
	0x7530, 0x8530, 0x7530, 0x8530, 0x5b2b, 0x0060, 0x0001, 0x0001, 0x0001, 0x0001, 0x0001, 0x0001, 0x0001, 0x0001, 0x0001, 0x0001, 
	0x0001, 0x0001, 0x0027, 0x006d, 0x11da, 0x0000, 0x0000, 0x0000, 0x0000, 0x0000, 0x0000, 0x0000, 0x0000, 0x0000, 0x0000, 0x0000, 
	0x0000, 0x0000, 0x0000, 0x0000, 0x0000, 0x0000, 0x0000, 0x0000, 0x0000, 0x0000, 0x0177, 0x00d1, 0x0002, 0x0001, 0x0001, 0x0001, 
	0x0001, 0x0001, 0x0001, 0x0001, 0x0001, 0x0001, 0x0001, 0x0800, 0x0001, 0x2080, 0xbd53, 0xbd53, 0xd5f5, 0xbdd7, 0x936b, 0x41e7, 
	0xa42e, 0xbd53, 0xd594, 0xd594, 0xd594, 0xd594, 0xd594, 0xd594, 0xd594, 0xd594, 0xd533, 0xd533, 0x51e5, 0x72a9, 0xfed9, 0xfed9, 
	0xd533, 0xc410, 0xccf2, 0xcc92, 0x928a, 0x99ea, 0x91e9, 0x91e9, 0x9189, 0x91e9, 0x91e9, 0x89e8, 0x99ea, 0xd432, 0xdd54, 0xd432, 
	0xd432, 0x99ea, 0x8988, 0x8988, 0x8988, 0x8928, 0x9149, 0x9149, 0x9149, 0x8928, 0x8928, 0x8928, 0x8928, 0x8988, 0xa26c, 0xd432, 
	0xd432, 0xa26c, 0x8928, 0x8928, 0x9149, 0x8928, 0x9149, 0x9189, 0xa26c, 0x9149, 0x9149, 0x9129, 0x8928, 0x8928, 0x9129, 0x8928, 
	0x9129, 0x9149, 0x9129, 0x9149, 0x8928, 0x9129, 0x9129, 0x8928, 0x8928, 0x9129, 0x8928, 0x8928, 0x8928, 0x9129, 0x9149, 0x8928, 
	0x9149, 0x8928, 0x9149, 0x9149, 0x9149, 0x9189, 0x9189, 0x9189, 0x89e8, 0x89e8, 0xbbef, 0xff18, 0xff18, 0xf738, 0xf738, 0xf738, 
	0xf758, 0xf737, 0xef37, 0xef37, 0xef37, 0xef37, 0xef37, 0xff37, 0xef37, 0xff37, 0xf737, 0xf738, 0xff18, 0xe676, 0xd594, 0xd533, 
	0xd594, 0xdd54, 0xdd54, 0xdd54, 0xdd54, 0xdd54, 0xdd54, 0xdd54, 0xdd54, 0xdd54, 0xdd54, 0xd594, 0x6ac6, 0x51c3, 0x51e5, 0x5a43, 
	0x49c4, 0x4a24, 0x62e6, 0xadb1, 0xadb1, 0xadb1, 0xadb1, 0xa5b1, 0xa5b1, 0xa5b1, 0x9d91, 0x9d91, 0x9591, 0x9591, 0x8d70, 0x9591, 
	0x8d71, 0x8d70, 0x8d71, 0x8550, 0x8d71, 0x8550, 0x8550, 0x8550, 0x8550, 0x8571, 0x7530, 0x8571, 0x7530, 0x8550, 0x7530, 0x7530, 
	0x7530, 0x7530, 0x7530, 0x7530, 0x7530, 0x7530, 0x7530, 0x7530, 0x7530, 0x7530, 0x7530, 0x7530, 0x7530, 0x7530, 0x7530, 0x7530, 
	0x7530, 0x7530, 0x7530, 0x7530, 0x8530, 0x2102, 0x0001, 0x0001, 0x0001, 0x0001, 0x0001, 0x0001, 0x0001, 0x0001, 0x0001, 0x0001, 
	0x0001, 0x0001, 0x0002, 0x004a, 0x0177, 0x0000, 0x0000, 0x0000, 0x0000, 0x0000, 0x0000, 0x0000, 0x0000, 0x0000, 0x0000, 0x0000, 
	0x0000, 0x0000, 0x0000, 0x0000, 0x0000, 0x0000, 0x0000, 0x0000, 0x0000, 0x09dc, 0x1193, 0x0027, 0x0002, 0x0001, 0x0001, 0x0001, 
	0x0001, 0x0001, 0x0001, 0x0001, 0x0001, 0x0001, 0x0001, 0x0800, 0x0001, 0x5b2b, 0xbd53, 0xbdd7, 0xd594, 0xd594, 0x41e7, 0x0001, 
	0x51e5, 0xd594, 0xbd53, 0xd594, 0xbd53, 0xd594, 0xbd53, 0xd594, 0xd594, 0xd594, 0xd533, 0xd533, 0x51e5, 0x72a9, 0xee16, 0xd533, 
	0xcc92, 0xbcd1, 0xcc31, 0xd432, 0xa26c, 0x99ea, 0x91e9, 0x99ea, 0x99ea, 0x89e8, 0x89e8, 0x89e8, 0x89e8, 0xc410, 0xdd54, 0xd432, 
	0xd432, 0x91e9, 0x8988, 0x8928, 0x8988, 0x8928, 0x8928, 0x8928, 0x8928, 0x8928, 0x8928, 0x8988, 0x9149, 0x91e9, 0xc390, 0xd432, 
	0xc390, 0xa20b, 0x8928, 0x8988, 0x9149, 0x8928, 0x9149, 0x9189, 0xa26c, 0x9149, 0x9149, 0x9129, 0x8928, 0x8928, 0x9129, 0x9129, 
	0x8928, 0x9129, 0x8928, 0x9129, 0x9129, 0x9129, 0x8928, 0x9129, 0x9129, 0x8928, 0x8928, 0x8928, 0x8928, 0x9129, 0x9149, 0x9129, 
	0x8928, 0x9149, 0x9149, 0x8928, 0x9149, 0x9189, 0x9189, 0x91e9, 0x99ea, 0x8a69, 0xdd54, 0xfed9, 0xff18, 0xf738, 0xf738, 0xe758, 
	0xf737, 0xf758, 0xf758, 0xef37, 0xef37, 0xef37, 0xef37, 0xef37, 0xef37, 0xef37, 0xf738, 0xff18, 0xf6f7, 0xd5f5, 0xd594, 0xd594, 
	0xdd54, 0xdd54, 0xdd54, 0xdd54, 0xdd54, 0xdd54, 0xdd54, 0xdd54, 0xdd54, 0xdd54, 0xdd54, 0xbcf0, 0x51c3, 0x51c3, 0x51c3, 0x51c3, 
	0x4a24, 0x49c4, 0x840b, 0xbdf3, 0xadb1, 0xadb1, 0xa5b1, 0xadb1, 0xa5b1, 0xa5b1, 0x9d91, 0x9591, 0x9591, 0x8d70, 0x8d70, 0x8d70, 
	0x8d71, 0x8d70, 0x8d71, 0x8d71, 0x8550, 0x8d71, 0x8550, 0x8550, 0x8550, 0x8571, 0x8571, 0x8550, 0x7530, 0x7530, 0x8550, 0x7530, 
	0x7530, 0x7530, 0x7530, 0x7530, 0x7530, 0x7530, 0x7530, 0x7530, 0x7530, 0x7530, 0x7530, 0x7530, 0x7530, 0x7530, 0x7530, 0x7530, 
	0x7530, 0x7530, 0x7530, 0x8530, 0x8571, 0x6beb, 0x08e1, 0x0001, 0x0001, 0x0001, 0x0001, 0x0001, 0x0001, 0x0001, 0x0001, 0x0001, 
	0x0001, 0x0001, 0x0001, 0x0004, 0x00d1, 0x11da, 0x0000, 0x0000, 0x0000, 0x0000, 0x0000, 0x0000, 0x0000, 0x0000, 0x0000, 0x0000, 
	0x0000, 0x0000, 0x0000, 0x0000, 0x0000, 0x0000, 0x0000, 0x0000, 0x0000, 0x11da, 0x004a, 0x0004, 0x0001, 0x0001, 0x0001, 0x0001, 
	0x0001, 0x0001, 0x0001, 0x0001, 0x0001, 0x0001, 0x0001, 0x0800, 0x2080, 0x8c4e, 0xa4af, 0x5a89, 0x734c, 0x734c, 0x3944, 0x0800, 
	0x2080, 0xa4af, 0xbcf0, 0x734c, 0x5a66, 0x51e5, 0x9c2e, 0xbd53, 0xd594, 0xd594, 0xd533, 0xd533, 0x51e5, 0x8a69, 0xd594, 0xcc92, 
	0xc410, 0xcc92, 0xcc31, 0xd432, 0xab0d, 0xab0d, 0x928a, 0xa26c, 0x928a, 0x928a, 0x928a, 0x928a, 0xa26c, 0xd432, 0xdd54, 0xd432, 
	0xc410, 0x928a, 0x928a, 0x91e9, 0x8988, 0x8988, 0x8988, 0x8988, 0x8928, 0x8928, 0x8928, 0x8928, 0x8988, 0x99ea, 0xc390, 0xd432, 
	0xc390, 0x9189, 0x8928, 0x8988, 0x9149, 0x8928, 0x9149, 0x9189, 0xa26c, 0x9149, 0x9149, 0x9129, 0x8928, 0x8928, 0x9129, 0x8928, 
	0x9129, 0x8928, 0x9129, 0x9129, 0x8928, 0x9129, 0x9129, 0x8928, 0x9129, 0x8928, 0x8928, 0x8928, 0x8928, 0x9129, 0x9149, 0x8928, 
	0x9149, 0x9149, 0x9149, 0x9149, 0x9149, 0x9189, 0x9189, 0x99ea, 0x8a69, 0xab0d, 0xe5d5, 0xff18, 0xf739, 0xf738, 0xf738, 0xf758, 
	0xe758, 0xef37, 0xef37, 0xef37, 0xef37, 0xef37, 0xef37, 0xef37, 0xff37, 0xef37, 0xff18, 0xf737, 0xf6f7, 0xe5d5, 0xd594, 0xd594, 
	0xdd54, 0xdd54, 0xdd54, 0xdd54, 0xdd54, 0xdd54, 0xdd54, 0xdd54, 0xdd54, 0xdd54, 0xdd54, 0xa42e, 0x51c3, 0x51c3, 0x51c3, 0x51c3, 
	0x4a24, 0x4a24, 0x8c4e, 0xb5b1, 0xadb1, 0xadb1, 0xadb1, 0xa5b1, 0xa5b1, 0xa5b1, 0x9d91, 0x9591, 0x9591, 0x9591, 0x9591, 0x8d70, 
	0x8d70, 0x9591, 0x8550, 0x8d71, 0x8d71, 0x8550, 0x8d71, 0x8550, 0x8550, 0x8571, 0x8550, 0x7530, 0x8550, 0x7530, 0x7530, 0x7530, 
	0x7530, 0x7530, 0x7530, 0x7530, 0x7530, 0x7530, 0x7530, 0x7530, 0x7530, 0x7530, 0x7530, 0x7530, 0x7530, 0x7530, 0x7530, 0x7530, 
	0x7530, 0x7530, 0x7530, 0x7530, 0x8571, 0x8530, 0x31a7, 0x0001, 0x0001, 0x0001, 0x0001, 0x0001, 0x0001, 0x0001, 0x0001, 0x0001, 
	0x0001, 0x0001, 0x0001, 0x0002, 0x006d, 0x0177, 0x09dc, 0x0000, 0x0000, 0x0000, 0x0000, 0x0000, 0x0000, 0x0000, 0x0000, 0x0000, 
	0x0000, 0x0000, 0x0000, 0x0000, 0x0000, 0x0000, 0x0000, 0x0000, 0x11da, 0x0177, 0x0027, 0x0002, 0x0001, 0x0001, 0x0001, 0x0001, 
	0x0001, 0x0001, 0x0001, 0x0001, 0x0001, 0x0001, 0x0800, 0x0001, 0x0001, 0x734c, 0x734c, 0x0001, 0x28e0, 0x72a9, 0x2020, 0x0800, 
	0x1000, 0x72a9, 0x41e7, 0x0800, 0x2080, 0x1000, 0x2080, 0x9c2e, 0xd594, 0xd594, 0xbd53, 0xd533, 0x51e5, 0x69c6, 0xbcd1, 0xbcd1, 
	0xcc31, 0xcc92, 0xc410, 0xcc92, 0xd432, 0xcc31, 0xcc31, 0xcc31, 0xd432, 0xd432, 0xd432, 0xcc31, 0xc410, 0xdcb3, 0xdcb3, 0xd432, 
	0xd432, 0xc410, 0xbbef, 0xb36e, 0xab0d, 0xa26c, 0x928a, 0x9189, 0x91e9, 0x8988, 0x8988, 0x8988, 0x8988, 0x928a, 0xc390, 0xd432, 
	0xb30e, 0x9189, 0x8988, 0x8988, 0x9149, 0x8928, 0x9149, 0x9189, 0xa26c, 0x9149, 0x9149, 0x9129, 0x8928, 0x8928, 0x9129, 0x8928, 
	0x9129, 0x9129, 0x9129, 0x8928, 0x9129, 0x9129, 0x8928, 0x9129, 0x8928, 0x9129, 0x8928, 0x9129, 0x8928, 0x9129, 0x9149, 0x9129, 
	0x9149, 0x8928, 0x9149, 0x9149, 0x9149, 0x9189, 0x9189, 0x99ea, 0x89e8, 0x936b, 0xfed9, 0xfed9, 0xf738, 0xf738, 0xf738, 0xf758, 
	0xf737, 0xef37, 0xef37, 0xef37, 0xef37, 0xef37, 0xef37, 0xef37, 0xef37, 0xf737, 0xf737, 0xf738, 0xeef6, 0xd5f4, 0xd594, 0xdd54, 
	0xd533, 0xdd54, 0xdd54, 0xdd54, 0xdd54, 0xdd54, 0xdd54, 0xdd54, 0xdd54, 0xd533, 0xd533, 0x936b, 0x51c3, 0x51c3, 0x51c3, 0x51c3, 
	0x4a24, 0x4a24, 0x94ae, 0xbdf3, 0xadb1, 0xadb1, 0xa5b1, 0xa5b1, 0xa5b1, 0xa5b1, 0x9d91, 0x9591, 0x9591, 0x8d70, 0x8d70, 0x9591, 
	0x8d70, 0x8d71, 0x8d71, 0x8550, 0x8d70, 0x8550, 0x8550, 0x8550, 0x8550, 0x7d50, 0x8550, 0x8571, 0x7530, 0x8550, 0x7530, 0x7530, 
	0x7530, 0x7530, 0x7530, 0x7530, 0x7530, 0x7530, 0x7530, 0x7530, 0x7530, 0x7530, 0x7530, 0x7530, 0x7530, 0x7530, 0x7530, 0x7530, 
	0x7530, 0x7530, 0x7530, 0x7530, 0x7530, 0x8571, 0x6c4e, 0x0060, 0x0001, 0x0001, 0x0001, 0x0001, 0x0001, 0x0001, 0x0001, 0x0001, 
	0x0001, 0x0001, 0x0001, 0x0001, 0x0004, 0x00d1, 0x09dc, 0x0000, 0x0000, 0x0000, 0x0000, 0x0000, 0x0000, 0x0000, 0x0000, 0x0000, 
	0x0000, 0x0000, 0x0000, 0x0000, 0x0000, 0x0000, 0x0000, 0x09dc, 0x11da, 0x006d, 0x0002, 0x0001, 0x0001, 0x0001, 0x0001, 0x0001, 
	0x0001, 0x0001, 0x0001, 0x0001, 0x0001, 0x0001, 0x0001, 0x0800, 0x0800, 0x734c, 0x734c, 0x0800, 0x3922, 0xa4af, 0x41e7, 0x0800, 
	0x51e5, 0xa4af, 0x2080, 0x0800, 0x5a66, 0x734c, 0x72a9, 0x9c2e, 0xd594, 0xd594, 0xd533, 0xd533, 0x51e5, 0x69c6, 0xccf2, 0xcc92, 
	0xcc92, 0xcc31, 0xcc92, 0xc410, 0xcc92, 0xc410, 0xcc92, 0xcc31, 0xd432, 0xd432, 0xcc31, 0xd432, 0xcc31, 0xdcb3, 0xdcb3, 0xdcb3, 
	0xd432, 0xc410, 0xd432, 0xd432, 0xc410, 0xd432, 0xd432, 0xd432, 0xc390, 0xb30e, 0xb30e, 0xab0d, 0x91e9, 0xa26c, 0xc390, 0xc390, 
	0xc390, 0x9149, 0x8988, 0x8928, 0x8928, 0x9149, 0x9149, 0x9149, 0xa26c, 0x9189, 0x9149, 0x9129, 0x8928, 0x8928, 0x9129, 0x8928, 
	0x9129, 0x9129, 0x8928, 0x9129, 0x9129, 0x8928, 0x9129, 0x9129, 0x8928, 0x9129, 0x8928, 0x8928, 0x9129, 0x8928, 0x9129, 0x9149, 
	0x9149, 0x9149, 0x9149, 0x9149, 0x9149, 0x9189, 0x91e9, 0x99ea, 0x8a69, 0xa42e, 0xfed9, 0xee97, 0xf738, 0xf738, 0xf738, 0xef37, 
	0xf737, 0xf738, 0xef37, 0xef37, 0xef37, 0xff37, 0xef37, 0xff37, 0xef37, 0xef37, 0xff18, 0xf738, 0xe676, 0xe5d5, 0xd594, 0xd594, 
	0xdd54, 0xdd54, 0xdd54, 0xdd54, 0xdd54, 0xdd54, 0xdd54, 0xdd54, 0xdd54, 0xd533, 0xd533, 0x7b69, 0x51c3, 0x51c3, 0x51c3, 0x51c3, 
	0x4a24, 0x62e6, 0xa550, 0xadb1, 0xadb1, 0xadb1, 0xa5b1, 0xa5b1, 0xa5b1, 0x9d91, 0x9d91, 0x9591, 0x9591, 0x8d70, 0x8d70, 0x8d70, 
	0x8d71, 0x8d70, 0x8d71, 0x8d71, 0x8d71, 0x8d71, 0x8550, 0x8550, 0x8550, 0x8550, 0x8550, 0x8550, 0x7d50, 0x7d50, 0x7d50, 0x7530, 
	0x7530, 0x7530, 0x7530, 0x7530, 0x7530, 0x7530, 0x7530, 0x7530, 0x7530, 0x7530, 0x7530, 0x7530, 0x6d0f, 0x7530, 0x7530, 0x7530, 
	0x7530, 0x7530, 0x7530, 0x7530, 0x7530, 0x7530, 0x7530, 0x31a7, 0x0060, 0x0001, 0x0001, 0x0001, 0x0001, 0x0001, 0x0001, 0x0001, 
	0x0001, 0x0001, 0x0001, 0x0001, 0x0004, 0x004a, 0x0177, 0x0000, 0x0000, 0x0000, 0x0000, 0x0000, 0x0000, 0x0000, 0x0000, 0x0000, 
	0x0000, 0x0000, 0x0000, 0x0000, 0x0000, 0x0000, 0x0000, 0x09dc, 0x00d1, 0x004a, 0x0002, 0x0001, 0x0001, 0x0001, 0x0001, 0x0001, 
	0x0001, 0x0001, 0x0001, 0x0001, 0x0001, 0x0001, 0x1000, 0x0060, 0x0800, 0x734c, 0x734c, 0x0001, 0x3922, 0xbcd1, 0x41e7, 0x0800, 
	0x41e7, 0xbd53, 0x4a24, 0x0800, 0x2020, 0x3944, 0x7b69, 0xbcd1, 0xd594, 0xd594, 0xbd53, 0xd533, 0x69c6, 0x69c6, 0xcc92, 0xcc92, 
	0xcc92, 0xcc92, 0xcc92, 0xcc92, 0xcc92, 0xcc92, 0xdcb3, 0xd432, 0xcc31, 0xcc31, 0xd432, 0xcc31, 0xcc31, 0xdcb3, 0xdcb3, 0xcc92, 
	0xcc92, 0xc410, 0xd432, 0xd432, 0xd432, 0xc410, 0xd432, 0xd432, 0xd432, 0xd432, 0xd432, 0xd432, 0xc390, 0xcc31, 0xcc31, 0xc390, 
	0xb30e, 0x8928, 0x8988, 0x8928, 0x8988, 0x8928, 0x9149, 0x9149, 0xa26c, 0x9189, 0x9129, 0x9129, 0x8928, 0x9129, 0x8928, 0x8928, 
	0x9129, 0x9129, 0x9129, 0x9129, 0x9129, 0x9129, 0x9129, 0x9129, 0x9129, 0x9129, 0x8928, 0x9129, 0x8928, 0x9129, 0x9129, 0x9129, 
	0x9149, 0x8928, 0x9149, 0x9149, 0x9149, 0x9189, 0x9189, 0x99ea, 0x8a69, 0xcc92, 0xfed9, 0xff18, 0xf738, 0xf738, 0xf737, 0xf737, 
	0xf737, 0xf737, 0xf737, 0xef37, 0xef37, 0xf737, 0xf737, 0xef37, 0xf737, 0xf737, 0xf737, 0xff18, 0xe676, 0xd5f4, 0xd594, 0xdd54, 
	0xdd54, 0xdd54, 0xdd54, 0xdd54, 0xdd54, 0xdd54, 0xdd54, 0xdd54, 0xd533, 0xdd54, 0xbcd1, 0x6ac6, 0x51e5, 0x51c3, 0x51c3, 0x4a24, 
	0x49c4, 0x7349, 0xbdf3, 0xadb1, 0xadb1, 0xadb1, 0xa5b1, 0xa5b1, 0xa5b1, 0x9d91, 0x9d91, 0x9591, 0x9591, 0x9591, 0x8d70, 0x8d71, 
	0x8d71, 0x8d71, 0x8d70, 0x8d70, 0x8d70, 0x8550, 0x8571, 0x8550, 0x8550, 0x8550, 0x8550, 0x8550, 0x7d50, 0x7d50, 0x7d50, 0x7d50, 
	0x7d50, 0x7530, 0x7530, 0x7530, 0x7530, 0x7530, 0x7530, 0x7530, 0x7530, 0x7530, 0x6d0f, 0x7530, 0x7530, 0x7530, 0x7530, 0x7530, 
	0x7530, 0x7530, 0x7530, 0x7530, 0x7530, 0x7530, 0x7530, 0x6c4e, 0x08e1, 0x0001, 0x0001, 0x0001, 0x0001, 0x0001, 0x0001, 0x0001, 
	0x0001, 0x0001, 0x0001, 0x0001, 0x0001, 0x0027, 0x00d1, 0x0000, 0x0000, 0x0000, 0x0000, 0x0000, 0x0000, 0x0000, 0x0000, 0x0000, 
	0x0000, 0x0000, 0x0000, 0x0000, 0x0000, 0x0000, 0x0000, 0x11da, 0x090d, 0x0004, 0x0001, 0x0001, 0x0001, 0x0001, 0x0001, 0x0001, 
	0x0001, 0x0001, 0x0001, 0x0001, 0x1860, 0x0001, 0x2080, 0x2080, 0x0001, 0x734c, 0x7349, 0x0001, 0x3922, 0xbd53, 0x41e7, 0x1000, 
	0x51e5, 0xbd53, 0xbcd1, 0x5a66, 0x2080, 0x0800, 0x1000, 0x840b, 0xd594, 0xd594, 0xbd53, 0xd533, 0x69c6, 0x69c6, 0xcc31, 0xcc31, 
	0xcc31, 0xc410, 0xd432, 0xd432, 0xc410, 0xd432, 0xc410, 0xd432, 0xcc31, 0xcc31, 0xcc31, 0xcc31, 0xcc31, 0xd533, 0xdcb3, 0xcc92, 
	0xd432, 0xc410, 0xd432, 0xcc31, 0xd432, 0xd432, 0xd432, 0xd432, 0xd432, 0xd432, 0xd432, 0xd432, 0xcc31, 0xd432, 0xc390, 0xd432, 
	0xa20b, 0x8988, 0x8988, 0x8928, 0x8928, 0x9149, 0x8928, 0x9149, 0xb30e, 0x9149, 0x9129, 0x9129, 0x8928, 0x8928, 0x8928, 0x8928, 
	0x9129, 0x9129, 0x9129, 0x9129, 0x9129, 0x9129, 0x9129, 0x9129, 0x9129, 0x9129, 0x8928, 0x9129, 0x8928, 0x9129, 0x9129, 0x9129, 
	0x9149, 0x9149, 0x9149, 0x9149, 0x8928, 0x9189, 0x91e9, 0x91e9, 0x8a69, 0xdd54, 0xfed9, 0xff18, 0xf738, 0xf737, 0xf737, 0xf737, 
	0xf737, 0xf737, 0xf737, 0xef37, 0xef37, 0xf737, 0xf737, 0xf737, 0xf737, 0xf737, 0xf738, 0xff18, 0xe676, 0xd594, 0xd594, 0xdd54, 
	0xdd54, 0xdd54, 0xdd54, 0xdd54, 0xdd54, 0xdd54, 0xdd54, 0xdd54, 0xd533, 0xd594, 0xbcd1, 0x5a66, 0x51c3, 0x51e5, 0x49c4, 0x51c3, 
	0x4a24, 0x7349, 0xbdf3, 0xadb1, 0xadb1, 0xa5b1, 0xa5b1, 0xa5b1, 0xa5b1, 0x9d91, 0x9d91, 0x9591, 0x8d70, 0x8d70, 0x8d70, 0x8d70, 
	0x8d71, 0x8571, 0x8d71, 0x8571, 0x8d71, 0x8d71, 0x8550, 0x8550, 0x8550, 0x8550, 0x7d50, 0x8571, 0x7d50, 0x7d50, 0x7d50, 0x7d50, 
	0x7d50, 0x7530, 0x7530, 0x7530, 0x7530, 0x7530, 0x7530, 0x7530, 0x7530, 0x7530, 0x7530, 0x6d0f, 0x7530, 0x6d0f, 0x6d0f, 0x7530, 
	0x7530, 0x7530, 0x7530, 0x7530, 0x7530, 0x7530, 0x7530, 0x6d0f, 0x31a7, 0x0001, 0x0060, 0x0001, 0x0001, 0x0001, 0x0001, 0x0001, 
	0x0001, 0x0001, 0x0001, 0x0001, 0x0001, 0x0027, 0x00d1, 0x11da, 0x09dc, 0x0000, 0x0000, 0x0000, 0x0000, 0x0000, 0x0000, 0x0000, 
	0x0000, 0x0000, 0x0000, 0x0000, 0x0000, 0x0000, 0x0000, 0x0177, 0x004a, 0x0002, 0x0001, 0x0001, 0x0001, 0x0001, 0x0001, 0x0001, 
	0x0001, 0x0001, 0x0001, 0x0001, 0x0001, 0x0001, 0x734c, 0x2102, 0x0001, 0x72a9, 0x5a89, 0x0001, 0x3922, 0xbcd1, 0x51e5, 0x0800, 
	0x3922, 0xa4af, 0x72a9, 0x41e7, 0x9c2e, 0x3922, 0x0800, 0x936b, 0xbd53, 0xd594, 0xbd53, 0xd533, 0x69c6, 0x69c6, 0xab0d, 0xa26c, 
	0xab0d, 0xa26c, 0xa26c, 0xa26c, 0xa26c, 0xa26c, 0xa26c, 0xa26c, 0xab0d, 0xab0d, 0xab0d, 0xc390, 0xcc31, 0xd533, 0xdcb3, 0xdcb3, 
	0xcc31, 0xb36e, 0xc390, 0xbbef, 0xc410, 0xcc31, 0xcc31, 0xcc31, 0xcc31, 0xcc31, 0xd432, 0xd432, 0xd432, 0xd432, 0xd432, 0xc390, 
	0x9189, 0x8928, 0x8928, 0x8928, 0x8928, 0x8928, 0x9149, 0x9149, 0xa26c, 0x9149, 0x9149, 0x9129, 0x9129, 0x8928, 0x8928, 0x8928, 
	0x9129, 0x9129, 0x9129, 0x9129, 0x9129, 0x9129, 0x9129, 0x9129, 0x9129, 0x9129, 0x9129, 0x9129, 0x9129, 0x9129, 0x9129, 0x9129, 
	0x9149, 0x9129, 0x9149, 0x9149, 0x9189, 0x8988, 0x9189, 0x99ea, 0xa26c, 0xee16, 0xfed9, 0xf738, 0xf738, 0xf737, 0xf737, 0xf737, 
	0xf737, 0xf737, 0xf737, 0xf737, 0xf737, 0xf737, 0xf737, 0xf737, 0xf737, 0xf737, 0xf738, 0xff18, 0xd5f5, 0xd5f4, 0xd594, 0xdd54, 
	0xdd54, 0xdd54, 0xdd54, 0xdd54, 0xd533, 0xdd54, 0xdd54, 0xd533, 0xd533, 0xd533, 0xa42e, 0x69c6, 0x49c4, 0x51c3, 0x49c4, 0x4a24, 
	0x4a24, 0x840b, 0xb5b1, 0xadb1, 0xadb1, 0xa5b1, 0xa5b1, 0xa5b1, 0x9d91, 0x9591, 0x9591, 0x9591, 0x8d71, 0x8d70, 0x8d70, 0x8d71, 
	0x8d71, 0x8550, 0x8d71, 0x8550, 0x8550, 0x8550, 0x8d71, 0x8550, 0x8550, 0x8550, 0x8550, 0x8571, 0x7d50, 0x8550, 0x7d50, 0x7d50, 
	0x7530, 0x7530, 0x7530, 0x7530, 0x7530, 0x7530, 0x7530, 0x7530, 0x7530, 0x7530, 0x7530, 0x7530, 0x6d0f, 0x7530, 0x7530, 0x6d0f, 
	0x7530, 0x7530, 0x7530, 0x7530, 0x7530, 0x7530, 0x7530, 0x7530, 0x6beb, 0x0060, 0x0001, 0x0001, 0x0001, 0x0001, 0x0001, 0x0001, 
	0x0001, 0x0001, 0x0001, 0x0001, 0x0001, 0x0002, 0x004a, 0x00d1, 0x0000, 0x0000, 0x0000, 0x0000, 0x0000, 0x0000, 0x0000, 0x0000, 
	0x0000, 0x0000, 0x0000, 0x0000, 0x0000, 0x0000, 0x09dc, 0x00d1, 0x0027, 0x0001, 0x0001, 0x0001, 0x0001, 0x0001, 0x0001, 0x0001, 
	0x0001, 0x0001, 0x0001, 0x0001, 0x0001, 0x2102, 0x94ae, 0x2124, 0x0001, 0x1860, 0x1860, 0x0001, 0x3922, 0xbcd1, 0x41e7, 0x0800, 
	0x0800, 0x5a89, 0x51e5, 0x0800, 0x3922, 0x2080, 0x0800, 0x936b, 0xd5f4, 0xbd53, 0xbd53, 0xdd54, 0x58c3, 0x58c3, 0x8a69, 0x8a69, 
	0x9189, 0x9189, 0x91e9, 0x9189, 0x9189, 0x9189, 0x91e9, 0x91e9, 0x99ea, 0x8988, 0x8a69, 0xab0d, 0xcc31, 0xdcb3, 0xdcb3, 0xdcb3, 
	0xcc31, 0x928a, 0x8a69, 0xa26c, 0xb30e, 0xc390, 0xbbef, 0xc390, 0xc390, 0xc390, 0xcc31, 0xc390, 0xd432, 0xd432, 0xc390, 0xc390, 
	0x99ea, 0x8928, 0x8988, 0x8928, 0x8928, 0x9149, 0x8988, 0x9149, 0xa26c, 0xa20b, 0x9129, 0x8928, 0x8928, 0x8928, 0x8928, 0x8928, 
	0x9129, 0x9129, 0x9129, 0x9129, 0x9129, 0x9129, 0x9129, 0x9129, 0x9129, 0x9129, 0x9129, 0x8928, 0x9129, 0x9129, 0x9129, 0x9129, 
	0x9129, 0x9129, 0x9129, 0x9129, 0x9189, 0x8988, 0x91e9, 0x91e9, 0xab0d, 0xfed9, 0xfed9, 0xf6f7, 0xf737, 0xf737, 0xef37, 0xef37, 
	0xf737, 0xf737, 0xf737, 0xf737, 0xf737, 0xf737, 0xf737, 0xf737, 0xf737, 0xf737, 0xff18, 0xff18, 0xde75, 0xd594, 0xd594, 0xe5d5, 
	0xdd54, 0xdd54, 0xdd54, 0xdd54, 0xdd54, 0xdd54, 0xd533, 0xd533, 0xd594, 0xd533, 0x9c2e, 0x5a43, 0x51c3, 0x49c4, 0x51c3, 0x4a24, 
	0x4a24, 0x8c4e, 0xb5b1, 0xadb1, 0xadb1, 0xa5b1, 0xa5b1, 0x9d91, 0x9d91, 0x9d91, 0x9591, 0x8d70, 0x8d71, 0x8d70, 0x8571, 0x8571, 
	0x8d70, 0x8571, 0x8550, 0x8d71, 0x8550, 0x8550, 0x8550, 0x8550, 0x8550, 0x7d50, 0x8550, 0x8571, 0x7d50, 0x7d50, 0x7d50, 0x7d50, 
	0x7530, 0x7530, 0x7530, 0x7530, 0x7530, 0x7530, 0x7530, 0x7530, 0x7530, 0x7530, 0x7530, 0x7530, 0x7530, 0x7530, 0x6d0f, 0x7530, 
	0x7530, 0x7530, 0x7530, 0x7530, 0x7530, 0x7530, 0x7530, 0x7530, 0x7c4e, 0x31a7, 0x0001, 0x0001, 0x0001, 0x0001, 0x0001, 0x0001, 
	0x0001, 0x0001, 0x0001, 0x0001, 0x0001, 0x0001, 0x0004, 0x00d1, 0x09dc, 0x0000, 0x0000, 0x0000, 0x0000, 0x0000, 0x0000, 0x0000, 
	0x0000, 0x0000, 0x0000, 0x0000, 0x0000, 0x09dc, 0x11da, 0x00d1, 0x0002, 0x0001, 0x0001, 0x0001, 0x0001, 0x0001, 0x0001, 0x0001, 
	0x0001, 0x0001, 0x0001, 0x0001, 0x0800, 0x5a89, 0xbd53, 0x8c4e, 0x3944, 0x5a89, 0x936b, 0x5a89, 0x7349, 0xbd53, 0xbcd1, 0x5a89, 
	0x51e5, 0x734c, 0xbcd1, 0x5a66, 0x51e5, 0x51e5, 0x936b, 0xbd53, 0xd594, 0xbd53, 0xdd54, 0xbd53, 0x69c6, 0x58c3, 0x89e8, 0x8988, 
	0x9189, 0x9189, 0x9189, 0x8988, 0x9189, 0x9189, 0x9189, 0x8988, 0x8988, 0x89e8, 0x8988, 0x928a, 0xd432, 0xdcb3, 0xdcb3, 0xd432, 
	0xc390, 0x89e8, 0x8988, 0x8988, 0x89e8, 0x8988, 0x91e9, 0x91e9, 0x99ea, 0xa20b, 0xab0d, 0xb30e, 0xc390, 0xc390, 0xc390, 0xb30e, 
	0x8988, 0x8928, 0x8928, 0x8928, 0x8988, 0x8988, 0x8928, 0x9149, 0xa26c, 0x9189, 0x9149, 0x8928, 0x8928, 0x8928, 0x8928, 0x8928, 
	0x9129, 0x9129, 0x9129, 0x9129, 0x9129, 0x9129, 0x9129, 0x9129, 0x9129, 0x9129, 0x9129, 0x9129, 0x9129, 0x9129, 0x9149, 0x9129, 
	0x9129, 0x9129, 0x9189, 0x9149, 0x9189, 0x8988, 0x8988, 0x89e8, 0xbbef, 0xfed9, 0xf739, 0xf6f7, 0xf737, 0xf737, 0xf737, 0xf737, 
	0xf737, 0xf737, 0xf737, 0xf737, 0xf737, 0xf737, 0xf737, 0xf737, 0xf737, 0xf737, 0xff37, 0xeef6, 0xe5d5, 0xd594, 0xd594, 0xdd54, 
	0xdd54, 0xd533, 0xdd54, 0xdd54, 0xdd54, 0xdd54, 0xdd54, 0xd533, 0xd533, 0xbd53, 0x72a9, 0x51e5, 0x51c3, 0x49c4, 0x51c3, 0x49c4, 
	0x4a24, 0x94ae, 0xb5b1, 0xadb1, 0xadb1, 0xa5b1, 0x9d91, 0xa5b1, 0x9591, 0x9591, 0x9591, 0x8d70, 0x8d70, 0x8d70, 0x8571, 0x8571, 
	0x8d70, 0x8550, 0x8571, 0x8550, 0x8d71, 0x8550, 0x8550, 0x8550, 0x8550, 0x8550, 0x7d50, 0x8571, 0x7d50, 0x7d50, 0x7d50, 0x7d50, 
	0x7530, 0x7530, 0x7530, 0x7530, 0x7530, 0x7530, 0x7530, 0x7530, 0x7530, 0x7530, 0x7530, 0x7530, 0x7530, 0x7530, 0x7530, 0x6d0f, 
	0x7530, 0x7530, 0x7530, 0x7530, 0x7530, 0x7530, 0x7530, 0x7530, 0x8d71, 0x6c4e, 0x0001, 0x0001, 0x0001, 0x0001, 0x0001, 0x0001, 
	0x0001, 0x0001, 0x0001, 0x0001, 0x0001, 0x0001, 0x0002, 0x004a, 0x0177, 0x0000, 0x0000, 0x0000, 0x0000, 0x0000, 0x0000, 0x0000, 
	0x0000, 0x0000, 0x0000, 0x0000, 0x0000, 0x0000, 0x1193, 0x004a, 0x0001, 0x0001, 0x0001, 0x0001, 0x0001, 0x0001, 0x0001, 0x0001, 
	0x0001, 0x0001, 0x0001, 0x0001, 0x1860, 0xa593, 0xbdd7, 0xbd53, 0xbd53, 0xbd53, 0xbdd7, 0xcd71, 0xd594, 0xd594, 0xbd53, 0xd594, 
	0xd594, 0xd594, 0xbdd7, 0xd5f5, 0xbd53, 0xbd53, 0xd594, 0xbd53, 0xd594, 0xbd53, 0xdd54, 0xdd54, 0x69c6, 0x58c3, 0x8988, 0x8988, 
	0x9189, 0x9189, 0x9129, 0x9189, 0x9129, 0x9189, 0x9189, 0x9189, 0x8988, 0x9189, 0x89e8, 0x928a, 0xd432, 0xdcb3, 0xdcb3, 0xdcb3, 
	0xc390, 0x91e9, 0x8988, 0x8988, 0x8988, 0x89e8, 0x8988, 0x8988, 0x8988, 0x8988, 0x91e9, 0x9189, 0xa20b, 0xa20b, 0xa20b, 0x99ea, 
	0x9129, 0x8928, 0x8928, 0x8928, 0x9149, 0x8988, 0x9129, 0x9149, 0xb30e, 0x9189, 0x9129, 0x8928, 0x8928, 0x8928, 0x8928, 0x8928, 
	0x9129, 0x9129, 0x9129, 0x9129, 0x9129, 0x9129, 0x9129, 0x9129, 0x9149, 0x9129, 0x9149, 0x9129, 0x9149, 0x9129, 0x9129, 0x9129, 
	0x9129, 0x9129, 0x9189, 0x9129, 0x9189, 0x8988, 0x8988, 0x91e9, 0xccf2, 0xfed9, 0xf739, 0xef38, 0xf737, 0xf737, 0xf737, 0xf737, 
	0xf737, 0xf737, 0xf737, 0xf737, 0xf737, 0xf737, 0xf737, 0xf737, 0xf737, 0xf758, 0xf6f7, 0xe676, 0xd5f4, 0xd594, 0xd594, 0xdd54, 
	0xdd54, 0xdd54, 0xdd54, 0xdd54, 0xdd54, 0xdd54, 0xd533, 0xd533, 0xd533, 0xcd71, 0x72a9, 0x51c3, 0x51c3, 0x49c4, 0x4a24, 0x49c4, 
	0x6308, 0xa550, 0xadb1, 0xadb1, 0xadb1, 0xa5b1, 0x9d91, 0xa5b1, 0x9d91, 0x9591, 0x9591, 0x8d70, 0x8d70, 0x8571, 0x8d70, 0x8571, 
	0x8571, 0x8550, 0x8550, 0x8550, 0x8550, 0x8550, 0x8550, 0x8550, 0x8550, 0x7d50, 0x8550, 0x8571, 0x7d50, 0x7d50, 0x7d50, 0x7d50, 
	0x7530, 0x7530, 0x7530, 0x7530, 0x7530, 0x7530, 0x7530, 0x7530, 0x7530, 0x7530, 0x7530, 0x7530, 0x7530, 0x7530, 0x7530, 0x7530, 
	0x7530, 0x7530, 0x7530, 0x7530, 0x7530, 0x7530, 0x7530, 0x8530, 0x8530, 0x8530, 0x2124, 0x0001, 0x0001, 0x0001, 0x0001, 0x0001, 
	0x0001, 0x0001, 0x0001, 0x0001, 0x0001, 0x0001, 0x0001, 0x0004, 0x00d1, 0x09dc, 0x0000, 0x0000, 0x0000, 0x0000, 0x0000, 0x0000, 
	0x0000, 0x0000, 0x0000, 0x0000, 0x0000, 0x09dc, 0x00d1, 0x0004, 0x0001, 0x0001, 0x0001, 0x0001, 0x0001, 0x0001, 0x0001, 0x0001, 
	0x0001, 0x0001, 0x0001, 0x0001, 0x41e7, 0xbdd7, 0xbd53, 0xbdd7, 0xbdd7, 0xd594, 0xbd53, 0xbdd7, 0xbd53, 0xd594, 0xbd53, 0xd594, 
	0xbd53, 0xd5f5, 0xbd53, 0xbd53, 0xbd53, 0xd594, 0xbd53, 0xd594, 0xbd53, 0xbd53, 0xdd54, 0xdd54, 0x58c3, 0x58c3, 0x8988, 0x8988, 
	0x9189, 0x9129, 0x9189, 0x9129, 0x9189, 0x9129, 0x9189, 0x8988, 0x9189, 0x8988, 0x91e9, 0x928a, 0xd432, 0xdcb3, 0xdcb3, 0xd432, 
	0xc390, 0x99ea, 0x8988, 0x8988, 0x8988, 0x8988, 0x8988, 0x8988, 0x8988, 0x9149, 0x8928, 0x8928, 0x8928, 0x8988, 0x91e9, 0x9149, 
	0x8928, 0x8988, 0x8928, 0x8928, 0x8988, 0x8928, 0x8988, 0x9129, 0xa26c, 0x9189, 0x9129, 0x8928, 0x8928, 0x8928, 0x8928, 0x8928, 
	0x9129, 0x9129, 0x9129, 0x9129, 0x9129, 0x9129, 0x9149, 0x9129, 0x9149, 0x9149, 0x9149, 0x9149, 0x9149, 0x9129, 0x9149, 0x9149, 
	0x9149, 0x9189, 0x9129, 0x9189, 0x9189, 0x8988, 0x91e9, 0x99ea, 0xee16, 0xfed9, 0xf739, 0xef38, 0xf737, 0xf737, 0xf737, 0xf737, 
	0xf737, 0xf737, 0xf737, 0xf737, 0xf737, 0xf737, 0xf737, 0xf737, 0xf737, 0xff79, 0xeef6, 0xd5f5, 0xe5d5, 0xd594, 0xd594, 0xdd54, 
	0xdd54, 0xdd54, 0xdd54, 0xdd54, 0xdd54, 0xdd54, 0xdd54, 0xd533, 0xd533, 0xbcf0, 0x69c6, 0x51c3, 0x49c4, 0x49c4, 0x51c3, 0x4a24, 
	0x840b, 0xb5b1, 0xb5b1, 0xadb1, 0xadb1, 0xa5b1, 0x9d91, 0x9d91, 0x9d91, 0x9591, 0x8d70, 0x8d71, 0x8d70, 0x8571, 0x8d70, 0x8571, 
	0x8550, 0x8550, 0x8550, 0x8550, 0x8550, 0x8571, 0x8571, 0x8571, 0x8550, 0x8550, 0x7d50, 0x7d50, 0x7d50, 0x8550, 0x7d50, 0x7d50, 
	0x7530, 0x7530, 0x7530, 0x7530, 0x7530, 0x7530, 0x7530, 0x7530, 0x7530, 0x7530, 0x7530, 0x7530, 0x7530, 0x7530, 0x7530, 0x7530, 
	0x7530, 0x7530, 0x7530, 0x7530, 0x7530, 0x7530, 0x7530, 0x7530, 0x8530, 0xa593, 0x5a89, 0x0001, 0x0001, 0x0001, 0x0001, 0x0001, 
	0x0001, 0x0001, 0x0001, 0x0001, 0x0001, 0x0001, 0x0001, 0x0004, 0x00d1, 0x11da, 0x09dc, 0x0000, 0x0000, 0x0000, 0x0000, 0x0000, 
	0x0000, 0x0000, 0x0000, 0x0000, 0x0000, 0x11da, 0x004a, 0x0002, 0x0001, 0x0001, 0x0001, 0x0001, 0x0001, 0x0001, 0x0001, 0x0001, 
	0x0001, 0x0001, 0x0001, 0x0001, 0x8c4e, 0xbdd7, 0xbdd7, 0xbd53, 0xbd53, 0xbdd7, 0xbd53, 0xd5f5, 0xbd53, 0xd594, 0xbdd7, 0xd5f5, 
	0xbd53, 0xbd53, 0xd594, 0xd594, 0xd594, 0xbd53, 0xd594, 0xbd53, 0xd594, 0xdd54, 0xd533, 0xdd54, 0x69c6, 0x58c3, 0x9189, 0x8988, 
	0x9189, 0x9189, 0x9129, 0x9189, 0x9129, 0x9189, 0x9129, 0x9189, 0x8988, 0x8988, 0x91e9, 0xa26c, 0xd432, 0xdcb3, 0xdcb3, 0xd432, 
	0xc410, 0x91e9, 0x8988, 0x8988, 0x8928, 0x8988, 0x9149, 0x8928, 0x8988, 0x8928, 0x8928, 0x8988, 0x8928, 0x8928, 0x9149, 0x9149, 
	0x8928, 0x8928, 0x9149, 0x8928, 0x8988, 0x9129, 0x9129, 0x9149, 0xa26c, 0x99ea, 0x9129, 0x8928, 0x8928, 0x8928, 0x8928, 0x8928, 
	0x9129, 0x9129, 0x9129, 0x9129, 0x9129, 0x9129, 0x9149, 0x9129, 0x9149, 0x9129, 0x9129, 0x9129, 0x9149, 0x9149, 0x9149, 0x9149, 
	0x9149, 0x9149, 0x9189, 0x9129, 0x9189, 0x8988, 0x91e9, 0x928a, 0xee16, 0xfed9, 0xf739, 0xef38, 0xef37, 0xf737, 0xf737, 0xf737, 
	0xf737, 0xf737, 0xf737, 0xf737, 0xf737, 0xf737, 0xf737, 0xf737, 0xf737, 0xef37, 0xeef6, 0xd5f4, 0xd5f4, 0xd594, 0xd594, 0xdd54, 
	0xdd54, 0xdd54, 0xdd54, 0xdd54, 0xdd54, 0xdd54, 0xd533, 0xd533, 0xd533, 0xa4af, 0x51e5, 0x51c3, 0x51c3, 0x49c4, 0x49c4, 0x49c4, 
	0x840b, 0xb5b1, 0xbdf3, 0xa5b1, 0xadb1, 0xa5b1, 0x9d91, 0x9d91, 0x9d91, 0x8d71, 0x9591, 0x8d70, 0x8d70, 0x8d70, 0x8571, 0x8550, 
	0x8550, 0x8550, 0x8550, 0x8550, 0x8550, 0x8550, 0x8550, 0x8571, 0x7530, 0x8550, 0x7d50, 0x8550, 0x7d50, 0x7d50, 0x7d50, 0x7d50, 
	0x7530, 0x7530, 0x7530, 0x7530, 0x7530, 0x7530, 0x7530, 0x7530, 0x7530, 0x7530, 0x7530, 0x7530, 0x7530, 0x7530, 0x7530, 0x7530, 
	0x7530, 0x7530, 0x7530, 0x7530, 0x7530, 0x7530, 0x7530, 0x8571, 0x8530, 0x7c4e, 0x7c4e, 0x08e1, 0x0001, 0x0001, 0x0001, 0x0001, 
	0x0001, 0x0001, 0x0001, 0x0001, 0x0001, 0x0001, 0x0060, 0x0001, 0x004a, 0x0177, 0x09dc, 0x0000, 0x0000, 0x0000, 0x0000, 0x0000, 
	0x0000, 0x0000, 0x0000, 0x0000, 0x09dc, 0x0177, 0x0027, 0x0002, 0x0001, 0x0001, 0x0001, 0x0001, 0x0001, 0x0001, 0x0001, 0x0001, 
	0x0001, 0x0001, 0x0001, 0x3944, 0xbd53, 0xbd53, 0xbcd1, 0xbd53, 0xdd54, 0xbd53, 0xbd53, 0xbd53, 0xbd53, 0xbd53, 0xbcd1, 0xbd53, 
	0xbd53, 0xbd53, 0xbd53, 0xbd53, 0xbd53, 0xbd53, 0xbd53, 0xbd53, 0xd533, 0xbcd1, 0xdcb3, 0xdd54, 0x8928, 0x58c3, 0x8928, 0x8928, 
	0x9189, 0x9129, 0x9189, 0x9129, 0x9189, 0x9129, 0x9189, 0x9149, 0x8988, 0x8988, 0x91e9, 0xa20b, 0xd432, 0xdcb3, 0xdcb3, 0xd432, 
	0xc390, 0x9189, 0x8988, 0x8988, 0x8988, 0x9149, 0x8928, 0x8928, 0x8928, 0x8928, 0x8928, 0x8928, 0x8928, 0x8928, 0x8928, 0x8928, 
	0x8928, 0x8928, 0x8928, 0x8928, 0x8928, 0x8988, 0x8928, 0x9149, 0xa26c, 0x9189, 0x9149, 0x8928, 0x8928, 0x8928, 0x9129, 0x9129, 
	0x9129, 0x9129, 0x9129, 0x9129, 0x9149, 0x9129, 0x9149, 0x9129, 0x9129, 0x9129, 0x9129, 0x9149, 0x9149, 0x9149, 0x9149, 0x9149, 
	0x9149, 0x9149, 0x9129, 0x9189, 0x8988, 0x8988, 0x89e8, 0xab0d, 0xfed9, 0xf739, 0xef38, 0xef38, 0xf738, 0xef37, 0xef37, 0xef37, 
	0xf737, 0xf737, 0xf737, 0xf737, 0xf737, 0xf737, 0xf737, 0xf737, 0xf737, 0xf738, 0xeef6, 0xe5d5, 0xd5f4, 0xd594, 0xdd54, 0xdd54, 
	0xdd54, 0xdd54, 0xdd54, 0xd533, 0xdd54, 0xd533, 0xd533, 0xd594, 0xd594, 0x936b, 0x51c3, 0x51c3, 0x49c4, 0x49c4, 0x4a24, 0x4a24, 
	0x8c4e, 0xb5b1, 0xadb1, 0xadb1, 0xa5b1, 0xa5b1, 0x9d91, 0x9d91, 0x9d91, 0x9591, 0x8d71, 0x8d70, 0x8d70, 0x8571, 0x8550, 0x8550, 
	0x8550, 0x8550, 0x8550, 0x8550, 0x8550, 0x8550, 0x8550, 0x8550, 0x8571, 0x8571, 0x7d50, 0x7d50, 0x7d50, 0x7d50, 0x7d50, 0x7d50, 
	0x7530, 0x7530, 0x7530, 0x7530, 0x7530, 0x7530, 0x7530, 0x7530, 0x7530, 0x7530, 0x7530, 0x7530, 0x7530, 0x7530, 0x7530, 0x7530, 
	0x7530, 0x7d50, 0x7530, 0x7d50, 0x7530, 0x7530, 0x7530, 0x8571, 0x8530, 0x8571, 0x8530, 0x42a8, 0x0001, 0x0001, 0x0001, 0x0001, 
	0x0001, 0x0001, 0x0001, 0x0001, 0x0001, 0x0001, 0x0001, 0x0001, 0x0027, 0x00d1, 0x09dc, 0x0000, 0x0000, 0x0000, 0x0000, 0x0000, 
	0x0000, 0x0000, 0x0000, 0x0000, 0x11da, 0x00d1, 0x0004, 0x0001, 0x0001, 0x0001, 0x0001, 0x0001, 0x0001, 0x0001, 0x0001, 0x0001, 
	0x0001, 0x0001, 0x0001, 0x3922, 0x72a9, 0x8a69, 0x5a89, 0x89e8, 0x5a89, 0x69c6, 0x69c6, 0x69c6, 0x69c6, 0x5a66, 0x72a9, 0x5a66, 
	0x72a9, 0x51e5, 0x72a9, 0x5a66, 0x72a9, 0x69c6, 0x72a9, 0x69c6, 0x72a9, 0x72a9, 0x8a69, 0x8988, 0x58c3, 0x58c3, 0x9129, 0x9189, 
	0x9129, 0x9189, 0x9129, 0x9189, 0x9129, 0x9189, 0x9129, 0x9189, 0x8988, 0x9189, 0x89e8, 0x928a, 0xd432, 0xdcb3, 0xdcb3, 0xdcb3, 
	0xc390, 0x99ea, 0x8988, 0x9149, 0x8928, 0x8928, 0x8928, 0x9149, 0x8928, 0x8928, 0x8928, 0x8928, 0x8928, 0x8928, 0x8928, 0x8928, 
	0x9129, 0x8928, 0x8928, 0x8928, 0x8928, 0x8928, 0x8928, 0x9189, 0xa26c, 0x99ea, 0x8928, 0x8928, 0x8928, 0x8928, 0x9129, 0x9129, 
	0x9129, 0x9129, 0x9129, 0x9129, 0x9149, 0x9129, 0x9149, 0x9129, 0x9129, 0x9129, 0x9129, 0x9149, 0x9149, 0x9149, 0x9149, 0x9149, 
	0x9149, 0x9149, 0x9189, 0x9189, 0x8988, 0x8988, 0x89e8, 0xbbef, 0xfed9, 0xf739, 0xef38, 0xef38, 0xf738, 0xf758, 0xf758, 0xf758, 
	0xf758, 0xef37, 0xef37, 0xef37, 0xef37, 0xf737, 0xf737, 0xf738, 0xef37, 0xf738, 0xe676, 0xe5d5, 0xd594, 0xd594, 0xd533, 0xd594, 
	0xdd54, 0xdd54, 0xd533, 0xdd54, 0xd533, 0xdd54, 0xd533, 0xd533, 0xd533, 0x7b69, 0x51c3, 0x51c3, 0x49c4, 0x4a24, 0x49c4, 0x5a66, 
	0x94ae, 0xbdf3, 0xadb1, 0xadb1, 0xadb1, 0x9d91, 0xa5b1, 0x9d91, 0x9d91, 0x9591, 0x9591, 0x8d71, 0x8d70, 0x8550, 0x8550, 0x8550, 
	0x8550, 0x7530, 0x852f, 0x8550, 0x8550, 0x8550, 0x7530, 0x8550, 0x7530, 0x8550, 0x8571, 0x7d50, 0x7d50, 0x7d50, 0x7d50, 0x7d50, 
	0x7530, 0x7530, 0x7530, 0x7530, 0x7530, 0x7530, 0x7530, 0x7530, 0x7530, 0x7530, 0x7530, 0x7530, 0x7530, 0x7530, 0x7530, 0x7530, 
	0x7530, 0x7530, 0x7d50, 0x7530, 0x7530, 0x7d50, 0x7530, 0x7530, 0x8571, 0x7530, 0x8530, 0x6beb, 0x0060, 0x0001, 0x0060, 0x0001, 
	0x0001, 0x0001, 0x0001, 0x0001, 0x0001, 0x0001, 0x0001, 0x0001, 0x0002, 0x004a, 0x11da, 0x09dc, 0x0000, 0x0000, 0x0000, 0x0000, 
	0x0000, 0x0000, 0x0000, 0x0000, 0x19d7, 0x006d, 0x0004, 0x0001, 0x0001, 0x0001, 0x0001, 0x0001, 0x0001, 0x0001, 0x0001, 0x0001, 
	0x0001, 0x0800, 0x1000, 0x3944, 0x69c6, 0x69c6, 0x69c6, 0x69c6, 0x69c6, 0x69c6, 0x51e5, 0x51e5, 0x49c4, 0x69c6, 0x72a9, 0x72a9, 
	0x72a9, 0x72a9, 0x6308, 0x72a9, 0x72a9, 0x72a9, 0x72a9, 0x72a9, 0x58c3, 0x58c3, 0x58c3, 0x3060, 0x58c3, 0x58c3, 0x9149, 0x9189, 
	0x9189, 0x9129, 0x9189, 0x9129, 0x9189, 0x9129, 0x9189, 0x9149, 0x8988, 0x8988, 0x9189, 0xa20b, 0xd432, 0xdcb3, 0xdcb3, 0xd432, 
	0xc410, 0x9189, 0x8988, 0x9149, 0x9149, 0x9149, 0x8928, 0x8928, 0x8928, 0x8928, 0x8928, 0x8928, 0x8928, 0x8928, 0x8928, 0x8928, 
	0x8928, 0x8928, 0x8928, 0x8928, 0x8928, 0x8928, 0x8928, 0x9189, 0xa26c, 0x9189, 0x9129, 0x8928, 0x8928, 0x8928, 0x9129, 0x9129, 
	0x9129, 0x9129, 0x9129, 0x9129, 0x9149, 0x9129, 0x9129, 0x9129, 0x9129, 0x9129, 0x9129, 0x9129, 0x9149, 0x9149, 0x9149, 0x9149, 
	0x9149, 0x9129, 0x9189, 0x8988, 0x8988, 0x91e9, 0x89e8, 0xd533, 0xfed9, 0xf739, 0xef38, 0xef38, 0xe758, 0xef37, 0xef37, 0xef37, 
	0xef37, 0xef37, 0xef37, 0xef37, 0xef37, 0xef37, 0xef37, 0xf737, 0xef37, 0xf6f7, 0xe676, 0xe5d5, 0xd594, 0xd594, 0xd533, 0xdd54, 
	0xdd54, 0xdd54, 0xd533, 0xd533, 0xd533, 0xd533, 0xd533, 0xd594, 0xbcf0, 0x89e8, 0x49c4, 0x51c3, 0x49c4, 0x49c4, 0x4a24, 0x62e6, 
	0xadb1, 0xadb1, 0xadb1, 0xa5b1, 0xa5b1, 0xa5b1, 0x9d91, 0x9591, 0x9591, 0x9591, 0x8d71, 0x8550, 0x8d70, 0x8550, 0x7530, 0x8550, 
	0x7530, 0x852f, 0x8550, 0x8550, 0x7530, 0x8550, 0x8550, 0x8550, 0x8550, 0x8550, 0x7530, 0x8550, 0x7d50, 0x7d50, 0x7530, 0x7d50, 
	0x7530, 0x7530, 0x7530, 0x7530, 0x7530, 0x7530, 0x7530, 0x7530, 0x7530, 0x7530, 0x7530, 0x7530, 0x7530, 0x7530, 0x7530, 0x7530, 
	0x7530, 0x7530, 0x7530, 0x7d50, 0x7d50, 0x7530, 0x7530, 0x7530, 0x7530, 0x8571, 0x8530, 0x7c4e, 0x29c4, 0x0001, 0x0001, 0x0001, 
	0x0001, 0x0001, 0x0001, 0x0001, 0x0001, 0x0001, 0x0001, 0x0001, 0x0001, 0x0027, 0x0177, 0x09dc, 0x0000, 0x0000, 0x0000, 0x0000, 
	0x0000, 0x0000, 0x0000, 0x09dc, 0x0177, 0x004a, 0x0002, 0x0001, 0x0001, 0x0001, 0x0001, 0x0001, 0x0001, 0x0001, 0x0001, 0x0001, 
	0x0001, 0x0800, 0x3922, 0x69c6, 0xa42e, 0xdcb3, 0xdd54, 0xdd54, 0xbd53, 0xccf2, 0xcc92, 0xbcd1, 0xa42e, 0xd594, 0xf6f7, 0xf6f7, 
	0xd699, 0xee97, 0xf6f7, 0xf6f7, 0xee97, 0xf6f7, 0xee97, 0xfed9, 0x928a, 0x69c6, 0x8928, 0x8928, 0x8928, 0x9129, 0x9129, 0x9189, 
	0x9129, 0x9189, 0x9129, 0x9189, 0x9129, 0x9189, 0x9149, 0x9149, 0x8988, 0x8988, 0x89e8, 0x928a, 0xd432, 0xdcb3, 0xdcb3, 0xdcb3, 
	0xc390, 0x99ea, 0x8928, 0x8928, 0x8928, 0x9149, 0x9149, 0x8928, 0x8928, 0x9129, 0x8928, 0x8928, 0x8928, 0x8928, 0x8928, 0x8928, 
	0x8928, 0x8928, 0x8928, 0x8928, 0x8928, 0x9149, 0x8928, 0x9189, 0xa26c, 0x9189, 0x9149, 0x8928, 0x8928, 0x8928, 0x9129, 0x9129, 
	0x9129, 0x9129, 0x9129, 0x9129, 0x9149, 0x9129, 0x9129, 0x9129, 0x9129, 0x9129, 0x9129, 0x9129, 0x9149, 0x9149, 0x9149, 0x9149, 
	0x9149, 0x9129, 0x9189, 0x8988, 0x8988, 0x99ea, 0x89e8, 0xd594, 0xfed9, 0xf739, 0xf739, 0xe758, 0xff79, 0xf737, 0xef37, 0xef37, 
	0xef37, 0xef37, 0xef37, 0xef37, 0xef37, 0xef37, 0xf737, 0xef37, 0xef37, 0xf6f7, 0xe676, 0xd594, 0xd533, 0xdd54, 0xd533, 0xdd54, 
	0xd533, 0xdd54, 0xd533, 0xd533, 0xd533, 0xd533, 0xd533, 0xd533, 0xbcf0, 0x5a66, 0x51c3, 0x51c3, 0x49c4, 0x4a24, 0x4a24, 0x6308, 
	0xadb1, 0xb5b1, 0xadb1, 0xa5b1, 0xadb1, 0x9d91, 0x9d91, 0x9591, 0x9591, 0x9591, 0x8d70, 0x8d71, 0x8550, 0x8550, 0x8550, 0x8550, 
	0x8550, 0x8550, 0x8550, 0x8550, 0x8550, 0x8550, 0x7d2f, 0x8550, 0x7530, 0x8571, 0x8550, 0x7530, 0x7530, 0x7d50, 0x7d50, 0x7530, 
	0x7530, 0x7530, 0x7530, 0x7530, 0x7530, 0x7530, 0x7530, 0x7530, 0x7530, 0x7530, 0x7530, 0x7530, 0x7530, 0x7530, 0x7530, 0x7530, 
	0x7530, 0x7530, 0x7530, 0x7530, 0x7d50, 0x7d50, 0x7d50, 0x7d50, 0x7d50, 0x7d50, 0x8571, 0x7d50, 0x42a8, 0x0001, 0x0001, 0x0001, 
	0x0001, 0x0001, 0x0001, 0x0001, 0x0001, 0x0001, 0x0001, 0x0001, 0x0001, 0x0004, 0x00d1, 0x09dc, 0x0000, 0x0000, 0x0000, 0x0000, 
	0x0000, 0x0000, 0x0000, 0x09dc, 0x006d, 0x0027, 0x0001, 0x0001, 0x0001, 0x0001, 0x0001, 0x0001, 0x0001, 0x0001, 0x0001, 0x0001, 
	0x0800, 0x1860, 0x5a89, 0xc410, 0xc410, 0xbd53, 0xdd54, 0xe5d5, 0xd533, 0xbcd1, 0xbcd1, 0xcc92, 0xbcd1, 0xd5f5, 0xfed9, 0xfed9, 
	0xfed9, 0xfed9, 0xf739, 0xf738, 0xfed9, 0xfed9, 0xf739, 0xee97, 0x936b, 0x69c6, 0x8988, 0x8988, 0x9149, 0x9189, 0x9189, 0x9189, 
	0x9189, 0x9189, 0x9149, 0x9149, 0x9149, 0x9149, 0x8928, 0x9149, 0x8988, 0x8988, 0x8988, 0x928a, 0xd432, 0xdcb3, 0xdcb3, 0xd432, 
	0xc410, 0x9189, 0x8988, 0x8928, 0x9149, 0x9149, 0x8928, 0x8928, 0x8928, 0x8928, 0x8928, 0x8928, 0x8928, 0x8928, 0x8928, 0x8928, 
	0x9129, 0x8928, 0x8928, 0x8928, 0x8928, 0x8928, 0x8928, 0x9189, 0xa26c, 0x9189, 0x9149, 0x8928, 0x8928, 0x8928, 0x9129, 0x9129, 
	0x9129, 0x9129, 0x9129, 0x9129, 0x9149, 0x9129, 0x9129, 0x9149, 0x9129, 0x9129, 0x9129, 0x9129, 0x9129, 0x9149, 0x9149, 0x9149, 
	0x9149, 0x9129, 0x9189, 0x8988, 0x8988, 0x89e8, 0xab0d, 0xfed9, 0xfed9, 0xf739, 0xef38, 0xf758, 0xef37, 0xf758, 0xf758, 0xf758, 
	0xf758, 0xef37, 0xef37, 0xef37, 0xef37, 0xef37, 0xef37, 0xef37, 0xef37, 0xf738, 0xd5f5, 0xd594, 0xd594, 0xd533, 0xdd54, 0xd533, 
	0xdd54, 0xdd54, 0xd533, 0xd533, 0xd533, 0xd533, 0xd533, 0xd533, 0xbbef, 0x51c3, 0x51c3, 0x51c3, 0x49c4, 0x4a24, 0x49c4, 0x8c4e, 
	0xadb1, 0xadb1, 0xadb1, 0xadb1, 0xa5b1, 0x9d91, 0x9591, 0x9d91, 0x9591, 0x9591, 0x8d71, 0x8550, 0x8571, 0x8550, 0x8550, 0x8550, 
	0x8550, 0x7530, 0x8550, 0x7d2f, 0x8550, 0x7530, 0x8550, 0x8550, 0x8550, 0x7530, 0x8550, 0x8550, 0x7530, 0x7530, 0x7d50, 0x7530, 
	0x7530, 0x7530, 0x7530, 0x7530, 0x7530, 0x7530, 0x7530, 0x7530, 0x7530, 0x7530, 0x7d50, 0x7d50, 0x7d50, 0x7d50, 0x7d50, 0x7d50, 
	0x7d50, 0x7d50, 0x7d50, 0x7d50, 0x7530, 0x7530, 0x7530, 0x7530, 0x7d50, 0x7530, 0x7d50, 0x7d50, 0x6c4e, 0x0060, 0x0001, 0x0001, 
	0x0001, 0x0001, 0x0001, 0x0001, 0x0001, 0x0001, 0x0001, 0x0001, 0x0001, 0x0002, 0x006d, 0x11da, 0x09dc, 0x0000, 0x0000, 0x0000, 
	0x0000, 0x0000, 0x0000, 0x19d7, 0x004a, 0x0002, 0x0001, 0x0001, 0x0001, 0x0001, 0x0001, 0x0001, 0x0001, 0x0001, 0x0001, 0x0001, 
	0x0800, 0x2020, 0xab0d, 0x734c, 0xb36e, 0xbd53, 0xdd54, 0xdd54, 0xdd54, 0xbd53, 0xccf2, 0xbcd1, 0xbcd1, 0xd5f5, 0xfed9, 0xf739, 
	0xf738, 0xf738, 0xf738, 0xf739, 0xf738, 0xfed9, 0xf739, 0xee97, 0xab0d, 0x8988, 0x69c6, 0x8928, 0x8928, 0x8928, 0x9149, 0x8928, 
	0x9189, 0x9149, 0x8928, 0x8988, 0x8928, 0x8988, 0x8928, 0x8988, 0x8988, 0x8988, 0x8988, 0x99ea, 0xd432, 0xdcb3, 0xdcb3, 0xdcb3, 
	0xc390, 0x99ea, 0x8988, 0x8928, 0x8988, 0x9149, 0x8928, 0x9149, 0x8928, 0x9129, 0x9129, 0x8928, 0x8928, 0x8928, 0x8928, 0x8928, 
	0x9129, 0x8928, 0x8928, 0x8928, 0x8928, 0x8928, 0x8928, 0x9189, 0xa26c, 0x9189, 0x9149, 0x8928, 0x8928, 0x8928, 0x9129, 0x9129, 
	0x9129, 0x9129, 0x9129, 0x9129, 0x9149, 0x9129, 0x9129, 0x9129, 0x9149, 0x9129, 0x9129, 0x9149, 0x9149, 0x9149, 0x9149, 0x9149, 
	0x9129, 0x9189, 0x9149, 0x8988, 0x8988, 0x91e9, 0xa42e, 0xee97, 0xfed9, 0xf739, 0xef38, 0xe758, 0xef37, 0xef37, 0xef37, 0xef37, 
	0xef37, 0xef37, 0xef37, 0xef37, 0xef37, 0xef37, 0xef37, 0xef37, 0xef37, 0xf6f7, 0xd5f4, 0xd594, 0xd533, 0xd533, 0xd533, 0xd533, 
	0xdd54, 0xd533, 0xd533, 0xd533, 0xd533, 0xd533, 0xd533, 0xd533, 0x936b, 0x51c3, 0x51e5, 0x51c3, 0x49c4, 0x49c4, 0x4a24, 0x8c4e, 
	0xadb1, 0xadb1, 0xadb1, 0xa5b1, 0x9d91, 0x9d91, 0x9591, 0x9591, 0x9591, 0x8d71, 0x8d70, 0x8d70, 0x8550, 0x8550, 0x8550, 0x7530, 
	0x8550, 0x852f, 0x8550, 0x8550, 0x7d2f, 0x8550, 0x8550, 0x8550, 0x8550, 0x8550, 0x7530, 0x8550, 0x7530, 0x7530, 0x8550, 0x7530, 
	0x7530, 0x7530, 0x7530, 0x7530, 0x7530, 0x7530, 0x7530, 0x7d50, 0x7d50, 0x7d50, 0x7d50, 0x7d50, 0x7d50, 0x7d50, 0x7d50, 0x7d50, 
	0x7d50, 0x7d50, 0x7d50, 0x7d50, 0x7d50, 0x7d50, 0x7d50, 0x7d50, 0x7d50, 0x7530, 0x7530, 0x7d50, 0x8530, 0x29c4, 0x0001, 0x0001, 
	0x0001, 0x0001, 0x0001, 0x0001, 0x0001, 0x0001, 0x0001, 0x0001, 0x0001, 0x0001, 0x004a, 0x1193, 0x0000, 0x0000, 0x0000, 0x0000, 
	0x0000, 0x0000, 0x09dc, 0x0177, 0x0027, 0x0001, 0x0001, 0x0001, 0x0001, 0x0001, 0x0001, 0x0001, 0x0001, 0x0001, 0x0001, 0x0001, 
	0x0800, 0x2124, 0x928a, 0x734c, 0xab0d, 0xcc92, 0xe5d5, 0xe5d5, 0xdd54, 0xd533, 0xccf2, 0xbcd1, 0xbcd1, 0xd5f5, 0xfed9, 0xf738, 
	0xf738, 0xf738, 0xf738, 0xf738, 0xf739, 0xfed9, 0xfed9, 0xee97, 0x936b, 0x8a69, 0x89e8, 0x8988, 0x8988, 0x8988, 0x8988, 0x8988, 
	0x8988, 0x8988, 0x8988, 0x8928, 0x8988, 0x8988, 0x8988, 0x91e9, 0x8988, 0x8988, 0x91e9, 0x928a, 0xd432, 0xdcb3, 0xcc92, 0xdcb3, 
	0xc390, 0x99ea, 0x8988, 0x8988, 0x9189, 0x9189, 0x8988, 0x9149, 0x8928, 0x9129, 0x8928, 0x8928, 0x8928, 0x8928, 0x8928, 0x8928, 
	0x9129, 0x9129, 0x9129, 0x8928, 0x8928, 0x8928, 0x8928, 0x9189, 0xa26c, 0x9189, 0x9149, 0x8928, 0x8928, 0x8928, 0x9129, 0x9129, 
	0x9129, 0x9129, 0x9129, 0x9129, 0x9149, 0x9129, 0x9129, 0x9129, 0x9149, 0x9149, 0x9149, 0x9149, 0x9149, 0x9149, 0x9149, 0x9149, 
	0x9129, 0x9129, 0x91e9, 0x9149, 0x89e8, 0x8a69, 0xcc31, 0xfed9, 0xf739, 0xf738, 0xf738, 0xf758, 0xef37, 0xef37, 0xef37, 0xef37, 
	0xef37, 0xef37, 0xef37, 0xef37, 0xef37, 0xef37, 0xef37, 0xf737, 0xf758, 0xf6f7, 0xd5f4, 0xd533, 0xd594, 0xd533, 0xd533, 0xd533, 
	0xdd54, 0xd533, 0xd533, 0xd533, 0xd533, 0xd533, 0xd533, 0xd533, 0x72a9, 0x51c3, 0x51c3, 0x51c3, 0x49c4, 0x49c4, 0x5223, 0x94ae, 
	0xadb1, 0xadb1, 0xadb1, 0x9d91, 0x9d91, 0x9591, 0x9591, 0x9591, 0x9591, 0x9591, 0x8d71, 0x8550, 0x8571, 0x8550, 0x8550, 0x8550, 
	0x8550, 0x7d50, 0x7d50, 0x8550, 0x8550, 0x8550, 0x8550, 0x7530, 0x8550, 0x7530, 0x8571, 0x7530, 0x8550, 0x7530, 0x7530, 0x7530, 
	0x7530, 0x7530, 0x7530, 0x7530, 0x7530, 0x7530, 0x7530, 0x7d50, 0x7d50, 0x7d50, 0x7d50, 0x8550, 0x7530, 0x8550, 0x8550, 0x8550, 
	0x7530, 0x8550, 0x8550, 0x7530, 0x7d50, 0x7d50, 0x7d50, 0x7530, 0x7d50, 0x7d50, 0x7530, 0x7d50, 0x8530, 0x42a8, 0x0060, 0x0001, 
	0x0001, 0x0001, 0x0001, 0x0001, 0x0001, 0x0001, 0x0001, 0x0001, 0x0800, 0x0001, 0x0027, 0x00d1, 0x09dc, 0x0000, 0x0000, 0x0000, 
	0x0000, 0x0000, 0x09dc, 0x1193, 0x0004, 0x0001, 0x0001, 0x0001, 0x0001, 0x0001, 0x0001, 0x0001, 0x0001, 0x0001, 0x0001, 0x0001, 
	0x1000, 0x89e8, 0xa42e, 0xb30e, 0xa42e, 0xdd54, 0xdd54, 0xe5d5, 0xdd54, 0xdd54, 0xdcb3, 0xbd53, 0xbcd1, 0xd5f4, 0xfed9, 0xf738, 
	0xf6f7, 0xf739, 0xf738, 0xf738, 0xf738, 0xf739, 0xf739, 0xee97, 0xc410, 0xab0d, 0xab0d, 0xab0d, 0xab0d, 0xab0d, 0xab0d, 0xab0d, 
	0xab0d, 0xb30e, 0xa26c, 0xa26c, 0xab0d, 0xab0d, 0xb30e, 0xab0d, 0xab0d, 0xb30e, 0xab0d, 0xc390, 0xd432, 0xdcb3, 0xdcb3, 0xd432, 
	0xd432, 0x928a, 0xa20b, 0xa26c, 0xa20b, 0xa26c, 0xa20b, 0xa20b, 0xa20b, 0xa20b, 0x9189, 0x99ea, 0x9149, 0x9129, 0x8928, 0x9129, 
	0x8928, 0x9129, 0x8928, 0x8928, 0x8928, 0x8928, 0x8928, 0x9189, 0xa26c, 0x9189, 0x9149, 0x8928, 0x8928, 0x8928, 0x9129, 0x9129, 
	0x9129, 0x9129, 0x9129, 0x9129, 0x9149, 0x9149, 0x9149, 0x9129, 0x9149, 0x9149, 0x9149, 0x9149, 0x9149, 0x9149, 0x9149, 0x9149, 
	0x9189, 0x9189, 0x9129, 0x8988, 0x91e9, 0x8a69, 0xccf2, 0xfed9, 0xf738, 0xf739, 0xef38, 0xe758, 0xef37, 0xef37, 0xef37, 0xef37, 
	0xef37, 0xef37, 0xef37, 0xef37, 0xef37, 0xef37, 0xef37, 0xf738, 0xef37, 0xe676, 0xd5f4, 0xd533, 0xd533, 0xd533, 0xd533, 0xd533, 
	0xdd54, 0xd533, 0xd533, 0xd533, 0xd533, 0xd533, 0xd533, 0xd533, 0x6ac6, 0x51c3, 0x51e5, 0x49c4, 0x49c4, 0x49c4, 0x5a66, 0x94ae, 
	0xadb1, 0xadb1, 0xa5b1, 0xa5b1, 0x9d91, 0x9591, 0x9591, 0x9591, 0x9591, 0x8d71, 0x8550, 0x8d70, 0x8550, 0x8571, 0x8550, 0x8550, 
	0x7d50, 0x8550, 0x8550, 0x7d2f, 0x8550, 0x8550, 0x8550, 0x8550, 0x7530, 0x8550, 0x7530, 0x8550, 0x7530, 0x8550, 0x7530, 0x7530, 
	0x8550, 0x7530, 0x7530, 0x8571, 0x7530, 0x7530, 0x8571, 0x7530, 0x7d50, 0x7d50, 0x8550, 0x7530, 0x8571, 0x7530, 0x8571, 0x7530, 
	0x8571, 0x7530, 0x8571, 0x8550, 0x8550, 0x8550, 0x7530, 0x8550, 0x7530, 0x7d50, 0x7d50, 0x8571, 0x8571, 0x6c4e, 0x0060, 0x0060, 
	0x0001, 0x0001, 0x0001, 0x0001, 0x0001, 0x0001, 0x0001, 0x0001, 0x0001, 0x0001, 0x0004, 0x006d, 0x11da, 0x0000, 0x0000, 0x0000, 
	0x0000, 0x0000, 0x11da, 0x00d1, 0x0002, 0x0001, 0x0001, 0x0001, 0x0001, 0x0001, 0x0001, 0x0001, 0x0001, 0x0001, 0x0001, 0x0001, 
	0x1000, 0xa42e, 0xcc92, 0xbcd1, 0xdcb3, 0xbdd7, 0xdd54, 0xee16, 0xdd54, 0xdd54, 0xbcd1, 0xbcd1, 0xbcd1, 0xd594, 0xfed9, 0xfed9, 
	0xf738, 0xf738, 0xf6f7, 0xf6f7, 0xef38, 0xf6f7, 0xf739, 0xee97, 0xccf2, 0xcc92, 0xd432, 0xcc92, 0xd432, 0xdcb3, 0xd432, 0xdcb3, 
	0xd432, 0xd432, 0xd432, 0xd432, 0xd432, 0xd432, 0xd432, 0xd432, 0xd432, 0xd432, 0xd432, 0xc410, 0xd432, 0xcc92, 0xdcb3, 0xcc92, 
	0xd432, 0xd432, 0xd432, 0xd432, 0xd432, 0xd432, 0xd432, 0xcc31, 0xc390, 0xc390, 0xc390, 0xc390, 0xc390, 0x9189, 0x9129, 0x8928, 
	0x8928, 0x9129, 0x9129, 0x9129, 0x8928, 0x8928, 0x8928, 0x9189, 0xa26c, 0x9189, 0x9149, 0x9129, 0x8928, 0x9129, 0x9129, 0x9129, 
	0x9129, 0x9129, 0x9129, 0x9129, 0x9149, 0x9129, 0x9129, 0x9149, 0x9129, 0x9129, 0x9149, 0x9149, 0x9149, 0x9149, 0x9149, 0x9149, 
	0x9189, 0x9129, 0x9189, 0x9129, 0x91e9, 0x928a, 0xd533, 0xfed9, 0xf739, 0xf738, 0xf738, 0xef37, 0xef37, 0xef37, 0xef37, 0xef37, 
	0xef37, 0xef37, 0xef37, 0xef37, 0xef37, 0xef37, 0xef37, 0xf758, 0xf737, 0xde75, 0xd5f4, 0xd594, 0xd533, 0xd594, 0xd533, 0xd533, 
	0xdd54, 0xd533, 0xd533, 0xd533, 0xd533, 0xd533, 0xd533, 0xbcd1, 0x69c6, 0x51c3, 0x51c3, 0x49c4, 0x4a24, 0x49c4, 0x7b69, 0xa5b1, 
	0xadb1, 0xadb1, 0x9d91, 0x9591, 0x9591, 0x9d91, 0x8d71, 0x9591, 0x8d71, 0x9591, 0x8d71, 0x8550, 0x8571, 0x8550, 0x7d50, 0x8550, 
	0x7d50, 0x8550, 0x8550, 0x8550, 0x7530, 0x8550, 0x7530, 0x8550, 0x8550, 0x7530, 0x8550, 0x7530, 0x7530, 0x7530, 0x8550, 0x7530, 
	0x7530, 0x7530, 0x7530, 0x7530, 0x7530, 0x7530, 0x7530, 0x7530, 0x8550, 0x7d50, 0x8550, 0x7530, 0x8550, 0x8571, 0x8571, 0x8571, 
	0x7530, 0x8571, 0x7530, 0x8571, 0x7530, 0x8571, 0x7530, 0x8550, 0x7530, 0x8550, 0x7530, 0x7d50, 0x7530, 0x750f, 0x08e1, 0x0001, 
	0x0001, 0x0001, 0x0001, 0x0001, 0x0001, 0x0001, 0x0001, 0x0001, 0x0001, 0x0001, 0x0002, 0x004a, 0x0177, 0x0000, 0x0000, 0x0000, 
	0x0000, 0x09dc, 0x19d7, 0x006d, 0x0002, 0x0001, 0x0001, 0x0001, 0x0001, 0x0001, 0x0001, 0x0001, 0x0001, 0x0001, 0x0001, 0x0800, 
	0x3944, 0xb36e, 0xc410, 0xc410, 0xcc31, 0xbd53, 0xee16, 0xbdd7, 0xe5d5, 0xdcb3, 0xccf2, 0xbcd1, 0xbcd1, 0xd594, 0xf6f7, 0xfed9, 
	0xf6f7, 0xf6f7, 0xef38, 0xef38, 0xf738, 0xf738, 0xf738, 0xfed9, 0xd533, 0xcc31, 0xcc92, 0xd432, 0xd432, 0xd432, 0xdcb3, 0xd432, 
	0xd432, 0xd432, 0xd432, 0xd432, 0xd432, 0xd432, 0xd432, 0xd432, 0xd432, 0xd432, 0xd432, 0xd432, 0xd432, 0xcc92, 0xcc92, 0xcc92, 
	0xd432, 0xcc92, 0xd432, 0xcc92, 0xcc31, 0xcc31, 0xcc31, 0xcc31, 0xd432, 0xd432, 0xd432, 0xd432, 0xc390, 0x9189, 0x9129, 0x8928, 
	0x9129, 0x8928, 0x8928, 0x9129, 0x8928, 0x8928, 0x8928, 0x9189, 0xb30e, 0x9189, 0x9129, 0x9129, 0x9129, 0x9129, 0x9129, 0x9129, 
	0x9129, 0x8928, 0x9129, 0x9129, 0x9129, 0x9149, 0x9129, 0x9129, 0x9129, 0x9129, 0x9149, 0x9129, 0x9129, 0x9189, 0x9129, 0x9189, 
	0x9129, 0x9189, 0x9149, 0x8988, 0x91e9, 0x928a, 0xe5d5, 0xfed9, 0xf738, 0xf738, 0xef38, 0xf758, 0xf758, 0xef37, 0xef37, 0xef37, 
	0xef37, 0xef37, 0xef37, 0xef37, 0xef37, 0xef37, 0xef37, 0xf738, 0xf737, 0xe676, 0xd5f4, 0xd533, 0xd594, 0xd533, 0xd533, 0xd533, 
	0xdd54, 0xd533, 0xd533, 0xd533, 0xd533, 0xd533, 0xd533, 0xbcf0, 0x51e5, 0x51c3, 0x51c3, 0x49c4, 0x49c4, 0x4a24, 0x840b, 0xbdf3, 
	0xadb1, 0x9d91, 0x9d91, 0x9d91, 0x9591, 0x9591, 0x9591, 0x9591, 0x8d71, 0x8d71, 0x8550, 0x8d71, 0x8550, 0x8550, 0x7d50, 0x8571, 
	0x7d50, 0x7d50, 0x7530, 0x8550, 0x8550, 0x7530, 0x8550, 0x7530, 0x8550, 0x7530, 0x7530, 0x8550, 0x7530, 0x7530, 0x7530, 0x8550, 
	0x750f, 0x7530, 0x8571, 0x750f, 0x7530, 0x8571, 0x7530, 0x7530, 0x7d50, 0x7d50, 0x8550, 0x8571, 0x7530, 0x8571, 0x7530, 0x8571, 
	0x7530, 0x8571, 0x7530, 0x8571, 0x7530, 0x8571, 0x7530, 0x8550, 0x7530, 0x7530, 0x7d50, 0x8571, 0x7d50, 0x7d50, 0x31a7, 0x0060, 
	0x0001, 0x0001, 0x0001, 0x0001, 0x0001, 0x0001, 0x0001, 0x0001, 0x0001, 0x0001, 0x0001, 0x0027, 0x0177, 0x09dc, 0x0000, 0x0000, 
	0x0000, 0x09dc, 0x1193, 0x0027, 0x0002, 0x0001, 0x0001, 0x0001, 0x0001, 0x0001, 0x0001, 0x0001, 0x0001, 0x0001, 0x0001, 0x0800, 
	0x69c6, 0x734c, 0x928a, 0x734c, 0xab0d, 0xdcb3, 0xdd54, 0xe5d5, 0xee16, 0xcc92, 0xccf2, 0xbcd1, 0xbcd1, 0xd594, 0xf6f7, 0xf6f7, 
	0xf6f7, 0xf738, 0xf738, 0xf737, 0xf738, 0xf738, 0xf738, 0xff18, 0xe5d5, 0xcc92, 0xc410, 0xc410, 0xd432, 0xd432, 0xd432, 0xd432, 
	0xd432, 0xd432, 0xd432, 0xd432, 0xd432, 0xd432, 0xd432, 0xd432, 0xd432, 0xd432, 0xd432, 0xd432, 0xd432, 0xcc92, 0xdcb3, 0xd432, 
	0xcc92, 0xd432, 0xcc92, 0xcc31, 0xcc31, 0xcc31, 0xcc31, 0xcc31, 0xcc31, 0xcc31, 0xcc31, 0xd432, 0xc390, 0x9189, 0x8928, 0x8928, 
	0x9129, 0x8928, 0x9129, 0x9129, 0x8928, 0x8928, 0x9129, 0x9189, 0xa26c, 0x9149, 0x9149, 0x9129, 0x9129, 0x9129, 0x9129, 0x9129, 
	0x9129, 0x9129, 0x8928, 0x9129, 0x9129, 0x9129, 0x9129, 0x9129, 0x9129, 0x9129, 0x9149, 0x9129, 0x9189, 0x9129, 0x9189, 0x9189, 
	0x9189, 0x9149, 0x9149, 0x8988, 0x91e9, 0xbbef, 0xfed9, 0xfed9, 0xf739, 0xf738, 0xe758, 0xf758, 0xf758, 0xf758, 0xf758, 0xf758, 
	0xf758, 0xf758, 0xef37, 0xef37, 0xef37, 0xef37, 0xef37, 0xf738, 0xf737, 0xe676, 0xd594, 0xd533, 0xd533, 0xd533, 0xd533, 0xd533, 
	0xdd54, 0xd533, 0xd533, 0xd533, 0xd533, 0xd533, 0xd533, 0xa42e, 0x51c3, 0x51c3, 0x49c4, 0x49c4, 0x49c4, 0x4a24, 0x7c4e, 0xadb1, 
	0xa5b1, 0x9d91, 0x9d91, 0x9d91, 0x9591, 0x8d71, 0x8d71, 0x8d71, 0x8d71, 0x8550, 0x8d71, 0x8550, 0x8550, 0x8550, 0x7d50, 0x7d50, 
	0x8550, 0x7d50, 0x8550, 0x7530, 0x8571, 0x8550, 0x7530, 0x8550, 0x7530, 0x8571, 0x7530, 0x7530, 0x8550, 0x750f, 0x7530, 0x7530, 
	0x8550, 0x7530, 0x750f, 0x8571, 0x750f, 0x7530, 0x8571, 0x7530, 0x7d50, 0x7d50, 0x8550, 0x8571, 0x8571, 0x8571, 0x8571, 0x8571, 
	0x7530, 0x8571, 0x8550, 0x8571, 0x7530, 0x8550, 0x7530, 0x8571, 0x7530, 0x8550, 0x7530, 0x7530, 0x8571, 0x8571, 0x6c4e, 0x0001, 
	0x0001, 0x0001, 0x0001, 0x0001, 0x0001, 0x0001, 0x0001, 0x0001, 0x0001, 0x0001, 0x0001, 0x0004, 0x00d1, 0x09dc, 0x0000, 0x0000, 
	0x0000, 0x09dc, 0x00d1, 0x0004, 0x0001, 0x0001, 0x0001, 0x0001, 0x0001, 0x0001, 0x0001, 0x0001, 0x0001, 0x0001, 0x0001, 0x0800, 
	0x8a69, 0xab0d, 0x928a, 0x928a, 0xa26c, 0xbd53, 0xdd54, 0xee16, 0xdd54, 0xdcb3, 0xbd53, 0xcc92, 0xbcd1, 0xd594, 0xf6f7, 0xf6f7, 
	0xf738, 0xf738, 0xf737, 0xf738, 0xf737, 0xf738, 0xf738, 0xff18, 0xe5d5, 0xcc92, 0xbbef, 0xc410, 0xd432, 0xd432, 0xd432, 0xd432, 
	0xd432, 0xd432, 0xd432, 0xd432, 0xd432, 0xd432, 0xd432, 0xd432, 0xd432, 0xd432, 0xd432, 0xd432, 0xd432, 0xcc92, 0xcc92, 0xcc92, 
	0xd432, 0xd432, 0xcc92, 0xcc31, 0xd432, 0xcc31, 0xcc31, 0xcc31, 0xcc31, 0xd432, 0xd432, 0xd432, 0xb30e, 0x9129, 0x8928, 0x8928, 
	0x9129, 0x8928, 0x9129, 0x8928, 0x9129, 0x8928, 0x9129, 0x9189, 0xa26c, 0x9189, 0x9129, 0x9129, 0x9129, 0x9129, 0x9129, 0x9129, 
	0x8928, 0x9129, 0x9129, 0x9129, 0x9129, 0x9129, 0x9129, 0x9129, 0x9129, 0x9129, 0x9189, 0x9129, 0x9189, 0x9189, 0x9129, 0x9189, 
	0x9189, 0x9189, 0x9149, 0x8988, 0x99ea, 0xc410, 0xff18, 0xff18, 0xf738, 0xf738, 0xf758, 0xf758, 0xf758, 0xf758, 0xf758, 0xf758, 
	0xf758, 0xf758, 0xf758, 0xef37, 0xef37, 0xef37, 0xef37, 0xf738, 0xf6f7, 0xd5f4, 0xd5f4, 0xd533, 0xd533, 0xd533, 0xdd54, 0xd533, 
	0xd533, 0xdd54, 0xd533, 0xd533, 0xd533, 0xd533, 0xd533, 0x936b, 0x51c3, 0x51c3, 0x49c4, 0x4a24, 0x49c4, 0x4a24, 0x94ae, 0xadb1, 
	0xa5b1, 0x9d91, 0x9d91, 0x9591, 0x9591, 0x8d70, 0x8d71, 0x8d71, 0x8d71, 0x8d71, 0x8550, 0x8550, 0x8550, 0x7d50, 0x8550, 0x7d50, 
	0x8550, 0x7d50, 0x8550, 0x8571, 0x7530, 0x8550, 0x8571, 0x7530, 0x8550, 0x7530, 0x8550, 0x7530, 0x7530, 0x8550, 0x7530, 0x7530, 
	0x7530, 0x8571, 0x7530, 0x7530, 0x8571, 0x7530, 0x7530, 0x8571, 0x7530, 0x7d50, 0x7d50, 0x7530, 0x8571, 0x7530, 0x8571, 0x8571, 
	0x8571, 0x7530, 0x8571, 0x7530, 0x8571, 0x7530, 0x8571, 0x7530, 0x8571, 0x7530, 0x8550, 0x7530, 0x7530, 0x7530, 0x6d0f, 0x08e1, 
	0x0001, 0x0001, 0x0001, 0x0001, 0x0001, 0x0001, 0x0001, 0x0001, 0x0001, 0x0001, 0x0001, 0x0002, 0x00d1, 0x11da, 0x0000, 0x0000, 
	0x0000, 0x09dc, 0x006d, 0x0002, 0x0001, 0x0001, 0x0001, 0x0001, 0x0001, 0x0001, 0x0001, 0x0001, 0x0001, 0x0001, 0x0001, 0x2102, 
	0xbcd1, 0xcc31, 0xc410, 0xb36e, 0xcc31, 0xdcb3, 0xee16, 0xee16, 0xee16, 0xccf2, 0xccf2, 0xbcd1, 0xbcd1, 0xd594, 0xee97, 0xf6f7, 
	0xfed9, 0xf738, 0xf738, 0xf738, 0xf738, 0xf738, 0xf738, 0xff18, 0xe5d5, 0x936b, 0x928a, 0x928a, 0x928a, 0xa26c, 0x928a, 0xa20b, 
	0xa26c, 0xa26c, 0xa26c, 0xa26c, 0xa26c, 0xa26c, 0xa26c, 0x928a, 0xa26c, 0x928a, 0x928a, 0x928a, 0xab0d, 0xc390, 0xc410, 0xab0d, 
	0xd432, 0xcc92, 0xc410, 0xd432, 0xcc31, 0xcc31, 0xcc31, 0xcc31, 0xcc31, 0xc410, 0xd432, 0xd432, 0xb30e, 0x9129, 0x8928, 0x9129, 
	0x9129, 0x8928, 0x9129, 0x8928, 0x9129, 0x8928, 0x9129, 0x9189, 0xa26c, 0x9189, 0x9189, 0x9129, 0x9129, 0x9129, 0x9129, 0x9129, 
	0x9129, 0x9129, 0x8928, 0x9129, 0x9129, 0x9129, 0x9129, 0x9129, 0x9129, 0x9129, 0x9129, 0x9189, 0x9129, 0x9189, 0x9189, 0x9189, 
	0x9189, 0x9189, 0x9129, 0x91e9, 0x8a69, 0xd594, 0xfed9, 0xff18, 0xf739, 0xf738, 0xe758, 0xef37, 0xef37, 0xf758, 0xf758, 0xf758, 
	0xf758, 0xef37, 0xf758, 0xf758, 0xf758, 0xf758, 0xf758, 0xf737, 0xeef6, 0xd5f4, 0xcd71, 0xd533, 0xd594, 0xd533, 0xd533, 0xdd54, 
	0xd533, 0xdd54, 0xd533, 0xd533, 0xdd54, 0xd533, 0xccf2, 0x72a9, 0x51c3, 0x51c3, 0x49c4, 0x4a24, 0x4a24, 0x5a66, 0xa5b1, 0xadb1, 
	0xa5b1, 0x9d91, 0x9d91, 0x9591, 0x9591, 0x8d71, 0x8d71, 0x8d71, 0x8d71, 0x8550, 0x8d71, 0x8550, 0x8550, 0x8550, 0x8550, 0x7d50, 
	0x8550, 0x7d50, 0x7530, 0x8571, 0x7530, 0x8550, 0x7530, 0x8571, 0x7530, 0x7530, 0x7530, 0x8550, 0x750f, 0x7530, 0x8550, 0x750f, 
	0x7530, 0x7530, 0x8571, 0x7530, 0x7530, 0x8571, 0x7530, 0x8571, 0x7530, 0x8550, 0x8571, 0x8571, 0x8571, 0x8571, 0x8571, 0x7530, 
	0x8571, 0x8571, 0x7530, 0x8550, 0x8550, 0x7530, 0x8550, 0x7530, 0x8550, 0x7530, 0x8571, 0x8571, 0x8571, 0x7530, 0x7530, 0x31a7, 
	0x0001, 0x0001, 0x0001, 0x0001, 0x0001, 0x0001, 0x0001, 0x0001, 0x0001, 0x0001, 0x0001, 0x0002, 0x006d, 0x0177, 0x0000, 0x0000, 
	0x0000, 0x11da, 0x0027, 0x0001, 0x0001, 0x0001, 0x0001, 0x0001, 0x0001, 0x0001, 0x0001, 0x0001, 0x0001, 0x0001, 0x0001, 0x3944, 
	0xa42e, 0xb36e, 0x734c, 0xab0d, 0xb36e, 0xbd53, 0xdd54, 0xee16, 0xdd54, 0xd533, 0xccf2, 0xccf2, 0xbcd1, 0xd533, 0xe676, 0xf6f7, 
	0xff18, 0xf738, 0xf738, 0xf738, 0xf738, 0xf738, 0xf738, 0xff18, 0xe676, 0x928a, 0x8a69, 0x8a69, 0x91e9, 0x99ea, 0x99ea, 0x99ea, 
	0x99ea, 0x91e9, 0x91e9, 0x9189, 0x91e9, 0x91e9, 0x91e9, 0x99ea, 0x91e9, 0x99ea, 0x99ea, 0x91e9, 0x99ea, 0xab0d, 0xb30e, 0x928a, 
	0xb36e, 0xd432, 0xd432, 0xcc31, 0xcc31, 0xcc31, 0xc410, 0xd432, 0xcc31, 0xd432, 0xd432, 0xd432, 0xa20b, 0x9149, 0x8928, 0x8928, 
	0x9129, 0x8928, 0x9129, 0x9129, 0x8928, 0x8928, 0x9129, 0x9189, 0xa26c, 0x9189, 0x9129, 0x9129, 0x9129, 0x9129, 0x9129, 0x9129, 
	0x9129, 0x8928, 0x9129, 0x9129, 0x9129, 0x9129, 0x9129, 0x9129, 0x9129, 0x9129, 0x9189, 0x9129, 0x9189, 0x9129, 0x9189, 0x9189, 
	0x9189, 0x91e9, 0x8988, 0x91e9, 0x928a, 0xe5d5, 0xff18, 0xf739, 0xf738, 0xf738, 0xef37, 0xef37, 0xef37, 0xef37, 0xf758, 0xf758, 
	0xef37, 0xf758, 0xef37, 0xf758, 0xef37, 0xf758, 0xf758, 0xf737, 0xe676, 0xd594, 0xcd71, 0xd594, 0xd533, 0xd533, 0xd533, 0xd533, 
	0xd533, 0xdd54, 0xd533, 0xd533, 0xdd54, 0xd533, 0xbcf0, 0x6ac6, 0x51c3, 0x51c3, 0x49c4, 0x49c4, 0x4a24, 0x6308, 0xadb1, 0xadb1, 
	0xa5b1, 0x9d91, 0x9d91, 0x9591, 0x9570, 0x8d71, 0x8d71, 0x8d71, 0x8d71, 0x8571, 0x8550, 0x8550, 0x8550, 0x7d50, 0x7d50, 0x8550, 
	0x7d50, 0x8550, 0x8571, 0x7530, 0x8571, 0x8550, 0x7530, 0x8550, 0x8550, 0x7530, 0x8550, 0x7530, 0x8550, 0x7530, 0x7530, 0x8550, 
	0x7530, 0x8571, 0x750f, 0x8571, 0x7530, 0x7530, 0x8571, 0x7530, 0x8571, 0x7530, 0x8571, 0x7d50, 0x8571, 0x8571, 0x8571, 0x8571, 
	0x7530, 0x8571, 0x8550, 0x7530, 0x8550, 0x7530, 0x8550, 0x7530, 0x8571, 0x7530, 0x7530, 0x7530, 0x7530, 0x7530, 0x8571, 0x42a8, 
	0x0001, 0x0001, 0x0001, 0x0001, 0x0001, 0x0001, 0x0001, 0x0001, 0x0001, 0x0001, 0x0001, 0x0001, 0x004a, 0x1193, 0x0000, 0x0000, 
	0x09dc, 0x0177, 0x0027, 0x0001, 0x0001, 0x0001, 0x0001, 0x0001, 0x0001, 0x0001, 0x0001, 0x0001, 0x0001, 0x0001, 0x0001, 0x734c, 
	0x936b, 0xa26c, 0x734c, 0x8a69, 0xb36e, 0xdcb3, 0xee16, 0xee16, 0xee16, 0xdcb3, 0xd533, 0xccf2, 0xccf2, 0xcd71, 0xee16, 0xf6f7, 
	0xff18, 0xf738, 0xf738, 0xf738, 0xf738, 0xf738, 0xf738, 0xff18, 0xff18, 0xbbef, 0x8a69, 0x89e8, 0x91e9, 0x91e9, 0x91e9, 0x91e9, 
	0x9189, 0x91e9, 0x9189, 0x9189, 0x91e9, 0x9189, 0x91e9, 0x91e9, 0x9189, 0x91e9, 0x9189, 0x9189, 0x91e9, 0xa26c, 0xab0d, 0x99ea, 
	0xb36e, 0xd432, 0xcc92, 0xcc31, 0xcc31, 0xd432, 0xd432, 0xcc31, 0xcc31, 0xc410, 0xd432, 0xd432, 0x99ea, 0x9149, 0x8928, 0x8928, 
	0x9129, 0x8928, 0x9129, 0x9129, 0x9129, 0x8928, 0x9129, 0x9189, 0xb30e, 0x9149, 0x9149, 0x9129, 0x9129, 0x9129, 0x9129, 0x9129, 
	0x9129, 0x9129, 0x9129, 0x9129, 0x9149, 0x9129, 0x9129, 0x9129, 0x9129, 0x9189, 0x9129, 0x9189, 0x9129, 0x9189, 0x9189, 0x9189, 
	0x9189, 0x91e9, 0x8988, 0x89e8, 0xab0d, 0xee97, 0xf739, 0xf738, 0xf738, 0xf738, 0xef37, 0xef37, 0xef37, 0xef37, 0xf758, 0xf758, 
	0xf758, 0xef37, 0xef37, 0xef37, 0xef37, 0xef37, 0xef37, 0xf738, 0xe676, 0xcd71, 0xd594, 0xdd54, 0xd533, 0xd533, 0xd533, 0xd533, 
	0xdd54, 0xd533, 0xd533, 0xdd54, 0xdd54, 0xd594, 0xa42e, 0x69c6, 0x51c3, 0x51c3, 0x49c4, 0x4a24, 0x49c4, 0x840b, 0xadb1, 0xadb1, 
	0xa5b1, 0x9d91, 0x9d91, 0x9591, 0x9591, 0x8d71, 0x8d71, 0x8d71, 0x8d71, 0x8571, 0x8571, 0x8571, 0x8571, 0x7530, 0x8550, 0x7530, 
	0x8550, 0x7530, 0x8571, 0x8550, 0x7530, 0x8571, 0x8550, 0x7530, 0x8571, 0x7530, 0x7530, 0x7530, 0x7530, 0x8550, 0x7530, 0x7530, 
	0x7530, 0x8571, 0x7530, 0x8571, 0x7530, 0x8571, 0x7530, 0x8571, 0x8571, 0x7530, 0x8571, 0x8571, 0x7530, 0x8571, 0x8571, 0x8571, 
	0x8571, 0x7530, 0x8571, 0x8550, 0x8550, 0x7530, 0x8550, 0x7530, 0x7530, 0x8550, 0x7530, 0x7530, 0x8571, 0x7530, 0x8571, 0x6c4e, 
	0x0001, 0x0001, 0x0001, 0x0001, 0x0001, 0x0001, 0x0001, 0x0001, 0x0001, 0x0001, 0x0001, 0x0001, 0x0027, 0x00d1, 0x09dc, 0x0000, 
	0x09dc, 0x0177, 0x0004, 0x0001, 0x0001, 0x0001, 0x0001, 0x0001, 0x0001, 0x0001, 0x0001, 0x0001, 0x0001, 0x0001, 0x0001, 0x9c2e, 
	0xbd53, 0xbcd1, 0xc410, 0xcc31, 0xc410, 0xd594, 0xbdd7, 0xee16, 0xee16, 0xd533, 0xd533, 0xd533, 0xd533, 0xbd53, 0xe5d5, 0xf738, 
	0xff18, 0xf738, 0xf738, 0xf738, 0xf738, 0xf738, 0xf738, 0xf738, 0xff18, 0xd533, 0x72a9, 0x89e8, 0x89e8, 0x91e9, 0x9189, 0x9189, 
	0x9189, 0x9189, 0x9189, 0x9189, 0x9189, 0x9189, 0x9189, 0x9189, 0x91e9, 0x9189, 0x9189, 0x91e9, 0x91e9, 0xa26c, 0xab0d, 0x99ea, 
	0xb36e, 0xd432, 0xd432, 0xcc31, 0xc410, 0xd432, 0xcc31, 0xc410, 0xd432, 0xd432, 0xd432, 0xd432, 0x9189, 0x9149, 0x8928, 0x8928, 
	0x9129, 0x8928, 0x8928, 0x8928, 0x9129, 0x8928, 0x9129, 0x9189, 0xa26c, 0x9189, 0x9149, 0x9129, 0x9129, 0x9129, 0x9129, 0x9129, 
	0x9129, 0x9129, 0x9129, 0x9129, 0x9149, 0x9129, 0x9129, 0x9129, 0x9129, 0x9129, 0x9189, 0x9129, 0x9189, 0x9129, 0x9189, 0x9189, 
	0x9189, 0x9189, 0x91e9, 0x89e8, 0xbbef, 0xfed9, 0xff18, 0xf738, 0xf738, 0xf738, 0xf737, 0xef37, 0xef37, 0xef37, 0xf758, 0xf758, 
	0xef37, 0xef37, 0xef37, 0xef37, 0xef37, 0xf758, 0xf738, 0xf737, 0xe676, 0xd594, 0xcd71, 0xd594, 0xd533, 0xd533, 0xd533, 0xd533, 
	0xdd54, 0xd533, 0xdd54, 0xd533, 0xd533, 0xd533, 0xa42e, 0x51c3, 0x51c3, 0x51c3, 0x49c4, 0x49c4, 0x4a24, 0x8c4e, 0xadb1, 0xadb1, 
	0xa5b1, 0x9d91, 0x9d91, 0x9591, 0x9591, 0x8d71, 0x8d71, 0x9570, 0x8571, 0x8571, 0x8550, 0x8550, 0x8550, 0x8571, 0x8550, 0x8571, 
	0x8550, 0x8571, 0x7530, 0x8550, 0x8571, 0x7530, 0x8571, 0x7530, 0x8550, 0x7530, 0x8571, 0x7530, 0x8550, 0x7530, 0x8550, 0x7530, 
	0x8571, 0x7530, 0x8571, 0x7530, 0x8571, 0x7530, 0x8571, 0x7530, 0x8571, 0x7530, 0x8571, 0x8571, 0x8571, 0x8571, 0x8571, 0x8571, 
	0x8571, 0x8571, 0x7530, 0x8571, 0x7530, 0x8550, 0x7530, 0x8571, 0x7530, 0x8550, 0x7530, 0x8571, 0x7530, 0x7530, 0x7530, 0x7c4e, 
	0x08e1, 0x0001, 0x0001, 0x0001, 0x0001, 0x0001, 0x0001, 0x0001, 0x0001, 0x0001, 0x0001, 0x0001, 0x0004, 0x00d1, 0x11da, 0x0000, 
	0x11da, 0x090d, 0x0004, 0x0001, 0x0001, 0x0001, 0x0001, 0x0001, 0x0001, 0x0001, 0x0001, 0x0001, 0x0800, 0x0001, 0x3922, 0xbdd7, 
	0xee16, 0xee16, 0xee16, 0xee16, 0xee16, 0xee16, 0xee16, 0xee16, 0xe5d5, 0xdd54, 0xee16, 0xee16, 0xd594, 0xe5d5, 0xe676, 0xf6f7, 
	0xff18, 0xf738, 0xf738, 0xf738, 0xf738, 0xf738, 0xf738, 0xf738, 0xff18, 0xe676, 0x928a, 0x8a69, 0x89e8, 0x91e9, 0x91e9, 0x9189, 
	0x99ea, 0xab0d, 0x9189, 0x9189, 0x9189, 0x8988, 0x9189, 0x9189, 0x9189, 0x9189, 0x91e9, 0x9129, 0x91e9, 0xa26c, 0xab0d, 0x99ea, 
	0xb36e, 0xd432, 0xcc92, 0xd432, 0xd432, 0xcc31, 0xd432, 0xd432, 0xc410, 0xd432, 0xcc31, 0xc390, 0x9129, 0x9149, 0x8928, 0x9129, 
	0x9129, 0x9129, 0x9129, 0x8928, 0x9129, 0x8928, 0x9129, 0x9129, 0xa20b, 0x9189, 0x9189, 0x9129, 0x8928, 0x9129, 0x9129, 0x9129, 
	0x9129, 0x8928, 0x9129, 0x9129, 0x9129, 0x9129, 0x9149, 0x9129, 0x9189, 0x9129, 0x9129, 0x9189, 0x9129, 0x9189, 0x9189, 0x9189, 
	0x9189, 0x91e9, 0x8988, 0x8a69, 0xdcb3, 0xf739, 0xf739, 0xf739, 0xf738, 0xf738, 0xf738, 0xef37, 0xef37, 0xf737, 0xf737, 0xef37, 
	0xf737, 0xf737, 0xef37, 0xf737, 0xf737, 0xf758, 0xf738, 0xf6f7, 0xe5d5, 0xcd71, 0xe5d5, 0xd533, 0xd533, 0xd594, 0xd533, 0xd533, 
	0xd533, 0xdd54, 0xd533, 0xd533, 0xdd54, 0xd594, 0x936b, 0x51c3, 0x51c3, 0x49c4, 0x49c4, 0x49c4, 0x5a66, 0x94ae, 0xadb1, 0xadb1, 
	0xa5b1, 0x9d91, 0x9d91, 0x9591, 0x9570, 0x8d71, 0x8d71, 0x8d71, 0x9570, 0x8571, 0x8571, 0x8550, 0x8571, 0x7530, 0x8571, 0x8550, 
	0x7530, 0x8571, 0x8550, 0x7530, 0x8571, 0x8550, 0x7530, 0x8571, 0x7530, 0x8571, 0x7530, 0x8571, 0x7530, 0x7530, 0x8571, 0x7530, 
	0x8571, 0x7530, 0x8571, 0x7530, 0x8571, 0x7530, 0x8571, 0x7530, 0x8571, 0x7530, 0x8550, 0x8571, 0x7530, 0x8571, 0x8571, 0x8571, 
	0x8571, 0x8571, 0x8571, 0x7530, 0x8550, 0x7530, 0x8550, 0x7530, 0x8550, 0x7530, 0x7530, 0x7530, 0x7530, 0x7530, 0x8571, 0x8530, 
	0x31a7, 0x0001, 0x0001, 0x0001, 0x0001, 0x0001, 0x0001, 0x0001, 0x0001, 0x0001, 0x0001, 0x0001, 0x0002, 0x004a, 0x11da, 0x0000, 
	0x0177, 0x006d, 0x0002, 0x0001, 0x0001, 0x0001, 0x0001, 0x0001, 0x0001, 0x0001, 0x0001, 0x0001, 0x0800, 0x0001, 0x49c4, 0xbdd7, 
	0xee16, 0xee16, 0xee16, 0xee16, 0xee16, 0xee16, 0xee16, 0xe5d5, 0xee16, 0xee16, 0xee16, 0xee16, 0xe5d5, 0xe676, 0xee16, 0xf6f7, 
	0xf738, 0xf738, 0xf738, 0xf737, 0xf738, 0xf738, 0xf738, 0xf738, 0xff18, 0xfed9, 0xbcf0, 0x89e8, 0x89e8, 0x91e9, 0x91e9, 0x91e9, 
	0x99ea, 0xa26c, 0x9189, 0x9189, 0x9189, 0x9189, 0x9189, 0x9189, 0x9189, 0x9189, 0x9189, 0x9189, 0x9189, 0xb30e, 0xa26c, 0x99ea, 
	0xb36e, 0xd432, 0xd432, 0xd432, 0xd432, 0xd432, 0xd432, 0xb36e, 0xb30e, 0xb30e, 0xa20b, 0x99ea, 0x9129, 0x9149, 0x8928, 0x9129, 
	0x9129, 0x9129, 0x9129, 0x8928, 0x8928, 0x8928, 0x9129, 0x9149, 0xa26c, 0x9189, 0x9129, 0x9129, 0x8928, 0x9129, 0x9129, 0x8928, 
	0x9129, 0x9129, 0x9129, 0x9129, 0x9129, 0x9129, 0x9149, 0x9129, 0x9129, 0x9189, 0x9189, 0x9129, 0x9189, 0x9189, 0x9189, 0x9189, 
	0x9189, 0x99ea, 0x89e8, 0x928a, 0xee16, 0xf739, 0xf739, 0xfed9, 0xef38, 0xf738, 0xf738, 0xf737, 0xf738, 0xf737, 0xf737, 0xf737, 
	0xf737, 0xf737, 0xf738, 0xf737, 0xf737, 0xf758, 0xf738, 0xf6f7, 0xd5f4, 0xd594, 0xd533, 0xd594, 0xd533, 0xd533, 0xd533, 0xd533, 
	0xd533, 0xd533, 0xd533, 0xd533, 0xd594, 0xccf2, 0x69c6, 0x51c3, 0x51c3, 0x49c4, 0x49c4, 0x4a24, 0x62e6, 0xa550, 0xadb1, 0xa5b1, 
	0xa5b1, 0x9d91, 0x9d91, 0x9591, 0x9591, 0x8d71, 0x8d71, 0x8d71, 0x9570, 0x8571, 0x8571, 0x8550, 0x8550, 0x8571, 0x8550, 0x8571, 
	0x8571, 0x7530, 0x8571, 0x8571, 0x7530, 0x8571, 0x8571, 0x8571, 0x7530, 0x8571, 0x7530, 0x8571, 0x7530, 0x8571, 0x7530, 0x8571, 
	0x7530, 0x8571, 0x7530, 0x8571, 0x7530, 0x8571, 0x7530, 0x8571, 0x7530, 0x8571, 0x7530, 0x8571, 0x8571, 0x7d50, 0x8571, 0x8571, 
	0x8571, 0x8571, 0x7530, 0x8571, 0x8550, 0x7530, 0x8550, 0x7530, 0x7530, 0x8550, 0x7530, 0x7d50, 0x8571, 0x7530, 0x7530, 0x8571, 
	0x42a8, 0x0001, 0x0001, 0x0060, 0x0001, 0x0001, 0x0001, 0x0001, 0x0001, 0x0001, 0x0001, 0x0001, 0x0001, 0x004a, 0x11da, 0x0000, 
	0x1193, 0x004a, 0x0002, 0x0001, 0x0001, 0x0001, 0x0001, 0x0001, 0x0001, 0x0001, 0x0001, 0x0001, 0x0800, 0x0001, 0x72a9, 0xd699, 
	0xee97, 0xee16, 0xee16, 0xdd54, 0xdd54, 0xdd54, 0xee16, 0xdd54, 0xdd54, 0xdd54, 0xee16, 0xdd54, 0xe5d5, 0xe5d5, 0xd5f4, 0xe676, 
	0xf6f7, 0xf738, 0xf738, 0xf737, 0xf738, 0xf738, 0xf738, 0xf738, 0xff18, 0xff18, 0xee16, 0x72a9, 0x99ea, 0x89e8, 0x91e9, 0x9189, 
	0x9189, 0x9189, 0x9189, 0x9189, 0x9189, 0x9189, 0x9189, 0x9189, 0x9189, 0x9189, 0x9189, 0x9189, 0x9189, 0xa26c, 0xb30e, 0x91e9, 
	0xb36e, 0xcc92, 0xd432, 0xd432, 0xd432, 0xd432, 0xd432, 0xa26c, 0x89e8, 0x91e9, 0x8988, 0x9189, 0x8928, 0x8928, 0x9129, 0x9129, 
	0x9129, 0x9129, 0x9129, 0x8928, 0x8928, 0x9149, 0x8928, 0x9149, 0xa26c, 0x9189, 0x9189, 0x9129, 0x8928, 0x9129, 0x9129, 0x8928, 
	0x9129, 0x9129, 0x9129, 0x9129, 0x9129, 0x9129, 0x9149, 0x9129, 0x9189, 0xa20b, 0xa20b, 0x9189, 0x9129, 0x9189, 0x9189, 0x9189, 
	0x8988, 0x99ea, 0x99ea, 0xab0d, 0xee97, 0xfed9, 0xf77d, 0xf738, 0xf739, 0xf738, 0xf738, 0xf737, 0xf738, 0xf737, 0xf737, 0xf737, 
	0xf737, 0xf737, 0xf738, 0xf737, 0xf737, 0xf758, 0xf737, 0xeef6, 0xd594, 0xcd71, 0xdd54, 0xd533, 0xd533, 0xd533, 0xd533, 0xd533, 
	0xd533, 0xd533, 0xd533, 0xd533, 0xe5d5, 0xbcf0, 0x51c3, 0x51c3, 0x51c3, 0x49c4, 0x49c4, 0x49c4, 0x7349, 0xa5b1, 0xa550, 0xa5b1, 
	0x9d91, 0x9d91, 0x9d91, 0x9591, 0x9591, 0x8d71, 0x9591, 0x8d71, 0x9570, 0x8571, 0x8571, 0x8550, 0x8571, 0x8550, 0x7530, 0x8571, 
	0x7530, 0x8571, 0x7530, 0x8571, 0x8571, 0x8571, 0x7530, 0x8571, 0x8571, 0x7530, 0x8571, 0x7530, 0x8571, 0x7530, 0x8571, 0x7530, 
	0x8571, 0x7530, 0x8571, 0x7530, 0x8571, 0x7530, 0x8571, 0x7530, 0x8571, 0x8571, 0x8571, 0x8571, 0x7d50, 0x8571, 0x8571, 0x7530, 
	0x8571, 0x8571, 0x8571, 0x8550, 0x7530, 0x8550, 0x7530, 0x8550, 0x7530, 0x7530, 0x8550, 0x7530, 0x7530, 0x7530, 0x7530, 0x8571, 
	0x5b2b, 0x0001, 0x0001, 0x0001, 0x0001, 0x0001, 0x0001, 0x0001, 0x0001, 0x0001, 0x0001, 0x0001, 0x0001, 0x0027, 0x0177, 0x09dc, 
	0x1193, 0x004a, 0x0002, 0x0001, 0x0001, 0x0001, 0x0001, 0x0001, 0x0001, 0x0001, 0x0001, 0x0800, 0x0800, 0x0001, 0x734c, 0xfed9, 
	0xee16, 0xbdd7, 0xdd54, 0xdd54, 0xdd54, 0xdd54, 0xdd54, 0xdd54, 0xdd54, 0xdd54, 0xdd54, 0xdd54, 0xdd54, 0xd594, 0xd594, 0xd5f4, 
	0xf6f7, 0xf737, 0xf738, 0xf738, 0xf737, 0xf738, 0xf738, 0xf738, 0xf738, 0xee97, 0xfed9, 0xbbef, 0x89e8, 0x89e8, 0x91e9, 0x9189, 
	0x91e9, 0x9189, 0x9189, 0x9189, 0x9189, 0x9189, 0x9189, 0x9189, 0x9189, 0x9189, 0x9189, 0x9189, 0x9189, 0xa26c, 0xb30e, 0x91e9, 
	0xb30e, 0xcc31, 0xd432, 0xcc92, 0xd432, 0xd432, 0xd432, 0x928a, 0x8988, 0x8988, 0x8988, 0x8988, 0x9129, 0x9149, 0x8928, 0x9129, 
	0x9129, 0x9129, 0x9129, 0x9129, 0x8928, 0x9149, 0x9129, 0x9129, 0xa26c, 0x9189, 0x9189, 0x8928, 0x8928, 0x9129, 0x8928, 0x9129, 
	0x9129, 0x8928, 0x9129, 0x9129, 0x9129, 0x9149, 0x9149, 0x9129, 0x9149, 0xa26c, 0xa26c, 0x9189, 0x9189, 0x9189, 0x9189, 0x9189, 
	0x99ea, 0x99ea, 0x8a69, 0xab0d, 0xfed9, 0xfed9, 0xf739, 0xf739, 0xf738, 0xf738, 0xf738, 0xf737, 0xf738, 0xf737, 0xf738, 0xf737, 
	0xf738, 0xf737, 0xf738, 0xf737, 0xf737, 0xf738, 0xef37, 0xeef6, 0xd533, 0xd594, 0xd533, 0xcd71, 0xdd54, 0xd533, 0xd533, 0xd533, 
	0xdd54, 0xd533, 0xd533, 0xd533, 0xd533, 0xa42e, 0x51c3, 0x51c3, 0x49c4, 0x49c4, 0x49c4, 0x4a24, 0x7b69, 0xa5b1, 0xa550, 0x9d91, 
	0xa5b1, 0x9d91, 0x9591, 0x9591, 0x9570, 0x8d71, 0x8d71, 0x8d71, 0x9570, 0x8571, 0x8571, 0x8550, 0x8550, 0x8571, 0x8571, 0x8550, 
	0x8571, 0x7530, 0x8571, 0x7530, 0x8571, 0x8571, 0x8571, 0x7530, 0x8571, 0x7530, 0x8571, 0x7530, 0x8571, 0x7530, 0x8571, 0x7530, 
	0x8571, 0x7530, 0x8571, 0x7530, 0x8571, 0x7530, 0x8571, 0x7530, 0x8571, 0x7530, 0x8571, 0x8571, 0x8550, 0x7d50, 0x8571, 0x8571, 
	0x8571, 0x8571, 0x7530, 0x8571, 0x8550, 0x7530, 0x8550, 0x7530, 0x8550, 0x7530, 0x7530, 0x7d50, 0x7530, 0x7530, 0x7530, 0x7530, 
	0x6c4e, 0x0060, 0x0001, 0x0001, 0x0001, 0x0001, 0x0001, 0x0001, 0x0001, 0x0001, 0x0001, 0x0001, 0x0001, 0x0004, 0x1193, 0x09dc, 
	0x1170, 0x0027, 0x0002, 0x0001, 0x0001, 0x0001, 0x0001, 0x0001, 0x0001, 0x0001, 0x0001, 0x0001, 0x1000, 0x0800, 0xbcd1, 0xd699, 
	0xee16, 0xdd54, 0xdcb3, 0xd533, 0xcc92, 0xcc92, 0xccf2, 0xcc92, 0xcc92, 0xccf2, 0xcc92, 0xccf2, 0xccf2, 0xccf2, 0xcd71, 0xbcd1, 
	0xeef6, 0xf738, 0xf738, 0xf738, 0xf758, 0xf738, 0xf738, 0xf738, 0xf738, 0xf738, 0xfed9, 0xfed9, 0xab0d, 0x89e8, 0x89e8, 0x91e9, 
	0x9189, 0x9189, 0x9189, 0x9189, 0x9189, 0x9189, 0x9189, 0x8988, 0x9189, 0x8988, 0x9189, 0x9189, 0x9189, 0xb30e, 0xa26c, 0x99ea, 
	0xb36e, 0xd432, 0xcc92, 0xd432, 0xd432, 0xd432, 0xd432, 0x928a, 0x8988, 0x8988, 0x9149, 0x9149, 0x9149, 0x8928, 0x8928, 0x9129, 
	0x9129, 0x8928, 0x9129, 0x9129, 0x8928, 0x8928, 0x9129, 0x9189, 0xa26c, 0x9149, 0x9189, 0x9129, 0x8928, 0x9129, 0x9129, 0x8928, 
	0x9129, 0x9129, 0x9129, 0x9129, 0x9129, 0x9129, 0x9149, 0x9149, 0x9149, 0x9149, 0x9149, 0x9189, 0x9129, 0x9189, 0x9189, 0x9189, 
	0x99ea, 0x99ea, 0x89e8, 0xcc31, 0xfed9, 0xfed9, 0xf739, 0xf739, 0xf739, 0xf738, 0xf738, 0xf737, 0xf738, 0xf737, 0xf738, 0xf737, 
	0xf738, 0xf737, 0xf738, 0xf738, 0xf738, 0xf738, 0xf6f7, 0xe676, 0xd594, 0xd533, 0xd594, 0xd533, 0xdd54, 0xd533, 0xd533, 0xdd54, 
	0xd533, 0xdd54, 0xd533, 0xd533, 0xe5d5, 0x936b, 0x51c3, 0x49c4, 0x49c4, 0x49c4, 0x49c4, 0x4a24, 0x6beb, 0xadb1, 0xa5b1, 0x9d91, 
	0x9d91, 0x9d91, 0x9591, 0x9591, 0x9591, 0x8d71, 0x8d71, 0x9570, 0x8571, 0x8571, 0x8550, 0x8571, 0x8550, 0x8550, 0x8571, 0x7530, 
	0x8571, 0x8571, 0x7530, 0x8571, 0x7530, 0x8571, 0x8571, 0x8571, 0x7530, 0x8571, 0x7530, 0x8571, 0x7530, 0x8571, 0x7530, 0x8571, 
	0x7530, 0x8571, 0x7530, 0x8571, 0x7530, 0x8571, 0x7530, 0x8571, 0x7530, 0x8571, 0x7530, 0x8571, 0x8571, 0x8550, 0x8571, 0x8571, 
	0x8571, 0x8571, 0x8571, 0x8550, 0x7530, 0x8550, 0x7530, 0x7530, 0x8550, 0x7530, 0x7d50, 0x7530, 0x7530, 0x7530, 0x7530, 0x8530, 
	0x7c4e, 0x08e1, 0x0001, 0x0001, 0x0001, 0x0001, 0x0001, 0x0001, 0x0001, 0x0001, 0x0001, 0x0001, 0x0001, 0x0004, 0x00d1, 0x11da, 
	0x090d, 0x0004, 0x0001, 0x0001, 0x0001, 0x0001, 0x0001, 0x0001, 0x0001, 0x0001, 0x0001, 0x0001, 0x0001, 0x2080, 0xbdd7, 0xdd54, 
	0xee16, 0xdd54, 0xdcb3, 0xcc92, 0xdcb3, 0xdcb3, 0xccf2, 0xccf2, 0xcc92, 0xcc92, 0xcc92, 0xccf2, 0xccf2, 0xccf2, 0xccf2, 0xcd71, 
	0xe676, 0xf738, 0xf738, 0xf758, 0xf738, 0xf758, 0xf738, 0xf738, 0xf738, 0xf738, 0xff18, 0xfed9, 0xccf2, 0x89e8, 0x89e8, 0x8988, 
	0x9189, 0x91e9, 0x9189, 0x9189, 0x9189, 0x9189, 0x8988, 0x9189, 0x9149, 0x91e9, 0x9149, 0x8988, 0x9189, 0xa26c, 0xb30e, 0x91e9, 
	0xb36e, 0xcc92, 0xcc31, 0xd432, 0xd432, 0xcc92, 0xd432, 0x928a, 0x8928, 0x8988, 0x9129, 0x8928, 0x8928, 0x9149, 0x8928, 0x9129, 
	0x9129, 0x9129, 0x9129, 0x9129, 0x9149, 0x9149, 0x9189, 0x9129, 0xa26c, 0x9189, 0x9129, 0x9129, 0x8928, 0x9129, 0x8928, 0x9129, 
	0x9129, 0x8928, 0x9129, 0x9129, 0x9129, 0x9129, 0x9129, 0x9149, 0x9149, 0x9129, 0x9189, 0x9129, 0x9189, 0x9189, 0x9189, 0x9189, 
	0x99ea, 0x99ea, 0x8a69, 0xdd54, 0xfed9, 0xfed9, 0xf77d, 0xf739, 0xf738, 0xf738, 0xf738, 0xf737, 0xf738, 0xf737, 0xf738, 0xf737, 
	0xf738, 0xf737, 0xf738, 0xf738, 0xf738, 0xf738, 0xf6f7, 0xde75, 0xd533, 0xcd71, 0xdd54, 0xd533, 0xd533, 0xd533, 0xd533, 0xd533, 
	0xdd54, 0xd533, 0xd533, 0xd533, 0xd594, 0x7b69, 0x51c3, 0x49c4, 0x49c4, 0x49c4, 0x49c4, 0x4a24, 0x94ae, 0x9d91, 0xa5b1, 0x9d91, 
	0x9d91, 0x9d91, 0x9591, 0x9570, 0x9570, 0x8d70, 0x8d71, 0x9570, 0x8571, 0x8571, 0x8550, 0x8550, 0x8571, 0x8550, 0x8571, 0x8571, 
	0x7530, 0x8571, 0x8571, 0x7530, 0x8571, 0x8571, 0x7530, 0x8571, 0x8571, 0x7530, 0x8571, 0x7530, 0x8571, 0x7530, 0x8571, 0x7530, 
	0x8571, 0x7530, 0x8571, 0x7530, 0x8571, 0x7530, 0x8571, 0x7530, 0x8571, 0x8571, 0x8571, 0x8571, 0x7530, 0x8571, 0x8571, 0x8571, 
	0x8571, 0x8571, 0x7d50, 0x8571, 0x8550, 0x7530, 0x8550, 0x7530, 0x7530, 0x7530, 0x7d50, 0x7530, 0x7530, 0x6d0f, 0x7530, 0x7530, 
	0x8530, 0x2124, 0x0001, 0x0001, 0x0001, 0x0001, 0x0001, 0x0001, 0x0001, 0x0001, 0x0001, 0x0001, 0x0001, 0x0004, 0x00d1, 0x19d7, 
	0x10e9, 0x0002, 0x0001, 0x0001, 0x0001, 0x0001, 0x0001, 0x0001, 0x0001, 0x0001, 0x0001, 0x0001, 0x0001, 0x3944, 0xd594, 0xbdd7, 
	0xe5d5, 0xdd54, 0xcc92, 0xb36e, 0xc410, 0xc410, 0xb36e, 0xbbef, 0xcc31, 0xbbef, 0xc410, 0xcc92, 0xbcf0, 0xcc92, 0xccf2, 0xbcd1, 
	0xeef6, 0xf738, 0xf738, 0xf758, 0xf758, 0xf758, 0xf738, 0xf738, 0xf758, 0xf738, 0xf738, 0xfed9, 0xfed9, 0xcc92, 0x89e8, 0x89e8, 
	0x91e9, 0x9189, 0x9189, 0x9189, 0x9189, 0x8988, 0x9189, 0x8988, 0x9149, 0x9149, 0x9149, 0x91e9, 0x9189, 0xa26c, 0xb30e, 0x91e9, 
	0xb36e, 0xcc92, 0xcc31, 0xd432, 0xcc92, 0xd432, 0xd432, 0x928a, 0x8988, 0x9129, 0x8988, 0x8928, 0x8928, 0x9129, 0x8928, 0x9129, 
	0x9129, 0x9129, 0x8928, 0x9149, 0x9149, 0x9149, 0x9149, 0x9129, 0xa20b, 0x9189, 0x9129, 0x9149, 0x8928, 0x9129, 0x9129, 0x8928, 
	0x9129, 0x9129, 0x9129, 0x9129, 0x9129, 0x9149, 0x9129, 0x9149, 0x9149, 0x9129, 0x9129, 0x9129, 0x9189, 0x9129, 0x9189, 0x9189, 
	0x8988, 0x8a69, 0x99ea, 0xee16, 0xfed9, 0xf77d, 0xfed9, 0xf739, 0xf739, 0xf738, 0xf738, 0xef37, 0xf738, 0xf738, 0xf738, 0xf738, 
	0xf737, 0xf738, 0xf737, 0xf738, 0xf738, 0xf738, 0xeef6, 0xd5f5, 0xd533, 0xcd71, 0xdd54, 0xd533, 0xd533, 0xd533, 0xd533, 0xd533, 
	0xd533, 0xdd54, 0xd533, 0xd533, 0xccf2, 0x69c6, 0x51e5, 0x49c4, 0x3922, 0x49c4, 0x29c4, 0x62e6, 0x9d91, 0xa5b1, 0xadb1, 0xa5b1, 
	0x9591, 0x9591, 0x9570, 0x9570, 0x9570, 0x9570, 0x8571, 0x8571, 0x8550, 0x8571, 0x8550, 0x8571, 0x8550, 0x8571, 0x8550, 0x8571, 
	0x8571, 0x7530, 0x8571, 0x8571, 0x7530, 0x8571, 0x8571, 0x7530, 0x8571, 0x7530, 0x8571, 0x7530, 0x8571, 0x7530, 0x8571, 0x7530, 
	0x8571, 0x7530, 0x8571, 0x7530, 0x8571, 0x7530, 0x8571, 0x7530, 0x8571, 0x7530, 0x8571, 0x8571, 0x8571, 0x8571, 0x8550, 0x8571, 
	0x8571, 0x8571, 0x8571, 0x7d50, 0x8550, 0x7530, 0x8550, 0x7530, 0x8550, 0x7530, 0x7530, 0x7530, 0x7530, 0x6d0f, 0x6d0f, 0x6d0f, 
	0x7530, 0x42a8, 0x0001, 0x0001, 0x0001, 0x0001, 0x0001, 0x0001, 0x0001, 0x0001, 0x0001, 0x0001, 0x0001, 0x0002, 0x006d, 0x19d7, 
	0x10e9, 0x0002, 0x0001, 0x0001, 0x0001, 0x0001, 0x0001, 0x0001, 0x0001, 0x0001, 0x0001, 0x0001, 0x0001, 0x3944, 0xbdd7, 0xee16, 
	0xee16, 0xdd54, 0xb36e, 0x72a9, 0xb36e, 0xab0d, 0x8a69, 0xab0d, 0xab0d, 0x928a, 0xb36e, 0xb36e, 0x936b, 0xa42e, 0xccf2, 0xd533, 
	0xeef6, 0xf738, 0xf738, 0xf758, 0xf758, 0xf758, 0xf737, 0xf738, 0xf758, 0xf758, 0xf737, 0xff18, 0xfed9, 0xfed9, 0xd432, 0x928a, 
	0x8988, 0x9189, 0x8988, 0x91e9, 0x9149, 0x9189, 0x8988, 0x9189, 0x91e9, 0x9149, 0x91e9, 0x9149, 0x9189, 0xa26c, 0xb30e, 0x91e9, 
	0xab0d, 0xd432, 0xcc92, 0xcc92, 0xd432, 0xcc92, 0xd432, 0x928a, 0x9129, 0x91e9, 0x9129, 0x9129, 0x8928, 0x8928, 0x9129, 0x8928, 
	0x8928, 0x9149, 0x9129, 0x9149, 0x9149, 0x9149, 0x9149, 0x9189, 0xa26c, 0x9189, 0x9129, 0x8928, 0x9149, 0x8928, 0x9129, 0x9129, 
	0x8928, 0x9129, 0x9129, 0x9129, 0x9129, 0x9129, 0x9129, 0x9129, 0x9129, 0x9129, 0x9129, 0x9189, 0x9129, 0x9189, 0x9129, 0x91e9, 
	0x9189, 0x99ea, 0xab0d, 0xfed9, 0xfed9, 0xfed9, 0xf739, 0xf739, 0xf758, 0xf738, 0xf758, 0xf738, 0xf738, 0xf738, 0xf738, 0xf738, 
	0xf738, 0xf737, 0xf737, 0xf738, 0xf738, 0xf738, 0xe676, 0xde75, 0xd533, 0xd533, 0xd533, 0xd533, 0xd533, 0xd533, 0xdd54, 0xd533, 
	0xdd54, 0xd533, 0xd533, 0xd533, 0xbcf0, 0x5a66, 0x51c3, 0x49c4, 0x49c4, 0x49c4, 0x41a1, 0x6308, 0xa5b1, 0xadb1, 0xadb1, 0x9d91, 
	0x9d91, 0x9591, 0x9591, 0x9570, 0x8d70, 0x8550, 0x8d70, 0x8571, 0x8d70, 0x8550, 0x8571, 0x8550, 0x8571, 0x8550, 0x8571, 0x7530, 
	0x8571, 0x8571, 0x7530, 0x8571, 0x8571, 0x8571, 0x8571, 0x8571, 0x7530, 0x8571, 0x7530, 0x8571, 0x7530, 0x8571, 0x7530, 0x8571, 
	0x7530, 0x8571, 0x7530, 0x8571, 0x7530, 0x8571, 0x7530, 0x8571, 0x7530, 0x8571, 0x7530, 0x8571, 0x8571, 0x7530, 0x8571, 0x8571, 
	0x8571, 0x8571, 0x7d50, 0x8571, 0x7530, 0x8571, 0x7530, 0x8550, 0x7530, 0x7d50, 0x6d0f, 0x6d0f, 0x7530, 0x6d0f, 0x750f, 0x8530, 
	0x7530, 0x5a89, 0x0001, 0x0001, 0x0001, 0x0001, 0x0001, 0x0001, 0x0001, 0x0001, 0x0001, 0x0001, 0x0001, 0x0001, 0x004a, 0x1193, 
	0x0002, 0x0060, 0x0001, 0x0001, 0x0001, 0x0001, 0x0001, 0x0001, 0x0001, 0x0001, 0x0001, 0x0001, 0x0800, 0x51e5, 0xdd54, 0xee16, 
	0xee16, 0xdd54, 0xbbef, 0x8a69, 0xb36e, 0xab0d, 0x8a69, 0x936b, 0xab0d, 0x8a69, 0xbbef, 0xb36e, 0x928a, 0xc410, 0xd533, 0xccf2, 
	0xeef6, 0xff18, 0xf737, 0xf738, 0xef37, 0xf737, 0xf737, 0xf737, 0xf737, 0xf737, 0xf737, 0xff18, 0xfed9, 0xfed9, 0xfed9, 0xd533, 
	0xab0d, 0x99ea, 0x91e9, 0x8988, 0x9189, 0x8988, 0x9189, 0x9189, 0x9189, 0x9149, 0x9149, 0x8988, 0x9189, 0xb30e, 0xa26c, 0x99ea, 
	0xb36e, 0xcc92, 0xcc92, 0xcc31, 0xd432, 0xcc31, 0xd432, 0x928a, 0x9129, 0x8928, 0x9149, 0x8928, 0x8928, 0x8928, 0x9129, 0x9149, 
	0x8928, 0x9149, 0x9149, 0x9149, 0x9149, 0x9149, 0x9149, 0x9129, 0xa26c, 0x9189, 0x9129, 0x8928, 0x9149, 0x9129, 0x8928, 0x9129, 
	0x9129, 0x9129, 0x9129, 0x9129, 0x9129, 0x9149, 0x9149, 0x9129, 0x9129, 0x9129, 0x9129, 0x9129, 0x9189, 0x9149, 0x9189, 0x9189, 
	0x9189, 0x8a69, 0xd432, 0xfed9, 0xf77d, 0xfed9, 0xf739, 0xf739, 0xf739, 0xf758, 0xf758, 0xe758, 0xf737, 0xf738, 0xf738, 0xf738, 
	0xf6f7, 0xf737, 0xf738, 0xf738, 0xff18, 0xf737, 0xe676, 0xe5d5, 0xcd71, 0xd533, 0xd533, 0xd533, 0xd533, 0xdd54, 0xd533, 0xdd54, 
	0xd533, 0xd533, 0xd533, 0xd533, 0xa42e, 0x51e5, 0x51c3, 0x49c4, 0x49c4, 0x49c4, 0x29c4, 0x840b, 0xa5b1, 0xadb1, 0xa5b1, 0x9d91, 
	0x9d91, 0x9591, 0x9570, 0x9591, 0x8d70, 0x8d70, 0x8550, 0x8571, 0x8571, 0x8550, 0x8550, 0x8550, 0x8571, 0x8550, 0x8571, 0x8571, 
	0x8571, 0x7530, 0x8571, 0x8571, 0x7530, 0x8571, 0x7530, 0x8571, 0x8571, 0x7530, 0x8571, 0x7530, 0x8571, 0x7530, 0x8571, 0x7530, 
	0x8571, 0x7530, 0x8571, 0x7530, 0x8571, 0x7530, 0x8571, 0x7530, 0x8571, 0x8571, 0x8571, 0x8571, 0x8571, 0x8571, 0x8571, 0x7d50, 
	0x8571, 0x8571, 0x8571, 0x8571, 0x8571, 0x7530, 0x8550, 0x7530, 0x7530, 0x7d50, 0x7530, 0x6d0f, 0x7530, 0x6d0f, 0x6d0f, 0x6d0f, 
	0x8571, 0x5b2b, 0x0060, 0x0001, 0x0001, 0x0001, 0x0001, 0x0001, 0x0001, 0x0001, 0x0001, 0x0001, 0x0001, 0x0001, 0x004a, 0x1193, 
	0x0060, 0x0001, 0x0001, 0x0001, 0x0001, 0x0001, 0x0001, 0x0001, 0x0001, 0x0001, 0x0001, 0x0001, 0x1000, 0x51e5, 0xdd54, 0xee16, 
	0xbdd7, 0xdd54, 0xb36e, 0x8a69, 0xbbef, 0xb36e, 0x89e8, 0xab0d, 0xab0d, 0x8a69, 0xbbef, 0xab0d, 0x8a69, 0xbbef, 0xccf2, 0xccf2, 
	0xee97, 0xff79, 0xf737, 0xf737, 0xf738, 0xef37, 0xf737, 0xf737, 0xf737, 0xff37, 0xff18, 0xff37, 0xff18, 0xfed9, 0xff18, 0xfed9, 
	0xee97, 0xcc31, 0xa26c, 0x8a69, 0x9189, 0x9189, 0x9189, 0x9149, 0x9189, 0x8988, 0x9189, 0x91e9, 0x91e9, 0xa26c, 0xb30e, 0x91e9, 
	0xb36e, 0xcc92, 0xcc31, 0xd432, 0xcc92, 0xd432, 0xd432, 0x928a, 0x9129, 0x91e9, 0x9129, 0x9149, 0x8928, 0x8928, 0x8928, 0x9129, 
	0x9129, 0x9129, 0x9149, 0x9149, 0x9149, 0x9149, 0x9149, 0x9189, 0xa20b, 0xa20b, 0x8928, 0x9149, 0x9149, 0x9129, 0x9129, 0x9129, 
	0x8928, 0x9129, 0x9129, 0x9129, 0x9129, 0x9129, 0x9149, 0x9129, 0x9129, 0x9129, 0x9189, 0x9129, 0x9189, 0x9189, 0x9189, 0x9189, 
	0x99ea, 0x99ea, 0xdcb3, 0xfed9, 0xfed9, 0xf77d, 0xf739, 0xf739, 0xe758, 0xf739, 0xf739, 0xf758, 0xf738, 0xf738, 0xf738, 0xf737, 
	0xf737, 0xf737, 0xf738, 0xf738, 0xff18, 0xf6f7, 0xe676, 0xd594, 0xd533, 0xd594, 0xd533, 0xd533, 0xd533, 0xd533, 0xdd54, 0xd533, 
	0xdd54, 0xd533, 0xd533, 0xd533, 0x936b, 0x51c3, 0x51e5, 0x49c4, 0x49c4, 0x4a24, 0x4a24, 0x8c4e, 0xadb1, 0xa5b1, 0xa5b1, 0x9d91, 
	0x9d91, 0x9591, 0x9570, 0x8d70, 0x8d70, 0x8d70, 0x8550, 0x8550, 0x8571, 0x8550, 0x8571, 0x8550, 0x8550, 0x8571, 0x8550, 0x8571, 
	0x7530, 0x8571, 0x8571, 0x8571, 0x8571, 0x8571, 0x8571, 0x7530, 0x8571, 0x7530, 0x8571, 0x7530, 0x8571, 0x7530, 0x8571, 0x7530, 
	0x8571, 0x7530, 0x8571, 0x7530, 0x8571, 0x7530, 0x8571, 0x7530, 0x8571, 0x7530, 0x8571, 0x7530, 0x8571, 0x8571, 0x8571, 0x8571, 
	0x8571, 0x8571, 0x7530, 0x8571, 0x8550, 0x8571, 0x7530, 0x8550, 0x7530, 0x7530, 0x7530, 0x6d0f, 0x7530, 0x6d0f, 0x7530, 0x6d0f, 
	0x8530, 0x6c4e, 0x0001, 0x0060, 0x0001, 0x0001, 0x0001, 0x0001, 0x0001, 0x0001, 0x0001, 0x0001, 0x0001, 0x0001, 0x0027, 0x1170, 
	0x0060, 0x0001, 0x0001, 0x0001, 0x0001, 0x0001, 0x0001, 0x0001, 0x0001, 0x0001, 0x0001, 0x0001, 0x1000, 0x89e8, 0xbdd7, 0xee16, 
	0xfc99, 0xdd54, 0xc410, 0xab0d, 0xc410, 0xbbef, 0xab0d, 0xb36e, 0xab0d, 0x928a, 0xb36e, 0xab0d, 0x928a, 0xc410, 0xd533, 0xccf2, 
	0xee97, 0xff79, 0xf737, 0xf737, 0xf738, 0xef37, 0xef37, 0xef37, 0xef37, 0xf737, 0xff37, 0xff18, 0xff18, 0xfed9, 0xff18, 0xf739, 
	0xfed9, 0xfed9, 0xe5d5, 0xc390, 0x928a, 0x99ea, 0x99ea, 0x9189, 0x99ea, 0x9189, 0x91e9, 0x9189, 0x9189, 0xa26c, 0xb30e, 0x9189, 
	0xb36e, 0xcc92, 0xcc92, 0xcc92, 0xcc31, 0xd432, 0xd432, 0x928a, 0x9129, 0x9149, 0x9149, 0x9149, 0x9129, 0x8928, 0x8928, 0x9149, 
	0x9129, 0x9129, 0x9149, 0x9149, 0x9149, 0x9149, 0x9149, 0x9189, 0xa20b, 0x9189, 0x9129, 0x9149, 0x9149, 0x8928, 0x9129, 0x9129, 
	0x9129, 0x8928, 0x9129, 0x9129, 0x9129, 0x9129, 0x9129, 0x9129, 0x9129, 0x9149, 0x9149, 0x9129, 0x9189, 0x9189, 0x9189, 0x9189, 
	0x8988, 0x928a, 0xdd54, 0xf77d, 0xfed9, 0xf739, 0xf739, 0xf739, 0xf739, 0xff79, 0xeef6, 0xe758, 0xef38, 0xf738, 0xf738, 0xf738, 
	0xf738, 0xf738, 0xff18, 0xff37, 0xff18, 0xf6f7, 0xe5d5, 0xd594, 0xd533, 0xd533, 0xd533, 0xd533, 0xd594, 0xd533, 0xdd54, 0xdd54, 
	0xd533, 0xd533, 0xd533, 0xbcd1, 0x72a9, 0x49c4, 0x49c4, 0x49c4, 0x49c4, 0x41a1, 0x4a24, 0x8d4f, 0xadb1, 0x9d91, 0xa5b1, 0x9d91, 
	0x9591, 0x9591, 0x9570, 0x8d70, 0x8d70, 0x8550, 0x8571, 0x8550, 0x8550, 0x8550, 0x8571, 0x8550, 0x8571, 0x8550, 0x8571, 0x8571, 
	0x8571, 0x8571, 0x7530, 0x8571, 0x7530, 0x8571, 0x8571, 0x8571, 0x7530, 0x8571, 0x7530, 0x8571, 0x7530, 0x8571, 0x7530, 0x8571, 
	0x7530, 0x8571, 0x7530, 0x8571, 0x7530, 0x8571, 0x7530, 0x8571, 0x7530, 0x8571, 0x8571, 0x8571, 0x8571, 0x7530, 0x8571, 0x8571, 
	0x7d50, 0x8571, 0x8571, 0x8571, 0x7530, 0x8571, 0x7530, 0x7530, 0x8550, 0x7530, 0x7530, 0x6d0f, 0x7530, 0x6d0f, 0x6d0f, 0x7530, 
	0x7c4e, 0x6c4e, 0x08e1, 0x0001, 0x0001, 0x0001, 0x0001, 0x0001, 0x0001, 0x0001, 0x0001, 0x0001, 0x0001, 0x0001, 0x0027, 0x1170, 
	0x0001, 0x0060, 0x0001, 0x0001, 0x0001, 0x0001, 0x0001, 0x0001, 0x0001, 0x0001, 0x0001, 0x0800, 0x1000, 0x734c, 0xdd54, 0xdd54, 
	0xee16, 0xdd54, 0xcc31, 0xbbef, 0xcc31, 0xcc31, 0xc390, 0xcc92, 0xc410, 0xb36e, 0xc410, 0xc410, 0xb36e, 0xcc31, 0xccf2, 0xd533, 
	0xff16, 0xff18, 0xf737, 0xf738, 0xf737, 0xf758, 0xef37, 0xef37, 0xef37, 0xef37, 0xef37, 0xf737, 0xff79, 0xf737, 0xf6f7, 0xff18, 
	0xfed9, 0xf739, 0xfed9, 0xfed9, 0xdd54, 0xcc31, 0x928a, 0x99ea, 0x89e8, 0x9189, 0x9189, 0x9189, 0x9189, 0xa26c, 0xb30e, 0x9189, 
	0xb36e, 0xcc31, 0xcc31, 0xd432, 0xd432, 0xcc92, 0xd432, 0xa20b, 0x8988, 0x9149, 0x9149, 0x9129, 0x9149, 0x9149, 0x9129, 0x9149, 
	0x9149, 0x9149, 0x9129, 0x9149, 0x9149, 0x8988, 0x9149, 0x9189, 0xa26c, 0x9189, 0x9149, 0x9149, 0x9149, 0x9129, 0x9129, 0x8928, 
	0x9129, 0x9129, 0x9129, 0x9129, 0x9129, 0x9129, 0x9129, 0x9129, 0x9129, 0x9149, 0x9149, 0x9149, 0x9129, 0x9189, 0x9189, 0x9189, 
	0x99ea, 0xb30e, 0xee16, 0xfed9, 0xf77d, 0xfed9, 0xf739, 0xe758, 0x840b, 0x28e0, 0x08e1, 0x49c4, 0xbdf3, 0xf6f7, 0xf738, 0xf738, 
	0xff79, 0xf738, 0xff37, 0xff18, 0xff18, 0xf6f7, 0xe5d5, 0xd594, 0xd533, 0xd533, 0xd594, 0xd533, 0xd533, 0xd594, 0xdd54, 0xdd54, 
	0xdd54, 0xd533, 0xd533, 0xd533, 0x72a9, 0x49c4, 0x49c4, 0x49c4, 0x49c4, 0x29c4, 0x7349, 0x94ae, 0xa5b1, 0x9d91, 0x9d91, 0x9d91, 
	0x9591, 0x8d70, 0x9570, 0x8d70, 0x8d70, 0x8550, 0x8550, 0x8550, 0x8571, 0x8550, 0x8550, 0x8571, 0x8550, 0x8571, 0x8550, 0x8571, 
	0x7530, 0x8571, 0x8571, 0x8571, 0x8571, 0x7530, 0x8571, 0x8571, 0x7530, 0x8571, 0x7530, 0x8571, 0x7530, 0x8571, 0x7530, 0x8571, 
	0x7530, 0x8571, 0x7530, 0x8571, 0x7530, 0x8571, 0x7530, 0x8571, 0x8571, 0x7530, 0x8571, 0x8571, 0x8571, 0x8571, 0x8571, 0x8571, 
	0x8571, 0x8571, 0x8571, 0x8571, 0x8571, 0x7530, 0x8550, 0x7530, 0x7530, 0x7530, 0x7530, 0x6d0f, 0x6d0f, 0x7530, 0x6d0f, 0x7530, 
	0x7530, 0x8530, 0x2102, 0x0001, 0x0001, 0x0001, 0x0001, 0x0001, 0x0001, 0x0001, 0x0001, 0x0001, 0x0001, 0x0001, 0x0004, 0x090d, 
	0x0001, 0x0001, 0x0001, 0x0001, 0x0001, 0x0001, 0x0001, 0x0001, 0x0001, 0x0001, 0x0001, 0x0001, 0x1000, 0xb36e, 0xbd53, 0xdcb3, 
	0xdd54, 0xdcb3, 0xcc92, 0xd432, 0xd432, 0xd432, 0xcc31, 0xcc31, 0xcc31, 0xd432, 0xc410, 0xd432, 0xc410, 0xcc92, 0xccf2, 0xccf2, 
	0xff37, 0xff18, 0xf737, 0xf738, 0xf737, 0xe758, 0xef37, 0xef37, 0xef37, 0xef37, 0xef37, 0xef37, 0xff79, 0xef37, 0xf6f7, 0xf738, 
	0xff18, 0xfed9, 0xfed9, 0xfed9, 0xfed9, 0xee97, 0xe5d5, 0xc410, 0x928a, 0x89e8, 0x99ea, 0x9189, 0x99ea, 0xb30e, 0xb30e, 0x99ea, 
	0xab0d, 0xcc92, 0xcc92, 0xd432, 0xcc92, 0xcc31, 0xd432, 0x928a, 0x91e9, 0x9149, 0x9149, 0x9149, 0x9129, 0x9149, 0x9149, 0x9129, 
	0x9149, 0x9149, 0x9129, 0x8988, 0x9149, 0x8988, 0x9189, 0x9189, 0xa20b, 0xa20b, 0x8928, 0x9149, 0x9149, 0x8928, 0x9129, 0x9129, 
	0x9129, 0x9129, 0x9129, 0x9129, 0x9129, 0x9149, 0x9129, 0x9129, 0x9149, 0x8928, 0x9149, 0x9149, 0x9189, 0x9189, 0x9189, 0x99ea, 
	0x99ea, 0xc410, 0xfed9, 0xf77d, 0xf739, 0xf739, 0xf739, 0x5a89, 0x0001, 0x0800, 0x0001, 0x0001, 0x3100, 0xe676, 0xf739, 0xf739, 
	0xf738, 0xf738, 0xf738, 0xff18, 0xff37, 0xee97, 0xe5d5, 0xd594, 0xd533, 0xd533, 0xd533, 0xd533, 0xd533, 0xdd54, 0xdd54, 0xd533, 
	0xdd54, 0xd533, 0xd533, 0xbcd1, 0x51e5, 0x49c4, 0x49c4, 0x49c4, 0x41a1, 0x29c4, 0x840b, 0xa550, 0x9d91, 0x9d91, 0x9d91, 0x9591, 
	0x9570, 0x9570, 0x8d70, 0x8d70, 0x8d70, 0x8550, 0x8550, 0x8550, 0x8571, 0x8550, 0x8571, 0x8550, 0x8550, 0x8571, 0x8571, 0x8571, 
	0x8571, 0x8571, 0x7530, 0x8571, 0x8571, 0x8571, 0x7530, 0x8571, 0x7530, 0x8571, 0x7530, 0x8571, 0x7530, 0x8571, 0x7530, 0x8571, 
	0x7530, 0x8571, 0x7530, 0x8571, 0x7530, 0x8571, 0x7530, 0x7530, 0x8571, 0x8571, 0x7530, 0x8571, 0x8571, 0x8571, 0x8571, 0x7d50, 
	0x8571, 0x8571, 0x7530, 0x8571, 0x7530, 0x8571, 0x7530, 0x8550, 0x7d50, 0x7530, 0x7530, 0x7530, 0x7530, 0x7530, 0x6d0f, 0x750f, 
	0x8530, 0x7c4e, 0x29c4, 0x0001, 0x0001, 0x0001, 0x0001, 0x0001, 0x0001, 0x0001, 0x0001, 0x0001, 0x0001, 0x0001, 0x0004, 0x10e9, 
	0x0001, 0x0060, 0x0001, 0x0001, 0x0001, 0x0001, 0x0001, 0x0001, 0x0001, 0x0001, 0x0001, 0x0800, 0x2080, 0xa42e, 0xdcb3, 0xbd53, 
	0xdcb3, 0xd432, 0xcc31, 0xb36e, 0xb30e, 0xb30e, 0xb30e, 0xb30e, 0xb30e, 0xb30e, 0xb36e, 0xb30e, 0xbbef, 0xcc31, 0xccf2, 0xccf2, 
	0xff18, 0xff18, 0xf737, 0xf737, 0xf738, 0xef37, 0xef37, 0xef37, 0xf758, 0xf758, 0xf758, 0xf758, 0xef37, 0xef37, 0xef37, 0xf738, 
	0xf738, 0xf738, 0xf738, 0xf738, 0xfed9, 0xfed9, 0xee97, 0xee97, 0xdd54, 0xb36e, 0x928a, 0x8a69, 0x8988, 0xa20b, 0xb30e, 0x8a69, 
	0xab0d, 0xcc92, 0xcc92, 0xcc31, 0xcc92, 0xd432, 0xcc31, 0x928a, 0x9149, 0x9149, 0x9149, 0x9149, 0x9129, 0x9129, 0x8928, 0x8988, 
	0x9149, 0x9149, 0x9189, 0x9149, 0x8988, 0x9189, 0x9189, 0x99ea, 0xa20b, 0x9189, 0x9149, 0x8928, 0x9149, 0x9129, 0x9129, 0x9129, 
	0x9129, 0x9129, 0x9129, 0x9129, 0x9129, 0x9129, 0x9129, 0x9129, 0x9149, 0x8928, 0x9129, 0x9129, 0x9189, 0x9189, 0x9189, 0x99ea, 
	0x99ea, 0xcc92, 0xfed9, 0xf77d, 0xf739, 0xf739, 0x5b2b, 0x1000, 0x0001, 0x0001, 0x1860, 0x0001, 0x0001, 0xa4af, 0xf739, 0xf739, 
	0xf739, 0xff18, 0xf738, 0xff18, 0xff18, 0xeef6, 0xe5d5, 0xd594, 0xd533, 0xd533, 0xd533, 0xd533, 0xd533, 0xdd54, 0xdd54, 0xdd54, 
	0xdd54, 0xd533, 0xccf2, 0xa42e, 0x51e5, 0x49c4, 0x49c4, 0x49c4, 0x49c4, 0x4a24, 0x8c4e, 0xa550, 0xa5b1, 0xa550, 0x9591, 0x9591, 
	0x9570, 0x8d70, 0x8d70, 0x8d4f, 0x8d70, 0x8550, 0x8550, 0x8550, 0x8571, 0x8550, 0x8550, 0x8571, 0x8550, 0x8550, 0x8571, 0x7530, 
	0x8571, 0x8571, 0x8571, 0x7530, 0x8571, 0x8571, 0x8571, 0x8571, 0x7530, 0x8571, 0x7530, 0x8571, 0x7530, 0x8571, 0x7530, 0x8571, 
	0x7530, 0x8571, 0x7530, 0x8571, 0x7530, 0x8571, 0x7530, 0x8571, 0x7530, 0x8571, 0x8571, 0x8571, 0x7530, 0x8571, 0x8571, 0x8571, 
	0x8571, 0x8571, 0x8571, 0x8571, 0x8571, 0x7d50, 0x7d50, 0x7530, 0x7d50, 0x7530, 0x7530, 0x6d0f, 0x6d0f, 0x7530, 0x7530, 0x7530, 
	0x8530, 0x8530, 0x29c4, 0x0001, 0x0001, 0x0001, 0x0001, 0x0001, 0x0001, 0x0001, 0x0001, 0x0001, 0x0001, 0x0001, 0x0002, 0x10e9, 
	0x0001, 0x0060, 0x0001, 0x0001, 0x0001, 0x0001, 0x0001, 0x0001, 0x0001, 0x0001, 0x0001, 0x0001, 0x3944, 0xcc31, 0xbd53, 0xd432, 
	0xcc31, 0xcc92, 0xc390, 0x91e9, 0x928a, 0x99ea, 0x928a, 0x928a, 0x928a, 0x928a, 0x99ea, 0x928a, 0x928a, 0xbbef, 0xccf2, 0xd594, 
	0xff18, 0xf737, 0xf738, 0xf737, 0xf738, 0xef37, 0xef37, 0xef37, 0xf758, 0xf758, 0xef37, 0xef37, 0xf758, 0xf738, 0xf6f7, 0xf758, 
	0xf738, 0xf738, 0xf738, 0xf738, 0xf738, 0xf738, 0xfed9, 0xfed9, 0xfed9, 0xfed9, 0xdd54, 0xc410, 0x928a, 0xab0d, 0xa26c, 0x8a69, 
	0xb36e, 0xcc92, 0xcc92, 0xcc92, 0xd432, 0xcc92, 0xd432, 0x928a, 0x8988, 0x9189, 0x9149, 0x9149, 0x9129, 0x91e9, 0x9149, 0x9129, 
	0x91e9, 0x9149, 0x8928, 0x8988, 0x9189, 0x9189, 0x9189, 0x99ea, 0xa26c, 0x9189, 0x9149, 0x8928, 0x9149, 0x9149, 0x9149, 0x9129, 
	0x9129, 0x9129, 0x9129, 0x9129, 0x9129, 0x9149, 0x9149, 0x9129, 0x9149, 0x9129, 0x9129, 0x9189, 0x9129, 0x9189, 0x9189, 0x91e9, 
	0xa26c, 0xdd54, 0xf77d, 0xfed9, 0xf77d, 0x72a9, 0x1000, 0x0001, 0x0001, 0x5b2b, 0x734c, 0x0001, 0x0001, 0x5a89, 0xff79, 0xff79, 
	0xf739, 0xff18, 0xff79, 0xff18, 0xf6f7, 0xe676, 0xe5d5, 0xd594, 0xd533, 0xd533, 0xd594, 0xd533, 0xdd54, 0xd533, 0xdd54, 0xdd54, 
	0xccf2, 0xdd54, 0xd533, 0x936b, 0x49c4, 0x51c3, 0x49c4, 0x49c4, 0x49c4, 0x4a24, 0x8c4e, 0xa550, 0xa550, 0xa550, 0x9591, 0x9591, 
	0x9570, 0x8d70, 0x8d70, 0x8d70, 0x8550, 0x8550, 0x8550, 0x8550, 0x8571, 0x8550, 0x8571, 0x8550, 0x8571, 0x8550, 0x8571, 0x8571, 
	0x7530, 0x8571, 0x8571, 0x8571, 0x7530, 0x8571, 0x7530, 0x8571, 0x8571, 0x7530, 0x8571, 0x7530, 0x8571, 0x7530, 0x8571, 0x7530, 
	0x8571, 0x7530, 0x8571, 0x7530, 0x8571, 0x7530, 0x8571, 0x7530, 0x8571, 0x7530, 0x8571, 0x8571, 0x8571, 0x8571, 0x8571, 0x8571, 
	0x7d50, 0x8571, 0x7530, 0x8571, 0x7530, 0x7d50, 0x7d50, 0x7530, 0x7d50, 0x7530, 0x7530, 0x6d0f, 0x7530, 0x7530, 0x6d0f, 0x7530, 
	0x7530, 0x8530, 0x31a7, 0x0001, 0x0001, 0x0001, 0x0001, 0x0001, 0x0001, 0x0001, 0x0001, 0x0001, 0x0001, 0x0001, 0x0001, 0x0004, 
	0x0001, 0x0001, 0x0001, 0x0001, 0x0001, 0x0001, 0x0001, 0x0001, 0x0001, 0x0001, 0x0001, 0x0800, 0x3944, 0xbcd1, 0xdcb3, 0xcc31, 
	0xcc31, 0xd432, 0xc390, 0x89e8, 0x91e9, 0x91e9, 0x91e9, 0x91e9, 0x91e9, 0x91e9, 0x91e9, 0x91e9, 0x8a69, 0xc410, 0xccf2, 0xdd54, 
	0xff18, 0xff18, 0xf737, 0xf737, 0xf738, 0xf758, 0xf758, 0xe758, 0xef37, 0xef37, 0xef37, 0xef37, 0xff18, 0xf738, 0xf738, 0xf738, 
	0xf738, 0xf738, 0xf738, 0xf738, 0xf737, 0xf738, 0xf738, 0xf738, 0xfed9, 0xfed9, 0xfed9, 0xfed9, 0xee16, 0xdcb3, 0xbbef, 0x8a69, 
	0xab0d, 0xcc92, 0xcc31, 0xcc92, 0xcc92, 0xcc92, 0xd432, 0xa26c, 0x8988, 0x9189, 0x9149, 0x91e9, 0x9129, 0x9129, 0x91e9, 0x9129, 
	0x9149, 0x8988, 0x9129, 0x9189, 0x8988, 0x9189, 0x9189, 0x99ea, 0xa20b, 0x9189, 0x9149, 0x9149, 0x9149, 0x9149, 0x9149, 0x9129, 
	0x9149, 0x9129, 0x9129, 0x9149, 0x9129, 0x9129, 0x9149, 0x9149, 0x9189, 0x9129, 0x9129, 0x9189, 0x9189, 0x9189, 0x9189, 0x99ea, 
	0xab0d, 0xee16, 0xfed9, 0xfed9, 0x734c, 0x1000, 0x0800, 0x0800, 0x5a89, 0xffff, 0xbdd7, 0x0800, 0x0800, 0x3922, 0xf738, 0xf739, 
	0xf739, 0xff79, 0xff18, 0xff18, 0xf6f7, 0xe5d5, 0xd5f4, 0xd594, 0xd533, 0xd533, 0xd533, 0xd533, 0xd533, 0xdd54, 0xdd54, 0xdd54, 
	0xd533, 0xdd54, 0xd533, 0x7b69, 0x51c3, 0x49c4, 0x49c4, 0x49c4, 0x49c4, 0x5a66, 0x94ae, 0xadb1, 0xa550, 0x9570, 0x9d91, 0x9591, 
	0x8d70, 0x8d70, 0x8d70, 0x8d4f, 0x8550, 0x8550, 0x8550, 0x8571, 0x8550, 0x8571, 0x8550, 0x8571, 0x8550, 0x8571, 0x8550, 0x8571, 
	0x8571, 0x7530, 0x8571, 0x8571, 0x8571, 0x8571, 0x8571, 0x7530, 0x8571, 0x8571, 0x7530, 0x8571, 0x7530, 0x8571, 0x7530, 0x8571, 
	0x7530, 0x8571, 0x7530, 0x8571, 0x7530, 0x8571, 0x7530, 0x8571, 0x8571, 0x7530, 0x8571, 0x8571, 0x8571, 0x8571, 0x7530, 0x8571, 
	0x8571, 0x8571, 0x8571, 0x7d50, 0x8571, 0x7530, 0x7d50, 0x7530, 0x7530, 0x7530, 0x7530, 0x6d0f, 0x7530, 0x7530, 0x6d0f, 0x750f, 
	0x7530, 0x7c4e, 0x42a8, 0x0001, 0x0001, 0x0001, 0x0001, 0x0001, 0x0001, 0x0001, 0x0001, 0x0001, 0x0001, 0x0001, 0x0001, 0x0004, 
	0x0001, 0x0001, 0x0001, 0x0001, 0x0001, 0x0001, 0x0001, 0x0001, 0x0001, 0x0001, 0x0001, 0x0001, 0x3944, 0xb36e, 0xcc92, 0xdcb3, 
	0xd432, 0xd432, 0xc390, 0x99ea, 0x8988, 0x8988, 0x8988, 0x8988, 0x8988, 0x8988, 0x8988, 0x91e9, 0x91e9, 0xbbef, 0xccf2, 0xd533, 
	0xff18, 0xf738, 0xf738, 0xf738, 0xf738, 0xe758, 0xef37, 0xf758, 0xf758, 0xf758, 0xf758, 0xff18, 0xf737, 0xf738, 0xf738, 0xf738, 
	0xf738, 0xf738, 0xf738, 0xef38, 0xf738, 0xf738, 0xf738, 0xf738, 0xf738, 0xfed9, 0xfed9, 0xfed9, 0xfed9, 0xff37, 0xe5d5, 0xd533, 
	0xccf2, 0xbcf0, 0xcc92, 0xbcd1, 0xcc31, 0xcc31, 0xcc92, 0x928a, 0x91e9, 0x8988, 0x91e9, 0x9129, 0x91e9, 0x9149, 0x8928, 0x8988, 
	0x91e9, 0x9149, 0x8988, 0x8988, 0x8988, 0x9189, 0x99ea, 0x99ea, 0xa20b, 0x99ea, 0x8928, 0x9149, 0x8928, 0x9149, 0x9149, 0x9149, 
	0x9149, 0x9129, 0x9129, 0x9129, 0x9129, 0x9129, 0x9129, 0x9149, 0x9189, 0x9129, 0x9129, 0x9129, 0x9189, 0x8988, 0x8928, 0x89e8, 
	0xcc92, 0xfed9, 0xf77d, 0x936b, 0x0001, 0x1000, 0x0001, 0x5a66, 0xffff, 0xffff, 0xf77d, 0x3944, 0x0001, 0x0001, 0xbd53, 0xf739, 
	0xf739, 0xf738, 0xff18, 0xff18, 0xf6f7, 0xd5f5, 0xd594, 0xd533, 0xd533, 0xd533, 0xd533, 0xd533, 0xdd54, 0xd533, 0xdd54, 0xdd54, 
	0xd533, 0xdd54, 0xcc92, 0x69c6, 0x51c3, 0x49c4, 0x49c4, 0x49c4, 0x49c4, 0x6308, 0xa5b1, 0x9d70, 0xa550, 0xa550, 0x9591, 0x9570, 
	0x8d70, 0x8d70, 0x8d4f, 0x8550, 0x8550, 0x8550, 0x8550, 0x852f, 0x8571, 0x852f, 0x8571, 0x8571, 0x8550, 0x8571, 0x7530, 0x8571, 
	0x8571, 0x8571, 0x7530, 0x8571, 0x7530, 0x8571, 0x7530, 0x8571, 0x8550, 0x7530, 0x8571, 0x8571, 0x8571, 0x7530, 0x8571, 0x8571, 
	0x7530, 0x8571, 0x7530, 0x8571, 0x7530, 0x8571, 0x7530, 0x8571, 0x7530, 0x8571, 0x8571, 0x7530, 0x8571, 0x8571, 0x8571, 0x8571, 
	0x7530, 0x8571, 0x7d50, 0x8571, 0x7d50, 0x7d50, 0x7d50, 0x7530, 0x7530, 0x7530, 0x7530, 0x6d0f, 0x7530, 0x6d0f, 0x7530, 0x750f, 
	0x7530, 0x8530, 0x5b2b, 0x0001, 0x0001, 0x0001, 0x0001, 0x0001, 0x0001, 0x0001, 0x0001, 0x0001, 0x0001, 0x0001, 0x0001, 0x0004, 
	0x0001, 0x0001, 0x0001, 0x0001, 0x0001, 0x0001, 0x0001, 0x0001, 0x0001, 0x0001, 0x0001, 0x0001, 0x69c6, 0xbd53, 0xd432, 0xd432, 
	0xd432, 0xd432, 0xb36e, 0x99ea, 0x9189, 0x91e9, 0x8988, 0x91e9, 0x8988, 0x91e9, 0x9149, 0x8988, 0x91e9, 0xbbef, 0xccf2, 0xd533, 
	0xff18, 0xf738, 0xf738, 0xf738, 0xf738, 0xf758, 0xf758, 0xf758, 0xf758, 0xf758, 0xeef6, 0xf6f7, 0xf738, 0xf738, 0xef38, 0xf739, 
	0xef38, 0xf738, 0xef38, 0xef38, 0xef38, 0xf738, 0xf738, 0xf738, 0xf737, 0xf738, 0xf737, 0xf737, 0xf737, 0xf6f7, 0xff18, 0xeef6, 
	0xff37, 0xee97, 0xe5d5, 0xcd71, 0xccf2, 0xcc92, 0xc410, 0xab0d, 0x8988, 0x91e9, 0x8988, 0x8988, 0x91e9, 0x9149, 0x91e9, 0x9149, 
	0x9149, 0x8988, 0x8988, 0x8988, 0x9189, 0x8988, 0x9189, 0x99ea, 0xa26c, 0x9189, 0x8928, 0x8928, 0x8988, 0x9149, 0x9149, 0x9149, 
	0x9129, 0x9129, 0x9129, 0x9129, 0x9129, 0x9129, 0x9129, 0x9149, 0x9189, 0x9129, 0x9129, 0x9189, 0x8988, 0x8988, 0x8988, 0xab0d, 
	0xee16, 0xf77d, 0xcc31, 0x0001, 0x0800, 0x0001, 0x41e7, 0xf77d, 0xffff, 0xffff, 0xf77d, 0x5a89, 0x0001, 0x0001, 0x7b69, 0xf77d, 
	0xff18, 0xf739, 0xf738, 0xff18, 0xee97, 0xe5d5, 0xd594, 0xd594, 0xd533, 0xd533, 0xd533, 0xd533, 0xd533, 0xdd54, 0xdd54, 0xdd54, 
	0xd533, 0xdd54, 0xa42e, 0x69c6, 0x49c4, 0x51c3, 0x49c4, 0x49c4, 0x4a24, 0x840b, 0xa550, 0xa550, 0x9d91, 0xa550, 0x9570, 0x9591, 
	0x8d70, 0x8d70, 0x8550, 0x8550, 0x8550, 0x8550, 0x8571, 0x8571, 0x852f, 0x8571, 0x7d50, 0x8571, 0x8571, 0x8550, 0x8571, 0x750f, 
	0x8571, 0x8550, 0x8571, 0x7d50, 0x8571, 0x8571, 0x7d50, 0x8571, 0x8571, 0x7d50, 0x8571, 0x750f, 0x8571, 0x8571, 0x7d50, 0x8571, 
	0x8571, 0x7530, 0x8571, 0x7530, 0x8571, 0x7530, 0x8571, 0x7530, 0x8571, 0x7530, 0x8571, 0x8571, 0x7530, 0x8571, 0x7530, 0x8571, 
	0x8571, 0x7d50, 0x7d50, 0x7d50, 0x7d50, 0x7d50, 0x7530, 0x7530, 0x7530, 0x7530, 0x7530, 0x6d0f, 0x7530, 0x7530, 0x7530, 0x7530, 
	0x7c4e, 0x7530, 0x5b2b, 0x0001, 0x0001, 0x0001, 0x0001, 0x0001, 0x0001, 0x0001, 0x0001, 0x0001, 0x0001, 0x0001, 0x0001, 0x0001, 
	0x0001, 0x0001, 0x0001, 0x0001, 0x0001, 0x0001, 0x0001, 0x0001, 0x0001, 0x0001, 0x0001, 0x0001, 0x41e7, 0xb36e, 0xb36e, 0xb30e, 
	0xb30e, 0xb30e, 0xa26c, 0xa20b, 0x8988, 0x9189, 0x8988, 0x9149, 0x8988, 0x9149, 0x8988, 0x8988, 0x91e9, 0xbbef, 0xccf2, 0xd533, 
	0xff18, 0xf738, 0xf738, 0xf738, 0xf738, 0xe758, 0xf758, 0xe758, 0xf738, 0xf738, 0xd5f4, 0xd5f4, 0xe676, 0xf6f7, 0xef38, 0xef38, 
	0xef38, 0xef38, 0xef38, 0xef38, 0xef38, 0xef38, 0xef38, 0xf738, 0xef37, 0xf737, 0xf737, 0xf737, 0xf737, 0xf737, 0xf737, 0xff18, 
	0xff37, 0xff18, 0xff18, 0xee97, 0xee16, 0xd594, 0xccf2, 0xbbef, 0x8a69, 0x8a69, 0x89e8, 0x91e9, 0x91e9, 0x91e9, 0x8988, 0x91e9, 
	0x8988, 0x9189, 0x8988, 0x8988, 0x8988, 0x9189, 0x99ea, 0x99ea, 0xa26c, 0xa20b, 0x8988, 0x9189, 0x9129, 0x9189, 0x9129, 0x9129, 
	0x9189, 0x9129, 0x9129, 0x9189, 0x9129, 0x9189, 0x9189, 0x9189, 0x9189, 0x9129, 0x9189, 0x9129, 0x9189, 0x99ea, 0x99ea, 0xc390, 
	0xd699, 0xee16, 0x1860, 0x0001, 0x0001, 0x2124, 0xd699, 0xffff, 0xffff, 0xffff, 0xffff, 0xbcd1, 0x0001, 0x0001, 0x41e7, 0xf739, 
	0xf739, 0xf738, 0xf739, 0xff18, 0xee97, 0xe5d5, 0xd594, 0xd533, 0xd533, 0xd533, 0xd533, 0xd533, 0xdd54, 0xd533, 0xdd54, 0xdd54, 
	0xd533, 0xdd54, 0x9c2e, 0x51c3, 0x51e5, 0x49c4, 0x49c4, 0x49c4, 0x49c4, 0x94ae, 0xa550, 0xa550, 0x9d91, 0x9d91, 0x9570, 0x9591, 
	0x8d70, 0x8550, 0x8550, 0x8d4f, 0x8550, 0x8550, 0x7d50, 0x7d50, 0x8571, 0x7d50, 0x7d50, 0x8571, 0x750f, 0x8571, 0x7d50, 0x8571, 
	0x7d50, 0x8571, 0x7d50, 0x8571, 0x7d50, 0x8571, 0x7d50, 0x8571, 0x7d50, 0x8571, 0x7d50, 0x8571, 0x7d50, 0x8571, 0x7d50, 0x8571, 
	0x8550, 0x8571, 0x7530, 0x8571, 0x7530, 0x8571, 0x7530, 0x8571, 0x8571, 0x7530, 0x8571, 0x8571, 0x7d50, 0x8571, 0x8571, 0x7530, 
	0x8571, 0x8571, 0x7d50, 0x8571, 0x7d50, 0x7530, 0x7530, 0x7530, 0x7530, 0x750f, 0x7530, 0x6d0f, 0x7530, 0x6d0f, 0x7530, 0x7530, 
	0x7530, 0x7530, 0x5b2b, 0x0001, 0x0001, 0x0001, 0x0001, 0x0001, 0x0001, 0x0001, 0x0001, 0x0001, 0x0001, 0x0001, 0x0001, 0x0001, 
	0x0001, 0x0001, 0x0001, 0x0001, 0x0001, 0x0001, 0x0001, 0x0001, 0x0001, 0x0001, 0x0001, 0x0800, 0x3944, 0x734c, 0x8988, 0x99ea, 
	0x89e8, 0x99ea, 0x9189, 0x8988, 0x9189, 0x8988, 0x8988, 0x9149, 0x9149, 0x9149, 0x8928, 0x8988, 0x91e9, 0xbbef, 0xdcb3, 0xd594, 
	0xff18, 0xf738, 0xf738, 0xf738, 0xf738, 0xf758, 0xf758, 0xf738, 0xf738, 0xef37, 0xcd71, 0xcd71, 0xd5f4, 0xd5f4, 0xe676, 0xef38, 
	0xef38, 0xef38, 0xef38, 0xef38, 0xef38, 0xef38, 0xef38, 0xef37, 0xf738, 0xf737, 0xf737, 0xf737, 0xf737, 0xf738, 0xff18, 0xff37, 
	0xfed9, 0xff18, 0xff18, 0xff37, 0xfed9, 0xee97, 0xfed9, 0xdd54, 0xccf2, 0xbbef, 0x928a, 0x91e9, 0x8a69, 0x91e9, 0x91e9, 0x91e9, 
	0x9189, 0x89e8, 0x9189, 0x8988, 0x8988, 0x99ea, 0x89e8, 0xa20b, 0xa26c, 0xa20b, 0x9189, 0x9189, 0x9189, 0x9129, 0x9189, 0x9189, 
	0x9129, 0x9189, 0x9189, 0x9189, 0x9189, 0x9129, 0x9189, 0x9129, 0x9189, 0x9189, 0x9129, 0x9189, 0x9189, 0x99ea, 0xab0d, 0xdcb3, 
	0xee97, 0x2124, 0x0001, 0x0800, 0x2080, 0xd699, 0xffff, 0xffff, 0xffff, 0xffff, 0xffff, 0xd699, 0x0001, 0x0001, 0x2124, 0xe676, 
	0xf739, 0xf738, 0xf739, 0xff18, 0xee97, 0xe5d5, 0xd594, 0xd533, 0xd533, 0xd533, 0xd533, 0xd533, 0xd533, 0xdd54, 0xd533, 0xdd54, 
	0xdd54, 0xd533, 0x936b, 0x49c4, 0x49c4, 0x49c4, 0x49c4, 0x49c4, 0x4a24, 0x94ae, 0xa550, 0xa550, 0xa593, 0xa550, 0x9570, 0x9591, 
	0x8d70, 0x8550, 0x8d4f, 0x8550, 0x8550, 0x8550, 0x8550, 0x7d50, 0x7d50, 0x8571, 0x7d50, 0x8571, 0x8571, 0x7d50, 0x8571, 0x8571, 
	0x7d50, 0x8571, 0x7d50, 0x8571, 0x7d50, 0x8571, 0x7d50, 0x8571, 0x7d50, 0x8571, 0x7d50, 0x8571, 0x8550, 0x7d50, 0x8571, 0x8550, 
	0x7530, 0x8571, 0x7530, 0x8571, 0x8571, 0x7530, 0x8571, 0x7530, 0x8571, 0x8571, 0x7530, 0x8571, 0x8571, 0x7530, 0x8571, 0x8571, 
	0x7530, 0x8571, 0x7d50, 0x7d50, 0x7d50, 0x7530, 0x7530, 0x750f, 0x7530, 0x750f, 0x7530, 0x6d0f, 0x7530, 0x7530, 0x6d0f, 0x7530, 
	0x7530, 0x8530, 0x5b2b, 0x0060, 0x0001, 0x0001, 0x0001, 0x0001, 0x0001, 0x0001, 0x0001, 0x0001, 0x0001, 0x0001, 0x0001, 0x0002, 
	0x0001, 0x0001, 0x0001, 0x0001, 0x0001, 0x0001, 0x0001, 0x0001, 0x0001, 0x0001, 0x0001, 0x0800, 0x3944, 0x8928, 0x8988, 0x8988, 
	0x8988, 0x9149, 0x8928, 0x8988, 0x9189, 0x9149, 0x9149, 0x9149, 0x8928, 0x8988, 0x9129, 0x8988, 0x91e9, 0xbbef, 0xdcb3, 0xd594, 
	0xff18, 0xff18, 0xf738, 0xf738, 0xf738, 0xe758, 0xf738, 0xef38, 0xf738, 0xf6f7, 0xcd71, 0xbcf0, 0xcd71, 0xcd71, 0xd594, 0xd5f4, 
	0xe676, 0xf6f7, 0xf737, 0xf738, 0xef38, 0xef38, 0xef37, 0xf738, 0xf738, 0xf737, 0xf737, 0xf737, 0xf737, 0xf737, 0xf737, 0xf737, 
	0xf737, 0xff37, 0xff18, 0xff37, 0xfed9, 0xfed9, 0xfed9, 0xfed9, 0xff18, 0xfed9, 0xe5d5, 0xcc92, 0x928a, 0x8a69, 0x8a69, 0x89e8, 
	0x89e8, 0x89e8, 0x89e8, 0x89e8, 0x89e8, 0x89e8, 0x99ea, 0x99ea, 0x928a, 0xa20b, 0x91e9, 0x9189, 0x9189, 0x9189, 0x9189, 0x9189, 
	0x9189, 0x9189, 0x9189, 0x9189, 0x9189, 0x9189, 0x9189, 0x9189, 0x9189, 0x9189, 0x9189, 0x9189, 0xa26c, 0x99ea, 0xab0d, 0xf77d, 
	0x99ea, 0x0001, 0x1000, 0x1000, 0xbdd7, 0xffff, 0xffff, 0xffff, 0xffff, 0xffff, 0xffff, 0xf77d, 0x3922, 0x0001, 0x0800, 0xbd53, 
	0xf739, 0xf739, 0xf738, 0xff18, 0xeef6, 0xe5d5, 0xd594, 0xd594, 0xd533, 0xd533, 0xd533, 0xd533, 0xdd54, 0xd533, 0xdd54, 0xdd54, 
	0xd533, 0xccf2, 0x69c6, 0x51c3, 0x49c4, 0x49c4, 0x49c4, 0x49c4, 0x62e6, 0xa550, 0xa550, 0xa550, 0x9d91, 0x9d91, 0x9570, 0x9591, 
	0x8d70, 0x8d4f, 0x8d4f, 0x8550, 0x852f, 0x8550, 0x8550, 0x7d50, 0x8571, 0x7d50, 0x7d50, 0x7d50, 0x7d50, 0x8571, 0x7d50, 0x7d50, 
	0x8571, 0x7d50, 0x7d50, 0x7d50, 0x8571, 0x7d50, 0x7d50, 0x7d50, 0x8571, 0x7d50, 0x7d50, 0x7d50, 0x8571, 0x7d50, 0x7d50, 0x8571, 
	0x8550, 0x7530, 0x8571, 0x7530, 0x8571, 0x7530, 0x8571, 0x7530, 0x8571, 0x7530, 0x8571, 0x7530, 0x8571, 0x8571, 0x7530, 0x8571, 
	0x7530, 0x8571, 0x7d50, 0x7d50, 0x7d50, 0x7530, 0x7530, 0x7530, 0x7530, 0x750f, 0x7530, 0x6d0f, 0x7530, 0x6d0f, 0x7530, 0x7530, 
	0x7530, 0x8530, 0x6beb, 0x0060, 0x0001, 0x0001, 0x0001, 0x0001, 0x0001, 0x0001, 0x0001, 0x0001, 0x0001, 0x0001, 0x0001, 0x0001, 
	0x0001, 0x0001, 0x0001, 0x0001, 0x0001, 0x0001, 0x0001, 0x0001, 0x0001, 0x0001, 0x0001, 0x0800, 0x58c3, 0x69c6, 0x9149, 0x9149, 
	0x8928, 0x9149, 0x8988, 0x9189, 0x9129, 0x8988, 0x9149, 0x8928, 0x91e9, 0x9129, 0x8988, 0x9129, 0x91e9, 0xbbef, 0xccf2, 0xd594, 
	0xff18, 0xf738, 0xf738, 0xf738, 0xf738, 0xf758, 0xe758, 0xf738, 0xf738, 0xf6f7, 0xd533, 0xcd71, 0xbcf0, 0xccf2, 0xbcd1, 0xcd71, 
	0xd594, 0xd5f4, 0xeef6, 0xee97, 0xf6f7, 0xf738, 0xf738, 0xf738, 0xf738, 0xf737, 0xf737, 0xf737, 0xf737, 0xf737, 0xf737, 0xf737, 
	0xf737, 0xf737, 0xf737, 0xf738, 0xf738, 0xf738, 0xf738, 0xff18, 0xff18, 0xff18, 0xff18, 0xff37, 0xee97, 0xdd54, 0xc410, 0x936b, 
	0x928a, 0x8a69, 0x89e8, 0x89e8, 0x8a69, 0x99ea, 0x8a69, 0x99ea, 0x928a, 0x99ea, 0x91e9, 0x91e9, 0x9189, 0x9189, 0x9189, 0x9189, 
	0x9189, 0x9149, 0x9189, 0x9149, 0x9189, 0x9149, 0x9189, 0x9189, 0x9189, 0x9149, 0x9189, 0x9189, 0x8988, 0x9189, 0xdcb3, 0xc390, 
	0x0001, 0x0001, 0x0800, 0x8c4e, 0xffff, 0xffff, 0xffff, 0xffff, 0xffff, 0xffff, 0xffff, 0xffff, 0x5a89, 0x0001, 0x0001, 0x8c4e, 
	0xff79, 0xf739, 0xf738, 0xff18, 0xee16, 0xd5f4, 0xd594, 0xd533, 0xd594, 0xd533, 0xd533, 0xd533, 0xd533, 0xdd54, 0xdd54, 0xd533, 
	0xe5d5, 0xbcd1, 0x69c6, 0x3922, 0x51e5, 0x49c4, 0x49c4, 0x49c4, 0x6308, 0xa550, 0xa550, 0xa550, 0xa593, 0x9570, 0x9d91, 0x9591, 
	0x8550, 0x8550, 0x8550, 0x8d4f, 0x8550, 0x8550, 0x8550, 0x7d50, 0x7d50, 0x8571, 0x7d50, 0x8571, 0x7d50, 0x7d50, 0x8571, 0x7d50, 
	0x7d50, 0x8571, 0x7d50, 0x8571, 0x7d50, 0x7d50, 0x8571, 0x7d50, 0x7d50, 0x8571, 0x7d50, 0x8571, 0x7d50, 0x7d50, 0x8571, 0x750f, 
	0x8571, 0x7530, 0x8571, 0x7530, 0x8571, 0x7530, 0x8571, 0x7530, 0x8571, 0x7530, 0x8571, 0x8571, 0x7530, 0x8571, 0x8571, 0x7530, 
	0x8571, 0x7530, 0x8550, 0x7d50, 0x8571, 0x7530, 0x7530, 0x750f, 0x7530, 0x750f, 0x7530, 0x6d0f, 0x7530, 0x7530, 0x7530, 0x7530, 
	0x7530, 0x8530, 0x6c4e, 0x0001, 0x0001, 0x0001, 0x0001, 0x0001, 0x0001, 0x0001, 0x0001, 0x0001, 0x0001, 0x0001, 0x0001, 0x0002, 
	0x0001, 0x0001, 0x0001, 0x0001, 0x0001, 0x0001, 0x0001, 0x0001, 0x0001, 0x0001, 0x0001, 0x0800, 0x3944, 0x8928, 0x8928, 0x9129, 
	0x9129, 0x8988, 0x9189, 0x9149, 0x91e9, 0x9149, 0x9149, 0x9149, 0x9149, 0x9129, 0x8988, 0x8988, 0x91e9, 0xbbef, 0xdcb3, 0xe5d5, 
	0xff18, 0xf738, 0xf738, 0xf738, 0xf738, 0xf758, 0xf738, 0xf738, 0xf738, 0xf6f7, 0xcd71, 0xbcf0, 0xbcd1, 0xccf2, 0xbcf0, 0xbcf0, 
	0xccf2, 0xd533, 0xd533, 0xe5d5, 0xeef6, 0xf6f7, 0xf738, 0xf738, 0xff18, 0xf737, 0xf737, 0xf738, 0xf737, 0xf738, 0xf737, 0xf737, 
	0xf737, 0xf737, 0xf737, 0xf737, 0xf738, 0xf738, 0xf738, 0xf738, 0xf738, 0xff18, 0xf739, 0xfed9, 0xfed9, 0xfed9, 0xf739, 0xfed9, 
	0xdd54, 0xcc31, 0xab0d, 0x928a, 0x8a69, 0x8a69, 0x8a69, 0x8a69, 0x8a69, 0x99ea, 0x8a69, 0x8988, 0x8988, 0x8988, 0x8988, 0x8988, 
	0x8988, 0x91e9, 0x8988, 0x8988, 0x91e9, 0x9149, 0x8988, 0x8988, 0x91e9, 0x8988, 0x8988, 0x8988, 0x89e8, 0xab0d, 0xd432, 0x3060, 
	0x0001, 0x0800, 0x5a89, 0xffff, 0xffff, 0xffff, 0xffff, 0xffff, 0xffff, 0xffff, 0xffff, 0xffff, 0x8c4e, 0x0800, 0x0800, 0x5a89, 
	0xf739, 0xf739, 0xf738, 0xf6f7, 0xd5f5, 0xd5f4, 0xd594, 0xd594, 0xd533, 0xd533, 0xd533, 0xd533, 0xdd54, 0xdd54, 0xd533, 0xdd54, 
	0xdd54, 0xa42e, 0x51c3, 0x49c4, 0x49c4, 0x49c4, 0x49c4, 0x49c4, 0x840b, 0xa550, 0xa593, 0x9d91, 0xa550, 0x9d91, 0x9591, 0x8d70, 
	0x8d70, 0x8d4f, 0x8d4f, 0x852f, 0x8550, 0x8550, 0x7d50, 0x8530, 0x8571, 0x7d50, 0x8550, 0x7d50, 0x8550, 0x7d50, 0x7d50, 0x8571, 
	0x7d50, 0x7d50, 0x8550, 0x7d50, 0x8550, 0x7d50, 0x7d50, 0x8571, 0x7d50, 0x7d50, 0x8550, 0x7d50, 0x8550, 0x7d50, 0x7d50, 0x8571, 
	0x7530, 0x8571, 0x7530, 0x8571, 0x7530, 0x8571, 0x7530, 0x8571, 0x7530, 0x8571, 0x7530, 0x8571, 0x8571, 0x7530, 0x8571, 0x8571, 
	0x8571, 0x8571, 0x7530, 0x8571, 0x7530, 0x8550, 0x750f, 0x7530, 0x7530, 0x750f, 0x7530, 0x6d0f, 0x6d0f, 0x7530, 0x7530, 0x6d0f, 
	0x750f, 0x8530, 0x6beb, 0x0001, 0x0001, 0x0001, 0x0001, 0x0001, 0x0001, 0x0001, 0x0001, 0x0001, 0x0001, 0x0001, 0x0001, 0x0001, 
	0x0001, 0x0001, 0x0001, 0x0001, 0x0001, 0x0001, 0x0001, 0x0001, 0x0001, 0x0001, 0x0001, 0x1000, 0x58c3, 0x8988, 0x8988, 0x9149, 
	0x9149, 0x9149, 0x9149, 0x9149, 0x9149, 0x9149, 0x9149, 0x91e9, 0x9149, 0x91e9, 0x9189, 0x9129, 0x91e9, 0xbbef, 0xccf2, 0xe5d5, 
	0xff18, 0xf738, 0xf738, 0xf738, 0xf738, 0xe758, 0xf738, 0xf738, 0xf738, 0xeef6, 0xccf2, 0xbcf0, 0xccf2, 0xc50d, 0xccf2, 0xccf2, 
	0xccf2, 0xccf2, 0xcd71, 0xcd71, 0xe5d5, 0xe676, 0xeef6, 0xf6f7, 0xff18, 0xff37, 0xff18, 0xf737, 0xff18, 0xf737, 0xf737, 0xf737, 
	0xf737, 0xf737, 0xf737, 0xef37, 0xef37, 0xef38, 0xef38, 0xef38, 0xef38, 0xf738, 0xf738, 0xf738, 0xf6f7, 0xfed9, 0xfed9, 0xfed9, 
	0xf739, 0xee97, 0xee97, 0xdd54, 0xccf2, 0xbbef, 0x936b, 0xab0d, 0x936b, 0xab0d, 0xab0d, 0x928a, 0x928a, 0x928a, 0xa26c, 0x928a, 
	0xa26c, 0x928a, 0xa26c, 0xa26c, 0x928a, 0x928a, 0xa26c, 0x928a, 0xa26c, 0x928a, 0x928a, 0xa26c, 0xa26c, 0xc410, 0x69c6, 0x2020, 
	0x1000, 0x2124, 0xf77d, 0xffff, 0xffff, 0xffff, 0xffff, 0xffff, 0xffff, 0xffff, 0xffff, 0xffff, 0xbdd7, 0x0800, 0x0800, 0x3944, 
	0xef38, 0xf739, 0xf738, 0xf6f7, 0xd5f4, 0xd594, 0xd594, 0xd533, 0xd533, 0xd533, 0xdd54, 0xdd54, 0xdd54, 0xdd54, 0xdd54, 0xdd54, 
	0xd533, 0x936b, 0x51e5, 0x51c3, 0x51e5, 0x49c4, 0x49c4, 0x49c4, 0x6c4e, 0xadb1, 0x9d91, 0x9d91, 0x9d91, 0x9d91, 0x9591, 0x8d71, 
	0x8d70, 0x8d4f, 0x852f, 0x852f, 0x852f, 0x8550, 0x852f, 0x8530, 0x8550, 0x7d50, 0x8550, 0x7d50, 0x8550, 0x7d50, 0x8550, 0x7d50, 
	0x8550, 0x8550, 0x8571, 0x7d50, 0x8550, 0x8571, 0x8550, 0x7d50, 0x8550, 0x8571, 0x8550, 0x8550, 0x8571, 0x7d50, 0x8550, 0x8550, 
	0x8571, 0x7530, 0x8550, 0x7530, 0x8571, 0x7530, 0x8550, 0x8571, 0x8571, 0x8550, 0x8571, 0x8571, 0x8571, 0x8571, 0x8571, 0x7530, 
	0x8571, 0x8571, 0x8571, 0x7530, 0x8571, 0x750f, 0x8550, 0x750f, 0x7530, 0x750f, 0x750f, 0x7530, 0x6d0f, 0x6d0f, 0x7530, 0x7530, 
	0x750f, 0x8530, 0x6c4e, 0x0060, 0x0001, 0x0001, 0x0001, 0x0001, 0x0001, 0x0001, 0x0001, 0x0001, 0x0001, 0x0001, 0x0001, 0x0001, 
	0x0001, 0x0001, 0x0001, 0x0001, 0x0001, 0x0001, 0x0001, 0x0001, 0x0001, 0x0001, 0x0001, 0x0800, 0x58c3, 0x69c6, 0x9129, 0x9149, 
	0x9149, 0x9149, 0x8988, 0x9149, 0x91e9, 0x9149, 0x9149, 0x9149, 0x9149, 0x9129, 0x8988, 0x8988, 0x91e9, 0xbbef, 0xd533, 0xee16, 
	0xff18, 0xf738, 0xf738, 0xf738, 0xf738, 0xf758, 0xf738, 0xf738, 0xf738, 0xee97, 0xcd71, 0xbcf0, 0xccf2, 0xccf2, 0xbcf0, 0xccf2, 
	0xc50d, 0xccf2, 0xccf2, 0xccf2, 0xcd71, 0xccf2, 0xd594, 0xd5f4, 0xe676, 0xee97, 0xff37, 0xff37, 0xf6f7, 0xf738, 0xf737, 0xf737, 
	0xf737, 0xef37, 0xef37, 0xef37, 0xef37, 0xef37, 0xef37, 0xef37, 0xef38, 0xf738, 0xf738, 0xf738, 0xf6f7, 0xf6f7, 0xfed9, 0xfed9, 
	0xfed9, 0xfed9, 0xfed9, 0xfed9, 0xee97, 0xfed9, 0xee97, 0xee97, 0xe5d5, 0xd533, 0xccf2, 0xcc92, 0xcc92, 0xcc92, 0xcc92, 0xd432, 
	0xcc92, 0xd432, 0xcc92, 0xd432, 0xcc92, 0xd432, 0xcc92, 0xd432, 0xd432, 0xd432, 0xd432, 0xbcd1, 0xd533, 0xb36e, 0x1000, 0x0800, 
	0x1000, 0xa593, 0xffff, 0xffff, 0xffff, 0xffff, 0xffff, 0xffff, 0xffff, 0xffff, 0xffff, 0xffff, 0xd699, 0x2102, 0x0001, 0x1860, 
	0xee97, 0xf739, 0xf739, 0xf6f7, 0xd5f4, 0xd594, 0xd594, 0xd594, 0xd533, 0xd594, 0xd533, 0xdd54, 0xdd54, 0xd533, 0xdd54, 0xdd54, 
	0xbcd1, 0x72a9, 0x51e5, 0x51e5, 0x49c4, 0x49c4, 0x3922, 0x4a24, 0xa550, 0xa5b1, 0xa550, 0x9d91, 0xa550, 0x9591, 0x9591, 0x9570, 
	0x8d70, 0x8d4f, 0x8d4f, 0x8550, 0x852f, 0x8550, 0x852f, 0x8550, 0x7d50, 0x8550, 0x7d50, 0x8550, 0x7d50, 0x8550, 0x8550, 0x8550, 
	0x8550, 0x8550, 0x7d50, 0x8550, 0x8550, 0x8550, 0x8550, 0x8550, 0x8550, 0x852f, 0x8571, 0x8550, 0x7d50, 0x8550, 0x8550, 0x8550, 
	0x8550, 0x8550, 0x8550, 0x8550, 0x7530, 0x8550, 0x8550, 0x8550, 0x8550, 0x8571, 0x7530, 0x8571, 0x8550, 0x8550, 0x8571, 0x8571, 
	0x8550, 0x8571, 0x8550, 0x8550, 0x8550, 0x7530, 0x7530, 0x750f, 0x7530, 0x750f, 0x750f, 0x6d0f, 0x6d0f, 0x6d0f, 0x7530, 0x7530, 
	0x7530, 0x7d50, 0x6beb, 0x0060, 0x0001, 0x0001, 0x0001, 0x0001, 0x0001, 0x0001, 0x0001, 0x0001, 0x0001, 0x0001, 0x0001, 0x0001, 
	0x0001, 0x0001, 0x0001, 0x0001, 0x0001, 0x0001, 0x0001, 0x0001, 0x0001, 0x0001, 0x0001, 0x0800, 0x3944, 0x8988, 0x8988, 0x9149, 
	0x8928, 0x8988, 0x9149, 0x91e9, 0x9149, 0x91e9, 0x9149, 0x91e9, 0x9149, 0x91e9, 0x9129, 0x91e9, 0x89e8, 0xbbef, 0xccf2, 0xee16, 
	0xff18, 0xf738, 0xf738, 0xf738, 0xf738, 0xf738, 0xf738, 0xf738, 0xf738, 0xeef6, 0xbcd1, 0xbcf0, 0xccf2, 0xc50d, 0xccf2, 0xccf2, 
	0xbcd1, 0xccf2, 0xc50d, 0xccf2, 0xccf2, 0xcd71, 0xccf2, 0xccf2, 0xcd71, 0xe5d5, 0xe676, 0xee97, 0xf6f7, 0xf737, 0xef37, 0xef37, 
	0xef37, 0xef37, 0xef37, 0xef37, 0xef37, 0xef37, 0xef37, 0xf738, 0xf738, 0xf738, 0xf738, 0xf738, 0xf738, 0xf737, 0xf6f7, 0xef38, 
	0xf6f7, 0xf739, 0xf738, 0xf6f7, 0xf6f7, 0xf6f7, 0xfed9, 0xf6f7, 0xee97, 0xfed9, 0xee16, 0xee16, 0xe5d5, 0xd594, 0xd533, 0xd533, 
	0xccf2, 0xccf2, 0xccf2, 0xccf2, 0xccf2, 0xccf2, 0xccf2, 0xccf2, 0xcc31, 0xbcf0, 0xcc92, 0xbcd1, 0xd533, 0x6308, 0x0001, 0x0800, 
	0x5a89, 0xffff, 0xffff, 0xffff, 0xffff, 0xffff, 0xffff, 0xffff, 0xffff, 0xffff, 0xffff, 0xffff, 0xf77d, 0x2124, 0x0001, 0x0001, 
	0xadb1, 0xf739, 0xef38, 0xd5f5, 0xd5f4, 0xd594, 0xd594, 0xd533, 0xd594, 0xd533, 0xdd54, 0xdd54, 0xd533, 0xdd54, 0xdd54, 0xdd54, 
	0xbcf0, 0x69c6, 0x49c4, 0x49c4, 0x49c4, 0x49c4, 0x4a24, 0x6308, 0xa5b1, 0xa5b1, 0xa550, 0x9591, 0x9591, 0x9d91, 0x9591, 0x9591, 
	0x8d70, 0x8550, 0x852f, 0x8d4f, 0x8550, 0x8550, 0x852f, 0x8550, 0x852f, 0x8550, 0x852f, 0x8550, 0x7d50, 0x8550, 0x8550, 0x8550, 
	0x8550, 0x8550, 0x8550, 0x8550, 0x8550, 0x8550, 0x8550, 0x8550, 0x8550, 0x8550, 0x7d50, 0x8550, 0x8550, 0x8550, 0x8550, 0x8550, 
	0x8550, 0x7530, 0x8550, 0x7530, 0x8550, 0x8550, 0x7530, 0x8550, 0x7530, 0x8550, 0x8550, 0x8550, 0x8571, 0x7530, 0x8550, 0x8571, 
	0x8550, 0x7530, 0x8571, 0x8550, 0x7530, 0x8550, 0x7530, 0x750f, 0x7530, 0x750f, 0x750f, 0x6d0f, 0x7d2f, 0x6d0f, 0x6d0f, 0x7530, 
	0x6d0f, 0x7530, 0x6c4e, 0x0060, 0x0001, 0x0001, 0x0001, 0x0001, 0x0001, 0x0001, 0x0001, 0x0001, 0x0001, 0x0001, 0x0001, 0x0001, 
	0x0001, 0x0001, 0x0001, 0x0001, 0x0001, 0x0001, 0x0001, 0x0001, 0x0001, 0x0001, 0x0001, 0x1000, 0x58c3, 0x69c6, 0x8988, 0x8988, 
	0x8988, 0x8988, 0x8988, 0x91e9, 0x9149, 0x91e9, 0x8988, 0x91e9, 0x9149, 0x8988, 0x91e9, 0x89e8, 0x89e8, 0xbcf0, 0xcc92, 0xe676, 
	0xfed9, 0xf738, 0xf738, 0xf738, 0xf738, 0xf738, 0xf738, 0xf738, 0xf6f7, 0xe676, 0xbcf0, 0xccf2, 0xbcf0, 0xccf2, 0xbcd1, 0xccf2, 
	0xc50d, 0xccf2, 0xccf2, 0xccf2, 0xcd71, 0xccf2, 0xccf2, 0xccf2, 0xcd71, 0xcd71, 0xcd71, 0xe5d5, 0xe676, 0xeef6, 0xf6f7, 0xf737, 
	0xf737, 0xef37, 0xef37, 0xef37, 0xef37, 0xf737, 0xf737, 0xf738, 0xf738, 0xf737, 0xf738, 0xf738, 0xf738, 0xf738, 0xf738, 0xf6f7, 
	0xf738, 0xf6f7, 0xf738, 0xf738, 0xf739, 0xf6f7, 0xfed9, 0xf738, 0xf6f7, 0xfed9, 0xfed9, 0xfed9, 0xfed9, 0xee97, 0xee97, 0xee16, 
	0xee16, 0xe5d5, 0xd594, 0xe5d5, 0xdd54, 0xd533, 0xd533, 0xd533, 0xcd71, 0xccf2, 0xcd71, 0xccf2, 0xd5f5, 0x3060, 0x0001, 0x1860, 
	0xbdd7, 0xffff, 0xffff, 0xffff, 0xffff, 0xffff, 0xffff, 0xffff, 0xffff, 0xffff, 0xffff, 0xffff, 0xffff, 0x41e7, 0x0001, 0x0001, 
	0x8c4e, 0xf739, 0xef38, 0xd5f5, 0xd594, 0xd594, 0xd594, 0xd594, 0xd594, 0xd594, 0xd594, 0xd594, 0xdd54, 0xdd54, 0xd533, 0xdd54, 
	0x9c2e, 0x51c3, 0x49c4, 0x49c4, 0x3922, 0x4a24, 0x4a24, 0x7349, 0xa5b1, 0xa550, 0x9d91, 0x9d91, 0x9d91, 0x9d91, 0x9591, 0x9591, 
	0x8d70, 0x8d70, 0x8550, 0x8550, 0x852f, 0x8550, 0x852f, 0x8550, 0x852f, 0x8550, 0x7d50, 0x8550, 0x7d2f, 0x8550, 0x7d2f, 0x8550, 
	0x8550, 0x8550, 0x8550, 0x8550, 0x8550, 0x8550, 0x8550, 0x8550, 0x8550, 0x8550, 0x8550, 0x8550, 0x8550, 0x8550, 0x8550, 0x8550, 
	0x8550, 0x8550, 0x8550, 0x8550, 0x7530, 0x8550, 0x8550, 0x8550, 0x8550, 0x8550, 0x8550, 0x8550, 0x8550, 0x8550, 0x8550, 0x8550, 
	0x8550, 0x8550, 0x8550, 0x8550, 0x8550, 0x7d2f, 0x7530, 0x750f, 0x7d2f, 0x7d2f, 0x6d0f, 0x750f, 0x6d0f, 0x6d0f, 0x7d2f, 0x6d0f, 
	0x7530, 0x7530, 0x6beb, 0x0060, 0x0001, 0x0001, 0x0001, 0x0001, 0x0001, 0x0001, 0x0001, 0x0001, 0x0001, 0x0001, 0x0001, 0x0001, 
	0x0001, 0x0800, 0x0001, 0x0001, 0x0001, 0x0001, 0x0001, 0x0001, 0x0001, 0x0001, 0x0001, 0x0800, 0x3944, 0x8928, 0x89e8, 0x8988, 
	0x8988, 0x8988, 0x8988, 0x8988, 0x89e8, 0x8988, 0x8988, 0x8988, 0x8988, 0x91e9, 0x8988, 0x89e8, 0x89e8, 0xbbef, 0xccf2, 0xee16, 
	0xff18, 0xf738, 0xf738, 0xf738, 0xf738, 0xf738, 0xf738, 0xf738, 0xff18, 0xeef6, 0xbcd1, 0xbcf0, 0xccf2, 0xccf2, 0xc50d, 0xccf2, 
	0xcc92, 0xbcf0, 0xccf2, 0xccf2, 0xccf2, 0xccf2, 0xcd71, 0xccf2, 0xccf2, 0xccf2, 0xcd71, 0xcd71, 0xd594, 0xe5d5, 0xe676, 0xeef6, 
	0xf6f7, 0xf6f7, 0xf737, 0xf737, 0xf737, 0xf737, 0xf737, 0xf738, 0xf738, 0xf737, 0xf738, 0xf738, 0xf738, 0xf738, 0xf738, 0xf738, 
	0xef38, 0xf6f7, 0xf739, 0xf6f7, 0xe758, 0xf738, 0xe758, 0xf738, 0xfed9, 0xf6f7, 0xf738, 0xfed9, 0xf6f7, 0xfed9, 0xf6f7, 0xf6f7, 
	0xee97, 0xe676, 0xee16, 0xee16, 0xe5d5, 0xe5d5, 0xe5d5, 0xcd71, 0xe5d5, 0xcd71, 0xd594, 0xd533, 0xb5b1, 0x2080, 0x0001, 0x1860, 
	0xf739, 0xffff, 0xffff, 0xffff, 0xffff, 0xffff, 0xffff, 0xffff, 0xffff, 0xffff, 0xffff, 0xffff, 0xffff, 0x5a89, 0x0001, 0x0001, 
	0x8c4e, 0xff79, 0xd699, 0xde75, 0xd594, 0xd594, 0xd594, 0xd594, 0xd594, 0xd594, 0xd594, 0xd594, 0xdd54, 0xd594, 0xdd54, 0xd533, 
	0x72a9, 0x51e5, 0x51c3, 0x51c3, 0x49c4, 0x4a24, 0x4a24, 0x840b, 0xa550, 0x9d70, 0x9d70, 0x9d70, 0x9d91, 0x9d91, 0x9d91, 0x9591, 
	0x8d70, 0x8d70, 0x8550, 0x8550, 0x8550, 0x852f, 0x852f, 0x852f, 0x8550, 0x7d2f, 0x852f, 0x8550, 0x7d2f, 0x8550, 0x8550, 0x852f, 
	0x852f, 0x8550, 0x852f, 0x8550, 0x852f, 0x8550, 0x852f, 0x8550, 0x852f, 0x8550, 0x852f, 0x8550, 0x852f, 0x8550, 0x852f, 0x8550, 
	0x7d2f, 0x8550, 0x7d2f, 0x8550, 0x7d2f, 0x8550, 0x7d2f, 0x8550, 0x8550, 0x8550, 0x7530, 0x8550, 0x8550, 0x8550, 0x8550, 0x8550, 
	0x8550, 0x8550, 0x8550, 0x7d50, 0x7530, 0x7d2f, 0x7d2f, 0x7d2f, 0x7d2f, 0x6d0f, 0x7d2f, 0x6d0f, 0x6d0f, 0x6d0f, 0x6d0f, 0x6d0f, 
	0x6d0f, 0x7530, 0x6beb, 0x0060, 0x0001, 0x0001, 0x0001, 0x0001, 0x0001, 0x0001, 0x0001, 0x0001, 0x0001, 0x0001, 0x0001, 0x0001, 
	0x0001, 0x0800, 0x0001, 0x0800, 0x0001, 0x0001, 0x0001, 0x0001, 0x0001, 0x0001, 0x0001, 0x0800, 0x51e5, 0x936b, 0xab0d, 0xb36e, 
	0xab0d, 0xb36e, 0xb36e, 0xb36e, 0xb36e, 0xb36e, 0xb36e, 0xb36e, 0xb36e, 0xb36e, 0xab0d, 0xab0d, 0x9c2b, 0xc410, 0xe5d5, 0xe676, 
	0xf6f7, 0xff18, 0xf738, 0xf738, 0xf738, 0xf738, 0xf738, 0xf738, 0xf6f7, 0xe676, 0xcd71, 0xbcf0, 0xccf2, 0xbcf0, 0xccf2, 0xccf2, 
	0xccf2, 0xccf2, 0xbcf0, 0xccf2, 0xcd71, 0xccf2, 0xbcf0, 0xccf2, 0xcd71, 0xccf2, 0xccf2, 0xcd71, 0xcd71, 0xd533, 0xd5f4, 0xd5f4, 
	0xd5f4, 0xde75, 0xde75, 0xde75, 0xeef6, 0xf737, 0xf758, 0xf738, 0xf738, 0xf737, 0xf6f7, 0xf738, 0xf738, 0xf738, 0xf738, 0xf738, 
	0xf738, 0xef38, 0xef38, 0xef38, 0xf6f7, 0xef38, 0xf6f7, 0xf6f7, 0xef38, 0xf739, 0xf6f7, 0xef38, 0xfed9, 0xef38, 0xf739, 0xf6f7, 
	0xfed9, 0xfed9, 0xfed9, 0xfed9, 0xfed9, 0xff37, 0xfed9, 0xff37, 0xee97, 0xe5d5, 0xde75, 0xeef6, 0xd594, 0x0001, 0x0001, 0x1860, 
	0xf77d, 0xffff, 0xffff, 0xffff, 0xffff, 0xffff, 0xffff, 0xffff, 0xffff, 0xffff, 0xffff, 0xffff, 0xffff, 0x5b2b, 0x0001, 0x0001, 
	0x8c4e, 0xf739, 0xf6f7, 0xd5f4, 0xd5f4, 0xd594, 0xd594, 0xd594, 0xd594, 0xd594, 0xd594, 0xd594, 0xd594, 0xd533, 0xe5d5, 0xa42e, 
	0x51e5, 0x51e5, 0x51e5, 0x51e5, 0x4a24, 0x49c4, 0x5a66, 0x94ae, 0xadb1, 0xadb1, 0x9d70, 0x9d70, 0x9d70, 0x9d70, 0x9d70, 0x9d91, 
	0x9570, 0x9591, 0x9570, 0x9570, 0x8d70, 0x8d70, 0x8d70, 0x8d70, 0x8d70, 0x8d70, 0x852f, 0x852f, 0x852f, 0x852f, 0x852f, 0x852f, 
	0x852f, 0x852f, 0x8550, 0x852f, 0x8550, 0x852f, 0x8550, 0x852f, 0x8550, 0x852f, 0x8550, 0x852f, 0x8550, 0x852f, 0x8550, 0x852f, 
	0x8550, 0x8550, 0x8550, 0x8550, 0x8550, 0x8550, 0x8550, 0x8550, 0x8550, 0x8550, 0x8550, 0x8550, 0x8d71, 0x8550, 0x8d71, 0x8550, 
	0x8d71, 0x8d71, 0x8d71, 0x8550, 0x8550, 0x8d71, 0x8550, 0x8550, 0x8550, 0x8550, 0x852f, 0x852f, 0x852f, 0x7d2f, 0x7d2f, 0x7d2f, 
	0x7d50, 0x7d50, 0x6c4e, 0x0060, 0x0001, 0x0001, 0x0001, 0x0001, 0x0001, 0x0001, 0x0001, 0x0001, 0x0001, 0x0001, 0x0001, 0x0001, 
	0x0001, 0x0800, 0x0001, 0x0001, 0x0001, 0x0001, 0x0001, 0x0001, 0x0001, 0x0001, 0x0001, 0x0800, 0x41e7, 0xdcb3, 0xdd54, 0xe5d5, 
	0xee16, 0xee97, 0xee16, 0xee97, 0xee16, 0xee16, 0xee97, 0xee16, 0xee16, 0xee97, 0xee97, 0xee16, 0xee16, 0xeef6, 0xfed9, 0xf6f7, 
	0xff18, 0xf738, 0xf738, 0xf738, 0xf738, 0xf738, 0xf738, 0xf738, 0xf738, 0xf6f7, 0xe676, 0xe5d5, 0xee93, 0xee16, 0xe5d5, 0xe676, 
	0xe5d5, 0xe676, 0xe5d5, 0xe5d5, 0xe5d5, 0xd5f4, 0xe5d5, 0xcdf1, 0xd594, 0xcdf1, 0xd594, 0xe631, 0xe5d5, 0xd5f4, 0xd5f4, 0xd5f4, 
	0xd5f4, 0xd5f4, 0xd5f4, 0xd5f4, 0xde75, 0xe676, 0xeef6, 0xf738, 0xff79, 0xf737, 0xf738, 0xf739, 0xf738, 0xf738, 0xf738, 0xf738, 
	0xf737, 0xf6f7, 0xf737, 0xf737, 0xf737, 0xf6f7, 0xef38, 0xef38, 0xef38, 0xf6f7, 0xef38, 0xef38, 0xef38, 0xef38, 0xef38, 0xf738, 
	0xf738, 0xf738, 0xf738, 0xf738, 0xf738, 0xfed9, 0xf737, 0xff37, 0xff79, 0xeef6, 0xeef6, 0xf739, 0xd5f4, 0x0060, 0x0001, 0x0060, 
	0xd699, 0xffff, 0xffff, 0xffff, 0xffff, 0xffff, 0xffff, 0xffff, 0xffff, 0xffff, 0xffff, 0xffff, 0xffff, 0x5a89, 0x0001, 0x0001, 
	0x8c4e, 0xf739, 0xde75, 0xde75, 0xd5f5, 0xe676, 0xee16, 0xe5d5, 0xe676, 0xe5d5, 0xe676, 0xd5f5, 0xe5d5, 0xe676, 0xe5d5, 0xbcf0, 
	0x72a9, 0x72a9, 0x7349, 0x72a9, 0x6308, 0x6308, 0x7349, 0xadb1, 0xb5b1, 0xa550, 0xb5b1, 0xadb1, 0xadb1, 0xadb1, 0xadb1, 0xa5b1, 
	0xa5b1, 0xa5b1, 0x9d91, 0x9d91, 0x9d91, 0x9d91, 0x9d91, 0x9570, 0x9570, 0x9570, 0x9570, 0x9570, 0x9570, 0x9570, 0x9570, 0x9570, 
	0x9570, 0x9570, 0x9570, 0x9570, 0x9570, 0x9570, 0x9570, 0x9570, 0x9570, 0x9570, 0x9570, 0x9570, 0x9570, 0x9570, 0x9570, 0x9570, 
	0x9570, 0x9570, 0x8d70, 0x8d70, 0x8d70, 0x8d70, 0x8d70, 0x9570, 0x9570, 0x9570, 0x9570, 0x8d71, 0x8d71, 0x9591, 0x8d71, 0x9591, 
	0x9d91, 0x9591, 0x9d91, 0x9d91, 0x9591, 0x9591, 0x8d71, 0x9d91, 0x8d71, 0x9591, 0x9591, 0x8d71, 0x9591, 0x9591, 0x9591, 0x9591, 
	0x9591, 0x9591, 0x6c4e, 0x0001, 0x0001, 0x0001, 0x0001, 0x0001, 0x0001, 0x0001, 0x0001, 0x0001, 0x0001, 0x0001, 0x0001, 0x0001, 
	0x0001, 0x0001, 0x0001, 0x0800, 0x0001, 0x0001, 0x0001, 0x0001, 0x0001, 0x0001, 0x0001, 0x0800, 0x5a89, 0xfed9, 0xf77d, 0xfed9, 
	0xf77d, 0xfed9, 0xfed9, 0xfed9, 0xfed9, 0xfed9, 0xfed9, 0xfed9, 0xf739, 0xfed9, 0xfed9, 0xfed9, 0xff18, 0xff18, 0xff18, 0xf739, 
	0xff18, 0xf738, 0xf738, 0xf738, 0xf738, 0xf738, 0xf738, 0xf738, 0xf738, 0xf738, 0xff18, 0xff18, 0xfed9, 0xfed9, 0xff18, 0xfed9, 
	0xff18, 0xfed9, 0xff18, 0xff18, 0xfed9, 0xff37, 0xee97, 0xff37, 0xee97, 0xff37, 0xee97, 0xee97, 0xff37, 0xee97, 0xff37, 0xee97, 
	0xe676, 0xde75, 0xde75, 0xee93, 0xde75, 0xde75, 0xd5f4, 0xde75, 0xeef6, 0xf6f7, 0xef37, 0xf738, 0xf738, 0xf738, 0xf738, 0xf737, 
	0xf737, 0xf737, 0xf737, 0xf6f7, 0xef37, 0xef37, 0xef37, 0xef38, 0xef38, 0xef38, 0xef38, 0xe758, 0xef37, 0xef38, 0xef38, 0xef38, 
	0xf6f7, 0xf738, 0xf6f7, 0xf6f7, 0xf6f7, 0xf737, 0xf6f7, 0xf6f7, 0xff79, 0xff79, 0xff37, 0xff79, 0xeef6, 0x29c4, 0x0001, 0x0001, 
	0xa593, 0xffff, 0xffff, 0xffff, 0xffff, 0xffff, 0xffff, 0xffff, 0xffff, 0xffff, 0xffff, 0xffff, 0xf77d, 0x31a7, 0x0001, 0x0060, 
	0xa550, 0xf739, 0xf739, 0xf739, 0xfed9, 0xfed9, 0xfed9, 0xfed9, 0xfed9, 0xf738, 0xf6f7, 0xff18, 0xf738, 0xff18, 0xff18, 0xe676, 
	0xee16, 0xde75, 0xd5f5, 0xde75, 0xde75, 0xde75, 0xc675, 0xef37, 0xef37, 0xef37, 0xef37, 0xe758, 0xe758, 0xe758, 0xe758, 0xe758, 
	0xc675, 0xe758, 0xc675, 0xd699, 0xc675, 0xc675, 0xc675, 0xc675, 0xd699, 0xc675, 0xc675, 0xc675, 0xc675, 0xc675, 0xc675, 0xc675, 
	0xc675, 0xc675, 0xc675, 0xc675, 0xc675, 0xc675, 0xc675, 0xc675, 0xc675, 0xc675, 0xc675, 0xc675, 0xc675, 0xc675, 0xc675, 0xc675, 
	0xc675, 0xc675, 0xc675, 0xc675, 0xc675, 0xc675, 0xc675, 0xc675, 0xc675, 0xc675, 0xc675, 0xc675, 0xc675, 0xc675, 0xc675, 0xc675, 
	0xe758, 0xc675, 0xc675, 0xe758, 0xc675, 0xc675, 0xc675, 0xe758, 0xc675, 0xc675, 0xe758, 0xc675, 0xe758, 0xc675, 0xe758, 0xe758, 
	0xc675, 0xd699, 0x6c4e, 0x0001, 0x0001, 0x0001, 0x0001, 0x0001, 0x0001, 0x0001, 0x0001, 0x0001, 0x0001, 0x0001, 0x0001, 0x0001, 
	0x0001, 0x0001, 0x0001, 0x0001, 0x0001, 0x0001, 0x0001, 0x0001, 0x0001, 0x0001, 0x0001, 0x0800, 0x41e7, 0xf77d, 0xf739, 0xfed9, 
	0xfed9, 0xfed9, 0xfed9, 0xfed9, 0xfed9, 0xfed9, 0xf739, 0xfed9, 0xfed9, 0xfed9, 0xfed9, 0xf739, 0xfed9, 0xf6f7, 0xfed9, 0xf737, 
	0xf738, 0xf738, 0xf738, 0xef38, 0xf738, 0xf738, 0xf738, 0xf738, 0xf738, 0xf738, 0xff18, 0xff18, 0xff18, 0xfed9, 0xff18, 0xfed9, 
	0xff18, 0xff18, 0xff18, 0xff18, 0xff18, 0xfed9, 0xff18, 0xfed9, 0xff18, 0xfed9, 0xff18, 0xff18, 0xff18, 0xff18, 0xfed9, 0xff18, 
	0xff79, 0xff79, 0xff37, 0xf737, 0xeef6, 0xeef6, 0xde75, 0xde75, 0xe676, 0xd5f4, 0xde75, 0xeef6, 0xe676, 0xef37, 0xf6f7, 0xf6f7, 
	0xef37, 0xf6f7, 0xef37, 0xf6f7, 0xef37, 0xf6f7, 0xf738, 0xef38, 0xef38, 0xe758, 0xef37, 0xef37, 0xe758, 0xef37, 0xe758, 0xef38, 
	0xef38, 0xf6f7, 0xf738, 0xf6f7, 0xf738, 0xf6f7, 0xf737, 0xf737, 0xff79, 0xeef6, 0xeef6, 0xf739, 0xe758, 0x4a24, 0x0001, 0x0001, 
	0x42a8, 0xf77d, 0xffff, 0xffff, 0xffff, 0xffff, 0xffff, 0xffff, 0xffff, 0xffff, 0xffff, 0xffff, 0xa593, 0x0001, 0x0001, 0x28e0, 
	0xe758, 0xf739, 0xf739, 0xf739, 0xf739, 0xfed9, 0xfed9, 0xfed9, 0xff18, 0xf738, 0xff18, 0xf738, 0xff18, 0xff18, 0xff18, 0xfed9, 
	0xf739, 0xff18, 0xf739, 0xf739, 0xf739, 0xe758, 0xef38, 0xef37, 0xe758, 0xef37, 0xe758, 0xef37, 0xe758, 0xef37, 0xe758, 0xe758, 
	0xe758, 0xe758, 0xe758, 0xe758, 0xe758, 0xff79, 0xe758, 0xe758, 0xe758, 0xe758, 0xe758, 0xe758, 0xe758, 0xe758, 0xe758, 0xe758, 
	0xe758, 0xe758, 0xe758, 0xe758, 0xe758, 0xe758, 0xe758, 0xe758, 0xe758, 0xe758, 0xe758, 0xe758, 0xe758, 0xe758, 0xe758, 0xe758, 
	0xe758, 0xe758, 0xe758, 0xe758, 0xe758, 0xe758, 0xe758, 0xe758, 0xe758, 0xe758, 0xe758, 0xe758, 0xe758, 0xe758, 0xe758, 0xe758, 
	0xe758, 0xe758, 0xe758, 0xe758, 0xe758, 0xe758, 0xe758, 0xe758, 0xe758, 0xe758, 0xe758, 0xe758, 0xe758, 0xe758, 0xe758, 0xe758, 
	0xe758, 0xe758, 0x6c4e, 0x0001, 0x0001, 0x0001, 0x0001, 0x0001, 0x0001, 0x0001, 0x0001, 0x0001, 0x0001, 0x0001, 0x0001, 0x0060, 
	0x0001, 0x0001, 0x0001, 0x0001, 0x0001, 0x0001, 0x0001, 0x0001, 0x0001, 0x0001, 0x0001, 0x0800, 0x49c4, 0xf739, 0xf77d, 0xfed9, 
	0xfed9, 0xfed9, 0xfed9, 0xf739, 0xfed9, 0xfed9, 0xfed9, 0xfed9, 0xfed9, 0xf739, 0xfed9, 0xf6f7, 0xf6f7, 0xff18, 0xf737, 0xf738, 
	0xf738, 0xf738, 0xf738, 0xef38, 0xf738, 0xe758, 0xf738, 0xf738, 0xf738, 0xf738, 0xff18, 0xff18, 0xff18, 0xff18, 0xff18, 0xff18, 
	0xff18, 0xff18, 0xff18, 0xff18, 0xff18, 0xff18, 0xff18, 0xff18, 0xff18, 0xff18, 0xf738, 0xff18, 0xff18, 0xff37, 0xff18, 0xf737, 
	0xf737, 0xf737, 0xf737, 0xff18, 0xf737, 0xff37, 0xff18, 0xf737, 0xeef6, 0xde75, 0xd5f4, 0xd5f4, 0xd5f4, 0xd5f4, 0xde75, 0xf6f7, 
	0xeef6, 0xf6f7, 0xef37, 0xef38, 0xf6f7, 0xef37, 0xf738, 0xf738, 0xef38, 0xef38, 0xe758, 0xef37, 0xef37, 0xe758, 0xef37, 0xef38, 
	0xf6f7, 0xf738, 0xf738, 0xf738, 0xf738, 0xf737, 0xf6f7, 0xf737, 0xf737, 0xf737, 0xef37, 0xef37, 0xf739, 0xa4af, 0x0001, 0x0001, 
	0x0001, 0xa550, 0xffff, 0xffff, 0xffff, 0xf77d, 0xffff, 0xffff, 0xffff, 0xffff, 0xffff, 0xf739, 0x2124, 0x0001, 0x0001, 0x6308, 
	0xf77d, 0xff79, 0xf739, 0xf738, 0xf739, 0xff18, 0xff18, 0xff18, 0xf738, 0xf738, 0xf738, 0xf738, 0xf738, 0xf738, 0xf738, 0xf738, 
	0xf738, 0xf738, 0xf738, 0xf738, 0xf738, 0xef38, 0xef38, 0xe758, 0xef37, 0xef37, 0xe758, 0xe758, 0xe758, 0xe758, 0xe758, 0xe758, 
	0xe758, 0xef38, 0xe758, 0xe758, 0xe758, 0xe758, 0xe758, 0xe758, 0xe758, 0xe758, 0xef38, 0xe758, 0xe758, 0xe758, 0xe758, 0xe758, 
	0xe758, 0xe758, 0xe758, 0xe758, 0xe758, 0xe758, 0xe758, 0xe758, 0xe758, 0xe758, 0xe758, 0xe758, 0xe758, 0xe758, 0xe758, 0xe758, 
	0xe758, 0xe758, 0xe758, 0xe758, 0xe758, 0xe758, 0xe758, 0xe758, 0xe758, 0xe758, 0xe758, 0xe758, 0xe758, 0xe758, 0xe758, 0xe758, 
	0xe758, 0xe758, 0xe758, 0xe758, 0xe758, 0xe758, 0xe758, 0xe758, 0xe758, 0xe758, 0xe758, 0xe758, 0xe758, 0xe758, 0xe758, 0xe758, 
	0xe758, 0xf77d, 0x6beb, 0x0001, 0x0001, 0x0001, 0x0001, 0x0001, 0x0001, 0x0001, 0x0001, 0x0001, 0x0001, 0x0001, 0x0001, 0x0002, 
	0x0001, 0x0001, 0x0001, 0x0001, 0x0001, 0x0001, 0x0001, 0x0001, 0x0001, 0x0001, 0x0001, 0x0001, 0x3922, 0xfed9, 0xf739, 0xf6f7, 
	0xf739, 0xef38, 0xef38, 0xf6f7, 0xef38, 0xef38, 0xef38, 0xef38, 0xef38, 0xf6f7, 0xef38, 0xf738, 0xf737, 0xf737, 0xf738, 0xf738, 
	0xf738, 0xf738, 0xef38, 0xef38, 0xf758, 0xf738, 0xf758, 0xf738, 0xf738, 0xf738, 0xf738, 0xff18, 0xf738, 0xff18, 0xf738, 0xff18, 
	0xf738, 0xff18, 0xf738, 0xff18, 0xf738, 0xff18, 0xf738, 0xff18, 0xf737, 0xf738, 0xf738, 0xf737, 0xf737, 0xf738, 0xf737, 0xf738, 
	0xf737, 0xf737, 0xf737, 0xf737, 0xf737, 0xf737, 0xf737, 0xf737, 0xef37, 0xeef6, 0xde75, 0xd5f4, 0xbdf3, 0xcdf1, 0xb5b1, 0xd5f4, 
	0xcdf1, 0xd5f4, 0xde75, 0xeef6, 0xf6f7, 0xef38, 0xf738, 0xf738, 0xf738, 0xf738, 0xf738, 0xef38, 0xef38, 0xf6f7, 0xf738, 0xef38, 
	0xf738, 0xf738, 0xf738, 0xf738, 0xf738, 0xf738, 0xf738, 0xf738, 0xf737, 0xef38, 0xef38, 0xe758, 0xf758, 0xe758, 0x62e6, 0x0001, 
	0x0001, 0x0800, 0x94ae, 0xffff, 0xffff, 0xffff, 0xffff, 0xffff, 0xffff, 0xffff, 0xd699, 0x41e7, 0x0001, 0x0001, 0x1860, 0xd5f4, 
	0xff79, 0xff79, 0xf739, 0xf738, 0xf738, 0xf738, 0xf738, 0xf738, 0xf738, 0xf738, 0xf738, 0xf738, 0xf738, 0xf738, 0xf738, 0xf738, 
	0xf738, 0xf738, 0xf738, 0xf738, 0xe758, 0xf738, 0xe758, 0xef37, 0xef38, 0xef37, 0xef37, 0xef37, 0xef37, 0xef38, 0xe758, 0xf738, 
	0xf758, 0xf739, 0xf738, 0xf758, 0xf738, 0xf758, 0xf758, 0xf758, 0xf738, 0xef38, 0xef38, 0xef38, 0xf6f7, 0xe758, 0xf6f7, 0xef38, 
	0xef38, 0xe758, 0xef37, 0xe758, 0xef37, 0xe758, 0xef37, 0xe758, 0xef37, 0xe758, 0xef37, 0xe758, 0xef37, 0xe758, 0xef38, 0xe758, 
	0xef38, 0xef38, 0xef38, 0xe758, 0xe758, 0xf758, 0xe758, 0xe758, 0xf758, 0xff79, 0xe758, 0xe758, 0xe758, 0xf739, 0xff79, 0xe758, 
	0xff79, 0xe758, 0xff79, 0xe758, 0xff79, 0xe758, 0xe758, 0xe758, 0xe758, 0xe758, 0xe758, 0xe758, 0xe758, 0xe758, 0xe758, 0xe758, 
	0xf77d, 0xe758, 0x6308, 0x0001, 0x0001, 0x0001, 0x0001, 0x0001, 0x0001, 0x0001, 0x0001, 0x0001, 0x0001, 0x0001, 0x0002, 0x0027, 
	0x0001, 0x0001, 0x0001, 0x0001, 0x0001, 0x0001, 0x0001, 0x0001, 0x0001, 0x0001, 0x0001, 0x0001, 0x28e0, 0xd699, 0xf739, 0xf738, 
	0xef38, 0xf6f7, 0xef37, 0xef37, 0xf6f7, 0xef37, 0xf6f7, 0xef37, 0xf6f7, 0xef37, 0xef37, 0xef37, 0xf6f7, 0xf737, 0xf737, 0xf738, 
	0xf738, 0xef38, 0xef38, 0xef38, 0xe758, 0xf758, 0xef38, 0xf738, 0xf758, 0xf738, 0xf758, 0xf738, 0xf758, 0xf738, 0xf758, 0xf738, 
	0xf738, 0xf738, 0xf738, 0xf738, 0xf738, 0xf738, 0xf738, 0xf738, 0xf738, 0xf738, 0xf738, 0xf738, 0xf738, 0xf738, 0xf738, 0xf737, 
	0xf737, 0xf737, 0xf737, 0xf737, 0xf737, 0xf737, 0xf737, 0xf738, 0xf737, 0xef38, 0xef37, 0xeef6, 0xeef6, 0xde75, 0xd5f4, 0xcdf1, 
	0xb5b1, 0xcd71, 0xd5f4, 0xcdf1, 0xd5f4, 0xde75, 0xeef6, 0xeef6, 0xf6f7, 0xf6f7, 0xf738, 0xf738, 0xf738, 0xef38, 0xef38, 0xef38, 
	0xf738, 0xf738, 0xf738, 0xf738, 0xf738, 0xef38, 0xf738, 0xef38, 0xef37, 0xef37, 0xf738, 0xf758, 0xf739, 0xff79, 0xeef6, 0x28e0, 
	0x0001, 0x0001, 0x0001, 0x5a89, 0xbdd7, 0xf77d, 0xffff, 0xf77d, 0xd699, 0x8c4e, 0x1860, 0x0001, 0x0001, 0x0800, 0x8c4e, 0xf739, 
	0xf739, 0xf739, 0xf739, 0xf738, 0xf738, 0xf738, 0xf738, 0xf738, 0xf738, 0xf738, 0xf738, 0xf738, 0xf738, 0xf738, 0xf738, 0xf738, 
	0xf738, 0xf738, 0xf738, 0xf758, 0xf738, 0xf758, 0xf758, 0xe758, 0xef37, 0xe758, 0xef37, 0xe758, 0xf758, 0xe758, 0xf758, 0xe758, 
	0xf758, 0xe758, 0xef37, 0xf758, 0xe758, 0xf758, 0xe758, 0xf758, 0xe758, 0xf737, 0xef38, 0xef37, 0xef37, 0xef37, 0xef37, 0xef38, 
	0xef38, 0xef37, 0xe758, 0xef37, 0xe758, 0xef37, 0xe758, 0xef37, 0xe758, 0xef37, 0xe758, 0xef37, 0xe758, 0xef37, 0xe758, 0xef38, 
	0xef38, 0xe758, 0xe758, 0xf758, 0xe758, 0xf758, 0xe758, 0xf758, 0xe758, 0xe758, 0xe758, 0xf758, 0xe758, 0xe758, 0xe758, 0xe758, 
	0xe758, 0xe758, 0xe758, 0xe758, 0xe758, 0xe758, 0xf758, 0xe758, 0xe758, 0xe758, 0xef37, 0xe758, 0xe758, 0xe758, 0xe758, 0xe758, 
	0xe758, 0xff79, 0x42a8, 0x0001, 0x0001, 0x0001, 0x0001, 0x0001, 0x0001, 0x0001, 0x0001, 0x0001, 0x0001, 0x0001, 0x0002, 0x0027, 
	0x0001, 0x0001, 0x0001, 0x0001, 0x0001, 0x0001, 0x0001, 0x0001, 0x0001, 0x0001, 0x0001, 0x0001, 0x1860, 0xee97, 0xe758, 0xef38, 
	0xef38, 0xef37, 0xef37, 0xef37, 0xef37, 0xef37, 0xef37, 0xef37, 0xef37, 0xef37, 0xf6f7, 0xf737, 0xf737, 0xf737, 0xf737, 0xf737, 
	0xef37, 0xef38, 0xe758, 0xf758, 0xf758, 0xe758, 0xf758, 0xf758, 0xe758, 0xf738, 0xf758, 0xf738, 0xf758, 0xf738, 0xf758, 0xf738, 
	0xf738, 0xf738, 0xf738, 0xf738, 0xf738, 0xf738, 0xf738, 0xf738, 0xf758, 0xf738, 0xf758, 0xf738, 0xf758, 0xf738, 0xf758, 0xf738, 
	0xf738, 0xf737, 0xf738, 0xf737, 0xf738, 0xf737, 0xf738, 0xf738, 0xf738, 0xf738, 0xef37, 0xf6f7, 0xf6f7, 0xef37, 0xde75, 0xd5f4, 
	0xd5f4, 0xb5b1, 0xcd71, 0xd5f4, 0xcd71, 0xcd71, 0xcd71, 0xd5f4, 0xd5f4, 0xde75, 0xe676, 0xf6f7, 0xef37, 0xef38, 0xef38, 0xf738, 
	0xef38, 0xf738, 0xf738, 0xf738, 0xf738, 0xf738, 0xf738, 0xef38, 0xef38, 0xef38, 0xef38, 0xe758, 0xf758, 0xef37, 0xe758, 0xb5b1, 
	0x28e0, 0x0001, 0x0001, 0x0001, 0x0001, 0x2102, 0x2124, 0x3922, 0x1860, 0x0001, 0x0001, 0x0001, 0x0800, 0x734c, 0xf739, 0xf739, 
	0xf739, 0xf739, 0xf738, 0xf738, 0xf738, 0xf738, 0xf738, 0xf738, 0xf738, 0xf738, 0xf738, 0xf738, 0xf738, 0xf758, 0xf738, 0xf758, 
	0xf758, 0xf758, 0xf758, 0xf758, 0xf758, 0xf758, 0xf758, 0xef37, 0xf758, 0xef37, 0xef37, 0xef37, 0xef37, 0xef37, 0xef37, 0xff37, 
	0xef37, 0xef37, 0xef37, 0xef37, 0xef37, 0xef37, 0xef37, 0xef37, 0xef37, 0xef37, 0xef37, 0xf758, 0xef37, 0xef37, 0xef37, 0xef37, 
	0xef37, 0xef38, 0xef37, 0xef38, 0xef37, 0xef38, 0xef37, 0xef38, 0xef37, 0xef38, 0xef37, 0xef38, 0xef37, 0xef38, 0xe758, 0xf758, 
	0xe758, 0xef37, 0xf758, 0xe758, 0xf758, 0xe758, 0xf758, 0xe758, 0xf758, 0xe758, 0xef37, 0xf758, 0xf758, 0xf758, 0xf758, 0xf758, 
	0xe758, 0xf758, 0xf758, 0xf758, 0xf758, 0xf758, 0xe758, 0xf758, 0xf758, 0xef37, 0xe758, 0xf758, 0xf758, 0xf758, 0xe758, 0xff79, 
	0xe758, 0xf739, 0x4a24, 0x0001, 0x0001, 0x0001, 0x0001, 0x0001, 0x0001, 0x0001, 0x0001, 0x0001, 0x0001, 0x0001, 0x0002, 0x0027, 
	0x0001, 0x0001, 0x0001, 0x0001, 0x0001, 0x0001, 0x0001, 0x0001, 0x0001, 0x0001, 0x0001, 0x0001, 0x0800, 0xbdf3, 0xf739, 0xef38, 
	0xef37, 0xef37, 0xf6f7, 0xf737, 0xf737, 0xf737, 0xf737, 0xf737, 0xf737, 0xf737, 0xf737, 0xf737, 0xf737, 0xf737, 0xf737, 0xef37, 
	0xef37, 0xf737, 0xf737, 0xef38, 0xf738, 0xf738, 0xef38, 0xf738, 0xf738, 0xf758, 0xf738, 0xf758, 0xf738, 0xf758, 0xf738, 0xf758, 
	0xf738, 0xf758, 0xf738, 0xf758, 0xf738, 0xf758, 0xf738, 0xf758, 0xf758, 0xf758, 0xf758, 0xf758, 0xf758, 0xf758, 0xf758, 0xf758, 
	0xf738, 0xf737, 0xf738, 0xf737, 0xf738, 0xf737, 0xf738, 0xf738, 0xf758, 0xf738, 0xef37, 0xef37, 0xef37, 0xf737, 0xf738, 0xf737, 
	0xde75, 0xe676, 0xd5f4, 0xb5b1, 0xd594, 0xcd71, 0xd594, 0xcd71, 0xcdf1, 0xb5b1, 0xb5b1, 0xcd71, 0xd5f4, 0xde75, 0xf6f7, 0xf6f7, 
	0xf6f7, 0xf6f7, 0xef37, 0xef38, 0xef38, 0xef38, 0xef38, 0xef38, 0xef38, 0xef38, 0xef38, 0xef37, 0xe758, 0xf758, 0xf758, 0xf739, 
	0xc675, 0x42a8, 0x0800, 0x0001, 0x0001, 0x0001, 0x0001, 0x0001, 0x0001, 0x0001, 0x0001, 0x3922, 0x94ae, 0xff79, 0xf739, 0xf739, 
	0xf739, 0xef38, 0xf738, 0xf758, 0xf738, 0xf758, 0xf738, 0xf758, 0xf738, 0xf758, 0xf738, 0xf758, 0xf738, 0xf758, 0xf738, 0xf758, 
	0xf758, 0xf758, 0xf758, 0xf758, 0xf758, 0xf758, 0xf758, 0xf758, 0xf758, 0xf758, 0xef37, 0xef37, 0xef37, 0xef37, 0xef37, 0xf758, 
	0xf758, 0xf758, 0xf758, 0xf758, 0xf758, 0xf758, 0xf758, 0xf758, 0xef37, 0xef37, 0xef37, 0xf758, 0xef37, 0xef37, 0xef37, 0xef37, 
	0xef37, 0xef38, 0xe758, 0xf758, 0xf758, 0xe758, 0xf758, 0xf758, 0xe758, 0xf758, 0xf758, 0xe758, 0xf758, 0xf758, 0xf758, 0xe758, 
	0xef37, 0xe758, 0xef37, 0xf758, 0xe758, 0xef37, 0xe758, 0xef37, 0xe758, 0xef37, 0xf758, 0xe758, 0xf758, 0xf758, 0xe758, 0xf758, 
	0xef37, 0xe758, 0xf758, 0xe758, 0xf758, 0xe758, 0xf758, 0xef37, 0xe758, 0xf758, 0xf758, 0xef37, 0xef37, 0xe758, 0xe758, 0xe758, 
	0xf739, 0xe758, 0x28e0, 0x0001, 0x0001, 0x0001, 0x0001, 0x0001, 0x0001, 0x0001, 0x0001, 0x0001, 0x0001, 0x0001, 0x0004, 0x10e9, 
	0x0001, 0x0001, 0x0001, 0x0001, 0x0001, 0x0001, 0x0001, 0x0001, 0x0001, 0x0001, 0x0001, 0x0001, 0x0001, 0xa550, 0xf739, 0xe758, 
	0xf738, 0xf737, 0xef37, 0xf737, 0xf737, 0xf737, 0xf737, 0xf737, 0xf737, 0xf737, 0xf737, 0xf737, 0xf737, 0xf737, 0xf737, 0xf737, 
	0xf737, 0xf738, 0xf738, 0xf758, 0xf758, 0xf758, 0xf758, 0xf758, 0xf758, 0xf758, 0xf758, 0xf758, 0xf758, 0xf758, 0xf758, 0xf758, 
	0xf758, 0xf758, 0xf758, 0xf758, 0xf758, 0xf758, 0xf758, 0xf758, 0xf758, 0xf758, 0xf758, 0xf758, 0xf758, 0xf758, 0xf758, 0xf758, 
	0xf738, 0xf737, 0xf738, 0xf737, 0xf738, 0xf737, 0xf738, 0xf738, 0xf738, 0xf738, 0xf737, 0xf738, 0xf738, 0xf737, 0xf738, 0xf737, 
	0xfed9, 0xeef6, 0xe676, 0xe5d5, 0xd5f4, 0xcdf1, 0xcd71, 0xb5b1, 0xd533, 0xd533, 0xcd71, 0xcd71, 0xcd71, 0xb5b1, 0xd5f4, 0xd5f4, 
	0xde75, 0xde75, 0xde75, 0xe676, 0xeef6, 0xf6f7, 0xef38, 0xef38, 0xef38, 0xef38, 0xef38, 0xe758, 0xf758, 0xf758, 0xff79, 0xe758, 
	0xff79, 0xf739, 0xa593, 0x7349, 0x4a24, 0x28e0, 0x0001, 0x0060, 0x1860, 0x3922, 0x8c4e, 0xc675, 0xff79, 0xff79, 0xf739, 0xf739, 
	0xe758, 0xf739, 0xf758, 0xf739, 0xf758, 0xf758, 0xf758, 0xf739, 0xf758, 0xf758, 0xf738, 0xf758, 0xf738, 0xf758, 0xf738, 0xf758, 
	0xf758, 0xf758, 0xf758, 0xf758, 0xf758, 0xf758, 0xf758, 0xf758, 0xf758, 0xf758, 0xef37, 0xef37, 0xf758, 0xf758, 0xf758, 0xf758, 
	0xf758, 0xf758, 0xf758, 0xf758, 0xf758, 0xf758, 0xf758, 0xf758, 0xef37, 0xef37, 0xef37, 0xf758, 0xef37, 0xef37, 0xef37, 0xef37, 
	0xef37, 0xef38, 0xf758, 0xe758, 0xf758, 0xf758, 0xef37, 0xe758, 0xf758, 0xf758, 0xe758, 0xf758, 0xef37, 0xe758, 0xf758, 0xf758, 
	0xf758, 0xf758, 0xe758, 0xf758, 0xf758, 0xf758, 0xf758, 0xe758, 0xef37, 0xf758, 0xe758, 0xef37, 0xe758, 0xf758, 0xf758, 0xf758, 
	0xe758, 0xef37, 0xe758, 0xf758, 0xe758, 0xf758, 0xe758, 0xf758, 0xf758, 0xef37, 0xef37, 0xef37, 0xef37, 0xef37, 0xe758, 0xef38, 
	0xf739, 0xc675, 0x1860, 0x0001, 0x0001, 0x0001, 0x0001, 0x0001, 0x0001, 0x0001, 0x0001, 0x0001, 0x0001, 0x0001, 0x0027, 0x1170, 
	0x0001, 0x0001, 0x0001, 0x0001, 0x0001, 0x0001, 0x0001, 0x0001, 0x0001, 0x0001, 0x0001, 0x0001, 0x0001, 0x840b, 0xf739, 0xf739, 
	0xef38, 0xef37, 0xf6f7, 0xeef6, 0xf6f7, 0xf6f7, 0xeef6, 0xf6f7, 0xf6f7, 0xeef6, 0xf6f7, 0xeef6, 0xf6f7, 0xf6f7, 0xeef6, 0xf6f7, 
	0xef37, 0xf737, 0xf738, 0xf738, 0xf738, 0xf738, 0xf738, 0xf738, 0xf738, 0xf738, 0xf738, 0xf738, 0xf738, 0xf738, 0xf738, 0xf738, 
	0xf738, 0xf738, 0xf738, 0xf738, 0xf738, 0xf738, 0xf738, 0xf738, 0xf738, 0xf738, 0xf738, 0xf738, 0xf738, 0xf738, 0xf738, 0xf738, 
	0xf738, 0xf758, 0xf738, 0xf738, 0xf738, 0xf738, 0xf738, 0xf738, 0xf738, 0xf738, 0xf738, 0xf738, 0xf737, 0xf737, 0xf738, 0xf737, 
	0xf737, 0xf738, 0xf737, 0xf6f7, 0xe676, 0xd5f4, 0xd5f4, 0xcd71, 0xcd71, 0xcd71, 0xcd71, 0xbcd1, 0xcd71, 0xcd71, 0xcd71, 0xb5b1, 
	0xd5f4, 0xcdf1, 0xd5f4, 0xcdf1, 0xde75, 0xf6f7, 0xef37, 0xef38, 0xef38, 0xef37, 0xef38, 0xf737, 0xe758, 0xf758, 0xe758, 0xf739, 
	0xf739, 0xe758, 0xf739, 0xf739, 0xf77d, 0xc675, 0xbdf3, 0xcd71, 0xde75, 0xe758, 0xff79, 0xff79, 0xff79, 0xff79, 0xe758, 0xef38, 
	0xf738, 0xf738, 0xf738, 0xf738, 0xf738, 0xf738, 0xf738, 0xf738, 0xf738, 0xf738, 0xf738, 0xf738, 0xf738, 0xf738, 0xf738, 0xf758, 
	0xf758, 0xf758, 0xe758, 0xf758, 0xf758, 0xf758, 0xf758, 0xf758, 0xf758, 0xf758, 0xf758, 0xf758, 0xf758, 0xf758, 0xf758, 0xf758, 
	0xf758, 0xf758, 0xf758, 0xf758, 0xf758, 0xf758, 0xf758, 0xf758, 0xe758, 0xf758, 0xf758, 0xe758, 0xef37, 0xf738, 0xe758, 0xf758, 
	0xe758, 0xe758, 0xe758, 0xe758, 0xe758, 0xe758, 0xe758, 0xe758, 0xe758, 0xe758, 0xe758, 0xe758, 0xe758, 0xe758, 0xe758, 0xe758, 
	0xe758, 0xe758, 0xef38, 0xe758, 0xe758, 0xef38, 0xe758, 0xef38, 0xef38, 0xe758, 0xef38, 0xef38, 0xef38, 0xe758, 0xe758, 0xe758, 
	0xe758, 0xe758, 0xf758, 0xe758, 0xe758, 0xe758, 0xe758, 0xe758, 0xe758, 0xe758, 0xe758, 0xe758, 0xe758, 0xe758, 0xe758, 0xe758, 
	0xf739, 0xadb1, 0x0060, 0x0001, 0x0001, 0x0001, 0x0001, 0x0001, 0x0001, 0x0001, 0x0001, 0x0001, 0x0001, 0x0002, 0x0027, 0x1170, 
	0x0001, 0x0001, 0x0001, 0x0001, 0x0001, 0x0001, 0x0001, 0x0001, 0x0001, 0x0001, 0x0001, 0x0001, 0x0001, 0x7349, 0xf739, 0xf739, 
	0xef38, 0xf6f7, 0xe676, 0xe676, 0xde75, 0xe676, 0xe676, 0xe676, 0xe676, 0xe676, 0xe676, 0xe676, 0xe676, 0xe676, 0xe676, 0xde75, 
	0xe676, 0xde75, 0xde75, 0xe676, 0xde75, 0xde75, 0xeef6, 0xe676, 0xf6f7, 0xeef6, 0xf6f7, 0xeef6, 0xf6f7, 0xeef6, 0xf6f7, 0xeef6, 
	0xf6f7, 0xf6f7, 0xf6f7, 0xf6f7, 0xf6f7, 0xf6f7, 0xf6f7, 0xf6f7, 0xf737, 0xf6f7, 0xf737, 0xf737, 0xf6f7, 0xf737, 0xf737, 0xf738, 
	0xf738, 0xf738, 0xf738, 0xf738, 0xf738, 0xf738, 0xf738, 0xf738, 0xf738, 0xf738, 0xf738, 0xf738, 0xf737, 0xf737, 0xf738, 0xf738, 
	0xf737, 0xf738, 0xf737, 0xf737, 0xf737, 0xeef6, 0xde75, 0xd5f4, 0xd533, 0xd533, 0xcd71, 0xd533, 0xcd71, 0xcd71, 0xbcd1, 0xcd71, 
	0xcd71, 0xcd71, 0xcd71, 0xb5b1, 0xd5f4, 0xde75, 0xf6f7, 0xef37, 0xf738, 0xef37, 0xef38, 0xf738, 0xf738, 0xf758, 0xf758, 0xe758, 
	0xf739, 0xf739, 0xe758, 0xf739, 0xe758, 0xf739, 0xff79, 0xff79, 0xf739, 0xf739, 0xf739, 0xff79, 0xf739, 0xe758, 0xf6f7, 0xf737, 
	0xf738, 0xef38, 0xf738, 0xef38, 0xf738, 0xef38, 0xf738, 0xf738, 0xf738, 0xf738, 0xf738, 0xf738, 0xf738, 0xf738, 0xf738, 0xf758, 
	0xf758, 0xf758, 0xf758, 0xe758, 0xf758, 0xf758, 0xf739, 0xe758, 0xf758, 0xf739, 0xe758, 0xf758, 0xf739, 0xe758, 0xf758, 0xf739, 
	0xe758, 0xf758, 0xf739, 0xe758, 0xf758, 0xf739, 0xe758, 0xf758, 0xf758, 0xf738, 0xf758, 0xf738, 0xf758, 0xf739, 0xf738, 0xf739, 
	0xf739, 0xf739, 0xf739, 0xe758, 0xf739, 0xe758, 0xf739, 0xf739, 0xe758, 0xf739, 0xf739, 0xe758, 0xf739, 0xf739, 0xe758, 0xf739, 
	0xe758, 0xf739, 0xe758, 0xe758, 0xe758, 0xe758, 0xe758, 0xe758, 0xe758, 0xe758, 0xe758, 0xe758, 0xe758, 0xe758, 0xe758, 0xef38, 
	0xf739, 0xe758, 0xf739, 0xe758, 0xf739, 0xe758, 0xe758, 0xe758, 0xe758, 0xe758, 0xe758, 0xe758, 0xe758, 0xe758, 0xe758, 0xe758, 
	0xf739, 0xa550, 0x0001, 0x0001, 0x0001, 0x0001, 0x0001, 0x0001, 0x0001, 0x0001, 0x0001, 0x0001, 0x0001, 0x0002, 0x0027, 0x1193, 
	0x2124, 0x0002, 0x0001, 0x0001, 0x0001, 0x0060, 0x0001, 0x0001, 0x0001, 0x0001, 0x0001, 0x0001, 0x0001, 0x49c4, 0xf77d, 0xe758, 
	0xf6f7, 0xf6f7, 0xcd71, 0xcd71, 0xd594, 0xcd71, 0xcd71, 0xd533, 0xcd71, 0xcd71, 0xcd71, 0xcd71, 0xbcd1, 0xd533, 0xcd71, 0xccf2, 
	0xd533, 0xcd71, 0xccf2, 0xd533, 0xd533, 0xd533, 0xd533, 0xd533, 0xd533, 0xd594, 0xd594, 0xd594, 0xd533, 0xd594, 0xd594, 0xd594, 
	0xd594, 0xd594, 0xd594, 0xd5f4, 0xe5d5, 0xe5d5, 0xe5d5, 0xe5d5, 0xe5d5, 0xe676, 0xe5d5, 0xe5d5, 0xe676, 0xe676, 0xe676, 0xe676, 
	0xe676, 0xeef6, 0xf6f7, 0xf738, 0xf738, 0xf738, 0xf738, 0xf738, 0xf738, 0xf738, 0xf738, 0xf738, 0xf738, 0xf737, 0xf738, 0xef38, 
	0xf737, 0xf738, 0xef37, 0xef37, 0xf738, 0xef38, 0xf6f7, 0xeef6, 0xe676, 0xd5f4, 0xcd71, 0xcd71, 0xccf2, 0xcd71, 0xcd71, 0xcd71, 
	0xcd71, 0xcd71, 0xcd71, 0xcd71, 0xd5f4, 0xeef6, 0xf6f7, 0xef37, 0xef37, 0xef37, 0xef37, 0xef38, 0xef38, 0xef38, 0xf738, 0xe758, 
	0xe758, 0xe758, 0xf739, 0xf739, 0xf739, 0xf739, 0xf739, 0xf739, 0xf739, 0xf739, 0xf739, 0xef38, 0xe676, 0xde75, 0xd5f4, 0xe5d5, 
	0xd5f4, 0xd5f4, 0xd5f5, 0xd5f4, 0xe5d5, 0xd5f5, 0xd5f4, 0xd5f4, 0xe676, 0xcd71, 0xa4af, 0xa4af, 0xbcf0, 0xa4af, 0xa4af, 0xa550, 
	0xa4af, 0xbdf3, 0xd5f4, 0xc675, 0xde75, 0xde75, 0xc675, 0xde75, 0xc675, 0xde75, 0xde75, 0xc675, 0xde75, 0xde75, 0xde75, 0xc675, 
	0xde75, 0xc675, 0xde75, 0xde75, 0xc675, 0xde75, 0xde75, 0xc675, 0xde75, 0xc675, 0xde75, 0xc675, 0xde75, 0xc675, 0xde75, 0xc675, 
	0xc675, 0xc675, 0xc675, 0xc675, 0xc675, 0xde75, 0xc675, 0xc675, 0xc675, 0xc675, 0xc675, 0xc675, 0xc675, 0xc675, 0xc675, 0xc675, 
	0xc675, 0xc675, 0xc675, 0xde75, 0xc675, 0xc675, 0xde75, 0xc675, 0xc675, 0xde75, 0xc675, 0xc675, 0xde75, 0xc675, 0xc675, 0xc675, 
	0xc675, 0xc675, 0xc675, 0xc675, 0xc675, 0xde75, 0xc675, 0xde75, 0xc675, 0xc675, 0xc675, 0xc675, 0xc675, 0xc675, 0xc675, 0xc675, 
	0xbdd7, 0x6308, 0x0001, 0x0001, 0x0001, 0x0001, 0x0001, 0x0001, 0x0001, 0x0001, 0x0001, 0x0001, 0x0001, 0x0002, 0x004a, 0x1193, 
	0x10e9, 0x0004, 0x0001, 0x0001, 0x0001, 0x0001, 0x0001, 0x0001, 0x0001, 0x0001, 0x0001, 0x0001, 0x0001, 0x2102, 0xe758, 0xf739, 
	0xf738, 0xee97, 0xd594, 0xd533, 0xccf2, 0xd533, 0xd533, 0xccf2, 0xccf2, 0xccf2, 0xdcb3, 0xccf2, 0xccf2, 0xccf2, 0xdcb3, 0xccf2, 
	0xccf2, 0xccf2, 0xccf2, 0xccf2, 0xccf2, 0xccf2, 0xccf2, 0xccf2, 0xd533, 0xccf2, 0xccf2, 0xd533, 0xccf2, 0xd533, 0xdcb3, 0xccf2, 
	0xccf2, 0xccf2, 0xdcb3, 0xccf2, 0xd533, 0xd533, 0xd533, 0xd533, 0xd533, 0xd533, 0xd533, 0xd533, 0xd533, 0xd533, 0xd533, 0xd594, 
	0xd594, 0xd533, 0xd5f4, 0xe5d5, 0xe676, 0xf6f7, 0xf738, 0xff18, 0xf738, 0xf738, 0xf738, 0xf738, 0xf738, 0xf738, 0xf738, 0xef38, 
	0xef37, 0xef37, 0xef37, 0xef37, 0xef37, 0xef37, 0xf738, 0xf738, 0xf6f7, 0xe676, 0xd5f4, 0xd5f4, 0xcd71, 0xcd71, 0xd533, 0xcd71, 
	0xcd71, 0xcd71, 0xcd71, 0xcd71, 0xde75, 0xeef6, 0xf6f7, 0xf737, 0xef38, 0xef37, 0xef37, 0xef37, 0xef37, 0xef38, 0xf738, 0xf758, 
	0xf758, 0xf758, 0xe758, 0xe758, 0xe758, 0xe758, 0xf739, 0xf739, 0xef38, 0xef38, 0xf6f7, 0xee97, 0xd5f5, 0xe5d5, 0xe5d5, 0xd594, 
	0xe5d5, 0xd594, 0xd594, 0xe5d5, 0xe5d5, 0xd594, 0xe5d5, 0xd5f4, 0xd533, 0x7349, 0x5223, 0x5223, 0x5223, 0x5223, 0x5a66, 0x4a24, 
	0x62e6, 0x94ae, 0xadb1, 0xb5b1, 0xadb1, 0xadb1, 0xa5b1, 0xa5b1, 0xa5b1, 0x9d91, 0xa5b1, 0xa5b1, 0x9d91, 0x9d91, 0xa5b1, 0xa5b1, 
	0xa5b1, 0xa5b1, 0x9d70, 0xa5b1, 0xadb1, 0x9d70, 0xadb1, 0xa5b1, 0xa5b1, 0xa5b1, 0xa5b1, 0xa5b1, 0xa5b1, 0xa5b1, 0xa5b1, 0xadb1, 
	0xadb1, 0xadb1, 0xa593, 0xadb1, 0xa593, 0xadb1, 0xa593, 0xadb1, 0xa593, 0xadb1, 0xa593, 0xadb1, 0xa593, 0xadb1, 0xa593, 0xadb1, 
	0xa593, 0xadb1, 0xa593, 0xadb1, 0xa593, 0xadb1, 0xa593, 0xadb1, 0xa593, 0xadb1, 0xa593, 0xadb1, 0xa593, 0xadb1, 0xadb1, 0xa550, 
	0xa593, 0xa5b1, 0xa5b1, 0xa550, 0x9d91, 0x9d91, 0xa550, 0x9d91, 0xa5b1, 0xa550, 0xa550, 0x9d91, 0xa550, 0xa550, 0x9591, 0xa550, 
	0xa593, 0x31a7, 0x0001, 0x0001, 0x0001, 0x0001, 0x0001, 0x0001, 0x0001, 0x0001, 0x0001, 0x0001, 0x0001, 0x0002, 0x090d, 0x19d7, 
	0x090d, 0x0004, 0x0001, 0x0001, 0x0001, 0x0060, 0x0001, 0x0001, 0x0001, 0x0001, 0x0001, 0x0001, 0x0001, 0x1860, 0xc675, 0xf739, 
	0xf739, 0xee97, 0xd533, 0xccf2, 0xccf2, 0xdcb3, 0xccf2, 0xd533, 0xccf2, 0xdcb3, 0xccf2, 0xccf2, 0xccf2, 0xccf2, 0xccf2, 0xdcb3, 
	0xccf2, 0xdcb3, 0xccf2, 0xcc92, 0xccf2, 0xdcb3, 0xccf2, 0xd533, 0xdcb3, 0xd533, 0xdcb3, 0xccf2, 0xdcb3, 0xccf2, 0xccf2, 0xd533, 
	0xdcb3, 0xd533, 0xd533, 0xdcb3, 0xccf2, 0xdcb3, 0xccf2, 0xd533, 0xd533, 0xd533, 0xd533, 0xccf2, 0xd533, 0xd594, 0xdd54, 0xd533, 
	0xd533, 0xd533, 0xcd71, 0xd533, 0xd594, 0xd5f4, 0xee97, 0xf6f7, 0xf6f7, 0xff18, 0xf738, 0xf738, 0xf738, 0xf738, 0xef38, 0xef38, 
	0xef37, 0xef37, 0xef37, 0xef37, 0xef37, 0xef37, 0xf738, 0xf738, 0xf737, 0xf6f7, 0xf6f7, 0xe676, 0xe5d5, 0xd5f4, 0xcd71, 0xcd71, 
	0xcd71, 0xcd71, 0xcd71, 0xcd71, 0xeef6, 0xf6f7, 0xef37, 0xf737, 0xef38, 0xef37, 0xef37, 0xef37, 0xef37, 0xf738, 0xf738, 0xf738, 
	0xe758, 0xef37, 0xef37, 0xef37, 0xff37, 0xf758, 0xef38, 0xf738, 0xf738, 0xf738, 0xee97, 0xde75, 0xd5f4, 0xd594, 0xd594, 0xd594, 
	0xd594, 0xe5d5, 0xd594, 0xe5d5, 0xd533, 0xd594, 0xcd71, 0xd594, 0xbcf0, 0x5a43, 0x51c3, 0x5223, 0x5a66, 0x4a24, 0x4a24, 0x5a66, 
	0x840b, 0x94ae, 0xb5b1, 0xadb1, 0xadb1, 0xa5b1, 0xa5b1, 0xa550, 0x9d91, 0x9d70, 0xa550, 0xa550, 0xa550, 0x9d91, 0xa550, 0xa550, 
	0xa550, 0x9d91, 0xa550, 0x9d91, 0x9d70, 0x9d70, 0xa550, 0x9d91, 0xa550, 0xa550, 0xa550, 0xa550, 0xa550, 0xa550, 0x9d91, 0x9d91, 
	0xa550, 0xa593, 0xa550, 0x9d91, 0xa5b1, 0x9d91, 0x9d91, 0xa5b1, 0x9d91, 0xa5b1, 0x9d91, 0xa5b1, 0x9d91, 0xa5b1, 0x9d91, 0xa5b1, 
	0x9d91, 0xa5b1, 0x9d91, 0xa5b1, 0x9d91, 0x9d91, 0xa5b1, 0x9d91, 0xa5b1, 0x9d91, 0xa5b1, 0x9d91, 0xa5b1, 0x9d91, 0x9d91, 0x9d91, 
	0xa550, 0x9d70, 0xa550, 0x9d70, 0xa550, 0x9570, 0x9570, 0x9d70, 0x94ae, 0x9591, 0x9570, 0x9d70, 0x9570, 0x9d70, 0xa550, 0x8d71, 
	0xa550, 0x08e1, 0x0001, 0x0001, 0x0001, 0x0001, 0x0001, 0x0001, 0x0001, 0x0001, 0x0001, 0x0001, 0x0001, 0x0002, 0x090d, 0x19d7, 
	0x090d, 0x0027, 0x0001, 0x0001, 0x0001, 0x0001, 0x0001, 0x0001, 0x0001, 0x0001, 0x0001, 0x0001, 0x0001, 0x0060, 0xbdd7, 0xf739, 
	0xf739, 0xee97, 0xd533, 0xccf2, 0xccf2, 0xccf2, 0xdcb3, 0xccf2, 0xccf2, 0xccf2, 0xccf2, 0xdcb3, 0xccf2, 0xdcb3, 0xccf2, 0xccf2, 
	0xcc92, 0xcc92, 0xcc92, 0xccf2, 0xcc92, 0xccf2, 0xdcb3, 0xdcb3, 0xccf2, 0xd533, 0xccf2, 0xd533, 0xdcb3, 0xd533, 0xdcb3, 0xccf2, 
	0xd533, 0xdcb3, 0xccf2, 0xd533, 0xd533, 0xd533, 0xd533, 0xd533, 0xd533, 0xd533, 0xd533, 0xd533, 0xd533, 0xdd54, 0xd594, 0xd533, 
	0xd533, 0xccf2, 0xbcd1, 0xccf2, 0xd533, 0xd533, 0xd594, 0xd5f5, 0xee97, 0xf738, 0xf739, 0xf738, 0xf738, 0xef38, 0xef38, 0xef38, 
	0xef37, 0xef37, 0xef37, 0xef37, 0xef37, 0xf737, 0xf738, 0xef37, 0xf737, 0xf737, 0xf737, 0xf6f7, 0xeef6, 0xe676, 0xe5d5, 0xd5f4, 
	0xd5f4, 0xd5f4, 0xd533, 0xcdf1, 0xf6f7, 0xf737, 0xf6f7, 0xf737, 0xf738, 0xef37, 0xf737, 0xf738, 0xef37, 0xf737, 0xf738, 0xf737, 
	0xf738, 0xef37, 0xef37, 0xef37, 0xf758, 0xf738, 0xf738, 0xf738, 0xf739, 0xf738, 0xe676, 0xd5f5, 0xd594, 0xd594, 0xd594, 0xd594, 
	0xd594, 0xd594, 0xe5d5, 0xd533, 0xd594, 0xd533, 0xd594, 0xcd71, 0x936b, 0x5a43, 0x5223, 0x5223, 0x5223, 0x4a24, 0x4a24, 0x4a24, 
	0x94ae, 0xbdf3, 0xadb1, 0xadb1, 0xa5b1, 0xa5b1, 0xa550, 0x9d91, 0xa550, 0xa550, 0x9591, 0xa550, 0x9570, 0xa550, 0x9570, 0xa550, 
	0x9570, 0x9d70, 0x9d70, 0x9d70, 0x9d70, 0x9d70, 0x9d70, 0x9570, 0x9d70, 0x9570, 0x9570, 0x9570, 0x9570, 0x9570, 0x9d70, 0x9d70, 
	0x9570, 0x9d70, 0x9570, 0x9570, 0x9570, 0x9d70, 0x9570, 0x9570, 0x9d70, 0x9570, 0x9d70, 0x9570, 0x9d70, 0x9570, 0x9d70, 0x9570, 
	0x9d70, 0x9570, 0x9d70, 0x9570, 0x9d70, 0x9570, 0x9570, 0x9d70, 0x9570, 0x9d70, 0x9570, 0x9570, 0x9d70, 0x9570, 0x9570, 0x9570, 
	0x9570, 0x8530, 0x9570, 0x8530, 0x9570, 0x94ae, 0x8530, 0x9570, 0x9570, 0x94ae, 0x8530, 0x94ae, 0x8530, 0x94ae, 0x8530, 0x8d71, 
	0x8c4e, 0x2102, 0x0001, 0x0001, 0x0001, 0x0001, 0x0001, 0x0001, 0x0001, 0x0001, 0x0001, 0x0001, 0x0001, 0x0002, 0x090d, 0x19d7, 
	0x1170, 0x0027, 0x0002, 0x0001, 0x0001, 0x0001, 0x0001, 0x0001, 0x0001, 0x0001, 0x0001, 0x0001, 0x0001, 0x0001, 0x7c4e, 0xf739, 
	0xfed9, 0xee97, 0xd533, 0xcc92, 0xccf2, 0xdcb3, 0xdcb3, 0xdcb3, 0xcc92, 0xdcb3, 0xccf2, 0xccf2, 0xdcb3, 0xccf2, 0xdcb3, 0xdcb3, 
	0xccf2, 0xcc92, 0xdcb3, 0xcc92, 0xccf2, 0xcc92, 0xccf2, 0xccf2, 0xdcb3, 0xccf2, 0xdcb3, 0xccf2, 0xd533, 0xccf2, 0xd533, 0xccf2, 
	0xccf2, 0xccf2, 0xdcb3, 0xccf2, 0xdcb3, 0xd533, 0xdcb3, 0xd533, 0xdcb3, 0xd533, 0xd533, 0xdcb3, 0xd533, 0xdd54, 0xdd54, 0xd533, 
	0xccf2, 0xccf2, 0xccf2, 0xccf2, 0xccf2, 0xd533, 0xccf2, 0xbcd1, 0xd533, 0xd5f5, 0xee97, 0xf739, 0xf738, 0xf738, 0xf738, 0xf738, 
	0xef38, 0xf738, 0xef37, 0xef37, 0xef37, 0xf737, 0xf738, 0xf738, 0xef37, 0xf737, 0xf738, 0xf737, 0xff37, 0xf6f7, 0xeef6, 0xde75, 
	0xee93, 0xe676, 0xde75, 0xeef6, 0xf6f7, 0xef37, 0xef37, 0xef38, 0xef38, 0xf738, 0xf738, 0xf738, 0xf738, 0xf738, 0xf738, 0xf737, 
	0xf737, 0xf737, 0xf737, 0xef37, 0xf737, 0xf738, 0xf738, 0xf738, 0xff18, 0xf6f7, 0xe676, 0xe5d5, 0xd594, 0xd594, 0xd594, 0xd594, 
	0xd594, 0xe5d5, 0xd533, 0xd594, 0xe5d5, 0xd594, 0xd594, 0xcc6b, 0x5a66, 0x51c3, 0x5223, 0x4a24, 0x4a24, 0x4a24, 0x4a24, 0x7349, 
	0xadb1, 0xadb1, 0xadb1, 0xa5b1, 0xa5b1, 0x9d91, 0x9d91, 0x9d91, 0x9591, 0x9591, 0x9570, 0x9570, 0x9570, 0x9570, 0x9570, 0x9570, 
	0x9570, 0x9570, 0x9570, 0x9570, 0x9570, 0x9570, 0x9570, 0x9570, 0x9570, 0x9570, 0x9570, 0x9570, 0x9570, 0x9570, 0x9570, 0x9570, 
	0x9570, 0x9570, 0x9570, 0x9570, 0x9570, 0x9570, 0x9570, 0x9570, 0x9570, 0x9570, 0x9570, 0x9570, 0x9570, 0x9570, 0x9570, 0x9570, 
	0x9570, 0x9570, 0x9570, 0x9570, 0x9570, 0x9570, 0x9570, 0x9570, 0x9570, 0x9570, 0x9570, 0x9570, 0x9570, 0x8530, 0x9570, 0x8530, 
	0x9570, 0x9570, 0x8530, 0x9570, 0x8530, 0x9570, 0x8530, 0x8d4f, 0x8530, 0x8530, 0x8d4f, 0x8530, 0x8530, 0x8530, 0x9d70, 0x8530, 
	0x734c, 0x0060, 0x0060, 0x0001, 0x0001, 0x0001, 0x0001, 0x0001, 0x0001, 0x0001, 0x0001, 0x0001, 0x0001, 0x0004, 0x1193, 0x11da, 
	0x1193, 0x006d, 0x0001, 0x0001, 0x0001, 0x0001, 0x0001, 0x0001, 0x0001, 0x0001, 0x0001, 0x0001, 0x0001, 0x0001, 0x5b2b, 0xf739, 
	0xf739, 0xfed9, 0xdd54, 0xcc92, 0xcc92, 0xcc92, 0xcc92, 0xcc92, 0xcc92, 0xcc92, 0xcc92, 0xccf2, 0xdcb3, 0xcc92, 0xcc92, 0xcc92, 
	0xccf2, 0xcc92, 0xccf2, 0xcc92, 0xccf2, 0xdcb3, 0xdcb3, 0xccf2, 0xccf2, 0xdcb3, 0xccf2, 0xdcb3, 0xccf2, 0xdcb3, 0xccf2, 0xdcb3, 
	0xccf2, 0xdcb3, 0xccf2, 0xccf2, 0xd533, 0xccf2, 0xd533, 0xdcb3, 0xd533, 0xdcb3, 0xd533, 0xd533, 0xd533, 0xdd54, 0xdd54, 0xd533, 
	0xdcb3, 0xdcb3, 0xab0d, 0xab0d, 0xbbef, 0xc410, 0xccf2, 0xccf2, 0xccf2, 0xbcd1, 0xd5f4, 0xd5f5, 0xee97, 0xf6f7, 0xf738, 0xf738, 
	0xf738, 0xf738, 0xef37, 0xef37, 0xef37, 0xf737, 0xf738, 0xf738, 0xef37, 0xef37, 0xef37, 0xf737, 0xf738, 0xf737, 0xf6f7, 0xf6f7, 
	0xf6f7, 0xeef6, 0xf6f7, 0xf6f7, 0xef37, 0xef37, 0xef37, 0xef38, 0xef38, 0xef38, 0xf738, 0xf738, 0xf738, 0xf738, 0xf738, 0xf737, 
	0xf737, 0xf737, 0xf737, 0xf737, 0xf737, 0xf737, 0xf737, 0xf738, 0xf6f7, 0xe676, 0xd5f4, 0xd5f4, 0xd594, 0xd594, 0xd594, 0xd594, 
	0xd594, 0xd533, 0xd594, 0xd594, 0xd533, 0xd533, 0xccf2, 0x7b69, 0x51c3, 0x51e5, 0x4a24, 0x4a24, 0x5223, 0x4a24, 0x4a24, 0x94ae, 
	0xadb1, 0xadb1, 0xa5b1, 0xa5b1, 0x9d91, 0x9d91, 0x9d91, 0x9591, 0x9570, 0x9591, 0x9591, 0x9570, 0x9570, 0x9570, 0x9570, 0x9570, 
	0x9570, 0x9570, 0x8d70, 0x9570, 0x9570, 0x9570, 0x9570, 0x9570, 0x9570, 0x9570, 0x9570, 0x9570, 0x9570, 0x9570, 0x9570, 0x9570, 
	0x9570, 0x9570, 0x9570, 0x9570, 0x9570, 0x9570, 0x9570, 0x9570, 0x9570, 0x9570, 0x9570, 0x9570, 0x9570, 0x9570, 0x9570, 0x9570, 
	0x9570, 0x9570, 0x9570, 0x9570, 0x9570, 0x9570, 0x9570, 0x9570, 0x9570, 0x9570, 0x9570, 0x8530, 0x9570, 0x9570, 0x9570, 0x9570, 
	0x8530, 0x9570, 0x8530, 0x9570, 0x9570, 0x8530, 0x8d70, 0x8d4f, 0x8d70, 0x8d4f, 0x852f, 0x8d4f, 0x8d4f, 0x8530, 0x94ae, 0x8530, 
	0x5b2b, 0x0001, 0x0001, 0x0001, 0x0001, 0x0001, 0x0001, 0x0001, 0x0001, 0x0001, 0x0001, 0x0001, 0x0001, 0x0027, 0x1193, 0x11da, 
	0x19d7, 0x004a, 0x0002, 0x0001, 0x0001, 0x0001, 0x0001, 0x0001, 0x0001, 0x0001, 0x0001, 0x0001, 0x0001, 0x0001, 0x2124, 0xf739, 
	0xf77d, 0xee97, 0xdd54, 0xc410, 0x936b, 0xab0d, 0x928a, 0x928a, 0xb36e, 0xc410, 0xccf2, 0xdcb3, 0xcc92, 0xdcb3, 0xccf2, 0xdcb3, 
	0xccf2, 0xcc92, 0xcc92, 0xcc92, 0xcc92, 0xccf2, 0xdcb3, 0xccf2, 0xdcb3, 0xccf2, 0xccf2, 0xccf2, 0xdcb3, 0xccf2, 0xd533, 0xccf2, 
	0xdcb3, 0xccf2, 0xccf2, 0xdcb3, 0xccf2, 0xdcb3, 0xd533, 0xdcb3, 0xd533, 0xdcb3, 0xd533, 0xdcb3, 0xdcb3, 0xdd54, 0xd533, 0xdcb3, 
	0xdcb3, 0xb36e, 0x91e9, 0x928a, 0x8a69, 0xab0d, 0xbbef, 0xcc31, 0xccf2, 0xbd53, 0xccf2, 0xd533, 0xd594, 0xd5f5, 0xee97, 0xf6f7, 
	0xf6f7, 0xf738, 0xf738, 0xef38, 0xf738, 0xf738, 0xef38, 0xf738, 0xef38, 0xef38, 0xef38, 0xf738, 0xf738, 0xf738, 0xf737, 0xf737, 
	0xf738, 0xf738, 0xf737, 0xf738, 0xef38, 0xef38, 0xef38, 0xef38, 0xef38, 0xef38, 0xf738, 0xf738, 0xf738, 0xf738, 0xf738, 0xf738, 
	0xf737, 0xf737, 0xf737, 0xf737, 0xf737, 0xf737, 0xf738, 0xf738, 0xf6f7, 0xe676, 0xe5d5, 0xd594, 0xd594, 0xcd71, 0xd594, 0xe5d5, 
	0xd533, 0xe5d5, 0xd533, 0xd594, 0xe5d5, 0xd533, 0xcc6b, 0x69c6, 0x5223, 0x4a24, 0x4a24, 0x4a24, 0x4a24, 0x4a24, 0x7349, 0xadb1, 
	0xadb1, 0xa5b1, 0xa5b1, 0x9d91, 0x9d91, 0x9d91, 0x9591, 0x9570, 0x9591, 0x9570, 0x8d70, 0x8d70, 0x8d70, 0x8d70, 0x8d70, 0x8d70, 
	0x9570, 0x9570, 0x9570, 0x8d70, 0x8d70, 0x8d70, 0x8d70, 0x8d70, 0x8d70, 0x8d70, 0x8d70, 0x8d70, 0x8d70, 0x8d70, 0x9570, 0x9570, 
	0x8571, 0x9570, 0x8571, 0x8571, 0x9570, 0x8571, 0x8571, 0x9570, 0x8571, 0x8571, 0x9570, 0x8571, 0x9570, 0x8571, 0x9570, 0x8571, 
	0x8571, 0x9570, 0x8571, 0x8571, 0x9570, 0x8571, 0x8571, 0x9570, 0x8571, 0x8571, 0x9570, 0x9570, 0x8571, 0x9570, 0x8571, 0x8571, 
	0x8d70, 0x9570, 0x8530, 0x8571, 0x8550, 0x8d70, 0x852f, 0x8571, 0x852f, 0x8550, 0x852f, 0x8571, 0x852f, 0x8530, 0x8530, 0x8571, 
	0x29c4, 0x0001, 0x0001, 0x0001, 0x0001, 0x0001, 0x0001, 0x0001, 0x0001, 0x0001, 0x0001, 0x0001, 0x0001, 0x0027, 0x19d7, 0x09dc, 
	0x19d7, 0x006d, 0x0004, 0x0060, 0x0001, 0x0001, 0x0001, 0x0001, 0x0001, 0x0001, 0x0001, 0x0001, 0x0001, 0x0001, 0x08e1, 0xbdd7, 
	0xf739, 0xfed9, 0xbd53, 0xcc92, 0x928a, 0x928a, 0x928a, 0x72a9, 0x8a69, 0xb36e, 0xcc92, 0xccf2, 0xccf2, 0xdcb3, 0xcc92, 0xcc92, 
	0xccf2, 0xdcb3, 0xcc92, 0xccf2, 0xcc92, 0xdcb3, 0xccf2, 0xdcb3, 0xccf2, 0xccf2, 0xdcb3, 0xccf2, 0xccf2, 0xdcb3, 0xccf2, 0xdcb3, 
	0xccf2, 0xccf2, 0xdcb3, 0xccf2, 0xccf2, 0xd533, 0xdcb3, 0xd533, 0xdcb3, 0xd533, 0xdcb3, 0xd533, 0xd533, 0xdcb3, 0xdd54, 0xd533, 
	0xbbef, 0x928a, 0x91e9, 0x8a69, 0x99ea, 0x8a69, 0x928a, 0xb36e, 0xcc31, 0xccf2, 0xbcd1, 0xbcd1, 0xccf2, 0xd533, 0xd594, 0xe5d5, 
	0xf6f7, 0xef38, 0xf738, 0xf738, 0xf738, 0xf738, 0xef38, 0xef38, 0xef38, 0xef38, 0xef38, 0xf738, 0xf738, 0xf738, 0xf738, 0xf6f7, 
	0xf738, 0xf6f7, 0xf738, 0xf738, 0xef38, 0xef38, 0xef38, 0xef38, 0xef38, 0xf738, 0xf738, 0xf738, 0xf738, 0xf738, 0xf738, 0xf738, 
	0xf737, 0xf737, 0xf737, 0xf737, 0xf738, 0xf738, 0xf738, 0xf738, 0xe676, 0xd5f4, 0xe5d5, 0xd533, 0xd594, 0xd594, 0xe5d5, 0xd533, 
	0xd594, 0xd594, 0xd594, 0xd594, 0xd533, 0xcd71, 0x936b, 0x51c3, 0x51c3, 0x4a24, 0x4a24, 0x4a24, 0x41a1, 0x4a24, 0x94ae, 0xadb1, 
	0xadb1, 0xa5b1, 0xa5b1, 0x9d91, 0x9d91, 0x9d91, 0x9591, 0x9591, 0x9570, 0x8d71, 0x8d70, 0x8d70, 0x8d70, 0x8d70, 0x8d70, 0x9570, 
	0x8571, 0x8571, 0x9570, 0x8571, 0x8d70, 0x9570, 0x8571, 0x8d70, 0x8d70, 0x8d70, 0x8d70, 0x8d70, 0x8d70, 0x8d70, 0x9570, 0x8571, 
	0x9570, 0x8571, 0x9570, 0x8571, 0x8571, 0x8d70, 0x9570, 0x8571, 0x8d70, 0x9570, 0x8571, 0x9570, 0x8571, 0x9570, 0x8571, 0x9570, 
	0x8571, 0x8571, 0x8d70, 0x9570, 0x8571, 0x8d70, 0x9570, 0x8571, 0x8d70, 0x9570, 0x8571, 0x9570, 0x8571, 0x9570, 0x8571, 0x8d70, 
	0x8550, 0x8571, 0x8550, 0x8550, 0x8550, 0x8550, 0x8550, 0x8550, 0x8550, 0x8550, 0x8550, 0x852f, 0x8571, 0x8530, 0x8530, 0x8530, 
	0x2102, 0x0001, 0x0060, 0x0001, 0x0001, 0x0001, 0x0001, 0x0001, 0x0001, 0x0001, 0x0001, 0x0001, 0x0001, 0x004a, 0x19d7, 0x09dc, 
	0x11da, 0x1193, 0x0004, 0x0001, 0x0001, 0x0001, 0x0001, 0x0001, 0x0001, 0x0001, 0x0001, 0x0001, 0x0001, 0x0001, 0x0001, 0xa550, 
	0xf77d, 0xee97, 0xdd54, 0xc410, 0x936b, 0xab0d, 0x928a, 0x928a, 0xab0d, 0xbbef, 0xcc92, 0xdcb3, 0xccf2, 0xccf2, 0xdcb3, 0xdcb3, 
	0xccf2, 0xdcb3, 0xcc92, 0xcc92, 0xcc92, 0xdcb3, 0xccf2, 0xdcb3, 0xdcb3, 0xccf2, 0xdcb3, 0xccf2, 0xdcb3, 0xccf2, 0xccf2, 0xccf2, 
	0xdcb3, 0xccf2, 0xccf2, 0xdcb3, 0xccf2, 0xdcb3, 0xd533, 0xdcb3, 0xccf2, 0xdcb3, 0xd533, 0xdcb3, 0xdcb3, 0xd533, 0xdcb3, 0xd432, 
	0xab0d, 0x928a, 0x91e9, 0x8a69, 0x8a69, 0x99ea, 0x8a69, 0x8a69, 0xab0d, 0xa42e, 0xcc92, 0xdd54, 0xccf2, 0xccf2, 0xccf2, 0xd533, 
	0xd594, 0xd5f5, 0xe676, 0xf6f7, 0xf738, 0xf738, 0xf738, 0xef38, 0xf738, 0xef38, 0xef38, 0xf738, 0xf738, 0xf738, 0xf738, 0xf738, 
	0xf738, 0xf738, 0xf738, 0xf738, 0xf738, 0xf738, 0xef38, 0xf738, 0xef38, 0xf738, 0xf738, 0xf738, 0xf738, 0xf738, 0xf738, 0xf738, 
	0xf738, 0xf738, 0xf738, 0xf738, 0xf738, 0xf738, 0xf738, 0xf6f7, 0xd5f5, 0xe5d5, 0xd5f4, 0xd594, 0xd594, 0xdd54, 0xd533, 0xd594, 
	0xd594, 0xd594, 0xd533, 0xd594, 0xd594, 0xa42e, 0x69c6, 0x5223, 0x51c3, 0x4a24, 0x4a24, 0x4a24, 0x41a1, 0x6beb, 0xadb1, 0xadb1, 
	0xa5b1, 0xa5b1, 0xa5b1, 0x9d91, 0x9d91, 0x9d91, 0x9591, 0x9591, 0x9591, 0x8d70, 0x8d70, 0x8d70, 0x8d70, 0x8d70, 0x8550, 0x8550, 
	0x8d70, 0x8571, 0x8550, 0x9570, 0x8571, 0x8550, 0x9570, 0x8571, 0x8d70, 0x8d70, 0x8d70, 0x8d70, 0x8d70, 0x9570, 0x8571, 0x9570, 
	0x8571, 0x9570, 0x8571, 0x9570, 0x8571, 0x9570, 0x8571, 0x9570, 0x8571, 0x8550, 0x9570, 0x8571, 0x8d71, 0x8d71, 0x8d71, 0x8571, 
	0x9570, 0x8571, 0x9570, 0x8571, 0x9570, 0x8571, 0x9570, 0x8571, 0x8571, 0x8550, 0x9570, 0x8571, 0x8571, 0x8571, 0x8d70, 0x8571, 
	0x8d70, 0x8550, 0x8550, 0x8d70, 0x8550, 0x8d70, 0x8550, 0x8571, 0x8550, 0x8550, 0x8571, 0x8530, 0x8530, 0x8530, 0x8571, 0x7c4e, 
	0x0060, 0x0001, 0x0001, 0x0001, 0x0001, 0x0001, 0x0001, 0x0001, 0x0001, 0x0001, 0x0001, 0x0001, 0x0002, 0x090d, 0x11da, 0x09dc, 
	0x09dc, 0x0177, 0x0027, 0x0001, 0x0001, 0x0001, 0x0001, 0x0001, 0x0001, 0x0001, 0x0001, 0x0001, 0x0001, 0x0001, 0x0001, 0x734c, 
	0xf739, 0xfed9, 0xbd53, 0xcc92, 0xbbef, 0xc410, 0xcc31, 0xcc31, 0xcc92, 0xcc92, 0xcc92, 0xccf2, 0xdcb3, 0xdcb3, 0xccf2, 0xdcb3, 
	0xcc92, 0xccf2, 0xdcb3, 0xcc92, 0xcc92, 0xdcb3, 0xccf2, 0xdcb3, 0xccf2, 0xdcb3, 0xccf2, 0xdcb3, 0xccf2, 0xdcb3, 0xccf2, 0xdcb3, 
	0xccf2, 0xdcb3, 0xdcb3, 0xccf2, 0xdcb3, 0xd533, 0xdcb3, 0xdcb3, 0xd533, 0xdcb3, 0xdcb3, 0xd533, 0xdcb3, 0xd533, 0xccf2, 0xb36e, 
	0x928a, 0x8a69, 0x91e9, 0x8a69, 0x91e9, 0x8a69, 0x8a69, 0x8a69, 0x8a69, 0x928a, 0xab0d, 0xc410, 0xcc92, 0xbcd1, 0xd533, 0xd533, 
	0xbcd1, 0xd533, 0xd594, 0xe5d5, 0xee97, 0xf6f7, 0xf738, 0xf738, 0xf738, 0xf738, 0xf738, 0xf738, 0xf738, 0xf738, 0xf738, 0xf738, 
	0xf738, 0xf6f7, 0xf738, 0xf738, 0xf738, 0xf738, 0xf738, 0xf738, 0xf738, 0xf738, 0xf738, 0xf738, 0xf738, 0xf738, 0xf738, 0xf738, 
	0xf738, 0xf738, 0xf738, 0xf738, 0xf738, 0xf738, 0xef38, 0xe676, 0xd5f4, 0xd594, 0xd594, 0xd594, 0xd594, 0xd594, 0xe5d5, 0xd533, 
	0xd594, 0xd594, 0xd594, 0xe5d0, 0xccf2, 0x7b69, 0x51c3, 0x51e5, 0x4a24, 0x4a24, 0x4a24, 0x4a24, 0x42a8, 0x94ae, 0xadb1, 0xadb1, 
	0xa5b1, 0xa5b1, 0xa593, 0x9d91, 0x9d91, 0x9d91, 0x9591, 0x9591, 0x9591, 0x9591, 0x8d70, 0x8d71, 0x8d70, 0x8550, 0x9570, 0x8571, 
	0x8550, 0x9570, 0x8571, 0x8571, 0x8571, 0x8571, 0x8571, 0x8d70, 0x9570, 0x8571, 0x8d70, 0x9570, 0x8571, 0x9570, 0x8571, 0x9570, 
	0x8571, 0x9570, 0x8571, 0x9570, 0x8571, 0x9570, 0x8571, 0x8571, 0x9570, 0x8571, 0x8571, 0x8d70, 0x8d71, 0x8d70, 0x8d71, 0x8d71, 
	0x8571, 0x9570, 0x8571, 0x9570, 0x8571, 0x9570, 0x8571, 0x9570, 0x8571, 0x9570, 0x8571, 0x8571, 0x8d70, 0x9570, 0x8571, 0x8d70, 
	0x8571, 0x8571, 0x8d70, 0x8571, 0x8550, 0x8571, 0x8550, 0x8571, 0x8571, 0x8571, 0x8530, 0x8530, 0x8530, 0x8530, 0x8530, 0x5b2b, 
	0x0060, 0x0001, 0x0001, 0x0001, 0x0001, 0x0001, 0x0001, 0x0001, 0x0001, 0x0001, 0x0001, 0x0001, 0x0027, 0x1170, 0x11da, 0x0000, 
	0x0000, 0x19d7, 0x004a, 0x0001, 0x0001, 0x0001, 0x0001, 0x0001, 0x0001, 0x0001, 0x0001, 0x0001, 0x0001, 0x0001, 0x0001, 0x31a7, 
	0xfed9, 0xd699, 0xdd54, 0xcc92, 0xd533, 0xdcb3, 0xcc92, 0xdcb3, 0xcc92, 0xcc92, 0xcc92, 0xcc92, 0xdcb3, 0xccf2, 0xdcb3, 0xcc92, 
	0xccf2, 0xdcb3, 0xcc92, 0xcc92, 0xcc92, 0xccf2, 0xdcb3, 0xccf2, 0xdcb3, 0xccf2, 0xdcb3, 0xccf2, 0xdcb3, 0xccf2, 0xdcb3, 0xccf2, 
	0xdcb3, 0xccf2, 0xdcb3, 0xccf2, 0xdcb3, 0xccf2, 0xdcb3, 0xccf2, 0xdcb3, 0xccf2, 0xdcb3, 0xd533, 0xccf2, 0xdd54, 0xd432, 0xab0d, 
	0x8a69, 0x91e9, 0x8a69, 0x99ea, 0x8a69, 0x8a69, 0x89e8, 0x91e9, 0x8a69, 0x8a69, 0x928a, 0x928a, 0xab0d, 0xc410, 0xccf2, 0xdd54, 
	0xd533, 0xd533, 0xbcd1, 0xd533, 0xd5f4, 0xe5d5, 0xee97, 0xf738, 0xf6f7, 0xf738, 0xf738, 0xf738, 0xf738, 0xf738, 0xf738, 0xf738, 
	0xf738, 0xf738, 0xf738, 0xf738, 0xf738, 0xf738, 0xf738, 0xf738, 0xf738, 0xf738, 0xf738, 0xf738, 0xf738, 0xf738, 0xf738, 0xf738, 
	0xf738, 0xf738, 0xf738, 0xf738, 0xf738, 0xf738, 0xf6f7, 0xde75, 0xd594, 0xd594, 0xd594, 0xd594, 0xd594, 0xdd54, 0xdd54, 0xd594, 
	0xd594, 0xd594, 0xd533, 0xd594, 0x9c2e, 0x51e5, 0x51c3, 0x4a24, 0x5223, 0x4a24, 0x4a24, 0x4a24, 0x840b, 0x9d70, 0xbdf3, 0xa5b1, 
	0xadb1, 0xa5b1, 0xa5b1, 0x9d91, 0x9d91, 0x9d91, 0x9591, 0x9591, 0x9591, 0x9591, 0x8d70, 0x8d70, 0x8d70, 0x8571, 0x8550, 0x8571, 
	0x9570, 0x8571, 0x8571, 0x8550, 0x9570, 0x8571, 0x8571, 0x9570, 0x8571, 0x9570, 0x8571, 0x9570, 0x8571, 0x9570, 0x8571, 0x9570, 
	0x8571, 0x8571, 0x9570, 0x8571, 0x9570, 0x8571, 0x9570, 0x8571, 0x8550, 0x8550, 0x8550, 0x8d71, 0x8550, 0x8d71, 0x8550, 0x8d71, 
	0x8571, 0x9570, 0x8571, 0x8571, 0x9570, 0x8571, 0x9570, 0x8571, 0x8571, 0x8571, 0x9570, 0x8571, 0x8571, 0x8571, 0x9570, 0x8571, 
	0x8550, 0x8571, 0x8550, 0x8571, 0x8550, 0x8550, 0x8571, 0x8550, 0x8571, 0x8571, 0x8571, 0x8530, 0x8530, 0x8530, 0xa593, 0x42a8, 
	0x0001, 0x0001, 0x0001, 0x0001, 0x0001, 0x0001, 0x0001, 0x0001, 0x0001, 0x0001, 0x0001, 0x0001, 0x0027, 0x19d7, 0x09dc, 0x0000, 
	0x0000, 0x11da, 0x004a, 0x0001, 0x0001, 0x0001, 0x0001, 0x0001, 0x0001, 0x0001, 0x0001, 0x0001, 0x0001, 0x0001, 0x0001, 0x1860, 
	0xd699, 0xfed9, 0xdd54, 0xbd53, 0xdcb3, 0xdcb3, 0xdcb3, 0xdcb3, 0xcc92, 0xcc92, 0xcc92, 0xdcb3, 0xcc92, 0xcc92, 0xcc92, 0xdcb3, 
	0xcc92, 0xcc92, 0xcc92, 0xdcb3, 0xcc92, 0xcc92, 0xccf2, 0xdcb3, 0xccf2, 0xdcb3, 0xccf2, 0xdcb3, 0xccf2, 0xdcb3, 0xccf2, 0xdcb3, 
	0xccf2, 0xdcb3, 0xccf2, 0xdcb3, 0xd533, 0xdcb3, 0xccf2, 0xdcb3, 0xccf2, 0xdcb3, 0xccf2, 0xdcb3, 0xcc92, 0xd533, 0xcc31, 0x8a69, 
	0x8a69, 0x99ea, 0x8a69, 0x91e9, 0x99ea, 0x91e9, 0x91e9, 0x89e8, 0x91e9, 0x89e8, 0x99ea, 0x928a, 0x928a, 0xab0d, 0xbbef, 0xcc92, 
	0xccf2, 0xccf2, 0xd533, 0xd533, 0xbcd1, 0xd533, 0xd5f4, 0xe5d5, 0xf6f7, 0xf738, 0xf738, 0xf738, 0xf738, 0xf738, 0xf738, 0xf738, 
	0xf6f7, 0xf738, 0xf6f7, 0xf6f7, 0xff18, 0xf6f7, 0xf6f7, 0xf738, 0xf6f7, 0xf6f7, 0xff18, 0xf6f7, 0xf6f7, 0xf738, 0xf738, 0xf738, 
	0xff18, 0xf738, 0xff18, 0xff18, 0xf738, 0xf6f7, 0xe676, 0xd5f5, 0xd5f4, 0xd594, 0xd594, 0xd594, 0xdd54, 0xdd54, 0xd594, 0xdd54, 
	0xd594, 0xd594, 0xd594, 0xd533, 0x7b69, 0x51c3, 0x51e5, 0x49c4, 0x5223, 0x49c4, 0x4a24, 0x4a24, 0x94ae, 0xadb1, 0xadb1, 0xadb1, 
	0xadb1, 0xa5b1, 0xa5b1, 0xa5b1, 0x9d91, 0x9d91, 0x9591, 0x9591, 0x9591, 0x9591, 0x8d70, 0x8d70, 0x9570, 0x8571, 0x8571, 0x8571, 
	0x8571, 0x8571, 0x8550, 0x8571, 0x8571, 0x8550, 0x8571, 0x8571, 0x8571, 0x8571, 0x9570, 0x8571, 0x8571, 0x8571, 0x8571, 0x8571, 
	0x9570, 0x8571, 0x8571, 0x8571, 0x8571, 0x8571, 0x8571, 0x9570, 0x8571, 0x8550, 0x8d71, 0x8550, 0x8d71, 0x8550, 0x8d71, 0x8d70, 
	0x8d71, 0x8571, 0x9570, 0x8571, 0x8571, 0x8571, 0x8571, 0x9570, 0x8571, 0x8571, 0x8571, 0x8550, 0x9570, 0x8571, 0x8571, 0x8571, 
	0x8550, 0x8571, 0x8d70, 0x8571, 0x8550, 0x8571, 0x8550, 0x8571, 0x8550, 0x8571, 0x8571, 0x8571, 0x8530, 0x8571, 0x8571, 0x2102, 
	0x0001, 0x0001, 0x0001, 0x0001, 0x0001, 0x0001, 0x0001, 0x0001, 0x0001, 0x0001, 0x0001, 0x0002, 0x004a, 0x19d7, 0x09dc, 0x0000, 
	0x0000, 0x11da, 0x1170, 0x0004, 0x0001, 0x0001, 0x0001, 0x0001, 0x0001, 0x0001, 0x0001, 0x0001, 0x0001, 0x0001, 0x0001, 0x0001, 
	0x9c2e, 0xd699, 0xdd54, 0xd533, 0xb36e, 0xb36e, 0xab0d, 0xab0d, 0xa26c, 0xb36e, 0xcc31, 0xdcb3, 0xdcb3, 0xdcb3, 0xccf2, 0xcc92, 
	0xdcb3, 0xcc92, 0xcc92, 0xcc92, 0xdcb3, 0xcc92, 0xcc92, 0xdcb3, 0xdcb3, 0xccf2, 0xdcb3, 0xccf2, 0xccf2, 0xccf2, 0xdcb3, 0xccf2, 
	0xdcb3, 0xccf2, 0xccf2, 0xccf2, 0xcc92, 0xccf2, 0xdcb3, 0xccf2, 0xdcb3, 0xd533, 0xdcb3, 0xccf2, 0xcc92, 0xcc92, 0xab0d, 0x928a, 
	0x928a, 0x8a69, 0x928a, 0x99ea, 0x8a69, 0x99ea, 0x99ea, 0x99ea, 0x8a69, 0x99ea, 0x8a69, 0x8a69, 0x8a69, 0x8a69, 0x928a, 0xab0d, 
	0xcc31, 0xcc92, 0xcc92, 0xbcd1, 0xccf2, 0xbcd1, 0xbcd1, 0xbcd1, 0xd5f5, 0xe676, 0xe676, 0xee97, 0xf738, 0xf6f7, 0xf6f7, 0xf6f7, 
	0xf6f7, 0xfed9, 0xf6f7, 0xfed9, 0xf6f7, 0xfed9, 0xf6f7, 0xfed9, 0xf6f7, 0xfed9, 0xf6f7, 0xfed9, 0xf6f7, 0xfed9, 0xf6f7, 0xfed9, 
	0xff18, 0xff18, 0xff18, 0xfed9, 0xf6f7, 0xee97, 0xd5f5, 0xe5d5, 0xd594, 0xd594, 0xd594, 0xd594, 0xdd54, 0xdd54, 0xdd54, 0xd594, 
	0xd594, 0xdd54, 0xcd71, 0xa42e, 0x69c6, 0x5a43, 0x49c4, 0x49c4, 0x49c4, 0x4a24, 0x4a24, 0x840b, 0xa550, 0xadb1, 0xadb1, 0xadb1, 
	0xadb1, 0xa5b1, 0xa5b1, 0x9591, 0x9d91, 0x9d91, 0x9591, 0x9591, 0x9591, 0x9591, 0x8d70, 0x8d70, 0x8571, 0x8550, 0x9570, 0x8571, 
	0x8550, 0x9570, 0x8571, 0x8550, 0x8571, 0x8550, 0x8571, 0x8550, 0x9570, 0x8571, 0x8571, 0x8571, 0x8d70, 0x8571, 0x8550, 0x8571, 
	0x8571, 0x8571, 0x9570, 0x8571, 0x8571, 0x9570, 0x8571, 0x8571, 0x8550, 0x8550, 0x8550, 0x8550, 0x8550, 0x8d71, 0x8550, 0x8d71, 
	0x8550, 0x8d71, 0x8571, 0x9570, 0x8571, 0x9570, 0x8571, 0x8571, 0x8571, 0x8d70, 0x8571, 0x8571, 0x8571, 0x8550, 0x9570, 0x8571, 
	0x9570, 0x8571, 0x8571, 0x9570, 0x8571, 0x8550, 0x8571, 0x8571, 0x8571, 0x8571, 0x8571, 0x7d50, 0x8d71, 0xa593, 0x6c4e, 0x0001, 
	0x0001, 0x0001, 0x0001, 0x0001, 0x0001, 0x0001, 0x0001, 0x0001, 0x0001, 0x0001, 0x0001, 0x0002, 0x00d1, 0x19d7, 0x0000, 0x0000, 
	0x0000, 0x09dc, 0x0177, 0x0027, 0x0001, 0x0001, 0x0001, 0x0001, 0x0001, 0x0001, 0x0001, 0x0001, 0x0001, 0x0001, 0x0001, 0x0001, 
	0x5a89, 0xfed9, 0xdd54, 0xcc31, 0x936b, 0x99ea, 0x928a, 0x928a, 0x928a, 0x936b, 0xc410, 0xcc92, 0xccf2, 0xcc92, 0xcc92, 0xdcb3, 
	0xcc92, 0xdcb3, 0xcc92, 0xcc92, 0xcc92, 0xd432, 0x928a, 0x6ac6, 0x89e8, 0x69c6, 0x89e8, 0x69c6, 0x89e8, 0x8a69, 0x69c6, 0x89e8, 
	0x89e8, 0x69c6, 0x89e8, 0x89e8, 0x69c6, 0x89e8, 0x69c6, 0x89e8, 0x89e8, 0x69c6, 0x89e8, 0x69c6, 0x89e8, 0x69c6, 0x69c6, 0x58c3, 
	0x58c3, 0x58c3, 0x58c3, 0x58c3, 0x58c3, 0x58c3, 0x58c3, 0x58c3, 0x58c3, 0x58c3, 0x58c3, 0x58c3, 0x58c3, 0x58c3, 0x58c3, 0x58c3, 
	0x89e8, 0x69c6, 0x89e8, 0x89e8, 0x69c6, 0x72a9, 0x6ac6, 0x6ac6, 0x7b69, 0x72a9, 0x7b69, 0x7b69, 0x7b69, 0x7b69, 0x7b69, 0x7b69, 
	0x734c, 0x7b69, 0x936b, 0x7b69, 0x7b69, 0x7b69, 0x7b69, 0x7b69, 0x7b69, 0x7b69, 0x7b69, 0x7b69, 0x7b69, 0x7b69, 0x936b, 0x7b69, 
	0x936b, 0x7b69, 0x936b, 0x936b, 0xa42e, 0xd533, 0xee16, 0xd594, 0xd594, 0xd594, 0xd594, 0xd594, 0xdd54, 0xdd54, 0xe5d5, 0xdd54, 
	0xd594, 0xd594, 0xbcf0, 0x7b69, 0x51e5, 0x51c3, 0x49c4, 0x49c4, 0x4a24, 0x49c4, 0x62e6, 0x94ae, 0xa5b1, 0xadb1, 0xadb1, 0xa5b1, 
	0xadb1, 0xa5b1, 0x9591, 0xa5b1, 0x9d91, 0x9d91, 0x8d71, 0x9591, 0x9591, 0x8d70, 0x8d70, 0x8d70, 0x8d70, 0x8571, 0x8571, 0x8571, 
	0x9570, 0x8571, 0x8571, 0x8571, 0x9570, 0x8571, 0x8571, 0x8571, 0x8550, 0x8571, 0x8550, 0x8571, 0x8550, 0x8571, 0x8550, 0x8571, 
	0x8550, 0x8571, 0x8571, 0x8571, 0x8571, 0x8571, 0x8571, 0x8550, 0x8571, 0x8550, 0x8550, 0x8d71, 0x8550, 0x8550, 0x8550, 0x8d71, 
	0x8d71, 0x8571, 0x9570, 0x8571, 0x8571, 0x8571, 0x9570, 0x8571, 0x8571, 0x9570, 0x8571, 0x8550, 0x9570, 0x8571, 0x8571, 0x8571, 
	0x8571, 0x8550, 0x8571, 0x8571, 0x8550, 0x8571, 0x8550, 0x8571, 0x8550, 0x8571, 0x8571, 0x8571, 0x8530, 0x8530, 0x5b2b, 0x0001, 
	0x0001, 0x0001, 0x0001, 0x0001, 0x0001, 0x0001, 0x0001, 0x0001, 0x0001, 0x0001, 0x0001, 0x0002, 0x1193, 0x09dc, 0x09dc, 0x0000, 
	0x0000, 0x09dc, 0x19d7, 0x004a, 0x0002, 0x0001, 0x0001, 0x0001, 0x0001, 0x0001, 0x0001, 0x0001, 0x0001, 0x0001, 0x0001, 0x0001, 
	0x2080, 0xd5f5, 0xdd54, 0xdcb3, 0x928a, 0x928a, 0x928a, 0x8a69, 0x928a, 0xab0d, 0xbbef, 0xcc92, 0xcc92, 0xcc92, 0xcc92, 0xcc92, 
	0xccf2, 0xcc92, 0xdcb3, 0xcc92, 0xcc92, 0xcc31, 0x5160, 0x58c3, 0x51c3, 0x69c6, 0x69c6, 0x69c6, 0x51c3, 0x69c6, 0x69c6, 0x51c3, 
	0x69c6, 0x69c6, 0x51c3, 0x69c6, 0x69c6, 0x69c6, 0x69c6, 0x69c6, 0x69c6, 0x69c6, 0x69c6, 0x69c6, 0x69c6, 0x69c6, 0x69c6, 0x69c6, 
	0x69c6, 0x8988, 0x69c6, 0x8988, 0x69c6, 0x8988, 0x89e8, 0x8988, 0x89e8, 0x8988, 0x69c6, 0x8988, 0x69c6, 0x69c6, 0x69c6, 0x69c6, 
	0x69c6, 0x69c6, 0x69c6, 0x69c6, 0x69c6, 0x69c6, 0x69c6, 0x69c6, 0x72a9, 0x72a9, 0x69c6, 0x6ac6, 0x69c6, 0x69c6, 0x72a9, 0x69c6, 
	0x6ac6, 0x69c6, 0x6ac6, 0x69c6, 0x6ac6, 0x69c6, 0x72a9, 0x69c6, 0x6ac6, 0x72a9, 0x69c6, 0x6ac6, 0x72a9, 0x69c6, 0x69c6, 0x6ac6, 
	0x69c6, 0x6ac6, 0x69c6, 0x51c3, 0x51e5, 0xcc92, 0xe676, 0xdd54, 0xd594, 0xd594, 0xd594, 0xdd54, 0xdd54, 0xdd54, 0xd594, 0xd594, 
	0xdd54, 0xd594, 0xa42e, 0x51c3, 0x51c3, 0x51c3, 0x49c4, 0x49c4, 0x4a24, 0x49c4, 0x6beb, 0xbdf3, 0xadb1, 0xadb1, 0xa5b1, 0xa5b1, 
	0xa593, 0x9d91, 0xa5b1, 0x9d91, 0x8d71, 0x9591, 0x9591, 0x8d70, 0x9591, 0x8d70, 0x8d70, 0x8d70, 0x9570, 0x8571, 0x8550, 0x8571, 
	0x8571, 0x8550, 0x8571, 0x8550, 0x8571, 0x8550, 0x8550, 0x8571, 0x8550, 0x8571, 0x8550, 0x8571, 0x8550, 0x8571, 0x8550, 0x8571, 
	0x8571, 0x8550, 0x8571, 0x8550, 0x8571, 0x8550, 0x8571, 0x8d70, 0x8550, 0x8550, 0x8550, 0x8d71, 0x8550, 0x8d71, 0x8550, 0x8d71, 
	0x8550, 0x8d71, 0x8571, 0x9570, 0x8571, 0x8571, 0x8571, 0x9570, 0x8571, 0x8571, 0x8571, 0x9570, 0x8571, 0x8571, 0x8550, 0x9570, 
	0x8571, 0x9570, 0x8571, 0x8571, 0x8550, 0x8571, 0x8571, 0x8571, 0x8571, 0x8571, 0x8571, 0x8530, 0xa593, 0x8571, 0x2124, 0x0001, 
	0x0001, 0x0001, 0x0001, 0x0001, 0x0001, 0x0001, 0x0001, 0x0001, 0x0001, 0x0001, 0x0001, 0x0027, 0x19d7, 0x09dc, 0x0000, 0x0000, 
	0x0000, 0x0000, 0x11da, 0x090d, 0x0002, 0x0001, 0x0001, 0x0001, 0x0001, 0x0001, 0x0001, 0x0001, 0x0001, 0x0001, 0x0001, 0x0001, 
	0x0800, 0xc410, 0xbd53, 0xdcb3, 0xab0d, 0xab0d, 0xab0d, 0xab0d, 0x928a, 0xb36e, 0xcc31, 0xdcb3, 0xccf2, 0xcc92, 0xdcb3, 0xcc92, 
	0xdcb3, 0xcc92, 0xcc92, 0xcc92, 0xcc92, 0xc410, 0x58c3, 0x89e8, 0xccf2, 0xcc92, 0xccf2, 0xccf2, 0xccf2, 0xccf2, 0xccf2, 0xdcb3, 
	0xccf2, 0xdcb3, 0xccf2, 0xccf2, 0xccf2, 0xccf2, 0xccf2, 0xccf2, 0xd533, 0xd533, 0xd533, 0xd533, 0xdd54, 0xccf2, 0xcc92, 0xd533, 
	0xdcb3, 0xccf2, 0xd533, 0xdcb3, 0xd533, 0xd533, 0xdcb3, 0xccf2, 0xdcb3, 0xd533, 0xdcb3, 0xdcb3, 0xdcb3, 0xd533, 0xdcb3, 0xd533, 
	0xd533, 0xdcb3, 0xbd53, 0xdd54, 0xd594, 0xd533, 0xd594, 0xd594, 0xd594, 0xd594, 0xd5f4, 0xd594, 0xd5f4, 0xcd71, 0xd594, 0xd594, 
	0xd594, 0xd594, 0xcd71, 0xd594, 0xd594, 0xd594, 0xcd71, 0xd594, 0xd594, 0xbd53, 0xd594, 0xd533, 0xcd71, 0xd594, 0xd594, 0xd594, 
	0xbcd1, 0xdd54, 0xd533, 0x936b, 0x51e5, 0xccf2, 0xe5d5, 0xd594, 0xdd54, 0xd594, 0xdd54, 0xdd54, 0xe5d5, 0xdd54, 0xdd54, 0xdd54, 
	0xe5d5, 0xbcf0, 0x72a9, 0x51c3, 0x51c3, 0x49c4, 0x49c4, 0x49c4, 0x4a24, 0x62e6, 0xa550, 0xadb1, 0xadb1, 0xa5b1, 0xa5b1, 0xa5b1, 
	0x9d91, 0x9d91, 0x9d91, 0x9d91, 0x9591, 0x9570, 0x9570, 0x9570, 0x9570, 0x9570, 0x8550, 0x9570, 0x8571, 0x8550, 0x8571, 0x8550, 
	0x8571, 0x8550, 0x8571, 0x8550, 0x8571, 0x8571, 0x8550, 0x8571, 0x8550, 0x8571, 0x8550, 0x8571, 0x8550, 0x8571, 0x8550, 0x8571, 
	0x8571, 0x8571, 0x8571, 0x8571, 0x8571, 0x8571, 0x8571, 0x8571, 0x8550, 0x8550, 0x8550, 0x8550, 0x8550, 0x8550, 0x8d71, 0x8550, 
	0x8d71, 0x8571, 0x8571, 0x8571, 0x9570, 0x8571, 0x8571, 0x8571, 0x8571, 0x8d70, 0x8571, 0x8571, 0x8571, 0x8571, 0x9570, 0x8571, 
	0x8571, 0x8571, 0x8550, 0x9570, 0x8571, 0x8550, 0x8571, 0x8571, 0x8550, 0x8571, 0x8571, 0x8530, 0xa593, 0x7530, 0x0002, 0x0060, 
	0x0001, 0x0001, 0x0001, 0x0001, 0x0001, 0x0001, 0x0001, 0x0001, 0x0001, 0x0001, 0x0001, 0x004a, 0x19d7, 0x0000, 0x0000, 0x0000, 
	0x0000, 0x0000, 0x11da, 0x1193, 0x0027, 0x0001, 0x0001, 0x0001, 0x0001, 0x0001, 0x0001, 0x0001, 0x0001, 0x0001, 0x0001, 0x0001, 
	0x0001, 0x5a89, 0xee16, 0xdd54, 0xcc92, 0xdcb3, 0xdcb3, 0xcc92, 0xcc92, 0xcc92, 0xcc92, 0xcc92, 0xcc92, 0xcc92, 0xcc92, 0xcc92, 
	0xcc92, 0xccf2, 0xcc92, 0xccf2, 0xcc92, 0xcc31, 0x5160, 0x928a, 0xdd54, 0xd533, 0xdd54, 0xdd54, 0xdd54, 0xdd54, 0xdd54, 0xdd54, 
	0xd533, 0xd594, 0xdd54, 0xdd54, 0xdd54, 0xdd54, 0xd594, 0xdd54, 0xdd54, 0xdd54, 0xdd54, 0xdd54, 0xdd54, 0xdd54, 0xdd54, 0xdd54, 
	0xd594, 0xdd54, 0xdd54, 0xdd54, 0xdd54, 0xdd54, 0xdd54, 0xd594, 0xdd54, 0xdd54, 0xd594, 0xdd54, 0xd5f5, 0xdd54, 0xd5f5, 0xd533, 
	0xdd54, 0xd594, 0xd5f5, 0xbd53, 0xd5f5, 0xd594, 0xd594, 0xd594, 0xd594, 0xd594, 0xd594, 0xd594, 0xd594, 0xd5f4, 0xd594, 0xd594, 
	0xd594, 0xd594, 0xd594, 0xd594, 0xd594, 0xd594, 0xd5f4, 0xd594, 0xd594, 0xd5f4, 0xd594, 0xd594, 0xd594, 0xd594, 0xd594, 0xd5f4, 
	0xd594, 0xe5d5, 0xbcd1, 0x936b, 0x69c6, 0xcc92, 0xe5d5, 0xd594, 0xdd54, 0xdd54, 0xdd54, 0xdd54, 0xdd54, 0xdd54, 0xdd54, 0xe5d5, 
	0xd594, 0x9c2b, 0x69c6, 0x51c3, 0x51c3, 0x51c3, 0x49c4, 0x49c4, 0x4a24, 0x6beb, 0xb5b1, 0xadb1, 0xadb1, 0xa5b1, 0xa5b1, 0xa5b1, 
	0x9d91, 0x9d91, 0x9d91, 0x9570, 0x9570, 0x9570, 0x9570, 0x9570, 0x9570, 0x8571, 0x9570, 0x8571, 0x8550, 0x8571, 0x8550, 0x8571, 
	0x8550, 0x8571, 0x8550, 0x8571, 0x8550, 0x8571, 0x8550, 0x8571, 0x8550, 0x8571, 0x8550, 0x8571, 0x8550, 0x8571, 0x8550, 0x8571, 
	0x8550, 0x8550, 0x8571, 0x8550, 0x8550, 0x8571, 0x8550, 0x8571, 0x8550, 0x8571, 0x8550, 0x8d71, 0x8d71, 0x8550, 0x8d71, 0x8d71, 
	0x8550, 0x8d71, 0x8d71, 0x8571, 0x8571, 0x8571, 0x9570, 0x8571, 0x8571, 0x9570, 0x8571, 0x8550, 0x9570, 0x8571, 0x8571, 0x8571, 
	0x8550, 0x9570, 0x8571, 0x8571, 0x8571, 0x9570, 0x8571, 0x8571, 0x8571, 0x8571, 0x8571, 0x8530, 0xa593, 0x5b2b, 0x0060, 0x0001, 
	0x0001, 0x0001, 0x0001, 0x0001, 0x0001, 0x0001, 0x0001, 0x0001, 0x0001, 0x0001, 0x0002, 0x006d, 0x11da, 0x0000, 0x0000, 0x0000, 
	0x0000, 0x0000, 0x09dc, 0x0177, 0x0027, 0x0001, 0x0001, 0x0001, 0x0001, 0x0001, 0x0001, 0x0001, 0x0001, 0x0001, 0x0001, 0x0001, 
	0x0800, 0x3922, 0xcc92, 0xdcb3, 0xdcb3, 0xd432, 0xd432, 0xd432, 0xcc92, 0xcc92, 0xcc92, 0xcc92, 0xcc92, 0xcc92, 0xcc92, 0xcc92, 
	0xcc92, 0xdcb3, 0xcc92, 0xcc92, 0xccf2, 0xc410, 0x58c3, 0x8a69, 0xd533, 0xdd54, 0xd533, 0xe5d5, 0xdd54, 0xd594, 0xdd54, 0xd594, 
	0xd594, 0xdd54, 0xd594, 0xdd54, 0xd594, 0xd594, 0xdd54, 0xd594, 0xd594, 0xd594, 0xd594, 0xd594, 0xd594, 0xd594, 0xd594, 0xd594, 
	0xd594, 0xd594, 0xd594, 0xd594, 0xd594, 0xd594, 0xd594, 0xd594, 0xd594, 0xd594, 0xd594, 0xd594, 0xbd53, 0xd594, 0xd594, 0xd594, 
	0xd594, 0xd594, 0xd594, 0xd5f5, 0xbd53, 0xd5f4, 0xd594, 0xd594, 0xd5f4, 0xd594, 0xd594, 0xd5f4, 0xd594, 0xd594, 0xd594, 0xd594, 
	0xd5f4, 0xd594, 0xd594, 0xd5f4, 0xd594, 0xd594, 0xd594, 0xd594, 0xd594, 0xd594, 0xd594, 0xd5f4, 0xd594, 0xd594, 0xd594, 0xd594, 
	0xd594, 0xd594, 0xccf2, 0x7b69, 0x51c3, 0xbcd1, 0xe5d5, 0xdd54, 0xd594, 0xdd54, 0xdd54, 0xe5d5, 0xdd54, 0xdd54, 0xe5d5, 0xd594, 
	0xcc92, 0x72a9, 0x51c3, 0x49c4, 0x51e5, 0x49c4, 0x49c4, 0x4a24, 0x62e6, 0xa4af, 0xadb1, 0xa5b1, 0xa5b1, 0xa5b1, 0xa5b1, 0xa593, 
	0x9d91, 0x9d91, 0x9570, 0x9591, 0x9591, 0x9570, 0x9570, 0x9570, 0x9570, 0x8571, 0x8d70, 0x8550, 0x8550, 0x8571, 0x8d70, 0x8571, 
	0x8550, 0x8550, 0x8571, 0x8550, 0x8550, 0x8571, 0x8550, 0x8550, 0x8571, 0x8550, 0x8550, 0x8571, 0x8550, 0x8550, 0x8571, 0x8550, 
	0x8571, 0x8550, 0x8571, 0x8571, 0x8550, 0x8571, 0x8550, 0x8571, 0x8550, 0x8550, 0x8571, 0x8550, 0x8550, 0x8d71, 0x8550, 0x8d71, 
	0x8d71, 0x8d71, 0x8550, 0x8d71, 0x8571, 0x8571, 0x8571, 0x8571, 0x8571, 0x8571, 0x8571, 0x9570, 0x8571, 0x8571, 0x8550, 0x9570, 
	0x8571, 0x8571, 0x8571, 0x8d70, 0x8571, 0x8571, 0x8571, 0x9570, 0x8571, 0x8571, 0x8d71, 0x8530, 0x8530, 0x31a7, 0x0001, 0x0001, 
	0x0001, 0x0001, 0x0001, 0x0001, 0x0001, 0x0001, 0x0001, 0x0001, 0x0001, 0x0001, 0x0027, 0x00d1, 0x09dc, 0x0000, 0x0000, 0x0000, 
	0x0000, 0x0000, 0x0000, 0x11da, 0x090d, 0x0001, 0x0001, 0x0001, 0x0001, 0x0001, 0x0001, 0x0001, 0x0001, 0x0001, 0x0001, 0x0001, 
	0x0800, 0x1000, 0x936b, 0xdcb3, 0xcc31, 0xd432, 0xcc92, 0xcc92, 0xd432, 0xcc92, 0xcc92, 0xcc92, 0xcc92, 0xcc92, 0xcc92, 0xdcb3, 
	0xcc92, 0xcc92, 0xcc92, 0xccf2, 0xcc92, 0xcc31, 0x51c3, 0x8a69, 0xd594, 0xd533, 0xccf2, 0xc410, 0xbcf0, 0xdd54, 0xd594, 0xd533, 
	0xdd54, 0xd594, 0xdd54, 0xd594, 0xd594, 0xd594, 0xd594, 0xd594, 0xd594, 0xd594, 0xd594, 0xd594, 0xd594, 0xd594, 0xd594, 0xd594, 
	0xd594, 0xd594, 0xd594, 0xd594, 0xd594, 0xd594, 0xd594, 0xd594, 0xd594, 0xd594, 0xd594, 0xd594, 0xd594, 0xd594, 0xbd53, 0xd5f4, 
	0xbd53, 0xd594, 0xd594, 0xd594, 0xd594, 0xd594, 0xd594, 0xd5f4, 0xd594, 0xd594, 0xd594, 0xd594, 0xd594, 0xd594, 0xd594, 0xd5f4, 
	0xd594, 0xd594, 0xd5f4, 0xd594, 0xd594, 0xd5f4, 0xd594, 0xd5f4, 0xd594, 0xd5f4, 0xd594, 0xd594, 0xd594, 0xd5f4, 0xd594, 0xd594, 
	0xd594, 0xd594, 0xbcd1, 0x936b, 0x58c3, 0xbcd1, 0xd594, 0xd594, 0xdd54, 0xdd54, 0xe5d5, 0xdd54, 0xdd54, 0xdd54, 0xd594, 0xd594, 
	0x936b, 0x51e5, 0x49c4, 0x51c3, 0x51c3, 0x49c4, 0x49c4, 0x4a24, 0x840b, 0xbdf3, 0xadb1, 0xa5b1, 0xa5b1, 0xa5b1, 0x9d91, 0x9d91, 
	0x9d91, 0x9591, 0x9591, 0x9570, 0x9591, 0x9570, 0x9570, 0x8571, 0x9570, 0x8571, 0x9570, 0x8571, 0x8550, 0x8571, 0x8550, 0x8571, 
	0x8550, 0x8571, 0x8550, 0x8571, 0x8550, 0x8550, 0x8571, 0x8550, 0x8550, 0x8571, 0x8550, 0x8550, 0x8571, 0x8550, 0x8550, 0x8571, 
	0x8550, 0x8550, 0x8550, 0x8571, 0x8550, 0x8550, 0x8571, 0x8550, 0x8571, 0x8550, 0x8550, 0x8571, 0x8550, 0x8550, 0x8550, 0x8550, 
	0x8d71, 0x8d71, 0x8d71, 0x8550, 0x8d71, 0x8571, 0x8571, 0x8571, 0x8550, 0x9570, 0x8571, 0x8571, 0x8571, 0x8571, 0x9570, 0x8571, 
	0x8571, 0x8571, 0x9570, 0x8571, 0x8550, 0x9570, 0x8571, 0x8571, 0x8571, 0x8571, 0x8571, 0x8571, 0x7c4e, 0x08e1, 0x0001, 0x0001, 
	0x0001, 0x0001, 0x0001, 0x0001, 0x0001, 0x0001, 0x0001, 0x0001, 0x0001, 0x0002, 0x004a, 0x0177, 0x09dc, 0x0000, 0x0000, 0x0000, 
	0x0000, 0x0000, 0x0000, 0x11da, 0x090d, 0x0002, 0x0001, 0x0001, 0x0001, 0x0001, 0x0001, 0x0001, 0x0001, 0x0001, 0x0001, 0x0001, 
	0x0800, 0x1000, 0x72a9, 0xb36e, 0xab0d, 0xab0d, 0xab0d, 0xab0d, 0xcc92, 0xcc92, 0xcc92, 0xcc92, 0xcc92, 0xcc92, 0xdcb3, 0xcc92, 
	0xccf2, 0xcc92, 0xcc92, 0xcc92, 0xccf2, 0xbbef, 0x58c3, 0x8a69, 0xd594, 0xe5d5, 0xa4af, 0x3060, 0x51e5, 0xccf2, 0xa42e, 0xbcd1, 
	0xd594, 0xbd53, 0xd594, 0xd594, 0xd594, 0xd594, 0xd594, 0xd594, 0xd594, 0xd594, 0xd594, 0xd594, 0xd594, 0xd594, 0xd594, 0xd594, 
	0xd594, 0xd594, 0xd594, 0xd594, 0xd594, 0xd594, 0xd594, 0xd594, 0xbd53, 0xd594, 0xbd53, 0xd5f4, 0xbd53, 0xd5f4, 0xd5f4, 0xd594, 
	0xbd53, 0xd5f4, 0xbd53, 0xd5f4, 0xd594, 0xd5f4, 0xd594, 0xd594, 0xd5f4, 0xd594, 0xd594, 0xd594, 0xd5f4, 0xd594, 0xd594, 0xd594, 
	0xd594, 0xd5f4, 0xd5f4, 0xd594, 0xd5f4, 0xd594, 0xd5f4, 0xd594, 0xd5f4, 0xd594, 0xd5f4, 0xcd71, 0xd5f4, 0xd594, 0xd594, 0xd594, 
	0xd594, 0xd594, 0xccf2, 0x936b, 0x3922, 0xbcd1, 0xdd54, 0xdd54, 0xdd54, 0xe5d5, 0xd533, 0xdd54, 0xdd54, 0xdd54, 0xdd54, 0xd594, 
	0x72a9, 0x51c3, 0x49c4, 0x49c4, 0x4a24, 0x4a24, 0x4a24, 0x6308, 0xa5b1, 0xadb1, 0xadb1, 0xa5b1, 0xa5b1, 0x9d91, 0xa5b1, 0x9d91, 
	0x9d91, 0x9d91, 0x9570, 0x9591, 0x9570, 0x9570, 0x9570, 0x8571, 0x9570, 0x8571, 0x8550, 0x8571, 0x8550, 0x8571, 0x8550, 0x8550, 
	0x8550, 0x8550, 0x8550, 0x8550, 0x8550, 0x8550, 0x8550, 0x8550, 0x8550, 0x8550, 0x8550, 0x8550, 0x8550, 0x8550, 0x8550, 0x8550, 
	0x8550, 0x8550, 0x8550, 0x8550, 0x8550, 0x8550, 0x8550, 0x8550, 0x8550, 0x8571, 0x8550, 0x8571, 0x8d71, 0x8550, 0x8d71, 0x8550, 
	0x8d71, 0x8550, 0x8571, 0x8571, 0x8550, 0x8571, 0x8550, 0x8571, 0x8571, 0x8571, 0x8550, 0x9570, 0x8571, 0x8571, 0x8571, 0x8571, 
	0x8550, 0x8571, 0x8571, 0x8571, 0x9570, 0x8571, 0x8571, 0x9570, 0x8571, 0x9570, 0x8571, 0x8d71, 0x5b2b, 0x0060, 0x0001, 0x0001, 
	0x0001, 0x0001, 0x0001, 0x0001, 0x0001, 0x0001, 0x0001, 0x0001, 0x0001, 0x0002, 0x00d1, 0x19d7, 0x0000, 0x0000, 0x0000, 0x0000, 
	0x0000, 0x0000, 0x0000, 0x09dc, 0x1193, 0x0027, 0x0002, 0x0001, 0x0001, 0x0001, 0x0001, 0x0001, 0x0001, 0x0001, 0x0001, 0x0001, 
	0x0001, 0x1000, 0x3944, 0x928a, 0x936b, 0x928a, 0x928a, 0xab0d, 0xcc92, 0xcc92, 0xcc92, 0xcc92, 0xcc92, 0xdcb3, 0xccf2, 0xcc92, 
	0xcc92, 0xdcb3, 0xcc92, 0xcc92, 0xdcb3, 0xc410, 0x51c3, 0x8a69, 0xd594, 0xd533, 0xcc92, 0x69c6, 0x936b, 0x936b, 0x1000, 0x936b, 
	0xbbef, 0x51e5, 0xbcd1, 0x9c2e, 0xa42e, 0xd594, 0xd594, 0xd594, 0xd594, 0x9c2e, 0x5a66, 0xa42e, 0xd5f5, 0xd594, 0xd594, 0xd594, 
	0xd594, 0xd594, 0xd594, 0xd594, 0xd594, 0xd594, 0xd594, 0xd594, 0xd594, 0xd594, 0xd594, 0xbd53, 0xd5f4, 0xd594, 0xd594, 0xbdf3, 
	0xd5f4, 0xd594, 0xd5f4, 0xbdf3, 0xd594, 0xd594, 0xbd53, 0xd5f4, 0xd594, 0xd5f4, 0xd594, 0xd594, 0xd594, 0xd594, 0xd5f4, 0xd594, 
	0xd594, 0xbcd1, 0xd5f4, 0xd5f4, 0xd594, 0xd5f4, 0xd594, 0xd5f4, 0xd594, 0xd5f4, 0xd594, 0xd594, 0xd594, 0xd594, 0xd594, 0xd594, 
	0xd594, 0xd594, 0xbcd1, 0x936b, 0x3922, 0xbcd1, 0xd594, 0xdd54, 0xd594, 0xdd54, 0xdd54, 0xe5d5, 0xdd54, 0xe5d5, 0xe5d5, 0x9c2b, 
	0x51e5, 0x3922, 0x51c3, 0x49c4, 0x4a24, 0x41e7, 0x4a24, 0x8c4e, 0xa550, 0xadb1, 0xadb1, 0xa5b1, 0xa5b1, 0x9d91, 0xa5b1, 0x9d91, 
	0x9d91, 0x9570, 0x8d71, 0x9570, 0x9570, 0x9570, 0x8571, 0x8550, 0x8550, 0x9570, 0x8571, 0x8550, 0x8550, 0x8550, 0x8550, 0x8550, 
	0x8550, 0x8550, 0x8550, 0x8550, 0x8550, 0x8550, 0x8550, 0x8550, 0x8550, 0x8550, 0x8550, 0x8550, 0x8550, 0x8550, 0x8550, 0x8550, 
	0x8550, 0x8550, 0x8550, 0x8550, 0x8550, 0x8550, 0x8550, 0x8550, 0x8550, 0x8550, 0x8550, 0x8550, 0x8550, 0x8550, 0x8550, 0x8550, 
	0x8550, 0x8d71, 0x8550, 0x8571, 0x8571, 0x8571, 0x8571, 0x8550, 0x8571, 0x9570, 0x8571, 0x8571, 0x8550, 0x9570, 0x8571, 0x8571, 
	0x9570, 0x8571, 0x8550, 0x8571, 0x8571, 0x8571, 0x8571, 0x8571, 0x8571, 0x8571, 0x8571, 0x9591, 0x29c4, 0x0060, 0x0060, 0x0001, 
	0x0001, 0x0001, 0x0001, 0x0001, 0x0001, 0x0001, 0x0001, 0x0001, 0x0001, 0x0004, 0x00d1, 0x09dc, 0x0000, 0x0000, 0x0000, 0x0000, 
	0x0000, 0x0000, 0x0000, 0x0000, 0x11da, 0x006d, 0x0002, 0x0001, 0x0001, 0x0001, 0x0001, 0x0001, 0x0001, 0x0001, 0x0001, 0x0001, 
	0x0001, 0x0800, 0x2020, 0x69c6, 0x936b, 0x8a69, 0x928a, 0xab0d, 0xccf2, 0xcc92, 0xcc92, 0xcc92, 0xdcb3, 0xccf2, 0xcc92, 0xdcb3, 
	0xccf2, 0xcc92, 0xcc92, 0xccf2, 0xccf2, 0xc410, 0x58c3, 0x8a69, 0xe5d5, 0xccf2, 0xd533, 0xbcd1, 0xbcd1, 0xd533, 0x936b, 0xbcf0, 
	0xa4af, 0x6ac6, 0xa4af, 0x72a9, 0x936b, 0xd5f5, 0xd594, 0xe5d5, 0xa42e, 0x1000, 0x2020, 0x49c4, 0x936b, 0xbcd1, 0xd594, 0xbd53, 
	0xd594, 0xd594, 0xd594, 0xd594, 0xd594, 0xd594, 0xd594, 0xbd53, 0xd594, 0xbd53, 0xd5f4, 0xcd71, 0xd5f5, 0xd5f5, 0xd5f4, 0xd5f5, 
	0xd594, 0xd594, 0xd594, 0xcd71, 0xd594, 0xd5f4, 0xd594, 0xd594, 0xd594, 0xcd71, 0xd594, 0xd594, 0xd594, 0xd594, 0xd594, 0xd594, 
	0xd594, 0xd5f4, 0xd594, 0xd5f4, 0xd5f4, 0xd594, 0xd5f4, 0xd594, 0xd5f4, 0xd594, 0xd5f4, 0xcd71, 0xd5f4, 0xd594, 0xd594, 0xd594, 
	0xd594, 0xe5d5, 0xbcd1, 0x936b, 0x3922, 0xcc31, 0xd594, 0xdd54, 0xd594, 0xdd54, 0xdd54, 0xd533, 0xd594, 0xd594, 0xccf2, 0x6ac6, 
	0x51c3, 0x49c4, 0x51e5, 0x49c4, 0x51e5, 0x4a24, 0x62e6, 0x9d70, 0xadb1, 0xadb1, 0xa550, 0xa593, 0x9d91, 0x9d91, 0x9d91, 0x8d71, 
	0x9d91, 0x9570, 0x9570, 0x9570, 0x8571, 0x8550, 0x8d70, 0x8550, 0x8571, 0x8550, 0x8550, 0x8550, 0x8550, 0x8550, 0x8550, 0x8550, 
	0x8550, 0x8550, 0x7530, 0x8550, 0x7530, 0x8550, 0x7530, 0x8550, 0x7530, 0x8550, 0x7530, 0x8550, 0x7530, 0x8550, 0x7530, 0x8550, 
	0x8550, 0x8550, 0x8550, 0x8550, 0x8550, 0x8550, 0x8550, 0x8550, 0x8550, 0x8550, 0x8550, 0x8571, 0x8550, 0x8571, 0x8550, 0x8d71, 
	0x8571, 0x8550, 0x8571, 0x8550, 0x8550, 0x8571, 0x8550, 0x8571, 0x8571, 0x8571, 0x8571, 0x9570, 0x8571, 0x8571, 0x8550, 0x8571, 
	0x8571, 0x8571, 0x9570, 0x8571, 0x8550, 0x9570, 0x8571, 0x9570, 0x8571, 0x8530, 0x8530, 0x7c4e, 0x08e1, 0x0060, 0x0001, 0x0001, 
	0x0001, 0x0001, 0x0001, 0x0001, 0x0001, 0x0001, 0x0001, 0x0001, 0x0001, 0x0027, 0x0177, 0x09dc, 0x0000, 0x0000, 0x0000, 0x0000, 
	0x0000, 0x0000, 0x0000, 0x0000, 0x11da, 0x1193, 0x0002, 0x0001, 0x0001, 0x0001, 0x0001, 0x0001, 0x0001, 0x0001, 0x0001, 0x0001, 
	0x0001, 0x0800, 0x1000, 0x58c3, 0x72a9, 0xa26c, 0xb36e, 0xc410, 0xcc92, 0xcc92, 0xcc92, 0xccf2, 0xcc92, 0xdcb3, 0xdcb3, 0xccf2, 
	0xcc92, 0xcc92, 0xccf2, 0xcc92, 0xccf2, 0xc410, 0x51c3, 0x8a69, 0xe5d5, 0xdd54, 0xbcd1, 0x3922, 0x69c6, 0xbcd1, 0xbcd1, 0xbcd1, 
	0xbcd1, 0x69c6, 0xbcd1, 0x936b, 0x72a9, 0xd533, 0xd5f4, 0xbcf0, 0x49c4, 0x1000, 0x2020, 0x1000, 0x1000, 0x3060, 0x9c2e, 0xccf2, 
	0xd594, 0xd594, 0xd594, 0xd594, 0xd594, 0xbd53, 0xd594, 0xd594, 0xd5f4, 0xd594, 0xd594, 0x734c, 0x7349, 0x7349, 0x72a9, 0x7349, 
	0xbcd1, 0xd5f4, 0xbd53, 0xd5f4, 0xbd53, 0xd594, 0xbd53, 0xd5f4, 0xd5f4, 0xd594, 0xd594, 0xd594, 0xd594, 0xd594, 0xd594, 0xd594, 
	0xd594, 0xd594, 0xa4af, 0x7b69, 0xd594, 0xd5f4, 0xd594, 0xd594, 0xd5f4, 0xbd53, 0xd5f4, 0xd5f4, 0x9c2e, 0x5a66, 0x9c2e, 0xd594, 
	0xd594, 0xd594, 0xe5d5, 0x936b, 0x3922, 0xcc92, 0xd594, 0xd594, 0xdd54, 0xdd54, 0xd594, 0xdd54, 0xd594, 0xd594, 0x936b, 0x51e5, 
	0x49c4, 0x51c3, 0x4a24, 0x49c4, 0x4a24, 0x5a66, 0x6beb, 0xb5b1, 0xadb1, 0xa593, 0xa5b1, 0xa5b1, 0x9d91, 0x9d91, 0x9d91, 0x9d91, 
	0x9570, 0x9570, 0x9570, 0x8571, 0x8d70, 0x8d70, 0x8550, 0x8550, 0x8550, 0x8550, 0x8550, 0x8550, 0x8550, 0x8550, 0x7530, 0x8550, 
	0x7530, 0x8550, 0x7530, 0x8550, 0x8550, 0x7530, 0x8550, 0x7530, 0x8550, 0x7530, 0x8550, 0x7530, 0x8550, 0x7530, 0x8550, 0x7530, 
	0x8550, 0x7530, 0x8550, 0x7530, 0x8550, 0x7530, 0x8550, 0x8550, 0x8550, 0x8550, 0x8550, 0x8550, 0x8550, 0x8571, 0x8571, 0x8550, 
	0x8571, 0x8550, 0x8571, 0x8571, 0x8550, 0x8571, 0x8550, 0x8571, 0x8571, 0x8571, 0x8571, 0x8571, 0x8571, 0x9570, 0x8571, 0x8571, 
	0x9570, 0x8571, 0x8571, 0x8571, 0x9570, 0x8571, 0x8571, 0x8571, 0x8d71, 0x8530, 0xa593, 0x42a8, 0x0001, 0x0001, 0x0001, 0x0001, 
	0x0001, 0x0001, 0x0001, 0x0001, 0x0001, 0x0001, 0x0001, 0x0001, 0x0004, 0x090d, 0x11da, 0x0000, 0x0000, 0x0000, 0x0000, 0x0000, 
	0x0000, 0x0000, 0x0000, 0x0000, 0x09dc, 0x0177, 0x0027, 0x0001, 0x0001, 0x0001, 0x0001, 0x0001, 0x0001, 0x0001, 0x0001, 0x0001, 
	0x0001, 0x0800, 0x1000, 0x2020, 0x89e8, 0x936b, 0xcc31, 0xd533, 0xcc92, 0xcc92, 0xccf2, 0xcc92, 0xdcb3, 0xccf2, 0xccf2, 0xdcb3, 
	0xccf2, 0xcc92, 0xcc92, 0xcc92, 0xccf2, 0xcc31, 0x58c3, 0x72a9, 0xe5d5, 0xdd54, 0xbcd1, 0x3060, 0x69c6, 0xbcd1, 0x3922, 0x72a9, 
	0xbcf0, 0x51c3, 0xa42e, 0x936b, 0x6ac6, 0xbd53, 0xd594, 0x51e5, 0x1000, 0x2020, 0x3100, 0x49c4, 0x51e5, 0x3100, 0x3060, 0x9c2e, 
	0xd594, 0xd594, 0xd594, 0xbd53, 0xd594, 0xd594, 0xd594, 0xd594, 0xd594, 0xbd53, 0xd594, 0x49c4, 0x1000, 0x1000, 0x1000, 0x1000, 
	0x7349, 0xbd53, 0xd5f4, 0xd594, 0xbdf3, 0xd594, 0xd5f4, 0xd594, 0xbd53, 0xd5f4, 0xd594, 0xd594, 0xd594, 0xd594, 0xd594, 0xcd71, 
	0xd594, 0xbd53, 0x49c4, 0x5a66, 0xd594, 0xd594, 0xd5f4, 0xd594, 0xd5f4, 0xd5f4, 0xd594, 0xd594, 0x51e5, 0x1000, 0x51e5, 0xd533, 
	0xd594, 0xd594, 0xd594, 0x928a, 0x3922, 0xcc92, 0xd594, 0xdd54, 0xdd54, 0xdd54, 0xd533, 0xd594, 0xd594, 0xbcd1, 0x69c6, 0x51c3, 
	0x51e5, 0x51e5, 0x4a24, 0x49c4, 0x4a24, 0x6308, 0x94ae, 0xb5b1, 0xadb1, 0xadb1, 0xa5b1, 0xa593, 0x9d91, 0x9d91, 0x9d91, 0x8d71, 
	0x9570, 0x9570, 0x9570, 0x8571, 0x8d70, 0x8571, 0x8d70, 0x8550, 0x8550, 0x8550, 0x8550, 0x7d50, 0x8550, 0x7530, 0x8550, 0x8550, 
	0x7530, 0x8550, 0x8550, 0x7d2f, 0x7530, 0x8550, 0x7530, 0x8550, 0x7d2f, 0x8550, 0x7d2f, 0x8550, 0x7530, 0x8550, 0x7530, 0x8550, 
	0x8550, 0x8550, 0x8550, 0x8550, 0x8550, 0x8550, 0x8550, 0x7530, 0x8550, 0x8550, 0x8550, 0x8550, 0x8571, 0x8550, 0x8550, 0x8571, 
	0x8550, 0x8571, 0x8550, 0x8571, 0x8550, 0x8571, 0x8550, 0x8571, 0x8571, 0x8571, 0x9570, 0x8571, 0x8571, 0x8571, 0x8571, 0x8571, 
	0x8571, 0x8571, 0x9570, 0x8571, 0x8571, 0x9570, 0x8571, 0x8d71, 0x8d71, 0x8530, 0x8530, 0x2102, 0x0060, 0x0001, 0x0001, 0x0001, 
	0x0001, 0x0001, 0x0001, 0x0001, 0x0001, 0x0001, 0x0001, 0x0001, 0x0027, 0x1193, 0x09dc, 0x0000, 0x0000, 0x0000, 0x0000, 0x0000, 
	0x0000, 0x0000, 0x0000, 0x0000, 0x0000, 0x19d7, 0x090d, 0x0001, 0x0001, 0x0001, 0x0001, 0x0001, 0x0001, 0x0001, 0x0001, 0x0001, 
	0x0001, 0x0001, 0x1000, 0x1000, 0x3944, 0xb36e, 0xbcd1, 0xd533, 0xcc92, 0xcc92, 0xccf2, 0xcc92, 0xdcb3, 0xccf2, 0xdcb3, 0xccf2, 
	0xcc92, 0xccf2, 0xcc92, 0xcc92, 0xccf2, 0xc410, 0x3922, 0x928a, 0xe5d5, 0xdd54, 0xbd53, 0xccf2, 0xbcd1, 0xbcd1, 0x72a9, 0x936b, 
	0xbd53, 0x9c2e, 0x72a9, 0xbd53, 0xbcd1, 0xd5f5, 0xbd53, 0x3060, 0x51e5, 0x7b69, 0x936b, 0x936b, 0x936b, 0x936b, 0x3100, 0x3922, 
	0x5a66, 0xbcf0, 0xd5f5, 0xd594, 0xd594, 0xd594, 0xbd53, 0xd5f4, 0xd594, 0xbd53, 0xbd53, 0x3922, 0x1000, 0x5a66, 0x5a66, 0x0001, 
	0x2020, 0xa4af, 0xd5f4, 0x734c, 0x7b69, 0x734c, 0xbcf0, 0xbd53, 0x94ae, 0x936b, 0xbcd1, 0xbcf0, 0x840b, 0xa42e, 0xd5f5, 0xd5f5, 
	0xd594, 0xa4af, 0x1000, 0x72a9, 0xbd53, 0x840b, 0x936b, 0x9c2e, 0x840b, 0x734c, 0x94ae, 0xe5d5, 0x7b69, 0x1000, 0x5a66, 0xd594, 
	0xd594, 0xd594, 0xee16, 0x936b, 0x3922, 0xcc92, 0xdd54, 0xdd54, 0xdd54, 0xdd54, 0xd594, 0xd533, 0xd594, 0x936b, 0x51e5, 0x51c3, 
	0x51c3, 0x4a24, 0x4a24, 0x49c4, 0x4a24, 0x840b, 0xadb1, 0xadb1, 0xadb1, 0xa5b1, 0xa5b1, 0x9d91, 0x9d91, 0x9d91, 0x9d91, 0x9570, 
	0x9570, 0x8571, 0x9570, 0x8571, 0x8d70, 0x8550, 0x852f, 0x8571, 0x852f, 0x8550, 0x8550, 0x7d50, 0x8550, 0x8550, 0x750f, 0x8550, 
	0x7530, 0x7d2f, 0x7530, 0x8550, 0x7530, 0x8550, 0x7530, 0x8550, 0x7530, 0x7530, 0x8550, 0x7530, 0x8550, 0x7530, 0x8550, 0x8550, 
	0x7530, 0x8550, 0x750f, 0x8571, 0x8550, 0x7530, 0x8571, 0x8550, 0x8571, 0x7530, 0x8571, 0x8550, 0x8571, 0x8571, 0x8550, 0x8571, 
	0x8550, 0x8571, 0x8550, 0x8571, 0x8550, 0x8571, 0x8550, 0x8571, 0x8571, 0x8571, 0x8571, 0x8571, 0x9570, 0x8571, 0x9570, 0x8571, 
	0x8571, 0x8571, 0x8571, 0x8571, 0x8d71, 0x8571, 0x8d71, 0x8571, 0x9d91, 0x9d91, 0x6beb, 0x0060, 0x0001, 0x0001, 0x0001, 0x0001, 
	0x0001, 0x0001, 0x0001, 0x0001, 0x0001, 0x0001, 0x0001, 0x0002, 0x004a, 0x19d7, 0x09dc, 0x0000, 0x0000, 0x0000, 0x0000, 0x0000, 
	0x0000, 0x0000, 0x0000, 0x0000, 0x0000, 0x11da, 0x1170, 0x0004, 0x0001, 0x0001, 0x0001, 0x0001, 0x0001, 0x0001, 0x0001, 0x0001, 
	0x0001, 0x0001, 0x0800, 0x1000, 0x3060, 0xc410, 0xdd54, 0xcc92, 0xccf2, 0xcc92, 0xcc92, 0xdcb3, 0xd533, 0xccf2, 0xccf2, 0xcc92, 
	0xccf2, 0xcc92, 0xccf2, 0xcc92, 0xccf2, 0xc410, 0x58c3, 0x7b69, 0xe5d5, 0xd594, 0xd594, 0x936b, 0x3922, 0xa42e, 0xbd53, 0x9c2e, 
	0xa42e, 0xa42e, 0x72a9, 0xd594, 0xbd53, 0xbd53, 0x72a9, 0x28e0, 0x7b69, 0x936b, 0x840b, 0x7b69, 0x72a9, 0x62e6, 0x3922, 0x49c4, 
	0x2020, 0x49c4, 0xbd53, 0xd594, 0xd594, 0xbd53, 0xd5f4, 0xd594, 0xbd53, 0xd5f5, 0xbcd1, 0x2102, 0x1000, 0x936b, 0x734c, 0x1000, 
	0x2080, 0xa4af, 0x51e5, 0x2080, 0x28e0, 0x1000, 0x4a24, 0xa4af, 0x72a9, 0x2080, 0x840b, 0x734c, 0x0800, 0x49c4, 0xbd53, 0xcd71, 
	0xd594, 0xa4af, 0x2020, 0x3060, 0xbcd1, 0x51e5, 0x0800, 0x2080, 0x2020, 0x0001, 0x2080, 0xbcf0, 0xa4af, 0x3060, 0x72a9, 0xd594, 
	0xd594, 0xd594, 0xe5d5, 0x936b, 0x58c3, 0xc410, 0xd594, 0xdd54, 0xdd54, 0xdd54, 0xdd54, 0xd533, 0xbcf0, 0x72a9, 0x51c3, 0x51c3, 
	0x51e5, 0x49c4, 0x49c4, 0x4a24, 0x6308, 0xa550, 0xadb1, 0xadb1, 0xa550, 0xadb1, 0x9d91, 0x9d91, 0x9d91, 0x9d91, 0x8d71, 0x9570, 
	0x8d71, 0x9570, 0x8571, 0x9570, 0x8571, 0x8550, 0x8571, 0x852f, 0x8571, 0x852f, 0x8550, 0x7d50, 0x8550, 0x750f, 0x8550, 0x7530, 
	0x8550, 0x7530, 0x8550, 0x7530, 0x8550, 0x750f, 0x8550, 0x7530, 0x7d50, 0x7d50, 0x750f, 0x8550, 0x7530, 0x8550, 0x7530, 0x8550, 
	0x8550, 0x7530, 0x8571, 0x8550, 0x8571, 0x7d50, 0x8571, 0x8550, 0x8571, 0x8550, 0x8571, 0x8571, 0x8550, 0x8571, 0x8571, 0x8571, 
	0x8571, 0x8571, 0x8571, 0x8571, 0x8571, 0x8571, 0x8571, 0x8550, 0x8571, 0x8571, 0x8571, 0x8571, 0x8571, 0x8571, 0x8571, 0x8d71, 
	0x8571, 0x8571, 0x8d71, 0x8571, 0x8d71, 0x8d71, 0x8571, 0x9d70, 0x8d71, 0x8d71, 0x31a7, 0x0001, 0x0001, 0x0001, 0x0001, 0x0001, 
	0x0001, 0x0001, 0x0001, 0x0001, 0x0001, 0x0001, 0x0001, 0x0002, 0x00d1, 0x11da, 0x09dc, 0x0000, 0x0000, 0x0000, 0x0000, 0x0000, 
	0x0000, 0x0000, 0x0000, 0x0000, 0x0000, 0x09dc, 0x1193, 0x004a, 0x0001, 0x0001, 0x0001, 0x0001, 0x0001, 0x0001, 0x0001, 0x0001, 
	0x0001, 0x0001, 0x0001, 0x0800, 0x1000, 0x734c, 0xdcb3, 0xbd53, 0xcc92, 0xcc92, 0xccf2, 0xdcb3, 0xccf2, 0xdcb3, 0xdcb3, 0xccf2, 
	0xccf2, 0xcc92, 0xcc92, 0xcc92, 0xccf2, 0xc410, 0x51c3, 0x8a69, 0xe5d5, 0xd594, 0xd5f5, 0x936b, 0x2020, 0x9c2e, 0xbcd1, 0x3060, 
	0x69c6, 0xd533, 0xbd53, 0xd533, 0xa4af, 0x72a9, 0x1000, 0x2080, 0x49c4, 0x3944, 0x3922, 0x28e0, 0x2080, 0x3922, 0x3922, 0x3060, 
	0x3060, 0x2080, 0xbd53, 0xd594, 0xd594, 0xd5f4, 0xbd53, 0xd5f4, 0xd594, 0xbdf3, 0xbd53, 0x3922, 0x0800, 0x3922, 0x28e0, 0x0001, 
	0x3100, 0xa42e, 0x4a24, 0x41e7, 0x936b, 0x28e0, 0x1000, 0xa4af, 0x9c2e, 0x2020, 0x72a9, 0x72a9, 0x0001, 0x72a9, 0xd5f5, 0xd594, 
	0xd5f5, 0xa4af, 0x1000, 0x3100, 0xbcf0, 0x51e5, 0x0800, 0x3922, 0x7349, 0x1000, 0x1000, 0x9c2b, 0x936b, 0x3100, 0xbcf0, 0xd533, 
	0xd594, 0xd594, 0xdd54, 0x936b, 0x3060, 0xcc92, 0xdd54, 0xdd54, 0xdd54, 0xdd54, 0xdd54, 0xbd53, 0x7b69, 0x51c3, 0x51c3, 0x49c4, 
	0x5223, 0x49c4, 0x4a24, 0x5a66, 0x840b, 0xb5b1, 0xadb1, 0xa5b1, 0xa5b1, 0x9d91, 0x9d91, 0x9d91, 0x9d91, 0x9570, 0x9570, 0x8571, 
	0x9570, 0x8571, 0x9570, 0x8530, 0x8571, 0x8550, 0x852f, 0x8571, 0x852f, 0x8530, 0x8550, 0x7d50, 0x8550, 0x7d50, 0x7d50, 0x7d50, 
	0x750f, 0x8550, 0x750f, 0x8550, 0x750f, 0x8550, 0x750f, 0x8550, 0x750f, 0x8550, 0x750f, 0x8550, 0x750f, 0x8550, 0x8550, 0x7530, 
	0x8571, 0x7d50, 0x7d50, 0x8571, 0x750f, 0x8571, 0x7d50, 0x8571, 0x7530, 0x8550, 0x8550, 0x8571, 0x8550, 0x8571, 0x8550, 0x8571, 
	0x8550, 0x8571, 0x8550, 0x8571, 0x8550, 0x8571, 0x8571, 0x8571, 0x8571, 0x8571, 0x8571, 0x8571, 0x8d71, 0x8571, 0x8d71, 0x8d71, 
	0x8571, 0x8d71, 0x8571, 0x8d71, 0x8d71, 0x8d71, 0x8571, 0x8d71, 0xa593, 0x6c4e, 0x08e1, 0x0001, 0x0001, 0x0001, 0x0001, 0x0001, 
	0x0001, 0x0001, 0x0001, 0x0001, 0x0001, 0x0001, 0x0001, 0x0004, 0x1193, 0x11da, 0x0000, 0x0000, 0x0000, 0x0000, 0x0000, 0x0000, 
	0x0000, 0x0000, 0x0000, 0x0000, 0x0000, 0x09dc, 0x11da, 0x090d, 0x0002, 0x0001, 0x0001, 0x0001, 0x0001, 0x0001, 0x0001, 0x0001, 
	0x0001, 0x0001, 0x0001, 0x0800, 0x1000, 0x58c3, 0xa42e, 0xc410, 0xbcd1, 0xccf2, 0xccf2, 0xccf2, 0xdcb3, 0xccf2, 0xccf2, 0xccf2, 
	0xcc92, 0xccf2, 0xcc92, 0xccf2, 0xccf2, 0xc410, 0x58c3, 0x72a9, 0xee16, 0xbd53, 0xdd54, 0xbd53, 0xa42e, 0x936b, 0xa42e, 0xa42e, 
	0xbcd1, 0xd594, 0xbd53, 0xd594, 0x7b69, 0x0800, 0x28e0, 0x28e0, 0x28e0, 0x2080, 0x2080, 0x1000, 0x2080, 0x3100, 0x3922, 0x6ac6, 
	0x7b69, 0x3922, 0xa4af, 0xd5f4, 0xd594, 0xbd53, 0xd5f4, 0xbd53, 0xd5f4, 0xd594, 0xbd53, 0x28e0, 0x0800, 0x1000, 0x28e0, 0x28e0, 
	0x936b, 0xbd53, 0x9c2e, 0x72a9, 0x4a24, 0x1000, 0x1000, 0xa4af, 0xbcd1, 0x2102, 0x4a24, 0x49c4, 0x0001, 0x840b, 0xd594, 0xbdd7, 
	0xd5f4, 0xd594, 0x9c2e, 0x9c2e, 0xd594, 0x51e5, 0x0001, 0x51c3, 0xa42e, 0x2080, 0x1000, 0x9c2e, 0xcd71, 0xbcd1, 0xd5f4, 0xd594, 
	0xd594, 0xd594, 0xccf2, 0x936b, 0x3922, 0xcc31, 0xdd54, 0xdd54, 0xdd54, 0xdd54, 0xd533, 0xbbef, 0x69c6, 0x51e5, 0x51c3, 0x51c3, 
	0x49c4, 0x49c4, 0x5a66, 0x6308, 0xb5b1, 0xa550, 0xadb1, 0xa5b1, 0xa5b1, 0x9d91, 0x9591, 0x9591, 0x8d71, 0x9570, 0x8571, 0x9570, 
	0x8571, 0x9570, 0x8530, 0x8571, 0x8d70, 0x8571, 0x852f, 0x8530, 0x8571, 0x7d50, 0x7d50, 0x8550, 0x750f, 0x8550, 0x750f, 0x8550, 
	0x750f, 0x8550, 0x750f, 0x7530, 0x7d50, 0x750f, 0x8550, 0x750f, 0x7d50, 0x750f, 0x8550, 0x750f, 0x8550, 0x7530, 0x8550, 0x750f, 
	0x8571, 0x7d50, 0x8571, 0x7d50, 0x7d50, 0x7d50, 0x8571, 0x7d50, 0x8571, 0x8550, 0x7530, 0x8571, 0x8550, 0x8571, 0x8571, 0x8571, 
	0x8571, 0x8571, 0x8571, 0x8571, 0x8571, 0x8550, 0x8571, 0x8550, 0x8571, 0x8571, 0x8571, 0x8571, 0x8d71, 0x8571, 0x8d71, 0x8d71, 
	0x8571, 0x8d71, 0x8d71, 0x8d71, 0x8d71, 0x8571, 0x9591, 0x8571, 0xa593, 0x42a8, 0x0001, 0x0001, 0x0001, 0x0001, 0x0001, 0x0001, 
	0x0001, 0x0001, 0x0001, 0x0001, 0x0001, 0x0001, 0x0001, 0x0027, 0x19d7, 0x0000, 0x0000, 0x0000, 0x0000, 0x0000, 0x0000, 0x0000, 
	0x0000, 0x0000, 0x0000, 0x0000, 0x0000, 0x0000, 0x11da, 0x1193, 0x0027, 0x0001, 0x0001, 0x0001, 0x0001, 0x0001, 0x0001, 0x0001, 
	0x0001, 0x0001, 0x0001, 0x0800, 0x0800, 0x1000, 0x72a9, 0xc410, 0xbcd1, 0xdcb3, 0xccf2, 0xccf2, 0xd533, 0xccf2, 0xdcb3, 0xccf2, 
	0xccf2, 0xcc92, 0xcc92, 0xcc92, 0xccf2, 0xc410, 0x51c3, 0x8a69, 0xe5d5, 0xd594, 0xd533, 0xd594, 0xa4af, 0x1000, 0x49c4, 0xd594, 
	0xd594, 0xd594, 0xd594, 0xd594, 0x734c, 0x1000, 0x2020, 0x28e0, 0x3100, 0x3922, 0x3922, 0x49c4, 0x7349, 0x9c2e, 0xbd53, 0xbcd1, 
	0xa4af, 0x69c6, 0x9c2e, 0xd5f5, 0xd594, 0xd594, 0xbd53, 0xd5f4, 0xbd53, 0xbd53, 0xbd53, 0x2124, 0x0800, 0x72a9, 0xbd53, 0xbcd1, 
	0xbdf3, 0xbd53, 0x49c4, 0x2020, 0x5a89, 0x3100, 0x2020, 0xa4af, 0xbd53, 0x28e0, 0x1860, 0x2080, 0x2080, 0xbcd1, 0xd5f4, 0xd594, 
	0xd5f4, 0xd594, 0xd5f4, 0xd594, 0xd5f4, 0x4a24, 0x0001, 0x51e5, 0xa4af, 0x2020, 0x1000, 0x9c2e, 0xd533, 0xcd71, 0xd594, 0xd594, 
	0xd594, 0xd594, 0xcc92, 0x936b, 0x3060, 0xcc92, 0xdd54, 0xdd54, 0xdd54, 0xdd54, 0xbd53, 0x7b69, 0x51e5, 0x51c3, 0x51c3, 0x49c4, 
	0x51c3, 0x4a24, 0x5223, 0x94ae, 0xa550, 0xa550, 0xadb1, 0xa5b1, 0xa550, 0x9d91, 0x9591, 0x9591, 0x9591, 0x9570, 0x8571, 0x9570, 
	0x8571, 0x8571, 0x8530, 0x9570, 0x8530, 0x8571, 0x852f, 0x8571, 0x7d50, 0x7d50, 0x8550, 0x750f, 0x8571, 0x750f, 0x8571, 0x750f, 
	0x8550, 0x750f, 0x8550, 0x750f, 0x8550, 0x750f, 0x8550, 0x750f, 0x8550, 0x750f, 0x8550, 0x7530, 0x8550, 0x7530, 0x8571, 0x8550, 
	0x7530, 0x8571, 0x7d50, 0x7d50, 0x8571, 0x7d50, 0x7d50, 0x8571, 0x8550, 0x8550, 0x8571, 0x8550, 0x7530, 0x8571, 0x8550, 0x8550, 
	0x8571, 0x8550, 0x8571, 0x8550, 0x8571, 0x8571, 0x8571, 0x8571, 0x8571, 0x8571, 0x8571, 0x8571, 0x8d71, 0x8571, 0x8d71, 0x8d71, 
	0x8d71, 0x8d71, 0x8d71, 0x8d71, 0x8d71, 0x8530, 0x8d71, 0xa593, 0x8530, 0x08e1, 0x0001, 0x0060, 0x0001, 0x0001, 0x0001, 0x0001, 
	0x0001, 0x0001, 0x0001, 0x0001, 0x0001, 0x0001, 0x0002, 0x1170, 0x11da, 0x0000, 0x0000, 0x0000, 0x0000, 0x0000, 0x0000, 0x0000, 
	0x0000, 0x0000, 0x0000, 0x0000, 0x0000, 0x0000, 0x0000, 0x11da, 0x004a, 0x0001, 0x0001, 0x0001, 0x0001, 0x0001, 0x0001, 0x0001, 
	0x0001, 0x0001, 0x0001, 0x0001, 0x0800, 0x1000, 0x3922, 0xa42e, 0xcc92, 0xbcd1, 0xd533, 0xccf2, 0xdcb3, 0xccf2, 0xccf2, 0xccf2, 
	0xcc92, 0xccf2, 0xcc92, 0xccf2, 0xccf2, 0xc410, 0x58c3, 0x72a9, 0xe5d5, 0xd594, 0xd533, 0xd594, 0xbd53, 0x7b69, 0x9c2e, 0xbd53, 
	0xd594, 0xbd53, 0xd594, 0xd594, 0xa42e, 0x2080, 0x5a66, 0x936b, 0x734c, 0x840b, 0x9c2e, 0x9c2e, 0xbcd1, 0xbd53, 0xcd71, 0xbcd1, 
	0xa550, 0x51e5, 0x9c2b, 0xd594, 0xbd53, 0xd5f4, 0xd594, 0xbd53, 0xd5f4, 0xbd53, 0xd5f5, 0x3922, 0x0001, 0x840b, 0xbdd7, 0xd5f5, 
	0xd594, 0x8c4e, 0x0800, 0x28e0, 0x9c2e, 0x2124, 0x1000, 0xa550, 0xbd53, 0x51e5, 0x0001, 0x0800, 0x49c4, 0xbd53, 0xd5f4, 0xbd53, 
	0xd5f4, 0xd594, 0xd5f4, 0xbdf3, 0xbd53, 0x51e5, 0x0001, 0x51e5, 0xa4af, 0x2080, 0x0800, 0x9c2e, 0xd594, 0xd533, 0xd5f4, 0xd594, 
	0xd594, 0xd594, 0xccf2, 0x936b, 0x3922, 0xcc31, 0xdd54, 0xdd54, 0xdd54, 0xdd54, 0xc410, 0x69c6, 0x51c3, 0x51c3, 0x51c3, 0x51c3, 
	0x4a24, 0x49c4, 0x7349, 0xa550, 0xa550, 0xa550, 0xa5b1, 0xa550, 0x9d91, 0x9d91, 0x9591, 0x9591, 0x9591, 0x9570, 0x8571, 0x9570, 
	0x8571, 0x8530, 0x8571, 0x8530, 0x8571, 0x852f, 0x8571, 0x7d50, 0x7d50, 0x8550, 0x750f, 0x8571, 0x750f, 0x750f, 0x750f, 0x7530, 
	0x750f, 0x7d50, 0x750f, 0x7d50, 0x750f, 0x8550, 0x750f, 0x7d50, 0x750f, 0x8550, 0x750f, 0x8550, 0x750f, 0x8571, 0x750f, 0x8571, 
	0x750f, 0x7d50, 0x7d50, 0x7d50, 0x7d50, 0x7d50, 0x7d50, 0x8571, 0x7d50, 0x8550, 0x8550, 0x8550, 0x8571, 0x8550, 0x8571, 0x8550, 
	0x8571, 0x8571, 0x8571, 0x8571, 0x8550, 0x8571, 0x8550, 0x8571, 0x8571, 0x8571, 0x8571, 0x8571, 0x8d71, 0x8571, 0x8d71, 0x8d71, 
	0x8d71, 0x8d71, 0x8d71, 0x8d71, 0x8d71, 0x8d71, 0x8d71, 0xa593, 0x5b2b, 0x0060, 0x0001, 0x0001, 0x0001, 0x0001, 0x0001, 0x0001, 
	0x0001, 0x0001, 0x0001, 0x0001, 0x0001, 0x0001, 0x0027, 0x1193, 0x09dc, 0x0000, 0x0000, 0x0000, 0x0000, 0x0000, 0x0000, 0x0000, 
	0x0000, 0x0000, 0x0000, 0x0000, 0x0000, 0x0000, 0x0000, 0x11da, 0x1170, 0x0002, 0x0001, 0x0001, 0x0001, 0x0001, 0x0001, 0x0001, 
	0x0001, 0x0001, 0x0001, 0x0001, 0x0800, 0x0800, 0x1000, 0x928a, 0xbcd1, 0xdcb3, 0xcc92, 0xdcb3, 0xccf2, 0xccf2, 0xdcb3, 0xccf2, 
	0xcc92, 0xcc92, 0xccf2, 0xcc92, 0xccf2, 0xc410, 0x3922, 0x928a, 0xe5d5, 0xd594, 0xbd53, 0xd594, 0xbd53, 0xdd54, 0xd594, 0xd594, 
	0xd594, 0xd594, 0xd594, 0xd594, 0xbcd1, 0x3100, 0x5a89, 0x840b, 0x9c2e, 0x9c2e, 0x9c2e, 0x9c2e, 0xa4af, 0xbcd1, 0xb5b1, 0xbd53, 
	0xbcd1, 0x5a89, 0x69c6, 0xd5f4, 0xd594, 0xbd53, 0xd5f4, 0xd5f4, 0xbd53, 0xd5f4, 0xbd53, 0x28e0, 0x0001, 0x7b69, 0xd5f5, 0xbd53, 
	0xd5f4, 0x8c4e, 0x2080, 0x2080, 0x4a24, 0x0800, 0x1000, 0xa4af, 0xd594, 0x5b2b, 0x0800, 0x0800, 0x72a9, 0xa550, 0xbd53, 0xd5f4, 
	0xbd53, 0xbdd7, 0xd5f4, 0xd594, 0xd594, 0x4a24, 0x0001, 0x51e5, 0xa4af, 0x2080, 0x1000, 0x9c2e, 0xd5f4, 0xd594, 0xd594, 0xcd71, 
	0xd594, 0xd594, 0xccf2, 0x8a69, 0x3922, 0xcc31, 0xdd54, 0xdd54, 0xdd54, 0xdd54, 0x734c, 0x51c3, 0x51c3, 0x51c3, 0x49c4, 0x49c4, 
	0x49c4, 0x5a66, 0x94ae, 0xb5b1, 0xa550, 0xa5b1, 0xa550, 0x9d91, 0x9d91, 0x9d91, 0x9570, 0x9570, 0x9570, 0x9570, 0x8571, 0x8571, 
	0x8550, 0x8530, 0x8571, 0x852f, 0x8571, 0x852f, 0x7d50, 0x7d50, 0x7d50, 0x7d50, 0x750f, 0x7d50, 0x750f, 0x7d50, 0x7530, 0x750f, 
	0x7d50, 0x750f, 0x7d50, 0x750f, 0x7d50, 0x750f, 0x750f, 0x750f, 0x7d50, 0x750f, 0x750f, 0x750f, 0x8550, 0x750f, 0x8550, 0x750f, 
	0x8571, 0x7d50, 0x7d50, 0x7d50, 0x7d50, 0x7d50, 0x7d50, 0x7d50, 0x8550, 0x750f, 0x7530, 0x8550, 0x7530, 0x8550, 0x8550, 0x8571, 
	0x8550, 0x8550, 0x8571, 0x8571, 0x8571, 0x8571, 0x8571, 0x8550, 0x8571, 0x8571, 0x8571, 0x8571, 0x8d71, 0x8571, 0x8d71, 0x8d71, 
	0x8d71, 0x8d71, 0x8d71, 0x8d71, 0x8d71, 0x8d71, 0xa593, 0x8530, 0x2102, 0x0001, 0x0001, 0x0060, 0x0001, 0x0001, 0x0001, 0x0001, 
	0x0001, 0x0001, 0x0001, 0x0001, 0x0001, 0x0002, 0x090d, 0x19d7, 0x09dc, 0x0000, 0x0000, 0x0000, 0x0000, 0x0000, 0x0000, 0x0000, 
	0x0000, 0x0000, 0x0000, 0x0000, 0x0000, 0x0000, 0x0000, 0x09dc, 0x1193, 0x0027, 0x0002, 0x0001, 0x0001, 0x0001, 0x0001, 0x0001, 
	0x0001, 0x0001, 0x0001, 0x0001, 0x0001, 0x1000, 0x0800, 0x51e5, 0xcc92, 0xbd53, 0xdcb3, 0xccf2, 0xdcb3, 0xccf2, 0xccf2, 0xccf2, 
	0xccf2, 0xcc92, 0xcc92, 0xcc92, 0xccf2, 0xc410, 0x3922, 0x8a69, 0xe5d5, 0xd594, 0xd533, 0xd594, 0xd533, 0xd594, 0xd5f5, 0xd594, 
	0xd594, 0xd594, 0xd594, 0xd594, 0xbd53, 0x3922, 0x51e5, 0x936b, 0x840b, 0x936b, 0x840b, 0x936b, 0x734c, 0x9c2e, 0xbcd1, 0xbcf0, 
	0xbcf0, 0x7b69, 0x49c4, 0xd5f5, 0xcd71, 0xd5f5, 0xbdf3, 0xd594, 0xbd53, 0xd5f4, 0xbd53, 0x72a9, 0x41e7, 0xa42e, 0xbdd7, 0xd5f5, 
	0xd594, 0xbd53, 0x840b, 0x72a9, 0x734c, 0x734c, 0x72a9, 0xbcd1, 0xd5f4, 0x9c2e, 0x1000, 0x0800, 0x9c2e, 0xbd53, 0xd5f4, 0xd594, 
	0xd5f4, 0xd594, 0xd594, 0xbdf3, 0xbd53, 0x936b, 0x51e5, 0x9c2e, 0xbd53, 0x72a9, 0x5a66, 0xbcd1, 0xd594, 0xd594, 0xd594, 0xd594, 
	0xd594, 0xd594, 0xccf2, 0x7b69, 0x58c3, 0xbcd1, 0xdd54, 0xdd54, 0xbdd7, 0xc410, 0x69c6, 0x51c3, 0x51c3, 0x49c4, 0x49c4, 0x49c4, 
	0x49c4, 0x7349, 0xa550, 0xadb1, 0xa5b1, 0x9d70, 0xa5b1, 0x9d91, 0x9d91, 0x9d91, 0x9570, 0x9570, 0x9570, 0x8571, 0x9570, 0x8571, 
	0x8571, 0x8571, 0x852f, 0x8571, 0x852f, 0x8571, 0x7d50, 0x7d50, 0x7d50, 0x7d50, 0x8550, 0x750f, 0x7d50, 0x7530, 0x750f, 0x7d50, 
	0x750f, 0x750f, 0x750f, 0x750f, 0x750f, 0x750f, 0x7d50, 0x750f, 0x7530, 0x7d50, 0x7530, 0x7530, 0x750f, 0x8550, 0x750f, 0x8550, 
	0x750f, 0x7d50, 0x7d50, 0x7d50, 0x7d50, 0x7d50, 0x7d50, 0x8571, 0x750f, 0x8571, 0x7d50, 0x8550, 0x8550, 0x8571, 0x7530, 0x8571, 
	0x8571, 0x8550, 0x8571, 0x8550, 0x8571, 0x8550, 0x8571, 0x8571, 0x8571, 0x8571, 0x8571, 0x8571, 0x8d71, 0x8571, 0x8d71, 0x8d71, 
	0x8d71, 0x9591, 0x9591, 0x9591, 0x8d71, 0xa593, 0xa593, 0x5b2b, 0x0060, 0x0060, 0x0001, 0x0001, 0x0001, 0x0001, 0x0001, 0x0001, 
	0x0001, 0x0001, 0x0001, 0x0001, 0x0001, 0x0004, 0x1193, 0x11da, 0x0000, 0x0000, 0x0000, 0x0000, 0x0000, 0x0000, 0x0000, 0x0000, 
	0x0000, 0x0000, 0x0000, 0x0000, 0x0000, 0x0000, 0x0000, 0x0000, 0x19d7, 0x00d1, 0x0002, 0x0001, 0x0001, 0x0001, 0x0001, 0x0001, 
	0x0001, 0x0001, 0x0001, 0x0001, 0x0001, 0x0800, 0x0800, 0x1000, 0xa42e, 0xdcb3, 0xbd53, 0xdcb3, 0xccf2, 0xdcb3, 0xccf2, 0xccf2, 
	0xcc92, 0xccf2, 0xcc92, 0xccf2, 0xccf2, 0xc410, 0x3922, 0x8a69, 0xe5d5, 0xd594, 0xd594, 0xd594, 0xd594, 0xd594, 0xd594, 0xd594, 
	0xd594, 0xd594, 0xd594, 0xd594, 0xbd53, 0x4a24, 0x3922, 0x936b, 0x9c2e, 0x928a, 0x72a9, 0x7b06, 0x6a42, 0x7b06, 0xcc6b, 0xbcf0, 
	0xbcf0, 0x840b, 0x3060, 0xcd71, 0xd594, 0xd594, 0xd594, 0xbd53, 0xbd53, 0xd5f4, 0xa593, 0xd594, 0xd5f5, 0xd5f5, 0xd5f5, 0xbd53, 
	0xbd53, 0xbd53, 0xd594, 0xd5f4, 0xd594, 0xd594, 0xa593, 0xd594, 0xbcd1, 0x41e7, 0x0001, 0x3100, 0xbd53, 0xbd53, 0xd594, 0xbd53, 
	0xbdd7, 0xd594, 0xd594, 0xd594, 0xd594, 0xd5f4, 0xd594, 0xbd53, 0xd594, 0xd594, 0xd594, 0xcd71, 0xd594, 0xd594, 0xd594, 0xd594, 
	0xd594, 0xd594, 0xccf2, 0x936b, 0x3060, 0xcc92, 0xdd54, 0xd533, 0xdcb3, 0x72a9, 0x3944, 0x69c6, 0x49c4, 0x51c3, 0x51c3, 0x49c4, 
	0x62e6, 0x94ae, 0xadb1, 0xadb1, 0xa5b1, 0xa5b1, 0x9d91, 0x9d91, 0x9d91, 0x9570, 0x9570, 0x9570, 0x8571, 0x9570, 0x8571, 0x8550, 
	0x8550, 0x8571, 0x852f, 0x7d50, 0x7d50, 0x7d50, 0x7d50, 0x7d50, 0x7d50, 0x7d50, 0x750f, 0x7d50, 0x750f, 0x7530, 0x7530, 0x750f, 
	0x750f, 0x750f, 0x750f, 0x750f, 0x750f, 0x750f, 0x750f, 0x750f, 0x750f, 0x750f, 0x750f, 0x7d50, 0x7530, 0x750f, 0x7530, 0x750f, 
	0x7d50, 0x7530, 0x7d50, 0x7d50, 0x7d50, 0x7d50, 0x7530, 0x7d50, 0x8571, 0x750f, 0x8571, 0x750f, 0x8571, 0x7530, 0x8550, 0x8550, 
	0x8550, 0x8571, 0x8571, 0x8571, 0x8571, 0x8571, 0x8571, 0x8571, 0x8571, 0x8571, 0x8571, 0x8d71, 0x8571, 0x8d71, 0x8d71, 0x8d71, 
	0x8d71, 0x8d71, 0x8d71, 0x8d71, 0x8d71, 0x8571, 0x7530, 0x08e1, 0x0060, 0x0001, 0x0060, 0x0001, 0x0001, 0x0001, 0x0001, 0x0001, 
	0x0001, 0x0001, 0x0001, 0x0001, 0x0001, 0x090d, 0x0177, 0x09dc, 0x0000, 0x0000, 0x0000, 0x0000, 0x0000, 0x0000, 0x0000, 0x0000, 
	0x0000, 0x0000, 0x0000, 0x0000, 0x0000, 0x0000, 0x0000, 0x0000, 0x09dc, 0x1193, 0x0027, 0x0001, 0x0001, 0x0001, 0x0001, 0x0001, 
	0x0001, 0x0001, 0x0001, 0x0001, 0x0001, 0x0001, 0x0001, 0x0001, 0x5a89, 0xcc92, 0xcc31, 0xbd53, 0xdcb3, 0xccf2, 0xdcb3, 0xccf2, 
	0xcc92, 0xcc92, 0xccf2, 0xcc92, 0xccf2, 0xc410, 0x3922, 0x8a69, 0xe5d5, 0xbd53, 0xbd53, 0xd5f5, 0xbd53, 0xd594, 0xd594, 0xd594, 
	0xd594, 0xd594, 0xd594, 0xd594, 0xbd53, 0x5a66, 0x3944, 0x936b, 0x936b, 0x928a, 0x6a42, 0x91e9, 0x9ae1, 0xa323, 0xcc6b, 0xcd8b, 
	0xcd6e, 0x9be8, 0x28e0, 0xbcf0, 0xbd53, 0xd594, 0xbdf3, 0xd5f4, 0xd594, 0xbd53, 0xd594, 0xbd53, 0x840b, 0x6308, 0x72a9, 0x8c4e, 
	0xbd53, 0xd594, 0xbd53, 0xbd53, 0xbd53, 0xd5f4, 0xd594, 0xbd53, 0xa550, 0x3944, 0x49c4, 0x936b, 0xd5f4, 0xbd53, 0xbdf3, 0xd594, 
	0xd594, 0xbd53, 0xd5f4, 0xd594, 0xd594, 0xbd53, 0xd5f5, 0xd594, 0xd594, 0xd5f4, 0xd594, 0xd5f5, 0xd5f4, 0xd5f4, 0xd594, 0xd5f4, 
	0xd594, 0xd594, 0xccf2, 0x936b, 0x3060, 0xbcd1, 0xd533, 0xdd54, 0xc410, 0x5a89, 0x58c3, 0x51c3, 0x49c4, 0x49c4, 0x49c4, 0x49c4, 
	0x7b69, 0xa550, 0xadb1, 0xa5b1, 0xa5b1, 0x9d91, 0x9d91, 0x9d91, 0x9591, 0x9591, 0x9570, 0x9570, 0x8571, 0x8571, 0x8550, 0x8550, 
	0x8571, 0x852f, 0x8571, 0x7d50, 0x7d50, 0x7d50, 0x7d50, 0x7d50, 0x7d50, 0x750f, 0x7d50, 0x7d50, 0x750f, 0x7530, 0x750f, 0x750f, 
	0x750f, 0x750f, 0x750f, 0x750f, 0x750f, 0x750f, 0x750f, 0x750f, 0x750f, 0x7530, 0x7d50, 0x750f, 0x750f, 0x7530, 0x750f, 0x7530, 
	0x7d50, 0x7530, 0x7530, 0x7530, 0x7530, 0x7d50, 0x7530, 0x7d50, 0x750f, 0x8571, 0x750f, 0x8571, 0x750f, 0x8571, 0x8550, 0x7530, 
	0x8571, 0x7d50, 0x8550, 0x8571, 0x8530, 0x8571, 0x8571, 0x8571, 0x8571, 0x8571, 0x8571, 0x8d71, 0x8d71, 0x8d71, 0x8d71, 0x8d71, 
	0x8d71, 0x8d71, 0x8d71, 0x8d71, 0xa593, 0xa593, 0x42a8, 0x08e1, 0x0001, 0x0060, 0x0001, 0x0001, 0x0001, 0x0001, 0x0001, 0x0001, 
	0x0001, 0x0001, 0x0001, 0x0001, 0x0004, 0x1170, 0x11da, 0x0000, 0x0000, 0x0000, 0x0000, 0x0000, 0x0000, 0x0000, 0x0000, 0x0000, 
	0x0000, 0x0000, 0x0000, 0x0000, 0x0000, 0x0000, 0x0000, 0x0000, 0x0000, 0x11da, 0x006d, 0x0002, 0x0001, 0x0001, 0x0001, 0x0001, 
	0x0001, 0x0001, 0x0001, 0x0001, 0x0001, 0x0001, 0x0001, 0x0001, 0x1000, 0xa42e, 0xbdd7, 0xdcb3, 0xdcb3, 0xdcb3, 0xbcd1, 0xd533, 
	0xcc92, 0xccf2, 0xcc92, 0xcc92, 0xccf2, 0xc410, 0x3922, 0x8a69, 0xd594, 0xd594, 0xd533, 0xd5f5, 0xd594, 0xd594, 0xd594, 0xd594, 
	0xd594, 0xd594, 0xbd53, 0xd594, 0xd5f4, 0x734c, 0x28e0, 0x936b, 0x936b, 0x928a, 0x8a69, 0x9ae1, 0xb386, 0xcc6b, 0xe5ab, 0xd5ee, 
	0xd5ee, 0xb4eb, 0x28e0, 0x9c2e, 0xd594, 0xd594, 0xd594, 0xbd53, 0xd5f4, 0xbdf3, 0xbd53, 0x734c, 0x2080, 0x0800, 0x1000, 0x2020, 
	0x734c, 0xbdf3, 0xbd53, 0xbd53, 0xc675, 0xd5f4, 0xbdd7, 0xbd53, 0xbd53, 0xbd53, 0xbd53, 0xd5f4, 0xbdf3, 0xbd53, 0xbd53, 0xbdd7, 
	0xd5f4, 0xd594, 0xbd53, 0xd5f4, 0xbd53, 0xd594, 0xd594, 0xd5f4, 0xd5f4, 0xd594, 0xd594, 0xd594, 0xbd53, 0xd594, 0xd594, 0xd594, 
	0xd594, 0xd594, 0xccf2, 0x7b69, 0x3060, 0xcc31, 0xdd54, 0xbd53, 0x72a9, 0x3944, 0x51c3, 0x58c3, 0x49c4, 0x49c4, 0x41a1, 0x62e6, 
	0x94ae, 0xadb1, 0xadb1, 0xa5b1, 0x9d91, 0xa550, 0x9591, 0x9591, 0x9591, 0x9591, 0x9570, 0x9570, 0x8571, 0x8550, 0x8571, 0x8550, 
	0x8550, 0x8550, 0x7d50, 0x7d50, 0x750f, 0x7d50, 0x7d50, 0x7d50, 0x750f, 0x7d50, 0x750f, 0x7530, 0x750f, 0x750f, 0x750f, 0x750f, 
	0x750f, 0x750f, 0x750f, 0x750f, 0x750f, 0x750f, 0x750f, 0x750f, 0x750f, 0x750f, 0x750f, 0x750f, 0x750f, 0x750f, 0x750f, 0x750f, 
	0x7530, 0x7530, 0x7530, 0x7530, 0x7530, 0x7530, 0x7530, 0x7d50, 0x7530, 0x750f, 0x7530, 0x7d50, 0x8550, 0x750f, 0x8571, 0x7d50, 
	0x7d50, 0x8571, 0x8550, 0x8571, 0x8571, 0x8571, 0x8571, 0x8571, 0x8571, 0x8571, 0x8530, 0x8d71, 0x8d71, 0x8d71, 0x8d71, 0x8d71, 
	0x9591, 0x8d71, 0x8571, 0x8571, 0x8571, 0x8530, 0x2102, 0x0001, 0x0060, 0x0001, 0x0001, 0x0001, 0x0001, 0x0001, 0x0001, 0x0001, 
	0x0001, 0x0001, 0x0001, 0x0001, 0x006d, 0x0177, 0x09dc, 0x0000, 0x0000, 0x0000, 0x0000, 0x0000, 0x0000, 0x0000, 0x0000, 0x0000, 
	0x0000, 0x0000, 0x0000, 0x0000, 0x0000, 0x0000, 0x0000, 0x0000, 0x0000, 0x09dc, 0x1170, 0x0027, 0x0001, 0x0001, 0x0001, 0x0001, 
	0x0001, 0x0001, 0x0001, 0x0001, 0x0001, 0x0001, 0x0001, 0x0001, 0x0001, 0x69c6, 0xdcb3, 0xbd53, 0xdcb3, 0xdcb3, 0xdcb3, 0xccf2, 
	0xcc92, 0xcc92, 0xccf2, 0xcc92, 0xccf2, 0xc410, 0x58c3, 0x72a9, 0xd594, 0xd594, 0xbd53, 0xd5f5, 0xbd53, 0xd594, 0xd594, 0xd594, 
	0xd594, 0xbd53, 0xd5f4, 0xd594, 0xd5f4, 0x9c2e, 0x2020, 0x734c, 0x7349, 0x72a9, 0x51c3, 0x58c3, 0xcceb, 0xe5ee, 0xe5ee, 0xe5ee, 
	0xee70, 0xa550, 0x5160, 0x840b, 0xd594, 0xbd53, 0xd5f4, 0xbd53, 0xd5f4, 0xd594, 0xbd53, 0x49c4, 0x0001, 0x72a9, 0x72a9, 0x0800, 
	0x5a89, 0xd594, 0xa4af, 0xa4af, 0xa4af, 0x9c2e, 0x9c2e, 0xd594, 0xbd53, 0xa4af, 0xa4af, 0xa4af, 0x8c4e, 0xbd53, 0xbcd1, 0x840b, 
	0x936b, 0x8c4e, 0xbd53, 0xbd53, 0xa4af, 0xa4af, 0xbcd1, 0xbd53, 0x9c2e, 0xa4af, 0xbcd1, 0xd594, 0xcd71, 0xd594, 0xd594, 0xd594, 
	0xd594, 0xd594, 0xccf2, 0x936b, 0x3060, 0xcc31, 0xbdd7, 0xb36e, 0x69c6, 0x3944, 0x51c3, 0x3944, 0x3922, 0x49c4, 0x4a24, 0x734c, 
	0x9d70, 0xadb1, 0xa5b1, 0xa5b1, 0x9d91, 0x9d91, 0x9591, 0x9591, 0x9591, 0x9570, 0x9570, 0x8571, 0x9570, 0x8571, 0x8550, 0x8550, 
	0x8550, 0x8550, 0x750f, 0x8571, 0x750f, 0x7d50, 0x750f, 0x750f, 0x750f, 0x750f, 0x7530, 0x750f, 0x7530, 0x7530, 0x7530, 0x750f, 
	0x750f, 0x750f, 0x750f, 0x750f, 0x750f, 0x750f, 0x750f, 0x750f, 0x750f, 0x750f, 0x750f, 0x750f, 0x750f, 0x750f, 0x750f, 0x750f, 
	0x7530, 0x750f, 0x7530, 0x7530, 0x7530, 0x7530, 0x7530, 0x7530, 0x7530, 0x7d50, 0x750f, 0x8571, 0x750f, 0x8571, 0x750f, 0x8571, 
	0x7d50, 0x8571, 0x852f, 0x8571, 0x8571, 0x8571, 0x8530, 0x8571, 0x8571, 0x8571, 0x8d71, 0x8530, 0x8d71, 0x8d71, 0x8d71, 0x8571, 
	0x8d71, 0x8571, 0x8d71, 0x8d71, 0xa593, 0x5b2b, 0x0001, 0x0060, 0x0060, 0x0001, 0x0001, 0x0001, 0x0001, 0x0001, 0x0001, 0x0001, 
	0x0001, 0x0001, 0x0001, 0x0002, 0x1170, 0x11da, 0x0000, 0x0000, 0x0000, 0x0000, 0x0000, 0x0000, 0x0000, 0x0000, 0x0000, 0x0000, 
	0x0000, 0x0000, 0x0000, 0x0000, 0x0000, 0x0000, 0x0000, 0x0000, 0x0000, 0x09dc, 0x19d7, 0x090d, 0x0002, 0x0001, 0x0001, 0x0001, 
	0x0001, 0x0001, 0x0001, 0x0001, 0x0001, 0x0001, 0x0001, 0x0001, 0x0001, 0x0001, 0x936b, 0xbd53, 0xd533, 0xbd53, 0xdcb3, 0xccf2, 
	0xccf2, 0xcc92, 0xcc92, 0xccf2, 0xccf2, 0xc410, 0x4120, 0x8a69, 0xd594, 0xdd54, 0xd594, 0xd5f5, 0xbd53, 0xd594, 0xd594, 0xd594, 
	0xd594, 0xd594, 0xd594, 0xbd53, 0xd5f5, 0xa4af, 0x28e0, 0x72a9, 0x41e7, 0x41e7, 0x51e5, 0x51c3, 0xb4eb, 0xeeeb, 0xd5ee, 0xef0e, 
	0xd5ee, 0xd5ee, 0x41a1, 0x7b69, 0xd594, 0xd594, 0xbd53, 0xd5f4, 0xbd53, 0xbdd7, 0xbd53, 0x2080, 0x0800, 0x51e5, 0xa550, 0xa42e, 
	0x9c2e, 0xbd53, 0x2124, 0x28e0, 0x3944, 0x1000, 0x1860, 0x9c2e, 0xbd53, 0x28e0, 0x1860, 0x2080, 0x49c4, 0x936b, 0x3944, 0x1000, 
	0x2020, 0x2020, 0x72a9, 0xbcd1, 0x3922, 0x1000, 0x9c2e, 0x72a9, 0x1000, 0x51e5, 0xd594, 0xd5f5, 0xbd53, 0xd594, 0xd594, 0xd594, 
	0xd594, 0xd594, 0xccf2, 0x7b69, 0x3060, 0xc410, 0xbd53, 0x5a89, 0x51e5, 0x58c3, 0x51e5, 0x49c4, 0x3100, 0x4a24, 0x5a66, 0x94ae, 
	0xadb1, 0xa5b1, 0xa5b1, 0x9d91, 0x9d91, 0x9d91, 0x9591, 0x9591, 0x9591, 0x8d70, 0x9570, 0x8571, 0x8571, 0x8550, 0x8571, 0x8550, 
	0x8571, 0x750f, 0x8571, 0x750f, 0x7530, 0x750f, 0x7530, 0x750f, 0x7530, 0x750f, 0x7530, 0x7530, 0x750f, 0x750f, 0x750f, 0x750f, 
	0x750f, 0x750f, 0x750f, 0x750f, 0x750f, 0x750f, 0x750f, 0x750f, 0x750f, 0x750f, 0x750f, 0x750f, 0x750f, 0x750f, 0x750f, 0x750f, 
	0x7530, 0x7530, 0x750f, 0x7530, 0x7530, 0x7530, 0x7530, 0x7530, 0x7d50, 0x750f, 0x7d50, 0x750f, 0x8571, 0x750f, 0x7d50, 0x7d50, 
	0x8571, 0x7d50, 0x8571, 0x8530, 0x8571, 0x8571, 0x8571, 0x8571, 0x8571, 0x8571, 0x8571, 0x8d71, 0x8571, 0x8d71, 0x8d71, 0x8d71, 
	0xa593, 0x8571, 0x8571, 0x8d71, 0x6d0f, 0x0060, 0x0001, 0x0001, 0x0001, 0x0060, 0x0001, 0x0001, 0x0001, 0x0001, 0x0001, 0x0001, 
	0x0001, 0x0001, 0x0001, 0x004a, 0x0177, 0x09dc, 0x0000, 0x0000, 0x0000, 0x0000, 0x0000, 0x0000, 0x0000, 0x0000, 0x0000, 0x0000, 
	0x0000, 0x0000, 0x0000, 0x0000, 0x0000, 0x0000, 0x0000, 0x0000, 0x0000, 0x0000, 0x09dc, 0x1193, 0x0027, 0x0001, 0x0001, 0x0001, 
	0x0001, 0x0001, 0x0001, 0x0001, 0x0001, 0x0001, 0x0001, 0x0001, 0x0800, 0x0001, 0x2102, 0xcc92, 0xdcb3, 0xcc92, 0xdcb3, 0xbcd1, 
	0xdcb3, 0xccf2, 0xcc92, 0xcc92, 0xccf2, 0xc410, 0x3922, 0x8a69, 0xd5f5, 0xd533, 0xd594, 0xd5f5, 0xdd54, 0xd594, 0xd594, 0xd594, 
	0xbd53, 0xd594, 0xd594, 0xd594, 0xd5f5, 0xbcd1, 0x28e0, 0x5a89, 0x42a8, 0x41e7, 0x31a7, 0x4a24, 0xb46a, 0xd5ee, 0xeeeb, 0xd5ee, 
	0xef0e, 0xd5ee, 0x5223, 0x72a9, 0xd594, 0xbd53, 0xbdd7, 0xd594, 0xd594, 0xd5f4, 0xbd53, 0x5a89, 0x0001, 0x0001, 0x28e0, 0x734c, 
	0xbcd1, 0xb5b1, 0x3060, 0x2080, 0x72a9, 0x49c4, 0x0001, 0x5a66, 0xbcd1, 0x2080, 0x0001, 0x3922, 0x72a9, 0x5b2b, 0x3060, 0x6308, 
	0x72a9, 0x0800, 0x3922, 0xbcd1, 0x3944, 0x0001, 0x72a9, 0x51e5, 0x0800, 0x72a9, 0xd5f5, 0xd594, 0xd594, 0xd594, 0xd594, 0xd594, 
	0xd594, 0xd594, 0xbcd1, 0x936b, 0x3060, 0xc410, 0xa42e, 0x69c6, 0x49c4, 0x49c4, 0x51e5, 0x49c4, 0x29c4, 0x41a1, 0x6beb, 0xadb1, 
	0xa5b1, 0xa5b1, 0xa5b1, 0xa550, 0x9d91, 0x9d91, 0x8d71, 0x8d70, 0x9570, 0x9570, 0x8550, 0x8d70, 0x8d70, 0x852f, 0x8571, 0x8550, 
	0x7d50, 0x8571, 0x750f, 0x7530, 0x7d50, 0x750f, 0x750f, 0x7530, 0x750f, 0x7530, 0x750f, 0x750f, 0x7530, 0x750f, 0x7530, 0x750f, 
	0x750f, 0x750f, 0x750f, 0x750f, 0x750f, 0x750f, 0x750f, 0x750f, 0x750f, 0x750f, 0x750f, 0x750f, 0x750f, 0x750f, 0x750f, 0x750f, 
	0x7530, 0x750f, 0x7530, 0x7530, 0x750f, 0x7530, 0x750f, 0x7530, 0x750f, 0x7530, 0x750f, 0x7d50, 0x750f, 0x7d50, 0x7d50, 0x7d50, 
	0x7d50, 0x7d50, 0x8571, 0x8571, 0x8571, 0x8571, 0x8530, 0x8571, 0x8571, 0x8571, 0x8530, 0x8d71, 0x8571, 0x8571, 0x8d71, 0x8571, 
	0x8571, 0x8571, 0x8d71, 0x8d71, 0x31a7, 0x0001, 0x0001, 0x0001, 0x0060, 0x0001, 0x0001, 0x0001, 0x0001, 0x0001, 0x0001, 0x0001, 
	0x0001, 0x0001, 0x0004, 0x1170, 0x11da, 0x0000, 0x0000, 0x0000, 0x0000, 0x0000, 0x0000, 0x0000, 0x0000, 0x0000, 0x0000, 0x0000, 
	0x0000, 0x0000, 0x0000, 0x0000, 0x0000, 0x0000, 0x0000, 0x0000, 0x0000, 0x0000, 0x09dc, 0x0177, 0x090d, 0x0002, 0x0001, 0x0001, 
	0x0001, 0x0001, 0x0001, 0x0001, 0x0001, 0x0001, 0x0001, 0x0001, 0x0001, 0x0800, 0x0800, 0x5a89, 0xbd53, 0xd533, 0xbd53, 0xdcb3, 
	0xccf2, 0xcc92, 0xccf2, 0xcc92, 0xccf2, 0xc410, 0x3922, 0x8a69, 0xd594, 0xd594, 0xbd53, 0xd5f5, 0xd594, 0xd594, 0xd594, 0xd594, 
	0xd594, 0xd594, 0xbd53, 0xd594, 0xbd53, 0xbd53, 0x49c4, 0x49c4, 0x41e7, 0x41e7, 0x31a7, 0x31a7, 0x7b69, 0xd5ee, 0xd5ee, 0xd5ee, 
	0xd5ee, 0xd5ee, 0x5a66, 0x49c4, 0xd594, 0xd594, 0xd594, 0xbd53, 0xbdd7, 0xd594, 0xbd53, 0xa4af, 0x5a66, 0x1000, 0x0001, 0x0800, 
	0x5a89, 0xbcf0, 0x2080, 0x0800, 0x9c2e, 0x72a9, 0x0001, 0x49c4, 0xa4af, 0x2080, 0x2080, 0xa4af, 0xbcd1, 0xbcf0, 0x9c2e, 0x936b, 
	0x49c4, 0x0001, 0x2080, 0xbcf0, 0x72a9, 0x0001, 0x51e5, 0x51c3, 0x1000, 0x9c2e, 0xe5d5, 0xd594, 0xd594, 0xd594, 0xd594, 0xd594, 
	0xd594, 0xd594, 0xbcd1, 0x936b, 0x3060, 0xa42e, 0x72a9, 0x3944, 0x51e5, 0x3944, 0x3922, 0x49c4, 0x3922, 0x5a66, 0xa550, 0xadb1, 
	0xa5b1, 0xa5b1, 0x9d91, 0x9d91, 0x9591, 0x9591, 0x8d71, 0x8d71, 0x8d70, 0x8d70, 0x8d70, 0x8550, 0x852f, 0x8571, 0x8550, 0x8571, 
	0x7d50, 0x750f, 0x8571, 0x750f, 0x7530, 0x7530, 0x750f, 0x7530, 0x7530, 0x750f, 0x750f, 0x7530, 0x750f, 0x7530, 0x750f, 0x7530, 
	0x750f, 0x750f, 0x750f, 0x750f, 0x750f, 0x750f, 0x750f, 0x750f, 0x750f, 0x750f, 0x750f, 0x750f, 0x7530, 0x750f, 0x7530, 0x750f, 
	0x7530, 0x7530, 0x7530, 0x7530, 0x7530, 0x750f, 0x7530, 0x7530, 0x7530, 0x750f, 0x7d50, 0x7530, 0x7d50, 0x7d50, 0x7d50, 0x7d50, 
	0x8571, 0x7d50, 0x8530, 0x8571, 0x8571, 0x8571, 0x8571, 0x8571, 0x8571, 0x8571, 0x8571, 0x8571, 0x8571, 0x8571, 0x8571, 0x8d71, 
	0x8d71, 0xa593, 0xa593, 0x6beb, 0x0060, 0x0001, 0x0060, 0x0001, 0x0001, 0x0001, 0x0001, 0x0001, 0x0001, 0x0001, 0x0001, 0x0001, 
	0x0001, 0x0001, 0x004a, 0x1193, 0x09dc, 0x0000, 0x0000, 0x0000, 0x0000, 0x0000, 0x0000, 0x0000, 0x0000, 0x0000, 0x0000, 0x0000, 
	0x0000, 0x0000, 0x0000, 0x0000, 0x0000, 0x0000, 0x0000, 0x0000, 0x0000, 0x0000, 0x0000, 0x11da, 0x1170, 0x0027, 0x0001, 0x0001, 
	0x0001, 0x0001, 0x0001, 0x0001, 0x0001, 0x0001, 0x0001, 0x0001, 0x0001, 0x0001, 0x1000, 0x2020, 0xc410, 0xcc92, 0xd533, 0xdcb3, 
	0xcc92, 0xccf2, 0xcc92, 0xcc92, 0xccf2, 0xc410, 0x58c3, 0x72a9, 0xd594, 0xdd54, 0xd594, 0xd594, 0xd594, 0xd594, 0xd594, 0xd594, 
	0xd594, 0xd594, 0xd594, 0xd594, 0xd5f4, 0xd5f4, 0x3944, 0x29c4, 0x5a89, 0x41e7, 0x31a7, 0x41e7, 0x62e6, 0xa550, 0xd5ee, 0xd5ee, 
	0xd5ee, 0xb4eb, 0x5a43, 0x3100, 0xd594, 0xd594, 0xbdd7, 0xd594, 0xd594, 0xbdd7, 0xd594, 0xbd53, 0xbd53, 0x9c2e, 0x3922, 0x0800, 
	0x2080, 0xa550, 0x2080, 0x1000, 0xa4af, 0x72a9, 0x0001, 0x49c4, 0xa4af, 0x2080, 0x28e0, 0xbd53, 0xbd53, 0x72a9, 0x2102, 0x3100, 
	0x3944, 0x1000, 0x2080, 0xbcd1, 0x9c2e, 0x1000, 0x3060, 0x2080, 0x2020, 0xa4af, 0xd594, 0xd594, 0xd594, 0xd594, 0xd594, 0xd594, 
	0xd594, 0xd594, 0xbcd1, 0x936b, 0x3060, 0x69c6, 0x51e5, 0x3944, 0x51e5, 0x58c3, 0x49c4, 0x3944, 0x4a24, 0x6beb, 0xadb1, 0x9d70, 
	0xa5b1, 0xa5b1, 0x9d91, 0x9d91, 0x9591, 0x9591, 0x8d70, 0x8d70, 0x8d70, 0x8d70, 0x8d4f, 0x8550, 0x8550, 0x852f, 0x8571, 0x7d50, 
	0x8550, 0x8571, 0x750f, 0x7530, 0x7530, 0x7530, 0x750f, 0x7530, 0x750f, 0x750f, 0x7530, 0x750f, 0x750f, 0x750f, 0x750f, 0x750f, 
	0x750f, 0x750f, 0x750f, 0x750f, 0x750f, 0x750f, 0x750f, 0x750f, 0x750f, 0x750f, 0x750f, 0x7530, 0x750f, 0x7530, 0x750f, 0x7530, 
	0x7530, 0x7530, 0x7530, 0x7530, 0x7530, 0x7530, 0x7530, 0x7530, 0x750f, 0x7530, 0x7d50, 0x7d50, 0x7d50, 0x7d50, 0x7d50, 0x7d50, 
	0x7d50, 0x7d50, 0x8571, 0x8571, 0x8530, 0x8571, 0x8571, 0x8530, 0x8571, 0x8571, 0x8571, 0x8571, 0x9d70, 0x8571, 0x9591, 0x8d71, 
	0x8571, 0x8571, 0x8d71, 0x2124, 0x0001, 0x0001, 0x0001, 0x0001, 0x0001, 0x0001, 0x0001, 0x0001, 0x0001, 0x0001, 0x0001, 0x0001, 
	0x0001, 0x0004, 0x00d1, 0x11da, 0x09dc, 0x0000, 0x0000, 0x0000, 0x0000, 0x0000, 0x0000, 0x0000, 0x0000, 0x0000, 0x0000, 0x0000, 
	0x0000, 0x0000, 0x0000, 0x0000, 0x0000, 0x0000, 0x0000, 0x0000, 0x0000, 0x0000, 0x0000, 0x09dc, 0x19d7, 0x006d, 0x0002, 0x0001, 
	0x0001, 0x0001, 0x0001, 0x0001, 0x0001, 0x0001, 0x0001, 0x0001, 0x0001, 0x0001, 0x0800, 0x0800, 0x41e7, 0xa42e, 0xdcb3, 0xbd53, 
	0xcc92, 0xcc92, 0xcc92, 0xccf2, 0xdcb3, 0xc410, 0x3922, 0x8a69, 0xd5f5, 0xd533, 0xd594, 0xd594, 0xd594, 0xd594, 0xd594, 0xd594, 
	0xbd53, 0xd594, 0xbd53, 0xd594, 0xbd53, 0xd5f4, 0x72a9, 0x3922, 0x5b2b, 0x5b2b, 0x5a89, 0x5b2b, 0x9c2e, 0xb5b1, 0xb5b1, 0xd5ee, 
	0xa550, 0xb4eb, 0x7b69, 0x3100, 0xa550, 0xd594, 0xd594, 0xd594, 0xd594, 0xd5f5, 0xbd53, 0x51e5, 0x3922, 0xa42e, 0x72a9, 0x0800, 
	0x2080, 0xa4af, 0x2080, 0x1000, 0x9c2e, 0x5a66, 0x0001, 0x51e5, 0xa42e, 0x1860, 0x28e0, 0xbd53, 0xd594, 0x3944, 0x0001, 0x5a89, 
	0x7b69, 0x0800, 0x2080, 0xbcd1, 0xbd53, 0x3922, 0x1000, 0x0800, 0x51e5, 0xd594, 0xbd53, 0xcd71, 0xd594, 0xd594, 0xd594, 0xd594, 
	0xd594, 0xd5f4, 0xbcd1, 0x936b, 0x2020, 0x58c3, 0x49c4, 0x3944, 0x51c3, 0x3944, 0x3944, 0x41a1, 0x7349, 0x94ae, 0xa5b1, 0xa5b1, 
	0xa5b1, 0xa5b1, 0xa550, 0x9591, 0x9591, 0x9591, 0x9591, 0x8d70, 0x8d70, 0x8d70, 0x852f, 0x852f, 0x8550, 0x852f, 0x852f, 0x8571, 
	0x750f, 0x8571, 0x750f, 0x7530, 0x7530, 0x750f, 0x7530, 0x750f, 0x7530, 0x7530, 0x750f, 0x750f, 0x7530, 0x750f, 0x7530, 0x750f, 
	0x750f, 0x750f, 0x750f, 0x750f, 0x750f, 0x750f, 0x750f, 0x750f, 0x750f, 0x750f, 0x750f, 0x7530, 0x7530, 0x7530, 0x7530, 0x7530, 
	0x7530, 0x7530, 0x7530, 0x7530, 0x7530, 0x7530, 0x7530, 0x7530, 0x7530, 0x7d50, 0x750f, 0x7d50, 0x750f, 0x7d50, 0x7d50, 0x7d50, 
	0x7d50, 0x8571, 0x7d50, 0x8530, 0x8571, 0x8571, 0x8571, 0x8530, 0x8571, 0x8571, 0x8571, 0x8571, 0x8571, 0x9591, 0x8d71, 0x8d71, 
	0xa593, 0x8d71, 0x5a89, 0x0001, 0x0001, 0x0001, 0x0001, 0x0001, 0x0001, 0x0001, 0x0001, 0x0001, 0x0001, 0x0001, 0x0001, 0x0001, 
	0x0001, 0x004a, 0x1193, 0x09dc, 0x0000, 0x0000, 0x0000, 0x0000, 0x0000, 0x0000, 0x0000, 0x0000, 0x0000, 0x0000, 0x0000, 0x0000, 
	0x0000, 0x0000, 0x0000, 0x0000, 0x0000, 0x0000, 0x0000, 0x0000, 0x0000, 0x0000, 0x0000, 0x0000, 0x09dc, 0x1193, 0x0027, 0x0001, 
	0x0001, 0x0001, 0x0001, 0x0001, 0x0001, 0x0001, 0x0001, 0x0001, 0x0001, 0x0001, 0x0800, 0x0800, 0x1000, 0xa42e, 0xcc92, 0xcc92, 
	0xcc92, 0xdcb3, 0xcc92, 0xcc92, 0xccf2, 0xcc31, 0x3922, 0x8a69, 0xd5f5, 0xbd53, 0xd594, 0xd594, 0xd594, 0xd594, 0xd594, 0xd594, 
	0xd594, 0xd594, 0xd594, 0xd594, 0xbd53, 0xd5f4, 0x734c, 0x28e0, 0x734c, 0x6c4e, 0x840b, 0x8c4e, 0xa550, 0xb5b1, 0xb5b1, 0xb5b1, 
	0xbcf0, 0xa4af, 0x9c2e, 0x3060, 0xa4af, 0xd5f5, 0xd594, 0xd594, 0xd594, 0xbdd7, 0xbcd1, 0x49c4, 0x0001, 0x3922, 0x3922, 0x1000, 
	0x51e5, 0xa4af, 0x2080, 0x1000, 0x28e0, 0x1000, 0x0001, 0x7349, 0xa42e, 0x2080, 0x28e0, 0xbd53, 0xb5b1, 0x3922, 0x0001, 0x3100, 
	0x3922, 0x0001, 0x2080, 0xbcf0, 0xd594, 0x41e7, 0x0800, 0x1000, 0x72a9, 0xd5f4, 0xd5f5, 0xbd53, 0xd594, 0xd594, 0xd594, 0xd594, 
	0xd594, 0xd594, 0xbcd1, 0x936b, 0x2080, 0x3944, 0x49c4, 0x51e5, 0x58c3, 0x49c4, 0x49c4, 0x4a24, 0x6c4e, 0xa4af, 0xa5b1, 0xa5b1, 
	0xa5b1, 0x9d91, 0x9d91, 0x9591, 0x9591, 0x9591, 0x9570, 0x9570, 0x9570, 0x8d4f, 0x9570, 0x852f, 0x8550, 0x8530, 0x8571, 0x7d50, 
	0x8550, 0x750f, 0x8571, 0x750f, 0x7530, 0x7530, 0x750f, 0x7530, 0x750f, 0x7530, 0x7530, 0x7530, 0x750f, 0x7530, 0x750f, 0x750f, 
	0x750f, 0x750f, 0x750f, 0x750f, 0x750f, 0x750f, 0x750f, 0x750f, 0x750f, 0x7530, 0x7530, 0x750f, 0x7530, 0x7530, 0x7530, 0x8571, 
	0x750f, 0x7530, 0x7d50, 0x7530, 0x7530, 0x7d50, 0x7530, 0x7d50, 0x750f, 0x7d50, 0x7d50, 0x7d50, 0x7d50, 0x7d50, 0x7d50, 0x8571, 
	0x7d50, 0x7d50, 0x8571, 0x7d50, 0x8571, 0x8571, 0x7d50, 0x8571, 0x8571, 0x8571, 0x8530, 0x8d71, 0x8571, 0x9591, 0x8571, 0xa593, 
	0x8530, 0x7c4e, 0x0060, 0x0060, 0x0001, 0x0001, 0x0001, 0x0001, 0x0001, 0x0001, 0x0001, 0x0001, 0x0001, 0x0001, 0x0001, 0x0001, 
	0x0004, 0x1170, 0x11da, 0x0000, 0x0000, 0x0000, 0x0000, 0x0000, 0x0000, 0x0000, 0x0000, 0x0000, 0x0000, 0x0000, 0x0000, 0x0000, 
	0x0000, 0x0000, 0x0000, 0x0000, 0x0000, 0x0000, 0x0000, 0x0000, 0x0000, 0x0000, 0x0000, 0x0000, 0x0000, 0x11da, 0x090d, 0x0002, 
	0x0001, 0x0001, 0x0001, 0x0001, 0x0001, 0x0001, 0x0001, 0x0001, 0x0001, 0x0001, 0x0001, 0x0800, 0x1000, 0x2020, 0xbcd1, 0xbd53, 
	0xcc92, 0xcc92, 0xcc92, 0xcc92, 0xccf2, 0xc410, 0x58c3, 0x72a9, 0xdd54, 0xdd54, 0xd594, 0xd594, 0xd594, 0xd594, 0xd594, 0xbd53, 
	0xd594, 0xbd53, 0xd594, 0xd594, 0xd594, 0xd5f4, 0xa4af, 0x2020, 0x5b2b, 0x840b, 0x7c4e, 0x94ae, 0xa550, 0xbd53, 0xcd71, 0xbd53, 
	0xbcf0, 0xa4af, 0x9c2e, 0x28e0, 0xa42e, 0xd594, 0xd594, 0xbd53, 0xbd53, 0xd533, 0xcd71, 0xa42e, 0x51e5, 0x3060, 0x28e0, 0x49c4, 
	0xa4af, 0xbd53, 0x2080, 0x0800, 0x49c4, 0x3922, 0x49c4, 0xbcd1, 0xbcd1, 0x5a66, 0x69c6, 0xbdf3, 0xbd53, 0x9c2e, 0x3922, 0x49c4, 
	0x5a66, 0x51e5, 0x51e5, 0xa550, 0xd594, 0x734c, 0x1000, 0x1000, 0x9c2e, 0xd594, 0xd594, 0xd594, 0xd594, 0xd594, 0xbd53, 0xd594, 
	0xd594, 0xd5f5, 0xbcd1, 0x7b69, 0x2020, 0x58c3, 0x3944, 0x49c4, 0x49c4, 0x3944, 0x49c4, 0x6308, 0xa4af, 0xadb1, 0xa550, 0xa593, 
	0x9d91, 0x9d91, 0x9d91, 0x9d91, 0x9591, 0x9591, 0x9570, 0x9570, 0x9570, 0x8530, 0x8530, 0x852f, 0x852f, 0x852f, 0x7d50, 0x7d50, 
	0x8550, 0x7530, 0x750f, 0x8571, 0x750f, 0x750f, 0x7530, 0x750f, 0x7530, 0x750f, 0x7530, 0x750f, 0x7530, 0x750f, 0x7530, 0x7530, 
	0x750f, 0x750f, 0x750f, 0x750f, 0x750f, 0x7530, 0x7530, 0x7530, 0x7530, 0x7530, 0x7530, 0x7530, 0x7530, 0x8571, 0x750f, 0x7530, 
	0x8571, 0x7530, 0x7530, 0x7d50, 0x7530, 0x7530, 0x7530, 0x7d50, 0x7530, 0x7d50, 0x7d50, 0x750f, 0x8571, 0x750f, 0x8571, 0x750f, 
	0x7d50, 0x8571, 0x7d50, 0x7d50, 0x8571, 0x7d50, 0x8571, 0x8571, 0x8571, 0x8571, 0x8571, 0x8d71, 0x8571, 0x8d71, 0x8530, 0xa593, 
	0x8530, 0x31a7, 0x0001, 0x0001, 0x0001, 0x0001, 0x0001, 0x0001, 0x0001, 0x0001, 0x0001, 0x0001, 0x0001, 0x0001, 0x0001, 0x0002, 
	0x004a, 0x19d7, 0x09dc, 0x0000, 0x0000, 0x0000, 0x0000, 0x0000, 0x0000, 0x0000, 0x0000, 0x0000, 0x0000, 0x0000, 0x0000, 0x0000, 
	0x0000, 0x0000, 0x0000, 0x0000, 0x0000, 0x0000, 0x0000, 0x0000, 0x0000, 0x0000, 0x0000, 0x0000, 0x0000, 0x09dc, 0x1193, 0x004a, 
	0x0001, 0x0001, 0x0001, 0x0001, 0x0001, 0x0001, 0x0001, 0x0001, 0x0001, 0x0001, 0x0001, 0x0800, 0x0800, 0x0001, 0x69c6, 0xd533, 
	0xdcb3, 0xcc92, 0xcc92, 0xcc92, 0xdcb3, 0xc410, 0x3922, 0x8a69, 0xd5f5, 0xbd53, 0xd594, 0xd594, 0xd594, 0xd594, 0xd594, 0xd594, 
	0xd594, 0xd594, 0xbd53, 0xd594, 0xbd53, 0xbdd7, 0xbcd1, 0x2020, 0x5b2b, 0x6beb, 0x8c4e, 0x8c4e, 0xadb1, 0xa550, 0xa550, 0xa4af, 
	0xbcd1, 0xa4af, 0x9c2e, 0x2080, 0x936b, 0xd5f5, 0xd594, 0xd594, 0xd5f5, 0xd594, 0xbd53, 0xd5f5, 0xd5f5, 0xbcd1, 0xd5f5, 0xd533, 
	0xd5f5, 0xbd53, 0x2080, 0x0800, 0x9c2e, 0xbd53, 0xbd53, 0xcd71, 0xbd53, 0xbd53, 0xd594, 0xd594, 0xbd53, 0xd5f5, 0xbd53, 0xbd53, 
	0xbd53, 0xd594, 0xbd53, 0xd594, 0x9c2e, 0x3922, 0x0800, 0x3922, 0xbd53, 0xbd53, 0xbd53, 0xd594, 0xd594, 0xd594, 0xd594, 0xd594, 
	0xd594, 0xd594, 0xcd71, 0x734c, 0x2020, 0x3944, 0x49c4, 0x49c4, 0x3944, 0x49c4, 0x4a24, 0x840b, 0xa5b1, 0xa550, 0xa5b1, 0xa5b1, 
	0x9d91, 0x9d91, 0x9d91, 0x9591, 0x9591, 0x9591, 0x9570, 0x8571, 0x9570, 0x852f, 0x8530, 0x852f, 0x852f, 0x8571, 0x7d50, 0x8550, 
	0x750f, 0x8571, 0x750f, 0x750f, 0x7530, 0x7530, 0x750f, 0x7530, 0x750f, 0x7530, 0x750f, 0x7530, 0x750f, 0x7530, 0x750f, 0x7530, 
	0x750f, 0x750f, 0x750f, 0x7530, 0x7530, 0x7530, 0x7530, 0x7530, 0x7530, 0x750f, 0x7530, 0x7530, 0x750f, 0x7530, 0x7530, 0x7530, 
	0x7530, 0x8571, 0x7530, 0x8571, 0x7530, 0x7d50, 0x7530, 0x7530, 0x7d50, 0x7d50, 0x7d50, 0x7d50, 0x750f, 0x8571, 0x750f, 0x8571, 
	0x7d50, 0x7d50, 0x8571, 0x7d50, 0x8571, 0x7d50, 0x8571, 0x8571, 0x8571, 0x8571, 0x8571, 0x8571, 0x9591, 0x8d71, 0x8530, 0xa593, 
	0x734c, 0x0001, 0x0001, 0x0001, 0x0001, 0x0001, 0x0001, 0x0001, 0x0001, 0x0001, 0x0001, 0x0800, 0x0800, 0x0001, 0x0001, 0x0004, 
	0x1193, 0x11da, 0x0000, 0x0000, 0x0000, 0x0000, 0x0000, 0x0000, 0x0000, 0x0000, 0x0000, 0x0000, 0x0000, 0x0000, 0x0000, 0x0000, 
	0x0000, 0x0000, 0x0000, 0x0000, 0x0000, 0x0000, 0x0000, 0x0000, 0x0000, 0x0000, 0x0000, 0x0000, 0x0000, 0x0000, 0x11da, 0x1170, 
	0x0004, 0x0001, 0x0001, 0x0001, 0x0001, 0x0001, 0x0001, 0x0001, 0x0001, 0x0001, 0x0001, 0x0001, 0x0800, 0x0800, 0x0800, 0x734c, 
	0xd533, 0xcc92, 0xcc92, 0xcc31, 0xbd53, 0xc410, 0x58c3, 0x72a9, 0xdd54, 0xdd54, 0xd594, 0xd594, 0xd594, 0xd594, 0xd594, 0xbd53, 
	0xd594, 0xd594, 0xd594, 0xd594, 0xd5f4, 0xbd53, 0xbcd1, 0x2080, 0x6308, 0x840b, 0x8c4e, 0xa4af, 0xa4af, 0xbcf0, 0xb5b1, 0xbcf0, 
	0xbcf0, 0x9c2e, 0x51e5, 0x3922, 0xa4af, 0xd594, 0xd5f4, 0xbd53, 0xcd71, 0xbd53, 0xd594, 0xbd53, 0xd594, 0xd594, 0xbd53, 0xd594, 
	0xd594, 0xbd53, 0x49c4, 0x2080, 0xbcd1, 0xd594, 0xd5f4, 0xd5f4, 0xd5f4, 0xd594, 0xbd53, 0xd5f5, 0xcd71, 0xd594, 0xd594, 0xd594, 
	0xd594, 0xd594, 0xd594, 0xbd53, 0x72a9, 0x2080, 0x28e0, 0x936b, 0xcd71, 0xbd53, 0xd594, 0xd594, 0xd594, 0xd594, 0xd594, 0xd594, 
	0xd594, 0xd594, 0xbcd1, 0x936b, 0x2080, 0x3922, 0x49c4, 0x49c4, 0x3944, 0x49c4, 0x6308, 0x9d70, 0xa550, 0xa593, 0xa593, 0x9d91, 
	0x9d91, 0x9d91, 0x9d91, 0x9591, 0x9591, 0x8d71, 0x9570, 0x8550, 0x8571, 0x8d70, 0x852f, 0x852f, 0x852f, 0x7d50, 0x8550, 0x8550, 
	0x7530, 0x7d50, 0x7d50, 0x7530, 0x7530, 0x750f, 0x7530, 0x750f, 0x7530, 0x750f, 0x7530, 0x750f, 0x7530, 0x750f, 0x7530, 0x750f, 
	0x7530, 0x750f, 0x7530, 0x7530, 0x8571, 0x7530, 0x7530, 0x8571, 0x750f, 0x7530, 0x7530, 0x7530, 0x8571, 0x7530, 0x8571, 0x7530, 
	0x7530, 0x7530, 0x8571, 0x7530, 0x7530, 0x7d50, 0x7530, 0x7d50, 0x7d50, 0x7d50, 0x7d50, 0x7d50, 0x7d50, 0x750f, 0x8571, 0x750f, 
	0x7d50, 0x7d50, 0x7d50, 0x7d50, 0x7d50, 0x8571, 0x7d50, 0x8571, 0x8550, 0x8571, 0x8571, 0x8571, 0x8571, 0x8d71, 0xa593, 0x7c4e, 
	0x08e1, 0x0001, 0x0001, 0x0001, 0x0001, 0x0001, 0x0001, 0x0001, 0x0001, 0x0001, 0x0001, 0x0001, 0x0001, 0x0001, 0x0002, 0x090d, 
	0x19d7, 0x09dc, 0x0000, 0x0000, 0x0000, 0x0000, 0x0000, 0x0000, 0x0000, 0x0000, 0x0000, 0x0000, 0x0000, 0x0000, 0x0000, 0x0000, 
	0x0000, 0x0000, 0x0000, 0x0000, 0x0000, 0x0000, 0x0000, 0x0000, 0x0000, 0x0000, 0x0000, 0x0000, 0x0000, 0x0000, 0x09dc, 0x19d7, 
	0x004a, 0x0060, 0x0001, 0x0001, 0x0001, 0x0001, 0x0001, 0x0001, 0x0001, 0x0001, 0x0001, 0x0001, 0x0001, 0x0800, 0x0001, 0x3060, 
	0xc410, 0xbcd1, 0xcc31, 0xbcd1, 0xdcb3, 0xc410, 0x3922, 0x8a69, 0xd5f5, 0xbd53, 0xd594, 0xd594, 0xd594, 0xd594, 0xd594, 0xd594, 
	0xbd53, 0xd594, 0xbd53, 0xd594, 0xbd53, 0xd594, 0xd594, 0x41e7, 0x28e0, 0x5a89, 0x7349, 0x7c4e, 0x840b, 0x9c2e, 0x840b, 0x840b, 
	0x41e7, 0x3922, 0x51e5, 0xbcd1, 0xbd53, 0xd594, 0xd594, 0xd594, 0xd594, 0xd594, 0xbd53, 0xd594, 0xd594, 0xd594, 0xd594, 0xd594, 
	0xbd53, 0xd533, 0xbcd1, 0xbcd1, 0xbd53, 0xd594, 0xbd53, 0xd594, 0xbd53, 0xd5f4, 0xd594, 0xbd53, 0xd5f4, 0xbd53, 0xd594, 0xbd53, 
	0xd594, 0xbd53, 0xd594, 0xd594, 0xbd53, 0xa4af, 0xbcd1, 0xbd53, 0xdd54, 0xd594, 0xd594, 0xd594, 0xd594, 0xd594, 0xbd53, 0xd594, 
	0xd594, 0xd5f5, 0xbcd1, 0x734c, 0x2020, 0x58c3, 0x3944, 0x51e5, 0x49c4, 0x4a24, 0x8c4e, 0xa550, 0xa550, 0xa593, 0x9d91, 0x9d91, 
	0x9d91, 0x9d91, 0x9d91, 0x9d91, 0x8d71, 0x9570, 0x8571, 0x8550, 0x8d70, 0x8550, 0x852f, 0x852f, 0x8550, 0x8550, 0x8550, 0x750f, 
	0x8571, 0x750f, 0x8571, 0x750f, 0x7530, 0x7530, 0x750f, 0x7530, 0x750f, 0x7530, 0x750f, 0x7530, 0x750f, 0x7530, 0x750f, 0x7530, 
	0x750f, 0x7530, 0x7530, 0x7530, 0x7530, 0x8571, 0x7530, 0x750f, 0x7530, 0x8571, 0x750f, 0x7530, 0x7530, 0x7530, 0x7530, 0x8571, 
	0x7530, 0x8571, 0x7530, 0x8571, 0x7530, 0x8571, 0x7530, 0x7d50, 0x7d50, 0x7d50, 0x7d50, 0x7d50, 0x7d50, 0x7d50, 0x750f, 0x8571, 
	0x7d50, 0x7d50, 0x7d50, 0x7d50, 0x8571, 0x7d50, 0x8571, 0x8530, 0x8571, 0x8550, 0x8571, 0x8571, 0x9591, 0x8530, 0xa593, 0x2124, 
	0x0001, 0x0001, 0x0001, 0x0001, 0x0001, 0x0001, 0x0001, 0x0001, 0x0001, 0x0001, 0x0001, 0x0001, 0x0001, 0x0001, 0x0027, 0x1193, 
	0x09dc, 0x0000, 0x0000, 0x0000, 0x0000, 0x0000, 0x0000, 0x0000, 0x0000, 0x0000, 0x0000, 0x0000, 0x0000, 0x0000, 0x0000, 0x0000, 
	0x0000, 0x0000, 0x0000, 0x0000, 0x0000, 0x0000, 0x0000, 0x0000, 0x0000, 0x0000, 0x0000, 0x0000, 0x0000, 0x0000, 0x0000, 0x11da, 
	0x1170, 0x0027, 0x0001, 0x0001, 0x0001, 0x0001, 0x0001, 0x0001, 0x0001, 0x0001, 0x0001, 0x0001, 0x0001, 0x0001, 0x0800, 0x0001, 
	0x69c6, 0xc410, 0xbcd1, 0xcc92, 0xcc92, 0xcc31, 0x3922, 0x8a69, 0xdd54, 0xdd54, 0xbd53, 0xd5f5, 0xbd53, 0xd5f5, 0xbd53, 0xd594, 
	0xd594, 0xd594, 0xd594, 0xd594, 0xbd53, 0xd5f5, 0xd5f5, 0xbcd1, 0x41e7, 0x28e0, 0x28e0, 0x3922, 0x3922, 0x3100, 0x3922, 0x3922, 
	0x6ac6, 0x936b, 0xbcf0, 0xcd71, 0xd5f5, 0xd594, 0xbd53, 0xcd71, 0xd594, 0xd594, 0xd594, 0xd594, 0xd594, 0xd594, 0xd594, 0xd594, 
	0xd594, 0xd594, 0xd594, 0xd5f5, 0xd594, 0xd594, 0xd594, 0xd5f4, 0xd594, 0xd594, 0xd5f4, 0xd594, 0xd594, 0xd594, 0xd594, 0xd594, 
	0xd594, 0xd594, 0xd594, 0xbd53, 0xd5f5, 0xdd54, 0xd5f5, 0xd594, 0xd594, 0xd594, 0xd594, 0xd594, 0xd594, 0xd594, 0xd594, 0xd594, 
	0xd594, 0xd594, 0xbcd1, 0x7b69, 0x2020, 0x3944, 0x49c4, 0x49c4, 0x4a24, 0x5a89, 0xa550, 0xadb1, 0xa550, 0xa593, 0x9d91, 0x9d91, 
	0x9d91, 0x9d91, 0x9d91, 0x8d71, 0x9591, 0x9570, 0x8571, 0x8550, 0x8d70, 0x8550, 0x8550, 0x852f, 0x8550, 0x7d50, 0x8550, 0x8550, 
	0x750f, 0x8571, 0x750f, 0x7530, 0x7530, 0x750f, 0x7530, 0x750f, 0x7530, 0x750f, 0x7530, 0x750f, 0x7530, 0x7530, 0x7530, 0x7530, 
	0x7530, 0x7530, 0x7530, 0x8571, 0x750f, 0x7530, 0x7530, 0x7530, 0x7530, 0x750f, 0x7530, 0x8571, 0x7530, 0x8571, 0x7530, 0x7530, 
	0x8571, 0x7530, 0x8571, 0x7530, 0x7530, 0x7530, 0x7d50, 0x7d50, 0x7d50, 0x7d50, 0x7d50, 0x7d50, 0x7d50, 0x7d50, 0x7d50, 0x750f, 
	0x8571, 0x7d50, 0x7d50, 0x7d50, 0x7d50, 0x8571, 0x7d50, 0x8571, 0x8571, 0x8571, 0x8530, 0x8571, 0x9591, 0xa593, 0x42a8, 0x0001, 
	0x0001, 0x0001, 0x0001, 0x0001, 0x0001, 0x0001, 0x0001, 0x0001, 0x0001, 0x0001, 0x0001, 0x0001, 0x0001, 0x0002, 0x1170, 0x11da, 
	0x09dc, 0x0000, 0x0000, 0x0000, 0x0000, 0x0000, 0x0000, 0x0000, 0x0000, 0x0000, 0x0000, 0x0000, 0x0000, 0x0000, 0x0000, 0x0000, 
	0x0000, 0x0000, 0x0000, 0x0000, 0x0000, 0x0000, 0x0000, 0x0000, 0x0000, 0x0000, 0x0000, 0x0000, 0x0000, 0x0000, 0x0000, 0x0000, 
	0x19d7, 0x004a, 0x0002, 0x0001, 0x0001, 0x0001, 0x0001, 0x0001, 0x0001, 0x0001, 0x0001, 0x0001, 0x0001, 0x0001, 0x0800, 0x0800, 
	0x1000, 0xb36e, 0xcc31, 0xbcd1, 0xdcb3, 0xc410, 0x58c3, 0x72a9, 0xdd54, 0xdd54, 0xdd54, 0xd594, 0xd594, 0xdd54, 0xd5f5, 0xdd54, 
	0xd594, 0xd594, 0xd594, 0xd594, 0xd594, 0xd5f5, 0xbd53, 0xd5f5, 0xd594, 0xa550, 0xa4af, 0x8c4e, 0x9c2e, 0x936b, 0xa4af, 0xbd53, 
	0xd533, 0xd594, 0xd594, 0xd594, 0xd594, 0xbd53, 0xd594, 0xd594, 0xd594, 0xd594, 0xd594, 0xd594, 0xd594, 0xd594, 0xd594, 0xd594, 
	0xd594, 0xd594, 0xd594, 0xd594, 0xd594, 0xd594, 0xd594, 0xd594, 0xbd53, 0xd5f5, 0xd594, 0xbd53, 0xd5f4, 0xbd53, 0xd594, 0xbd53, 
	0xd594, 0xd594, 0xd594, 0xdd54, 0xbd53, 0xdd54, 0xbd53, 0xdd54, 0xbd53, 0xd594, 0xd594, 0xd594, 0xbd53, 0xd594, 0xd594, 0xd594, 
	0xd594, 0xd594, 0xd533, 0x734c, 0x2020, 0x3922, 0x3944, 0x4a24, 0x41e7, 0x840b, 0xadb1, 0xa550, 0xa593, 0x9d91, 0x9d91, 0x9d91, 
	0x9d91, 0x9d91, 0x9d91, 0x8d71, 0x8d71, 0x9570, 0x8550, 0x8550, 0x8d70, 0x8550, 0x8550, 0x852f, 0x8550, 0x7d50, 0x8550, 0x7530, 
	0x7d50, 0x750f, 0x7d50, 0x750f, 0x7530, 0x7530, 0x750f, 0x7530, 0x750f, 0x7530, 0x750f, 0x7530, 0x7530, 0x7530, 0x7530, 0x7530, 
	0x7530, 0x7530, 0x7530, 0x750f, 0x7530, 0x8571, 0x750f, 0x7530, 0x8571, 0x750f, 0x7530, 0x7530, 0x7530, 0x7530, 0x8571, 0x7530, 
	0x7530, 0x8571, 0x7530, 0x8571, 0x7530, 0x8571, 0x7530, 0x7d50, 0x7d50, 0x7d50, 0x7d50, 0x7d50, 0x7d50, 0x7d50, 0x7d50, 0x7d50, 
	0x7d50, 0x7d50, 0x7d50, 0x7d50, 0x8571, 0x7d50, 0x8530, 0x8571, 0x852f, 0x8571, 0x9570, 0x8571, 0xa593, 0x6c4e, 0x0001, 0x0060, 
	0x0001, 0x0001, 0x0001, 0x0001, 0x0001, 0x0001, 0x0001, 0x0001, 0x0001, 0x0001, 0x0001, 0x0060, 0x0001, 0x0027, 0x19d7, 0x11da, 
	0x0000, 0x0000, 0x0000, 0x0000, 0x0000, 0x0000, 0x0000, 0x0000, 0x0000, 0x0000, 0x0000, 0x0000, 0x0000, 0x0000, 0x0000, 0x0000, 
	0x0000, 0x0000, 0x0000, 0x0000, 0x0000, 0x0000, 0x0000, 0x0000, 0x0000, 0x0000, 0x0000, 0x0000, 0x0000, 0x0000, 0x0000, 0x0000, 
	0x11da, 0x1193, 0x0027, 0x0001, 0x0001, 0x0001, 0x0001, 0x0001, 0x0001, 0x0001, 0x0001, 0x0001, 0x0001, 0x0001, 0x0800, 0x0800, 
	0x0800, 0x1860, 0x734c, 0xdd54, 0xcc92, 0xcc31, 0x2124, 0x89e8, 0xd594, 0xdd54, 0xdd54, 0xdd54, 0xdd54, 0xd5f5, 0xdd54, 0xd5f5, 
	0xdd54, 0xd5f5, 0xdd54, 0xd594, 0xdd54, 0xdd54, 0xd5f5, 0xdd54, 0xd594, 0xbd53, 0xdd54, 0xbd53, 0xbd53, 0xbd53, 0xe5d5, 0xcd71, 
	0xd594, 0xbd53, 0xd594, 0xbd53, 0xd594, 0xcd71, 0xbd53, 0xd594, 0xd594, 0xd594, 0xd594, 0xd594, 0xd594, 0xd594, 0xd594, 0xd594, 
	0xd594, 0xd594, 0xd594, 0xd594, 0xd594, 0xd594, 0xd594, 0xd594, 0xd5f5, 0xd594, 0xd594, 0xd5f4, 0xd594, 0xd594, 0xd594, 0xd594, 
	0xd594, 0xd594, 0xbd53, 0xd594, 0xdd54, 0xbd53, 0xdd54, 0xd594, 0xdd54, 0xdd54, 0xd533, 0xd533, 0xd594, 0xd594, 0xbd53, 0xd594, 
	0xdd54, 0xd594, 0xbcd1, 0x7b69, 0x3060, 0x3944, 0x49c4, 0x4a24, 0x6308, 0xa550, 0xbd53, 0xa593, 0xa5b1, 0xa593, 0x9d91, 0x9d91, 
	0x9d91, 0x8d71, 0x9591, 0x9591, 0x8d71, 0x9570, 0x8571, 0x8550, 0x8d70, 0x8550, 0x852f, 0x852f, 0x7d50, 0x7d50, 0x7d50, 0x7d50, 
	0x7d50, 0x750f, 0x7d50, 0x750f, 0x7530, 0x750f, 0x7530, 0x750f, 0x7530, 0x750f, 0x7530, 0x7530, 0x7530, 0x7530, 0x7530, 0x7530, 
	0x7530, 0x8571, 0x750f, 0x7530, 0x7530, 0x750f, 0x7530, 0x7530, 0x750f, 0x7530, 0x8571, 0x750f, 0x7530, 0x7530, 0x7530, 0x8571, 
	0x7530, 0x7530, 0x8571, 0x7530, 0x7530, 0x7530, 0x7d50, 0x7530, 0x7d50, 0x7530, 0x7d50, 0x7d50, 0x7d50, 0x7d50, 0x7d50, 0x7d50, 
	0x7d50, 0x7d50, 0x7d50, 0x7d50, 0x7d50, 0x8530, 0x8530, 0x8571, 0x8571, 0x8530, 0x8d71, 0x9d91, 0x7c4e, 0x2102, 0x0001, 0x0001, 
	0x0001, 0x0001, 0x0001, 0x0001, 0x0001, 0x0001, 0x0001, 0x0001, 0x0001, 0x0001, 0x0001, 0x0001, 0x0004, 0x1170, 0x11da, 0x0000, 
	0x0000, 0x0000, 0x0000, 0x0000, 0x0000, 0x0000, 0x0000, 0x0000, 0x0000, 0x0000, 0x0000, 0x0000, 0x0000, 0x0000, 0x0000, 0x0000, 
	0x0000, 0x0000, 0x0000, 0x0000, 0x0000, 0x0000, 0x0000, 0x0000, 0x0000, 0x0000, 0x0000, 0x0000, 0x0000, 0x0000, 0x0000, 0x0000, 
	0x0000, 0x11da, 0x1170, 0x0004, 0x0060, 0x0001, 0x0001, 0x0001, 0x0001, 0x0001, 0x0001, 0x0001, 0x0001, 0x0001, 0x0001, 0x0800, 
	0x1000, 0x1000, 0x3944, 0xb36e, 0xbd53, 0xcc31, 0x3944, 0x928a, 0xbd53, 0xdcb3, 0xbd53, 0xbd53, 0xd533, 0xd533, 0xdd54, 0xd533, 
	0xdd54, 0xbd53, 0xdd54, 0xdd54, 0xdd54, 0xdd54, 0xbd53, 0xd533, 0xdd54, 0xbd53, 0xbd53, 0xbd53, 0xd594, 0xd533, 0xd594, 0xbd53, 
	0xcd71, 0xd594, 0xbdf3, 0xd594, 0xd594, 0xd594, 0xd594, 0xd594, 0xd5f5, 0xdd54, 0xd594, 0xd5f5, 0xbd53, 0xd5f5, 0xd594, 0xd594, 
	0xd594, 0xd594, 0xd594, 0xd594, 0xbdd7, 0xe5d5, 0xd594, 0xbdd7, 0xe5d5, 0xd594, 0xd5f5, 0xd594, 0xd594, 0xd594, 0xd594, 0xd594, 
	0xd594, 0xbdd7, 0xd594, 0xd5f5, 0xe5d5, 0xd594, 0xe5d5, 0xd594, 0xd594, 0xd594, 0xd594, 0xd594, 0xd594, 0xd594, 0xd533, 0xbd53, 
	0xd533, 0xd533, 0xbcd1, 0x734c, 0x2020, 0x3922, 0x3944, 0x41e7, 0x8c4e, 0xadb1, 0xa593, 0xa5b1, 0x9d91, 0x9d91, 0x9d91, 0x9d91, 
	0x9d91, 0x9591, 0x9591, 0x9591, 0x9570, 0x8571, 0x8550, 0x8550, 0x8d70, 0x8550, 0x852f, 0x852f, 0x852f, 0x7d50, 0x7d50, 0x7d50, 
	0x7d50, 0x7d50, 0x750f, 0x7530, 0x750f, 0x7530, 0x750f, 0x7530, 0x7530, 0x750f, 0x7530, 0x7530, 0x7530, 0x7530, 0x7530, 0x8571, 
	0x750f, 0x7530, 0x7530, 0x8571, 0x750f, 0x7530, 0x8571, 0x750f, 0x7530, 0x7530, 0x750f, 0x7530, 0x8571, 0x7530, 0x7530, 0x7530, 
	0x8571, 0x7530, 0x7530, 0x8571, 0x750f, 0x8571, 0x750f, 0x8571, 0x750f, 0x8571, 0x750f, 0x8571, 0x750f, 0x8571, 0x750f, 0x7d50, 
	0x7d50, 0x7d50, 0x7d50, 0x7d50, 0x8530, 0x8530, 0x8530, 0x8530, 0x852f, 0x8530, 0x8d71, 0x8571, 0x29c4, 0x08e1, 0x0001, 0x0001, 
	0x0001, 0x0001, 0x0001, 0x0001, 0x0001, 0x0001, 0x0001, 0x0001, 0x0001, 0x0001, 0x0001, 0x0001, 0x090d, 0x19d7, 0x0000, 0x0000, 
	0x0000, 0x0000, 0x0000, 0x0000, 0x0000, 0x0000, 0x0000, 0x0000, 0x0000, 0x0000, 0x0000, 0x0000, 0x0000, 0x0000, 0x0000, 0x0000, 
	0x0000, 0x0000, 0x0000, 0x0000, 0x0000, 0x0000, 0x0000, 0x0000, 0x0000, 0x0000, 0x0000, 0x0000, 0x0000, 0x0000, 0x0000, 0x0000, 
	0x0000, 0x09dc, 0x19d7, 0x090d, 0x0004, 0x0060, 0x0001, 0x0001, 0x0001, 0x0001, 0x0001, 0x0001, 0x0001, 0x0001, 0x0001, 0x0800, 
	0x1860, 0x1000, 0x0800, 0x3944, 0xbd53, 0xbd53, 0x58c3, 0x3944, 0x928a, 0x72a9, 0x928a, 0x928a, 0x928a, 0x734c, 0x928a, 0x734c, 
	0x928a, 0x936b, 0x928a, 0x734c, 0x928a, 0x936b, 0x928a, 0x928a, 0x734c, 0x936b, 0x928a, 0x72a9, 0xbcd1, 0xd5f5, 0xbd53, 0xd533, 
	0xd594, 0xd594, 0xd594, 0xd594, 0xbd53, 0x936b, 0x72a9, 0x8a69, 0x72a9, 0x72a9, 0x72a9, 0x928a, 0x7b69, 0x7b69, 0x928a, 0x734c, 
	0x7b69, 0x734c, 0x734c, 0x7b69, 0x936b, 0x7b69, 0x734c, 0x936b, 0x7b69, 0x936b, 0x7349, 0x7b69, 0x72a9, 0x7b69, 0x734c, 0x72a9, 
	0x734c, 0x72a9, 0x936b, 0x72a9, 0x928a, 0x72a9, 0x936b, 0x8a69, 0x7b69, 0x928a, 0x7b69, 0x928a, 0x7b69, 0x7b69, 0x72a9, 0x72a9, 
	0x72a9, 0x72a9, 0x72a9, 0x69c6, 0x2020, 0x3944, 0x49c4, 0x7349, 0xadb1, 0xadb1, 0xadb1, 0xa5b1, 0xa5b1, 0x9d91, 0x9d91, 0x9d91, 
	0x9591, 0x9570, 0x9591, 0x8d71, 0x9570, 0x8550, 0x8550, 0x8571, 0x8550, 0x8550, 0x852f, 0x852f, 0x852f, 0x7d50, 0x7d2f, 0x7d50, 
	0x7d2f, 0x750f, 0x750f, 0x7530, 0x7530, 0x750f, 0x7530, 0x750f, 0x7530, 0x7530, 0x7530, 0x7530, 0x7530, 0x7530, 0x7530, 0x7530, 
	0x7530, 0x8571, 0x750f, 0x7530, 0x7530, 0x7530, 0x750f, 0x7530, 0x8571, 0x750f, 0x7530, 0x7530, 0x750f, 0x7530, 0x8571, 0x750f, 
	0x7530, 0x8571, 0x7530, 0x7530, 0x7530, 0x750f, 0x7530, 0x7530, 0x750f, 0x7530, 0x7530, 0x750f, 0x7530, 0x750f, 0x8571, 0x750f, 
	0x7d50, 0x7d50, 0x7d50, 0x7d50, 0x8530, 0x8530, 0x8530, 0x8530, 0x8d71, 0x9d91, 0x8571, 0x42a8, 0x0060, 0x0001, 0x0001, 0x0060, 
	0x0001, 0x0001, 0x0001, 0x0001, 0x0001, 0x0001, 0x0001, 0x0001, 0x0001, 0x0001, 0x0001, 0x0027, 0x19d7, 0x09dc, 0x0000, 0x0000, 
	0x0000, 0x0000, 0x0000, 0x0000, 0x0000, 0x0000, 0x0000, 0x0000, 0x0000, 0x0000, 0x0000, 0x0000, 0x0000, 0x0000, 0x0000, 0x0000, 
	0x0000, 0x0000, 0x0000, 0x0000, 0x0000, 0x0000, 0x0000, 0x0000, 0x0000, 0x0000, 0x0000, 0x0000, 0x0000, 0x0000, 0x0000, 0x0000, 
	0x0000, 0x0000, 0x09dc, 0x1193, 0x0027, 0x0060, 0x0001, 0x0001, 0x0001, 0x0001, 0x0001, 0x0001, 0x0001, 0x0001, 0x0001, 0x0800, 
	0x1860, 0x0800, 0x1000, 0x1000, 0x928a, 0xcc92, 0x41e7, 0x58c3, 0x3060, 0x3944, 0x3060, 0x3922, 0x3060, 0x58c3, 0x3922, 0x58c3, 
	0x58c3, 0x3060, 0x58c3, 0x3922, 0x58c3, 0x3060, 0x58c3, 0x3060, 0x58c3, 0x3060, 0x3060, 0x3922, 0x936b, 0xd533, 0xd5f5, 0xbd53, 
	0xd594, 0xd594, 0xbd53, 0xd594, 0x936b, 0x3060, 0x3060, 0x3922, 0x58c3, 0x4120, 0x3922, 0x3922, 0x69c6, 0x51e5, 0x51e5, 0x51e5, 
	0x51e5, 0x51c3, 0x69c6, 0x51c3, 0x51e5, 0x69c6, 0x69c6, 0x5a66, 0x72a9, 0x72a9, 0x69c6, 0x6ac6, 0x5a66, 0x72a9, 0x69c6, 0x6ac6, 
	0x69c6, 0x69c6, 0x51e5, 0x51e5, 0x51e5, 0x51e5, 0x58c3, 0x51e5, 0x58c3, 0x51e5, 0x51c3, 0x69c6, 0x51c3, 0x51e5, 0x58c3, 0x3922, 
	0x3922, 0x3060, 0x3100, 0x3060, 0x28e0, 0x3944, 0x4a24, 0x94ae, 0xa593, 0xadb1, 0xa5b1, 0xa5b1, 0xa593, 0x9d91, 0x9d91, 0x9d91, 
	0x9591, 0x9591, 0x9591, 0x8d70, 0x9570, 0x8571, 0x8550, 0x8550, 0x8550, 0x8550, 0x852f, 0x852f, 0x852f, 0x7d50, 0x7d50, 0x7d50, 
	0x7d50, 0x7d50, 0x750f, 0x7530, 0x750f, 0x7530, 0x750f, 0x7530, 0x7530, 0x7530, 0x7530, 0x7530, 0x7530, 0x7530, 0x8571, 0x7530, 
	0x7530, 0x750f, 0x7530, 0x8571, 0x750f, 0x7530, 0x8571, 0x750f, 0x7530, 0x7530, 0x8571, 0x750f, 0x7530, 0x7530, 0x750f, 0x7530, 
	0x8571, 0x750f, 0x8571, 0x7530, 0x8571, 0x750f, 0x8571, 0x750f, 0x7530, 0x8571, 0x750f, 0x8571, 0x750f, 0x8571, 0x750f, 0x7d50, 
	0x7d50, 0x7d50, 0x7d50, 0x7d50, 0x8530, 0x8530, 0x8530, 0x8530, 0x8530, 0xa593, 0x5b2b, 0x0060, 0x0060, 0x0001, 0x0001, 0x0001, 
	0x0001, 0x0001, 0x0001, 0x0001, 0x0001, 0x0001, 0x0001, 0x0001, 0x0800, 0x0001, 0x0004, 0x1193, 0x09dc, 0x0000, 0x0000, 0x0000, 
	0x0000, 0x0000, 0x0000, 0x0000, 0x0000, 0x0000, 0x0000, 0x0000, 0x0000, 0x0000, 0x0000, 0x0000, 0x0000, 0x0000, 0x0000, 0x0000, 
	0x0000, 0x0000, 0x0000, 0x0000, 0x0000, 0x0000, 0x0000, 0x0000, 0x0000, 0x0000, 0x0000, 0x0000, 0x0000, 0x0000, 0x0000, 0x0000, 
	0x0000, 0x0000, 0x0000, 0x11da, 0x1170, 0x0027, 0x0001, 0x0001, 0x0001, 0x0001, 0x0001, 0x0001, 0x0001, 0x0001, 0x0001, 0x0001, 
	0x0800, 0x0800, 0x0800, 0x0001, 0x0002, 0x5a89, 0xcc31, 0xc410, 0xc410, 0xa42e, 0xc390, 0xbbef, 0xbbef, 0xbbef, 0xa42e, 0xbbef, 
	0xa42e, 0xbbef, 0xa42e, 0xc410, 0xbbef, 0xa42e, 0xc410, 0xc410, 0xa4af, 0xcc31, 0xc410, 0x69c6, 0x51e5, 0xcc92, 0xbd53, 0xdd54, 
	0xbd53, 0xd594, 0xd594, 0xbcd1, 0x69c6, 0x51c3, 0xab0d, 0x936b, 0xb36e, 0xb36e, 0xa42e, 0xc410, 0xd594, 0xe5d5, 0xe5d5, 0xe5d5, 
	0xe5d5, 0xd5f5, 0xd5f5, 0xe5d5, 0xde75, 0xd5f5, 0xde75, 0xe5d5, 0xde75, 0xd5f5, 0xe676, 0xd5f5, 0xee16, 0xe676, 0xe676, 0xe676, 
	0xee97, 0xd5f5, 0xd533, 0xd533, 0xd533, 0xd533, 0xd533, 0xd533, 0xd533, 0xdcb3, 0xccf2, 0xccf2, 0xcc92, 0xd533, 0x7b69, 0x3922, 
	0x51c3, 0x58c3, 0x49c4, 0x49c4, 0x3944, 0x4a24, 0x7c4e, 0xadb1, 0xadb1, 0xa550, 0xa593, 0xa5b1, 0x9d91, 0x9d91, 0x9d91, 0x9d91, 
	0x9d91, 0x8d71, 0x9591, 0x8d70, 0x8571, 0x8550, 0x8550, 0x8550, 0x8550, 0x8550, 0x852f, 0x852f, 0x7d50, 0x852f, 0x7d50, 0x7d2f, 
	0x7d50, 0x750f, 0x750f, 0x7530, 0x7530, 0x750f, 0x7530, 0x750f, 0x7530, 0x7530, 0x7530, 0x7530, 0x7530, 0x7530, 0x7530, 0x8571, 
	0x750f, 0x7530, 0x7530, 0x750f, 0x7530, 0x7530, 0x750f, 0x7530, 0x8571, 0x750f, 0x7530, 0x7530, 0x8571, 0x750f, 0x7530, 0x7530, 
	0x7530, 0x7530, 0x7530, 0x8571, 0x750f, 0x7530, 0x7530, 0x8571, 0x750f, 0x750f, 0x7530, 0x7530, 0x7530, 0x750f, 0x8571, 0x750f, 
	0x7d50, 0x7d50, 0x7d50, 0x7d50, 0x8530, 0x8530, 0x8530, 0x8d71, 0x9d91, 0x6c4e, 0x08e1, 0x0001, 0x0001, 0x0001, 0x0001, 0x0001, 
	0x0001, 0x0001, 0x0001, 0x0001, 0x0001, 0x0001, 0x0001, 0x0001, 0x0001, 0x0002, 0x1170, 0x19d7, 0x09dc, 0x0000, 0x0000, 0x0000, 
	0x0000, 0x0000, 0x0000, 0x0000, 0x0000, 0x0000, 0x0000, 0x0000, 0x0000, 0x0000, 0x0000, 0x0000, 0x0000, 0x0000, 0x0000, 0x0000, 
	0x0000, 0x0000, 0x0000, 0x0000, 0x0000, 0x0000, 0x0000, 0x0000, 0x0000, 0x0000, 0x0000, 0x0000, 0x0000, 0x0000, 0x0000, 0x0000, 
	0x0000, 0x0000, 0x0000, 0x09dc, 0x19d7, 0x090d, 0x0001, 0x0001, 0x0001, 0x0001, 0x0001, 0x0001, 0x0001, 0x0001, 0x0001, 0x0001, 
	0x0001, 0x0001, 0x0800, 0x0800, 0x0800, 0x2020, 0x734c, 0xbd53, 0xcc31, 0xcc31, 0xbcd1, 0xbcd1, 0xbcd1, 0xcc31, 0xbcd1, 0xcc92, 
	0xcc92, 0xbcd1, 0xcc92, 0xcc92, 0xbcd1, 0xdcb3, 0xbcd1, 0xcc92, 0xcc92, 0xcc92, 0xcc92, 0x936b, 0x3060, 0x936b, 0xe5d5, 0xdd54, 
	0xdd54, 0xbcd1, 0xd533, 0xbcf0, 0x3922, 0x928a, 0xbcd1, 0xbbef, 0xbcf0, 0xcc92, 0xcc92, 0xd594, 0xee97, 0xfed9, 0xee97, 0xee97, 
	0xf6f7, 0xf6f7, 0xf6f7, 0xf6f7, 0xf6f7, 0xf6f7, 0xf6f7, 0xf6f7, 0xf6f7, 0xf6f7, 0xf6f7, 0xf6f7, 0xf6f7, 0xf6f7, 0xf6f7, 0xee97, 
	0xfed9, 0xd5f5, 0xd594, 0xbd53, 0xdd54, 0xdd54, 0xdd54, 0xdd54, 0xdd54, 0xdd54, 0xd533, 0xd594, 0xd533, 0xbcd1, 0x7b69, 0x58c3, 
	0x51e5, 0x49c4, 0x51e5, 0x51e5, 0x3944, 0x62e6, 0x8c4e, 0xadb1, 0xa593, 0xadb1, 0xa550, 0xa593, 0x9d91, 0x9d91, 0x9d91, 0x9591, 
	0x9591, 0x9591, 0x8d70, 0x8d70, 0x8d70, 0x8571, 0x8550, 0x8550, 0x8550, 0x8550, 0x852f, 0x7d50, 0x852f, 0x7d50, 0x7d50, 0x7d50, 
	0x7d50, 0x7d50, 0x750f, 0x7530, 0x750f, 0x7530, 0x750f, 0x7530, 0x7530, 0x7530, 0x7530, 0x7530, 0x7530, 0x7530, 0x7530, 0x7530, 
	0x7530, 0x8571, 0x750f, 0x7530, 0x8571, 0x750f, 0x7530, 0x7530, 0x750f, 0x7530, 0x8571, 0x750f, 0x7530, 0x7530, 0x8571, 0x750f, 
	0x8571, 0x7530, 0x7530, 0x7530, 0x8571, 0x750f, 0x7530, 0x750f, 0x7530, 0x8571, 0x750f, 0x8571, 0x750f, 0x8571, 0x750f, 0x7d50, 
	0x7d50, 0x8571, 0x7d50, 0x7d50, 0x7d2f, 0x8530, 0x8530, 0xa593, 0x6c4e, 0x08e1, 0x0001, 0x0001, 0x0001, 0x0001, 0x0001, 0x0001, 
	0x0001, 0x0001, 0x0001, 0x0001, 0x0001, 0x0001, 0x0001, 0x0001, 0x0001, 0x0027, 0x19d7, 0x0000, 0x0000, 0x0000, 0x0000, 0x0000, 
	0x0000, 0x0000, 0x0000, 0x0000, 0x0000, 0x0000, 0x0000, 0x0000, 0x0000, 0x0000, 0x0000, 0x0000, 0x0000, 0x0000, 0x0000, 0x0000, 
	0x0000, 0x0000, 0x0000, 0x0000, 0x0000, 0x0000, 0x0000, 0x0000, 0x0000, 0x0000, 0x0000, 0x0000, 0x0000, 0x0000, 0x0000, 0x0000, 
	0x0000, 0x0000, 0x0000, 0x0000, 0x11da, 0x1193, 0x004a, 0x0060, 0x0001, 0x0001, 0x0001, 0x0001, 0x0001, 0x0001, 0x0001, 0x0001, 
	0x0001, 0x0001, 0x0001, 0x0800, 0x0800, 0x0001, 0x3060, 0x734c, 0xdcb3, 0xbd53, 0xbd53, 0xcc92, 0xcc92, 0xbd53, 0xdcb3, 0xbd53, 
	0xdcb3, 0xdcb3, 0xbd53, 0xdcb3, 0xdcb3, 0xbd53, 0xd533, 0xcc92, 0xd533, 0xcc92, 0xcc92, 0xbbef, 0x58c3, 0x69c6, 0xd533, 0xd533, 
	0xdd54, 0xd533, 0xd594, 0x936b, 0x3060, 0xa42e, 0xcc92, 0xcc92, 0xc410, 0xccf2, 0xccf2, 0xee16, 0xfed9, 0xfed9, 0xfed9, 0xfed9, 
	0xf739, 0xff18, 0xff18, 0xf738, 0xff18, 0xff18, 0xf738, 0xff18, 0xff18, 0xf738, 0xff18, 0xf738, 0xf738, 0xf6f7, 0xf6f7, 0xfed9, 
	0xe676, 0xd5f5, 0xd5f5, 0xdd54, 0xdd54, 0xd5f5, 0xdd54, 0xdd54, 0xdd54, 0xd594, 0xdd54, 0xd594, 0xd594, 0x9c2e, 0x69c6, 0x49c4, 
	0x51c3, 0x51e5, 0x51e5, 0x49c4, 0x49c4, 0x6beb, 0xb5b1, 0xbd53, 0x9d91, 0xa550, 0xa593, 0xa550, 0x9d91, 0x9d91, 0x9591, 0x9d91, 
	0x9570, 0x9591, 0x8d71, 0x8d70, 0x9570, 0x8550, 0x8550, 0x8550, 0x8550, 0x8550, 0x8550, 0x7d50, 0x7d50, 0x7d50, 0x7d50, 0x7d50, 
	0x7d50, 0x750f, 0x750f, 0x7530, 0x7530, 0x750f, 0x7530, 0x750f, 0x750f, 0x7530, 0x7530, 0x7530, 0x7530, 0x7530, 0x8571, 0x7530, 
	0x7530, 0x750f, 0x7530, 0x7530, 0x750f, 0x7530, 0x8571, 0x750f, 0x7530, 0x7530, 0x750f, 0x7530, 0x8571, 0x750f, 0x7530, 0x7530, 
	0x7530, 0x8571, 0x7530, 0x7530, 0x750f, 0x8571, 0x750f, 0x8571, 0x750f, 0x750f, 0x7530, 0x750f, 0x8571, 0x750f, 0x7d50, 0x7d50, 
	0x7d50, 0x7d50, 0x7d50, 0x8530, 0x8530, 0x8530, 0x8571, 0x8c4e, 0x29c4, 0x0001, 0x0001, 0x0001, 0x0001, 0x0001, 0x0001, 0x0001, 
	0x0001, 0x0001, 0x0001, 0x0001, 0x0001, 0x0001, 0x0001, 0x0001, 0x0027, 0x1193, 0x09dc, 0x0000, 0x0000, 0x0000, 0x0000, 0x0000, 
	0x0000, 0x0000, 0x0000, 0x0000, 0x0000, 0x0000, 0x0000, 0x0000, 0x0000, 0x0000, 0x0000, 0x0000, 0x0000, 0x0000, 0x0000, 0x0000, 
	0x0000, 0x0000, 0x0000, 0x0000, 0x0000, 0x0000, 0x0000, 0x0000, 0x0000, 0x0000, 0x0000, 0x0000, 0x0000, 0x0000, 0x0000, 0x0000, 
	0x0000, 0x0000, 0x0000, 0x0000, 0x0000, 0x11da, 0x1193, 0x0027, 0x0001, 0x0001, 0x0001, 0x0001, 0x0001, 0x0001, 0x0001, 0x0001, 
	0x0001, 0x0001, 0x0001, 0x0800, 0x1860, 0x0800, 0x0001, 0x2102, 0xcc31, 0xbcd1, 0xcc31, 0xcc31, 0xbcd1, 0xcc31, 0xbcd1, 0xcc31, 
	0xbcd1, 0xbcd1, 0xcc92, 0xbcd1, 0xcc92, 0xcc92, 0xcc92, 0xcc92, 0xcc31, 0xdcb3, 0xcc92, 0xcc31, 0x69c6, 0x58c3, 0xbbef, 0xd594, 
	0xd533, 0xd533, 0xcc92, 0x58c3, 0x69c6, 0xbbef, 0xcc31, 0xbcd1, 0xbcd1, 0xccf2, 0xd594, 0xee97, 0xfed9, 0xee97, 0xfed9, 0xf738, 
	0xf6f7, 0xf6f7, 0xf6f7, 0xf738, 0xf6f7, 0xf738, 0xf738, 0xf738, 0xf738, 0xf6f7, 0xf738, 0xf738, 0xf738, 0xf6f7, 0xfed9, 0xf6f7, 
	0xee16, 0xd594, 0xdd54, 0xd5f5, 0xdd54, 0xdd54, 0xdd54, 0xd594, 0xdd54, 0xdd54, 0xdd54, 0xd594, 0xbcd1, 0x72a9, 0x51c3, 0x49c4, 
	0x51e5, 0x3944, 0x49c4, 0x49c4, 0x6308, 0x8c4e, 0xa550, 0xa593, 0xa550, 0xa5b1, 0xa593, 0xa550, 0x9d91, 0x9d91, 0x9591, 0x9d91, 
	0x9570, 0x8d71, 0x8d71, 0x9570, 0x8571, 0x8550, 0x8550, 0x8550, 0x8550, 0x8550, 0x7d50, 0x7d50, 0x7d50, 0x7d50, 0x7d50, 0x7d50, 
	0x7d50, 0x750f, 0x7d50, 0x750f, 0x750f, 0x7530, 0x750f, 0x7530, 0x750f, 0x7530, 0x7530, 0x7530, 0x7530, 0x7530, 0x7530, 0x8571, 
	0x750f, 0x7530, 0x8571, 0x750f, 0x7530, 0x7530, 0x750f, 0x7530, 0x8571, 0x750f, 0x7530, 0x7530, 0x750f, 0x7530, 0x8571, 0x750f, 
	0x7530, 0x7530, 0x8571, 0x7530, 0x7530, 0x750f, 0x7530, 0x7530, 0x7530, 0x8571, 0x750f, 0x7530, 0x7d50, 0x7d50, 0x7d50, 0x7d50, 
	0x7d50, 0x8530, 0x7d50, 0x8530, 0x8530, 0x8571, 0x94ae, 0x29c4, 0x0001, 0x0060, 0x0060, 0x0001, 0x0001, 0x0001, 0x0001, 0x0001, 
	0x0001, 0x0001, 0x0001, 0x0001, 0x0001, 0x0001, 0x0001, 0x0002, 0x00d1, 0x19d7, 0x0000, 0x0000, 0x0000, 0x0000, 0x0000, 0x0000, 
	0x0000, 0x0000, 0x0000, 0x0000, 0x0000, 0x0000, 0x0000, 0x0000, 0x0000, 0x0000, 0x0000, 0x0000, 0x0000, 0x0000, 0x0000, 0x0000, 
	0x0000, 0x0000, 0x0000, 0x0000, 0x0000, 0x0000, 0x0000, 0x0000, 0x0000, 0x0000, 0x0000, 0x0000, 0x0000, 0x0000, 0x0000, 0x0000, 
	0x0000, 0x0000, 0x0000, 0x0000, 0x0000, 0x09dc, 0x19d7, 0x1170, 0x0004, 0x0001, 0x0001, 0x0001, 0x0001, 0x0001, 0x0001, 0x0001, 
	0x0001, 0x0001, 0x0001, 0x0001, 0x0800, 0x0800, 0x1000, 0x1000, 0x2124, 0xa42e, 0xbd53, 0xbcd1, 0xcc31, 0xbcd1, 0xcc92, 0xbcd1, 
	0xcc92, 0xcc92, 0xcc92, 0xcc92, 0xbcd1, 0xcc92, 0xcc92, 0xcc92, 0xd533, 0xcc31, 0xcc92, 0xb36e, 0x8a69, 0x2020, 0x8a69, 0xdd54, 
	0xdd54, 0xdd54, 0x928a, 0x3060, 0xab0d, 0xc410, 0xcc92, 0xc410, 0xccf2, 0xbcd1, 0xee97, 0xee97, 0xf6f7, 0xf739, 0xf738, 0xf738, 
	0xf738, 0xf738, 0xf738, 0xf738, 0xf738, 0xf738, 0xf738, 0xf738, 0xf738, 0xf738, 0xf738, 0xf738, 0xff18, 0xff18, 0xfed9, 0xee97, 
	0xd594, 0xdd54, 0xdd54, 0xdd54, 0xdd54, 0xdd54, 0xdd54, 0xdd54, 0xd594, 0xdd54, 0xd533, 0xe5d5, 0x9c2e, 0x69c6, 0x49c4, 0x49c4, 
	0x49c4, 0x49c4, 0x49c4, 0x29c4, 0x840b, 0xa550, 0xa593, 0xa5b1, 0xa550, 0xa593, 0xa550, 0x9d91, 0x9591, 0x9591, 0x9591, 0x9591, 
	0x9570, 0x9570, 0x9570, 0x8571, 0x8550, 0x8550, 0x8550, 0x8550, 0x8550, 0x7d50, 0x7d50, 0x7d50, 0x7d50, 0x7d50, 0x7d50, 0x7d50, 
	0x750f, 0x7530, 0x750f, 0x7530, 0x750f, 0x750f, 0x750f, 0x750f, 0x7530, 0x750f, 0x7530, 0x750f, 0x7530, 0x7530, 0x7530, 0x7530, 
	0x8571, 0x750f, 0x7530, 0x8571, 0x750f, 0x8571, 0x7530, 0x7530, 0x7530, 0x8571, 0x750f, 0x8571, 0x7530, 0x7530, 0x7530, 0x8571, 
	0x7530, 0x8571, 0x750f, 0x8571, 0x750f, 0x8571, 0x750f, 0x8571, 0x750f, 0x750f, 0x8571, 0x7530, 0x7d50, 0x7d50, 0x7d50, 0x7d50, 
	0x7d50, 0x8530, 0x7d50, 0x8530, 0x8571, 0x8c4e, 0x31a7, 0x0060, 0x0001, 0x0001, 0x0001, 0x0001, 0x0001, 0x0001, 0x0001, 0x0001, 
	0x0001, 0x0001, 0x0001, 0x0001, 0x0001, 0x0001, 0x0002, 0x090d, 0x0177, 0x09dc, 0x0000, 0x0000, 0x0000, 0x0000, 0x0000, 0x0000, 
	0x0000, 0x0000, 0x0000, 0x0000, 0x0000, 0x0000, 0x0000, 0x0000, 0x0000, 0x0000, 0x0000, 0x0000, 0x0000, 0x0000, 0x0000, 0x0000, 
	0x0000, 0x0000, 0x0000, 0x0000, 0x0000, 0x0000, 0x0000, 0x0000, 0x0000, 0x0000, 0x0000, 0x0000, 0x0000, 0x0000, 0x0000, 0x0000, 
	0x0000, 0x0000, 0x0000, 0x0000, 0x0000, 0x0000, 0x0000, 0x11da, 0x090d, 0x0002, 0x0001, 0x0001, 0x0001, 0x0001, 0x0001, 0x0001, 
	0x0001, 0x0001, 0x0001, 0x0001, 0x0001, 0x0800, 0x0800, 0x1000, 0x0800, 0x2124, 0xb36e, 0xbd53, 0xbd53, 0xcc92, 0xcc92, 0xcc92, 
	0xbd53, 0xcc92, 0xbcd1, 0xcc92, 0xbd53, 0xcc92, 0xcc92, 0xcc92, 0xcc31, 0xcc92, 0xc410, 0x936b, 0x89e8, 0x58c3, 0x58c3, 0xcc92, 
	0xdd54, 0xdd54, 0x69c6, 0x58c3, 0x8a69, 0xb36e, 0xcc31, 0xcc31, 0xbcd1, 0xd594, 0xee97, 0xfed9, 0xf6f7, 0xf6f7, 0xf738, 0xf738, 
	0xf738, 0xf738, 0xf738, 0xf738, 0xf738, 0xf738, 0xf738, 0xf738, 0xf738, 0xf738, 0xf738, 0xf738, 0xff18, 0xff18, 0xee97, 0xe5d5, 
	0xd594, 0xdd54, 0xdd54, 0xdd54, 0xdd54, 0xdd54, 0xdd54, 0xd594, 0xdd54, 0xd594, 0xd533, 0xbcd1, 0x72a9, 0x5223, 0x49c4, 0x49c4, 
	0x49c4, 0x49c4, 0x4a24, 0x7349, 0x94ae, 0xa593, 0xa5b1, 0xa593, 0x9d91, 0x9d91, 0x9d91, 0x9d91, 0x9591, 0x9570, 0x9570, 0x9591, 
	0x8d71, 0x8d71, 0x9570, 0x8571, 0x8571, 0x8550, 0x8550, 0x8571, 0x7d50, 0x8571, 0x7d50, 0x7d50, 0x7d50, 0x7d50, 0x7d50, 0x7d50, 
	0x7530, 0x7530, 0x750f, 0x7530, 0x750f, 0x7530, 0x750f, 0x7530, 0x750f, 0x750f, 0x7530, 0x7530, 0x7530, 0x7530, 0x7d50, 0x7530, 
	0x7530, 0x8571, 0x7530, 0x7530, 0x7530, 0x7530, 0x7d50, 0x7530, 0x7530, 0x7530, 0x7530, 0x7530, 0x7d50, 0x7530, 0x7530, 0x7530, 
	0x7530, 0x7530, 0x8571, 0x7530, 0x7530, 0x7530, 0x7530, 0x750f, 0x7530, 0x8571, 0x750f, 0x7d50, 0x7d50, 0x7d50, 0x7d50, 0x7d50, 
	0x8530, 0x8530, 0x8530, 0x8571, 0x8571, 0x31a7, 0x08e1, 0x0001, 0x0001, 0x0001, 0x0001, 0x0001, 0x0001, 0x0001, 0x0001, 0x0001, 
	0x0001, 0x0001, 0x0001, 0x0001, 0x0001, 0x0001, 0x004a, 0x1193, 0x09dc, 0x0000, 0x0000, 0x0000, 0x0000, 0x0000, 0x0000, 0x0000, 
	0x0000, 0x0000, 0x0000, 0x0000, 0x0000, 0x0000, 0x0000, 0x0000, 0x0000, 0x0000, 0x0000, 0x0000, 0x0000, 0x0000, 0x0000, 0x0000, 
	0x0000, 0x0000, 0x0000, 0x0000, 0x0000, 0x0000, 0x0000, 0x0000, 0x0000, 0x0000, 0x0000, 0x0000, 0x0000, 0x0000, 0x0000, 0x0000, 
	0x0000, 0x0000, 0x0000, 0x0000, 0x0000, 0x0000, 0x0000, 0x09dc, 0x19d7, 0x090d, 0x0002, 0x0001, 0x0001, 0x0001, 0x0001, 0x0001, 
	0x0001, 0x0001, 0x0001, 0x0001, 0x0001, 0x0800, 0x0800, 0x0800, 0x0800, 0x0800, 0x41e7, 0xc410, 0xcc31, 0xbd53, 0xcc92, 0xcc92, 
	0xcc92, 0xbd53, 0xcc92, 0xcc92, 0xcc92, 0xcc92, 0xcc92, 0xcc92, 0xcc92, 0xccf2, 0xc410, 0x8a69, 0x8a69, 0x69c6, 0x3060, 0xa26c, 
	0xdd54, 0xcc31, 0x58c3, 0x58c3, 0x89e8, 0x8a69, 0xab0d, 0xbbef, 0xbcd1, 0xee97, 0xf738, 0xf6f7, 0xf6f7, 0xef38, 0xf738, 0xf738, 
	0xf758, 0xf738, 0xe758, 0xf738, 0xf758, 0xf738, 0xe758, 0xf738, 0xf758, 0xf738, 0xf738, 0xf738, 0xff18, 0xfed9, 0xe676, 0xd594, 
	0xdd54, 0xd533, 0xdd54, 0xdd54, 0xdd54, 0xdd54, 0xd594, 0xdd54, 0xdd54, 0xd594, 0xccf2, 0x9c2b, 0x51e5, 0x51c3, 0x49c4, 0x49c4, 
	0x49c4, 0x29c4, 0x4a24, 0x9570, 0xadb1, 0x9d91, 0xa550, 0x9d91, 0x9d91, 0x9d91, 0x9d91, 0x9591, 0x9591, 0x9591, 0x9570, 0x9570, 
	0x8d71, 0x9570, 0x8571, 0x8571, 0x8550, 0x8550, 0x8550, 0x7d50, 0x8550, 0x7d50, 0x7d50, 0x7d50, 0x7d50, 0x7d50, 0x7d50, 0x7530, 
	0x7530, 0x750f, 0x7530, 0x750f, 0x750f, 0x750f, 0x750f, 0x750f, 0x750f, 0x7530, 0x750f, 0x7530, 0x7530, 0x7530, 0x7d50, 0x7530, 
	0x7530, 0x7530, 0x7d50, 0x7530, 0x7d50, 0x7530, 0x7d50, 0x7530, 0x7d50, 0x7530, 0x7d50, 0x7530, 0x7d50, 0x7530, 0x7d50, 0x7530, 
	0x8571, 0x7530, 0x7530, 0x8550, 0x7530, 0x8550, 0x750f, 0x7530, 0x7530, 0x750f, 0x8571, 0x7d50, 0x7d50, 0x7d50, 0x8530, 0x8530, 
	0x8530, 0x8530, 0x8530, 0x8530, 0x42a8, 0x0060, 0x0001, 0x0060, 0x0001, 0x0001, 0x0001, 0x0001, 0x0001, 0x0001, 0x0001, 0x0001, 
	0x0001, 0x0001, 0x0001, 0x0001, 0x0001, 0x0004, 0x1193, 0x11da, 0x0000, 0x0000, 0x0000, 0x0000, 0x0000, 0x0000, 0x0000, 0x0000, 
	0x0000, 0x0000, 0x0000, 0x0000, 0x0000, 0x0000, 0x0000, 0x0000, 0x0000, 0x0000, 0x0000, 0x0000, 0x0000, 0x0000, 0x0000, 0x0000, 
	0x0000, 0x0000, 0x0000, 0x0000, 0x0000, 0x0000, 0x0000, 0x0000, 0x0000, 0x0000, 0x0000, 0x0000, 0x0000, 0x0000, 0x0000, 0x0000, 
	0x0000, 0x0000, 0x0000, 0x0000, 0x0000, 0x0000, 0x0000, 0x0000, 0x11da, 0x1193, 0x0004, 0x0001, 0x0001, 0x0001, 0x0001, 0x0001, 
	0x0001, 0x0001, 0x0001, 0x0001, 0x0001, 0x0001, 0x0800, 0x0800, 0x0800, 0x1000, 0x0800, 0x31a7, 0xcc92, 0xbcd1, 0xbd53, 0xcc92, 
	0xcc92, 0xcc92, 0xbcd1, 0xccf2, 0xcc92, 0xbcd1, 0xccf2, 0xcc92, 0xccf2, 0xcc31, 0xab0d, 0x8a69, 0x8a69, 0x8988, 0x58c3, 0x8928, 
	0xdcb3, 0x8a69, 0x58c3, 0x69c6, 0x8988, 0x8a69, 0x928a, 0x936b, 0xbcd1, 0xfed9, 0xf738, 0xf6f7, 0xef38, 0xef38, 0xe758, 0xf758, 
	0xf758, 0xf758, 0xf758, 0xf758, 0xf758, 0xf758, 0xf758, 0xf758, 0xf758, 0xf758, 0xf738, 0xff18, 0xf738, 0xee97, 0xd5f5, 0xd533, 
	0xd594, 0xdd54, 0xdd54, 0xdd54, 0xdd54, 0xdd54, 0xdd54, 0xdd54, 0xd594, 0xd533, 0xbcf0, 0x72a9, 0x51c3, 0x49c4, 0x49c4, 0x49c4, 
	0x49c4, 0x4a24, 0x6308, 0x9d70, 0xa550, 0x9d91, 0x9d91, 0x9d91, 0x9d91, 0x9d91, 0x9591, 0x9591, 0x9591, 0x9570, 0x9570, 0x9570, 
	0x8571, 0x8571, 0x9570, 0x8571, 0x8550, 0x8550, 0x8550, 0x7d50, 0x7d50, 0x7d50, 0x7d50, 0x7d50, 0x7d50, 0x7d50, 0x7d50, 0x7530, 
	0x7530, 0x7530, 0x750f, 0x750f, 0x750f, 0x750f, 0x750f, 0x750f, 0x7530, 0x750f, 0x7530, 0x750f, 0x7530, 0x7530, 0x7d50, 0x7530, 
	0x7d50, 0x7530, 0x7d50, 0x7530, 0x7d50, 0x7530, 0x7d50, 0x7530, 0x7d50, 0x7530, 0x7d50, 0x7530, 0x7d50, 0x7530, 0x7d50, 0x7530, 
	0x7530, 0x8571, 0x7530, 0x7530, 0x7530, 0x7530, 0x7530, 0x8571, 0x750f, 0x7d50, 0x7530, 0x7d50, 0x7d50, 0x7d50, 0x8530, 0x8530, 
	0x8530, 0x8530, 0x8530, 0x42a8, 0x0001, 0x0001, 0x0001, 0x0001, 0x0001, 0x0001, 0x0001, 0x0001, 0x0001, 0x0001, 0x0001, 0x0001, 
	0x0001, 0x0001, 0x0001, 0x0001, 0x0004, 0x1170, 0x19d7, 0x09dc, 0x0000, 0x0000, 0x0000, 0x0000, 0x0000, 0x0000, 0x0000, 0x0000, 
	0x0000, 0x0000, 0x0000, 0x0000, 0x0000, 0x0000, 0x0000, 0x0000, 0x0000, 0x0000, 0x0000, 0x0000, 0x0000, 0x0000, 0x0000, 0x0000, 
	0x0000, 0x0000, 0x0000, 0x0000, 0x0000, 0x0000, 0x0000, 0x0000, 0x0000, 0x0000, 0x0000, 0x0000, 0x0000, 0x0000, 0x0000, 0x0000, 
	0x0000, 0x0000, 0x0000, 0x0000, 0x0000, 0x0000, 0x0000, 0x0000, 0x09dc, 0x11da, 0x1170, 0x0027, 0x0001, 0x0001, 0x0001, 0x0001, 
	0x0001, 0x0001, 0x0001, 0x0001, 0x0001, 0x0001, 0x0800, 0x0001, 0x0800, 0x0800, 0x0800, 0x1000, 0x3944, 0xbcd1, 0xbd53, 0xbd53, 
	0xcc92, 0xbd53, 0xcc92, 0xcc92, 0xbcd1, 0xcc92, 0xcc92, 0xcc92, 0xcc92, 0xcc31, 0xc410, 0xab0d, 0x89e8, 0x928a, 0x8a69, 0x3060, 
	0xa26c, 0x58c3, 0x58c3, 0x8928, 0x89e8, 0x8a69, 0x89e8, 0x928a, 0xd5f5, 0xfed9, 0xf738, 0xf738, 0xf6f7, 0xef38, 0xf758, 0xf758, 
	0xf758, 0xf758, 0xf758, 0xf758, 0xf758, 0xf758, 0xf758, 0xf758, 0xf758, 0xf758, 0xf738, 0xf738, 0xf6f7, 0xeef6, 0xe5d5, 0xd594, 
	0xd533, 0xd594, 0xdd54, 0xdd54, 0xdd54, 0xdd54, 0xdd54, 0xd594, 0xdd54, 0xbcd1, 0x9c2b, 0x51e5, 0x49c4, 0x49c4, 0x49c4, 0x29c4, 
	0x41a1, 0x4a24, 0x6c4e, 0xa550, 0x9d91, 0x9d91, 0xa5b1, 0x9d91, 0x9591, 0x9591, 0x9591, 0x9591, 0x9570, 0x9570, 0x9570, 0x8571, 
	0x9570, 0x8571, 0x8571, 0x8550, 0x8550, 0x8550, 0x8550, 0x7d50, 0x7d50, 0x7d50, 0x7d50, 0x7d50, 0x7d50, 0x7d50, 0x7d50, 0x7530, 
	0x7530, 0x750f, 0x7530, 0x750f, 0x750f, 0x750f, 0x750f, 0x750f, 0x750f, 0x750f, 0x7530, 0x7530, 0x7530, 0x7530, 0x7d50, 0x7530, 
	0x7d50, 0x7530, 0x7d50, 0x7530, 0x7d50, 0x7530, 0x7d50, 0x7530, 0x7d50, 0x7530, 0x7d50, 0x7530, 0x7d50, 0x7530, 0x7d50, 0x7530, 
	0x8571, 0x750f, 0x8571, 0x7530, 0x8550, 0x750f, 0x7530, 0x750f, 0x7530, 0x7d50, 0x7d50, 0x7d50, 0x8530, 0x750f, 0x8530, 0x8530, 
	0x8530, 0x8530, 0x42a8, 0x0060, 0x0001, 0x0060, 0x0001, 0x0001, 0x0001, 0x0001, 0x0001, 0x0001, 0x0001, 0x0001, 0x0001, 0x0001, 
	0x0001, 0x0001, 0x0001, 0x0002, 0x1170, 0x19d7, 0x09dc, 0x0000, 0x0000, 0x0000, 0x0000, 0x0000, 0x0000, 0x0000, 0x0000, 0x0000, 
	0x0000, 0x0000, 0x0000, 0x0000, 0x0000, 0x0000, 0x0000, 0x0000, 0x0000, 0x0000, 0x0000, 0x0000, 0x0000, 0x0000, 0x0000, 0x0000, 
	0x0000, 0x0000, 0x0000, 0x0000, 0x0000, 0x0000, 0x0000, 0x0000, 0x0000, 0x0000, 0x0000, 0x0000, 0x0000, 0x0000, 0x0000, 0x0000, 
	0x0000, 0x0000, 0x0000, 0x0000, 0x0000, 0x0000, 0x0000, 0x0000, 0x0000, 0x0000, 0x19d7, 0x1170, 0x0004, 0x0001, 0x0001, 0x0001, 
	0x0001, 0x0001, 0x0001, 0x0001, 0x0001, 0x0001, 0x0001, 0x0001, 0x0001, 0x0001, 0x0001, 0x0001, 0x0800, 0x3944, 0xbcd1, 0xbd53, 
	0xdcb3, 0xcc92, 0xbd53, 0xcc92, 0xccf2, 0xcc92, 0xcc92, 0xcc92, 0xcc92, 0xcc92, 0xcc31, 0xc410, 0xb36e, 0xb36e, 0xab0d, 0x58c3, 
	0x58c3, 0x58c3, 0x69c6, 0x8988, 0x89e8, 0x8a69, 0x8a69, 0xb36e, 0xd699, 0xfed9, 0xf738, 0xf738, 0xef38, 0xef38, 0xf758, 0xf758, 
	0xf758, 0xf758, 0xf758, 0xf758, 0xf758, 0xf758, 0xf758, 0xf758, 0xf758, 0xf738, 0xf738, 0xf738, 0xee97, 0xe5d5, 0xd5f4, 0xd594, 
	0xd594, 0xdd54, 0xdd54, 0xdd54, 0xdd54, 0xdd54, 0xdd54, 0xd594, 0xd533, 0xbcf0, 0x72a9, 0x51e5, 0x49c4, 0x49c4, 0x41a1, 0x29c4, 
	0x29c4, 0x6308, 0x8d4f, 0xa550, 0x9d91, 0x9591, 0xa5b1, 0x8d71, 0x9591, 0x9591, 0x9591, 0x9570, 0x9570, 0x8571, 0x9570, 0x8571, 
	0x8571, 0x8550, 0x8550, 0x8550, 0x8550, 0x8550, 0x8550, 0x7d50, 0x7d50, 0x7d50, 0x7d50, 0x7d50, 0x7d50, 0x7d50, 0x7d50, 0x7530, 
	0x7530, 0x7530, 0x750f, 0x7530, 0x750f, 0x750f, 0x750f, 0x750f, 0x7530, 0x750f, 0x7530, 0x750f, 0x7530, 0x7530, 0x7d50, 0x7530, 
	0x7d50, 0x7530, 0x7d50, 0x7530, 0x7d50, 0x7530, 0x7d50, 0x7530, 0x7d50, 0x7530, 0x7d50, 0x7530, 0x7d50, 0x7530, 0x7d50, 0x7530, 
	0x7530, 0x7530, 0x7530, 0x8550, 0x7530, 0x7530, 0x8550, 0x7530, 0x7530, 0x7d50, 0x7d50, 0x7d50, 0x7d50, 0x8530, 0x8530, 0x8530, 
	0x8530, 0x42a8, 0x0001, 0x0001, 0x0001, 0x0001, 0x0001, 0x0001, 0x0001, 0x0001, 0x0001, 0x0001, 0x0001, 0x0001, 0x0001, 0x0001, 
	0x0001, 0x0001, 0x0002, 0x090d, 0x19d7, 0x09dc, 0x0000, 0x0000, 0x0000, 0x0000, 0x0000, 0x0000, 0x0000, 0x0000, 0x0000, 0x0000, 
	0x0000, 0x0000, 0x0000, 0x0000, 0x0000, 0x0000, 0x0000, 0x0000, 0x0000, 0x0000, 0x0000, 0x0000, 0x0000, 0x0000, 0x0000, 0x0000, 
	0x0000, 0x0000, 0x0000, 0x0000, 0x0000, 0x0000, 0x0000, 0x0000, 0x0000, 0x0000, 0x0000, 0x0000, 0x0000, 0x0000, 0x0000, 0x0000, 
	0x0000, 0x0000, 0x0000, 0x0000, 0x0000, 0x0000, 0x0000, 0x0000, 0x0000, 0x0000, 0x09dc, 0x19d7, 0x090d, 0x0004, 0x0001, 0x0001, 
	0x0001, 0x0001, 0x0001, 0x0001, 0x0001, 0x0001, 0x0001, 0x0001, 0x0001, 0x0001, 0x0001, 0x0001, 0x0800, 0x0001, 0x2124, 0xa42e, 
	0xbd53, 0xcc92, 0xcc92, 0xbd53, 0xcc92, 0xccf2, 0xcc92, 0xcc92, 0xcc92, 0xcc92, 0xcc31, 0xcc92, 0xdcb3, 0xcc31, 0xab0d, 0x58c3, 
	0x2020, 0x58c3, 0x8988, 0x69c6, 0x8a69, 0x8a69, 0xab0d, 0xdcb3, 0xfed9, 0xf738, 0xfed9, 0xf738, 0xef38, 0xf738, 0xf758, 0xf758, 
	0xf758, 0xf758, 0xf758, 0xf758, 0xf758, 0xf758, 0xf758, 0xf758, 0xf738, 0xf758, 0xf738, 0xf6f7, 0xeef6, 0xd5f4, 0xd594, 0xd594, 
	0xd533, 0xdd54, 0xdd54, 0xdd54, 0xdd54, 0xd594, 0xdd54, 0xd594, 0xd533, 0x936b, 0x51e5, 0x49c4, 0x49c4, 0x49c4, 0x29c4, 0x49c4, 
	0x4a24, 0x840b, 0x9d91, 0xa5b1, 0xa5b1, 0x9591, 0x9d91, 0x9591, 0x9591, 0x9591, 0x9591, 0x9570, 0x8571, 0x8d70, 0x8550, 0x8550, 
	0x8d70, 0x8571, 0x8550, 0x852f, 0x8550, 0x852f, 0x7d50, 0x7d50, 0x7d50, 0x7d50, 0x7d50, 0x7d50, 0x7d50, 0x7d50, 0x7530, 0x7d50, 
	0x7530, 0x750f, 0x7530, 0x750f, 0x750f, 0x750f, 0x750f, 0x750f, 0x750f, 0x7530, 0x750f, 0x7530, 0x7530, 0x7530, 0x7d50, 0x7530, 
	0x7d50, 0x7530, 0x7d50, 0x7530, 0x7d50, 0x7530, 0x7d50, 0x7530, 0x7d50, 0x7530, 0x7d50, 0x7530, 0x7d50, 0x7530, 0x7d50, 0x7530, 
	0x8571, 0x7530, 0x7530, 0x7530, 0x8550, 0x7530, 0x7530, 0x7530, 0x7d50, 0x7d50, 0x7d50, 0x7d50, 0x8530, 0x8530, 0x8530, 0x7c4e, 
	0x31a7, 0x0001, 0x0060, 0x0001, 0x0001, 0x0001, 0x0001, 0x0001, 0x0001, 0x0001, 0x0001, 0x0001, 0x0001, 0x0001, 0x0001, 0x0001, 
	0x0001, 0x0002, 0x004a, 0x19d7, 0x09dc, 0x0000, 0x0000, 0x0000, 0x0000, 0x0000, 0x0000, 0x0000, 0x0000, 0x0000, 0x0000, 0x0000, 
	0x0000, 0x0000, 0x0000, 0x0000, 0x0000, 0x0000, 0x0000, 0x0000, 0x0000, 0x0000, 0x0000, 0x0000, 0x0000, 0x0000, 0x0000, 0x0000, 
	0x0000, 0x0000, 0x0000, 0x0000, 0x0000, 0x0000, 0x0000, 0x0000, 0x0000, 0x0000, 0x0000, 0x0000, 0x0000, 0x0000, 0x0000, 0x0000, 
	0x0000, 0x0000, 0x0000, 0x0000, 0x0000, 0x0000, 0x0000, 0x0000, 0x0000, 0x0000, 0x0000, 0x09dc, 0x19d7, 0x090d, 0x0001, 0x0001, 
	0x0001, 0x0001, 0x0001, 0x0001, 0x0001, 0x0001, 0x0001, 0x0001, 0x0001, 0x0001, 0x0001, 0x0001, 0x0001, 0x1000, 0x0001, 0x2020, 
	0x734c, 0xbd53, 0xdcb3, 0xdcb3, 0xcc92, 0xcc92, 0xcc92, 0xcc92, 0xcc92, 0xcc92, 0xcc31, 0xcc92, 0xd432, 0xcc92, 0xab0d, 0x58c3, 
	0x58c3, 0x58c3, 0x99ea, 0x89e8, 0x99ea, 0x8a69, 0xb36e, 0xd5f5, 0xfed9, 0xf6f7, 0xf738, 0xf6f7, 0xf738, 0xf737, 0xf758, 0xf758, 
	0xf758, 0xf758, 0xf758, 0xf758, 0xf758, 0xf758, 0xf758, 0xf758, 0xf738, 0xf758, 0xf737, 0xeef6, 0xd5f5, 0xd5f4, 0xd533, 0xd594, 
	0xd533, 0xd594, 0xdd54, 0xdd54, 0xdd54, 0xd594, 0xdd54, 0xd594, 0xbcf0, 0x72a9, 0x51c3, 0x49c4, 0x49c4, 0x49c4, 0x49c4, 0x41a1, 
	0x6308, 0x9570, 0xadb1, 0xa5b1, 0x9d91, 0x9d91, 0x9d91, 0x9591, 0x9591, 0x9591, 0x8d71, 0x8d70, 0x8d70, 0x8d70, 0x8550, 0x8d70, 
	0x8550, 0x8550, 0x8550, 0x8530, 0x8571, 0x852f, 0x7d50, 0x7d50, 0x7d50, 0x7d50, 0x7d50, 0x7530, 0x7d50, 0x7d50, 0x7d50, 0x7530, 
	0x7530, 0x7530, 0x750f, 0x750f, 0x750f, 0x750f, 0x750f, 0x750f, 0x7530, 0x750f, 0x7530, 0x750f, 0x7530, 0x7530, 0x7d50, 0x7530, 
	0x7d50, 0x7530, 0x8571, 0x750f, 0x8571, 0x750f, 0x7530, 0x8571, 0x750f, 0x8571, 0x7530, 0x8571, 0x7530, 0x8571, 0x750f, 0x7530, 
	0x7530, 0x8571, 0x7530, 0x8550, 0x7530, 0x7530, 0x7530, 0x7530, 0x750f, 0x8571, 0x750f, 0x7d50, 0x7d50, 0x8571, 0x8530, 0x31a7, 
	0x0060, 0x0001, 0x0001, 0x0001, 0x0001, 0x0001, 0x0001, 0x0001, 0x0001, 0x0001, 0x0001, 0x0001, 0x0001, 0x0001, 0x0001, 0x0001, 
	0x0001, 0x10e9, 0x0177, 0x09dc, 0x0000, 0x0000, 0x0000, 0x0000, 0x0000, 0x0000, 0x0000, 0x0000, 0x0000, 0x0000, 0x0000, 0x0000, 
	0x0000, 0x0000, 0x0000, 0x0000, 0x0000, 0x0000, 0x0000, 0x0000, 0x0000, 0x0000, 0x0000, 0x0000, 0x0000, 0x0000, 0x0000, 0x0000, 
	0x0000, 0x0000, 0x0000, 0x0000, 0x0000, 0x0000, 0x0000, 0x0000, 0x0000, 0x0000, 0x0000, 0x0000, 0x0000, 0x0000, 0x0000, 0x0000, 
	0x0000, 0x0000, 0x0000, 0x0000, 0x0000, 0x0000, 0x0000, 0x0000, 0x0000, 0x0000, 0x0000, 0x0000, 0x11da, 0x1193, 0x004a, 0x0002, 
	0x0001, 0x0001, 0x0001, 0x0001, 0x0001, 0x0001, 0x0001, 0x0001, 0x0001, 0x0001, 0x0001, 0x0001, 0x0001, 0x0001, 0x0800, 0x0001, 
	0x3060, 0xb36e, 0xbd53, 0xdcb3, 0xbd53, 0xdcb3, 0xcc92, 0xcc92, 0xcc92, 0xd432, 0xcc92, 0xd432, 0xcc92, 0xc410, 0xab0d, 0x69c6, 
	0x58c3, 0x8928, 0x89e8, 0x8a69, 0x8a69, 0x8a69, 0xbcd1, 0xee97, 0xfed9, 0xfed9, 0xf6f7, 0xf738, 0xf738, 0xf758, 0xf758, 0xf758, 
	0xf758, 0xf758, 0xf758, 0xf758, 0xf758, 0xf758, 0xf758, 0xf758, 0xf737, 0xf738, 0xf738, 0xeef6, 0xe5d5, 0xd594, 0xd533, 0xd594, 
	0xd594, 0xd533, 0xd594, 0xdd54, 0xdd54, 0xd594, 0xd594, 0xd533, 0x936b, 0x51e5, 0x51e5, 0x49c4, 0x49c4, 0x49c4, 0x29c4, 0x29c4, 
	0x94ae, 0xa550, 0xa5b1, 0xa5b1, 0x9d91, 0x9d91, 0x9d91, 0x9591, 0x9591, 0x8d71, 0x8d70, 0x8d70, 0x8d70, 0x8d70, 0x8550, 0x8550, 
	0x8550, 0x8571, 0x852f, 0x8530, 0x852f, 0x8571, 0x7d50, 0x7d50, 0x7d50, 0x7d50, 0x750f, 0x7d50, 0x7530, 0x7d50, 0x7530, 0x7d50, 
	0x7530, 0x7530, 0x750f, 0x750f, 0x750f, 0x750f, 0x750f, 0x750f, 0x750f, 0x750f, 0x7530, 0x7530, 0x7530, 0x7d50, 0x7d50, 0x7d50, 
	0x7d50, 0x7530, 0x7530, 0x7530, 0x7530, 0x8571, 0x750f, 0x7530, 0x8571, 0x7530, 0x8571, 0x750f, 0x8571, 0x750f, 0x8571, 0x7530, 
	0x8571, 0x750f, 0x8571, 0x7530, 0x7530, 0x7530, 0x7530, 0x8550, 0x7530, 0x750f, 0x7d50, 0x7d2f, 0x8530, 0x7c4e, 0x2102, 0x0060, 
	0x0001, 0x0001, 0x0001, 0x0001, 0x0001, 0x0001, 0x0001, 0x0001, 0x0001, 0x0001, 0x0001, 0x0001, 0x0001, 0x0001, 0x0060, 0x0002, 
	0x0027, 0x1193, 0x11da, 0x0000, 0x0000, 0x0000, 0x0000, 0x0000, 0x0000, 0x0000, 0x0000, 0x0000, 0x0000, 0x0000, 0x0000, 0x0000, 
	0x0000, 0x0000, 0x0000, 0x0000, 0x0000, 0x0000, 0x0000, 0x0000, 0x0000, 0x0000, 0x0000, 0x0000, 0x0000, 0x0000, 0x0000, 0x0000, 
	0x0000, 0x0000, 0x0000, 0x0000, 0x0000, 0x0000, 0x0000, 0x0000, 0x0000, 0x0000, 0x0000, 0x0000, 0x0000, 0x0000, 0x0000, 0x0000, 
	0x0000, 0x0000, 0x0000, 0x0000, 0x0000, 0x0000, 0x0000, 0x0000, 0x0000, 0x0000, 0x0000, 0x0000, 0x0000, 0x09dc, 0x1193, 0x10e9, 
	0x0002, 0x0001, 0x0001, 0x0001, 0x0001, 0x0002, 0x0001, 0x0001, 0x0001, 0x0001, 0x0001, 0x0001, 0x0001, 0x0001, 0x0800, 0x1000, 
	0x0001, 0x1860, 0x734c, 0xdcb3, 0xdcb3, 0xbd53, 0xcc92, 0xcc92, 0xcc92, 0xcc92, 0xcc31, 0xcc92, 0xcc31, 0xcc31, 0xb36e, 0x8928, 
	0x58c3, 0x8988, 0x89e8, 0x8a69, 0x8a69, 0xab0d, 0xe5d5, 0xfed9, 0xfed9, 0xf6f7, 0xf738, 0xf738, 0xf738, 0xf758, 0xf738, 0xf758, 
	0xf758, 0xf758, 0xf758, 0xf758, 0xf758, 0xf758, 0xf758, 0xf758, 0xf737, 0xf738, 0xf6f7, 0xd5f4, 0xd5f4, 0xd594, 0xd533, 0xd5f4, 
	0xd533, 0xd594, 0xd533, 0xd594, 0xd533, 0xd594, 0xd533, 0xbcf0, 0x72a9, 0x49c4, 0x51c3, 0x49c4, 0x4a24, 0x4a24, 0x49c4, 0x7349, 
	0xa550, 0x9d91, 0xa5b1, 0xa5b1, 0x9d91, 0x9d91, 0x9d91, 0x9591, 0x9591, 0x9591, 0x8d70, 0x8d70, 0x8d70, 0x8550, 0x8550, 0x8550, 
	0x8550, 0x8571, 0x8550, 0x7d50, 0x8550, 0x7d50, 0x7d50, 0x7d50, 0x7d2f, 0x750f, 0x7d50, 0x750f, 0x7d50, 0x7530, 0x7530, 0x7530, 
	0x750f, 0x7530, 0x750f, 0x750f, 0x750f, 0x750f, 0x7530, 0x7530, 0x6d0f, 0x750f, 0x750f, 0x7530, 0x750f, 0x7d50, 0x7530, 0x7d50, 
	0x7d50, 0x7d50, 0x7d50, 0x7d50, 0x7d50, 0x7530, 0x7d50, 0x8571, 0x7530, 0x8571, 0x7530, 0x8571, 0x7530, 0x8571, 0x7530, 0x8571, 
	0x750f, 0x8571, 0x750f, 0x8571, 0x7530, 0x7530, 0x7530, 0x750f, 0x750f, 0x7d50, 0x7d50, 0x8530, 0x6c4e, 0x08e1, 0x08e1, 0x0001, 
	0x0001, 0x0001, 0x0001, 0x0001, 0x0001, 0x0001, 0x0001, 0x0001, 0x0001, 0x0001, 0x0001, 0x0001, 0x0001, 0x0060, 0x0001, 0x0027, 
	0x1193, 0x09dc, 0x0000, 0x0000, 0x0000, 0x0000, 0x0000, 0x0000, 0x0000, 0x0000, 0x0000, 0x0000, 0x0000, 0x0000, 0x0000, 0x0000, 
	0x0000, 0x0000, 0x0000, 0x0000, 0x0000, 0x0000, 0x0000, 0x0000, 0x0000, 0x0000, 0x0000, 0x0000, 0x0000, 0x0000, 0x0000, 0x0000, 
	0x0000, 0x0000, 0x0000, 0x0000, 0x0000, 0x0000, 0x0000, 0x0000, 0x0000, 0x0000, 0x0000, 0x0000, 0x0000, 0x0000, 0x0000, 0x0000, 
	0x0000, 0x0000, 0x0000, 0x0000, 0x0000, 0x0000, 0x0000, 0x0000, 0x0000, 0x0000, 0x0000, 0x0000, 0x0000, 0x0000, 0x11da, 0x1193, 
	0x004a, 0x0002, 0x0001, 0x0001, 0x0001, 0x0001, 0x0001, 0x0001, 0x0001, 0x0001, 0x0001, 0x0001, 0x0001, 0x0001, 0x0001, 0x0800, 
	0x2020, 0x1000, 0x1000, 0x72a9, 0xcc31, 0xdcb3, 0xdcb3, 0xcc92, 0xcc92, 0xcc92, 0xcc92, 0xcc31, 0xcc31, 0xcc92, 0xb36e, 0x89e8, 
	0x8988, 0x89e8, 0x89e8, 0x8a69, 0x8a69, 0xc410, 0xfed9, 0xee97, 0xfed9, 0xf738, 0xf737, 0xf738, 0xf737, 0xf738, 0xef37, 0xf737, 
	0xf758, 0xf758, 0xf758, 0xf758, 0xf758, 0xf737, 0xf738, 0xf737, 0xf758, 0xf737, 0xe676, 0xd5f4, 0xd5f4, 0xd533, 0xd5f4, 0xd533, 
	0xd594, 0xd533, 0xd594, 0xdd54, 0xd533, 0xd594, 0xccf2, 0x7b69, 0x51e5, 0x51c3, 0x51c3, 0x4a24, 0x4a24, 0x29c4, 0x5a66, 0x94ae, 
	0xa5b1, 0xa5b1, 0xa5b1, 0xa550, 0x9d91, 0x9d91, 0x9591, 0x9591, 0x9591, 0x8d70, 0x8d70, 0x8d70, 0x8550, 0x8550, 0x8550, 0x8550, 
	0x8550, 0x8530, 0x8571, 0x7d50, 0x7d50, 0x7d50, 0x7d50, 0x7d50, 0x7d50, 0x750f, 0x750f, 0x7d50, 0x7530, 0x7530, 0x7d50, 0x750f, 
	0x7530, 0x750f, 0x750f, 0x750f, 0x750f, 0x750f, 0x6d0f, 0x750f, 0x750f, 0x750f, 0x750f, 0x7530, 0x7530, 0x7530, 0x7d50, 0x7d50, 
	0x7d50, 0x7d50, 0x7d50, 0x7d50, 0x7d50, 0x7d50, 0x7d50, 0x7d50, 0x7d50, 0x7d50, 0x7d50, 0x7d50, 0x8571, 0x7d50, 0x7d50, 0x7d50, 
	0x7d50, 0x7d50, 0x7d50, 0x8571, 0x7530, 0x8571, 0x7530, 0x7d50, 0x7d50, 0x8571, 0x7d50, 0x5b2b, 0x08e1, 0x0060, 0x0060, 0x0060, 
	0x0001, 0x0001, 0x0001, 0x0001, 0x0001, 0x0001, 0x0001, 0x0001, 0x0001, 0x0001, 0x0001, 0x0001, 0x0060, 0x0002, 0x0027, 0x00d1, 
	0x11da, 0x09dc, 0x0000, 0x0000, 0x0000, 0x0000, 0x0000, 0x0000, 0x0000, 0x0000, 0x0000, 0x0000, 0x0000, 0x0000, 0x0000, 0x0000, 
	0x0000, 0x0000, 0x0000, 0x0000, 0x0000, 0x0000, 0x0000, 0x0000, 0x0000, 0x0000, 0x0000, 0x0000, 0x0000, 0x0000, 0x0000, 0x0000, 
	0x0000, 0x0000, 0x0000, 0x0000, 0x0000, 0x0000, 0x0000, 0x0000, 0x0000, 0x0000, 0x0000, 0x0000, 0x0000, 0x0000, 0x0000, 0x0000, 
	0x0000, 0x0000, 0x0000, 0x0000, 0x0000, 0x0000, 0x0000, 0x0000, 0x0000, 0x0000, 0x0000, 0x0000, 0x0000, 0x0000, 0x0000, 0x11da, 
	0x1193, 0x0027, 0x0060, 0x0001, 0x0001, 0x0800, 0x0001, 0x0001, 0x0001, 0x0001, 0x0001, 0x0001, 0x0001, 0x0001, 0x0001, 0x0800, 
	0x0800, 0x1860, 0x1860, 0x1860, 0x5a89, 0xcc31, 0xbd53, 0xdcb3, 0xcc92, 0xd432, 0xcc92, 0xcc92, 0xcc31, 0xcc31, 0xc410, 0x8a69, 
	0x89e8, 0x89e8, 0x8a69, 0x928a, 0x928a, 0xbcd1, 0xfed9, 0xfed9, 0xf6f7, 0xf737, 0xf737, 0xf737, 0xf737, 0xf737, 0xff37, 0xf738, 
	0xf758, 0xf758, 0xf758, 0xf758, 0xf758, 0xf737, 0xf738, 0xf738, 0xf738, 0xf6f7, 0xe676, 0xd5f4, 0xd533, 0xd5f4, 0xd533, 0xd594, 
	0xd533, 0xd594, 0xd533, 0xd594, 0xd533, 0xd533, 0xa4af, 0x69c6, 0x51c3, 0x51c3, 0x49c4, 0x4a24, 0x4a24, 0x49c4, 0x7349, 0xa5b1, 
	0xa5b1, 0xa5b1, 0xa550, 0x9d91, 0x9d91, 0x9591, 0x9591, 0x9591, 0x9570, 0x8d70, 0x8d70, 0x8d70, 0x8550, 0x8550, 0x8550, 0x8550, 
	0x8550, 0x8530, 0x8571, 0x7d50, 0x7d50, 0x7d50, 0x7d50, 0x7d2f, 0x750f, 0x7d50, 0x750f, 0x7530, 0x750f, 0x7530, 0x750f, 0x7530, 
	0x750f, 0x750f, 0x750f, 0x750f, 0x750f, 0x750f, 0x7530, 0x7530, 0x7530, 0x7530, 0x750f, 0x750f, 0x7530, 0x7d50, 0x7d50, 0x7d50, 
	0x8530, 0x7d50, 0x7d50, 0x8530, 0x7d50, 0x8530, 0x8530, 0x8530, 0x8530, 0x8530, 0x8530, 0x8530, 0x8530, 0x8530, 0x8530, 0x8530, 
	0x8530, 0x7d50, 0x7d50, 0x7d50, 0x8571, 0x7530, 0x7d50, 0x7d50, 0x7d50, 0x8530, 0x42a8, 0x08e1, 0x0001, 0x0001, 0x0001, 0x0001, 
	0x0001, 0x0001, 0x0001, 0x0001, 0x0001, 0x0001, 0x0001, 0x0001, 0x0001, 0x0800, 0x0800, 0x0001, 0x0001, 0x0004, 0x1193, 0x11da, 
	0x0000, 0x0000, 0x0000, 0x0000, 0x0000, 0x0000, 0x0000, 0x0000, 0x0000, 0x0000, 0x0000, 0x0000, 0x0000, 0x0000, 0x0000, 0x0000, 
	0x0000, 0x0000, 0x0000, 0x0000, 0x0000, 0x0000, 0x0000, 0x0000, 0x0000, 0x0000, 0x0000, 0x0000, 0x0000, 0x0000, 0x0000, 0x0000, 
	0x0000, 0x0000, 0x0000, 0x0000, 0x0000, 0x0000, 0x0000, 0x0000, 0x0000, 0x0000, 0x0000, 0x0000, 0x0000, 0x0000, 0x0000, 0x0000, 
	0x0000, 0x0000, 0x0000, 0x0000, 0x0000, 0x0000, 0x0000, 0x0000, 0x0000, 0x0000, 0x0000, 0x0000, 0x0000, 0x0000, 0x0000, 0x0000, 
	0x19d7, 0x1193, 0x0027, 0x0002, 0x0001, 0x0001, 0x0001, 0x0001, 0x0001, 0x0001, 0x0001, 0x0001, 0x0001, 0x0001, 0x0001, 0x0800, 
	0x0800, 0x0800, 0x0800, 0x1000, 0x0001, 0x2124, 0xb36e, 0xbdd7, 0xdcb3, 0xbd53, 0xcc92, 0xcc92, 0xcc92, 0xcc31, 0xcc31, 0xcc31, 
	0xab0d, 0x928a, 0x8a69, 0x89e8, 0xa42e, 0xee16, 0xfed9, 0xfed9, 0xf6f7, 0xf737, 0xf737, 0xf737, 0xff37, 0xf737, 0xf738, 0xef37, 
	0xf738, 0xf758, 0xf737, 0xf738, 0xef37, 0xf737, 0xf738, 0xf738, 0xf737, 0xe676, 0xd5f4, 0xd5f4, 0xd533, 0xd533, 0xd594, 0xd594, 
	0xd594, 0xd533, 0xd594, 0xdd54, 0xd594, 0xd594, 0x936b, 0x51c3, 0x51c3, 0x51c3, 0x49c4, 0x4a24, 0x49c4, 0x4a24, 0x7c4e, 0xb5b1, 
	0xa5b1, 0xa5b1, 0xa550, 0x9d91, 0x9d91, 0x9591, 0x9591, 0x9591, 0x8d71, 0x8d70, 0x8d70, 0x8550, 0x8550, 0x8550, 0x8550, 0x8550, 
	0x8550, 0x8571, 0x7d50, 0x7d50, 0x7d50, 0x7d50, 0x7d2f, 0x7d50, 0x7d50, 0x750f, 0x750f, 0x7530, 0x7530, 0x750f, 0x7530, 0x750f, 
	0x750f, 0x750f, 0x750f, 0x750f, 0x750f, 0x750f, 0x750f, 0x7530, 0x6d0f, 0x750f, 0x750f, 0x750f, 0x7530, 0x750f, 0x8530, 0x8530, 
	0x750f, 0x8530, 0x8530, 0x8530, 0xa593, 0x7c4e, 0x6beb, 0x42a8, 0x42a8, 0x31a7, 0x42a8, 0x31a7, 0x29c4, 0x42a8, 0x5b2b, 0x6c4e, 
	0x7d50, 0xa593, 0x7d50, 0x8530, 0x7d50, 0x8530, 0x8571, 0x8530, 0x7c4e, 0x29c4, 0x0060, 0x0001, 0x0001, 0x0001, 0x0001, 0x0001, 
	0x0001, 0x0001, 0x0001, 0x0001, 0x0001, 0x0001, 0x0001, 0x0001, 0x0001, 0x0001, 0x0001, 0x0001, 0x0027, 0x1193, 0x19d7, 0x09dc, 
	0x0000, 0x0000, 0x0000, 0x0000, 0x0000, 0x0000, 0x0000, 0x0000, 0x0000, 0x0000, 0x0000, 0x0000, 0x0000, 0x0000, 0x0000, 0x0000, 
	0x0000, 0x0000, 0x0000, 0x0000, 0x0000, 0x0000, 0x0000, 0x0000, 0x0000, 0x0000, 0x0000, 0x0000, 0x0000, 0x0000, 0x0000, 0x0000, 
	0x0000, 0x0000, 0x0000, 0x0000, 0x0000, 0x0000, 0x0000, 0x0000, 0x0000, 0x0000, 0x0000, 0x0000, 0x0000, 0x0000, 0x0000, 0x0000, 
	0x0000, 0x0000, 0x0000, 0x0000, 0x0000, 0x0000, 0x0000, 0x0000, 0x0000, 0x0000, 0x0000, 0x0000, 0x0000, 0x0000, 0x0000, 0x0000, 
	0x0000, 0x09dc, 0x1170, 0x10e9, 0x0001, 0x0001, 0x0001, 0x0001, 0x0001, 0x0001, 0x0001, 0x0001, 0x0001, 0x0001, 0x0001, 0x0001, 
	0x0001, 0x0001, 0x0001, 0x0800, 0x0800, 0x0800, 0x1860, 0x72a9, 0xbd53, 0xd432, 0xbd53, 0xbd53, 0xdcb3, 0xbcd1, 0xcc92, 0xcc92, 
	0xcc92, 0xc410, 0xab0d, 0x936b, 0xcc92, 0xe676, 0xfed9, 0xf6f7, 0xff37, 0xf737, 0xf737, 0xff37, 0xf738, 0xef37, 0xff37, 0xf738, 
	0xf758, 0xf758, 0xf737, 0xf738, 0xef37, 0xf738, 0xf737, 0xf738, 0xf6f7, 0xde75, 0xe5d5, 0xd533, 0xd5f4, 0xd594, 0xd533, 0xd594, 
	0xd533, 0xd594, 0xdd54, 0xd594, 0xd533, 0xbcf0, 0x72a9, 0x51c3, 0x51e5, 0x49c4, 0x49c4, 0x49c4, 0x31a7, 0x7349, 0x8d4f, 0xadb1, 
	0xa5b1, 0xa550, 0x9d91, 0x9591, 0x9591, 0x9591, 0x9591, 0x8d70, 0x8d70, 0x8d70, 0x8550, 0x852f, 0x8550, 0x8550, 0x8550, 0x8550, 
	0x8550, 0x8550, 0x7d50, 0x7d50, 0x7d50, 0x7d2f, 0x7d2f, 0x7d2f, 0x750f, 0x750f, 0x750f, 0x750f, 0x750f, 0x750f, 0x750f, 0x750f, 
	0x750f, 0x750f, 0x750f, 0x750f, 0x750f, 0x750f, 0x750f, 0x750f, 0x750f, 0x7530, 0x7530, 0x750f, 0x750f, 0x750f, 0x750f, 0x8530, 
	0x8530, 0x8d71, 0x8571, 0x6c4e, 0x42a8, 0x08e1, 0x0060, 0x08e1, 0x08e1, 0x08e1, 0x08e1, 0x08e1, 0x08e1, 0x08e1, 0x08e1, 0x0060, 
	0x2102, 0x42a8, 0x7c4e, 0x8530, 0x8571, 0x8571, 0x8530, 0x6beb, 0x29c4, 0x0060, 0x0001, 0x0001, 0x0001, 0x0001, 0x0001, 0x0001, 
	0x0001, 0x0001, 0x0001, 0x0001, 0x0001, 0x0001, 0x0001, 0x0001, 0x0001, 0x0001, 0x0001, 0x0004, 0x1193, 0x11da, 0x09dc, 0x0000, 
	0x0000, 0x0000, 0x0000, 0x0000, 0x0000, 0x0000, 0x0000, 0x0000, 0x0000, 0x0000, 0x0000, 0x0000, 0x0000, 0x0000, 0x0000, 0x0000, 
	0x0000, 0x0000, 0x0000, 0x0000, 0x0000, 0x0000, 0x0000, 0x0000, 0x0000, 0x0000, 0x0000, 0x0000, 0x0000, 0x0000, 0x0000, 0x0000, 
	0x0000, 0x0000, 0x0000, 0x0000, 0x0000, 0x0000, 0x0000, 0x0000, 0x0000, 0x0000, 0x0000, 0x0000, 0x0000, 0x0000, 0x0000, 0x0000, 
	0x0000, 0x0000, 0x0000, 0x0000, 0x0000, 0x0000, 0x0000, 0x0000, 0x0000, 0x0000, 0x0000, 0x0000, 0x0000, 0x0000, 0x0000, 0x0000, 
	0x0000, 0x09dc, 0x0177, 0x1193, 0x0027, 0x0002, 0x0001, 0x0001, 0x0001, 0x0001, 0x0001, 0x0001, 0x0001, 0x0001, 0x0001, 0x0001, 
	0x0001, 0x0001, 0x0001, 0x0800, 0x0800, 0x1860, 0x0001, 0x1860, 0x69c6, 0xcc31, 0xbd53, 0xcc92, 0xcc92, 0xbd53, 0xcc92, 0xccf2, 
	0xcc92, 0xcc92, 0xcc92, 0xbbef, 0xe5d5, 0xfed9, 0xff37, 0xf6f7, 0xff37, 0xf737, 0xf737, 0xf738, 0xef37, 0xff37, 0xf738, 0xef37, 
	0xff18, 0xef37, 0xef37, 0xf737, 0xf738, 0xf758, 0xf737, 0xf738, 0xeef6, 0xe5d5, 0xd5f4, 0xd594, 0xd533, 0xd594, 0xd533, 0xd594, 
	0xdd54, 0xd594, 0xdd54, 0xd594, 0xd533, 0x734c, 0x51c3, 0x49c4, 0x49c4, 0x49c4, 0x49c4, 0x4a24, 0x5a66, 0x94ae, 0xadb1, 0xa5b1, 
	0xa5b1, 0xa550, 0x9591, 0x9d91, 0x9570, 0x9591, 0x9570, 0x8d71, 0x8d70, 0x8d70, 0x8d4f, 0x8d4f, 0x8550, 0x8550, 0x8550, 0x8550, 
	0x8550, 0x8571, 0x7d50, 0x7d50, 0x7d2f, 0x7d50, 0x7d2f, 0x7d50, 0x7d50, 0x750f, 0x750f, 0x750f, 0x750f, 0x750f, 0x750f, 0x750f, 
	0x750f, 0x750f, 0x750f, 0x750f, 0x750f, 0x750f, 0x750f, 0x750f, 0x750f, 0x7530, 0x6d0f, 0x750f, 0x7530, 0x8530, 0x750f, 0x8530, 
	0x8571, 0x734c, 0x2124, 0x0001, 0x0001, 0x0001, 0x0060, 0x0001, 0x0001, 0x0001, 0x0001, 0x0001, 0x0001, 0x0001, 0x0001, 0x0001, 
	0x0001, 0x0060, 0x08e1, 0x42a8, 0x7c4e, 0x8571, 0x5a89, 0x08e1, 0x0001, 0x0001, 0x0001, 0x0001, 0x0001, 0x0001, 0x0001, 0x0001, 
	0x0001, 0x0001, 0x0001, 0x0001, 0x0001, 0x0001, 0x0001, 0x0001, 0x0001, 0x0001, 0x0027, 0x1170, 0x19d7, 0x09dc, 0x0000, 0x0000, 
	0x0000, 0x0000, 0x0000, 0x0000, 0x0000, 0x0000, 0x0000, 0x0000, 0x0000, 0x0000, 0x0000, 0x0000, 0x0000, 0x0000, 0x0000, 0x0000, 
	0x0000, 0x0000, 0x0000, 0x0000, 0x0000, 0x0000, 0x0000, 0x0000, 0x0000, 0x0000, 0x0000, 0x0000, 0x0000, 0x0000, 0x0000, 0x0000, 
	0x0000, 0x0000, 0x0000, 0x0000, 0x0000, 0x0000, 0x0000, 0x0000, 0x0000, 0x0000, 0x0000, 0x0000, 0x0000, 0x0000, 0x0000, 0x0000, 
	0x0000, 0x0000, 0x0000, 0x0000, 0x0000, 0x0000, 0x0000, 0x0000, 0x0000, 0x0000, 0x0000, 0x0000, 0x0000, 0x0000, 0x0000, 0x0000, 
	0x0000, 0x0000, 0x0000, 0x11da, 0x00d1, 0x10e9, 0x0001, 0x0001, 0x0001, 0x0001, 0x0001, 0x0001, 0x0001, 0x0001, 0x0001, 0x0001, 
	0x0001, 0x0001, 0x0001, 0x0001, 0x0800, 0x0001, 0x1000, 0x0800, 0x0001, 0x2124, 0xab0d, 0xbdd7, 0xdcb3, 0xd533, 0xdcb3, 0xbd53, 
	0xdcb3, 0xcc92, 0xccf2, 0xbcd1, 0xee97, 0xfed9, 0xf6f7, 0xff18, 0xf737, 0xf737, 0xf737, 0xef37, 0xff37, 0xf758, 0xef37, 0xff37, 
	0xef37, 0xf758, 0xf737, 0xf738, 0xef37, 0xf738, 0xf737, 0xf738, 0xd5f5, 0xd5f4, 0xd594, 0xd594, 0xd594, 0xd533, 0xd594, 0xdd54, 
	0xdd54, 0xd594, 0xdd54, 0xd594, 0xbcf0, 0x69c6, 0x51c3, 0x49c4, 0x51c3, 0x49c4, 0x49c4, 0x49c4, 0x6beb, 0x9d70, 0xa5b1, 0xa5b1, 
	0x9d91, 0xa550, 0x9591, 0x9d70, 0x9591, 0x9591, 0x8d70, 0x8d70, 0x8d70, 0x8550, 0x8d4f, 0x8550, 0x8550, 0x8550, 0x8550, 0x8550, 
	0x8550, 0x7d50, 0x7d50, 0x7d50, 0x7d50, 0x7d2f, 0x7d2f, 0x7d2f, 0x750f, 0x750f, 0x750f, 0x750f, 0x750f, 0x750f, 0x750f, 0x750f, 
	0x750f, 0x750f, 0x750f, 0x750f, 0x750f, 0x750f, 0x750f, 0x750f, 0x7530, 0x7530, 0x6d0f, 0x750f, 0x750f, 0x8530, 0x8530, 0x8530, 
	0x31a7, 0x0001, 0x0001, 0x0001, 0x0001, 0x0001, 0x0001, 0x0001, 0x0001, 0x0001, 0x0001, 0x0001, 0x0001, 0x0001, 0x0001, 0x0001, 
	0x0001, 0x0001, 0x0001, 0x0001, 0x08e1, 0x2124, 0x0060, 0x0001, 0x0001, 0x0060, 0x0001, 0x0001, 0x0001, 0x0001, 0x0001, 0x0001, 
	0x0001, 0x0001, 0x0001, 0x0001, 0x0001, 0x0001, 0x0001, 0x0001, 0x0001, 0x0004, 0x1170, 0x11da, 0x0000, 0x0000, 0x0000, 0x0000, 
	0x0000, 0x0000, 0x0000, 0x0000, 0x0000, 0x0000, 0x0000, 0x0000, 0x0000, 0x0000, 0x0000, 0x0000, 0x0000, 0x0000, 0x0000, 0x0000, 
	0x0000, 0x0000, 0x0000, 0x0000, 0x0000, 0x0000, 0x0000, 0x0000, 0x0000, 0x0000, 0x0000, 0x0000, 0x0000, 0x0000, 0x0000, 0x0000, 
	0x0000, 0x0000, 0x0000, 0x0000, 0x0000, 0x0000, 0x0000, 0x0000, 0x0000, 0x0000, 0x0000, 0x0000, 0x0000, 0x0000, 0x0000, 0x0000, 
	0x0000, 0x0000, 0x0000, 0x0000, 0x0000, 0x0000, 0x0000, 0x0000, 0x0000, 0x0000, 0x0000, 0x0000, 0x0000, 0x0000, 0x0000, 0x0000, 
	0x0000, 0x0000, 0x0000, 0x09dc, 0x11da, 0x1193, 0x004a, 0x0001, 0x0001, 0x0001, 0x0001, 0x0001, 0x0001, 0x0001, 0x0001, 0x0001, 
	0x0001, 0x0001, 0x0001, 0x0001, 0x0001, 0x0800, 0x0800, 0x0800, 0x1000, 0x0001, 0x1000, 0x5a89, 0xcc92, 0xbd53, 0xdcb3, 0xdcb3, 
	0xbd53, 0xdcb3, 0xbcd1, 0xbcd1, 0xee97, 0xfed9, 0xf737, 0xf737, 0xf738, 0xf737, 0xf737, 0xf758, 0xf758, 0xef37, 0xef37, 0xf758, 
	0xf758, 0xf758, 0xf737, 0xf738, 0xef37, 0xf738, 0xf737, 0xf6f7, 0xe676, 0xd5f4, 0xd594, 0xd533, 0xd594, 0xd533, 0xd594, 0xdd54, 
	0xdd54, 0xd594, 0xd594, 0xd533, 0x936b, 0x3922, 0x49c4, 0x49c4, 0x49c4, 0x49c4, 0x3922, 0x62e6, 0x94ae, 0xa5b1, 0xa5b1, 0xa5b1, 
	0x9d91, 0x9d91, 0x9d91, 0x9570, 0x9591, 0x9591, 0x8d70, 0x8d70, 0x8d70, 0x8550, 0x8d70, 0x852f, 0x8550, 0x8550, 0x8550, 0x8550, 
	0x8550, 0x8571, 0x7d50, 0x7d50, 0x7d2f, 0x7d50, 0x7d50, 0x7d50, 0x7d50, 0x750f, 0x750f, 0x750f, 0x750f, 0x750f, 0x750f, 0x750f, 
	0x750f, 0x750f, 0x7530, 0x7530, 0x7530, 0x6d0f, 0x7530, 0x7530, 0x6d0f, 0x6d0f, 0x7530, 0x750f, 0x8530, 0x8530, 0x6c4e, 0x08e1, 
	0x0001, 0x0001, 0x0001, 0x0001, 0x0001, 0x0001, 0x0001, 0x0001, 0x0001, 0x0001, 0x0001, 0x0001, 0x0001, 0x0001, 0x0001, 0x0001, 
	0x0001, 0x0001, 0x0001, 0x0001, 0x0001, 0x0001, 0x0001, 0x0001, 0x0001, 0x0001, 0x0001, 0x0001, 0x0001, 0x0001, 0x0001, 0x0001, 
	0x0001, 0x0001, 0x0001, 0x0001, 0x0001, 0x0001, 0x0001, 0x0001, 0x0027, 0x1193, 0x11da, 0x09dc, 0x0000, 0x0000, 0x0000, 0x0000, 
	0x0000, 0x0000, 0x0000, 0x0000, 0x0000, 0x0000, 0x0000, 0x0000, 0x0000, 0x0000, 0x0000, 0x0000, 0x0000, 0x0000, 0x0000, 0x0000, 
	0x0000, 0x0000, 0x0000, 0x0000, 0x0000, 0x0000, 0x0000, 0x0000, 0x0000, 0x0000, 0x0000, 0x0000, 0x0000, 0x0000, 0x0000, 0x0000, 
	0x0000, 0x0000, 0x0000, 0x0000, 0x0000, 0x0000, 0x0000, 0x0000, 0x0000, 0x0000, 0x0000, 0x0000, 0x0000, 0x0000, 0x0000, 0x0000, 
	0x0000, 0x0000, 0x0000, 0x0000, 0x0000, 0x0000, 0x0000, 0x0000, 0x0000, 0x0000, 0x0000, 0x0000, 0x0000, 0x0000, 0x0000, 0x0000, 
	0x0000, 0x0000, 0x0000, 0x0000, 0x0000, 0x11da, 0x1193, 0x004a, 0x0001, 0x0001, 0x0001, 0x0001, 0x0001, 0x0001, 0x0001, 0x0001, 
	0x0001, 0x0001, 0x0001, 0x0001, 0x0800, 0x0001, 0x0001, 0x0800, 0x0001, 0x1000, 0x1000, 0x0001, 0x3944, 0xab0d, 0xbdd7, 0xdcb3, 
	0xbd53, 0xbd53, 0xbd53, 0xbcd1, 0xfed9, 0xef38, 0xf738, 0xf737, 0xf738, 0xef37, 0xef37, 0xf758, 0xf758, 0xf758, 0xf758, 0xf758, 
	0xf758, 0xf758, 0xf737, 0xf738, 0xef37, 0xf758, 0xf737, 0xeef6, 0xde75, 0xd5f4, 0xd594, 0xd594, 0xd594, 0xdd54, 0xd594, 0xdd54, 
	0xd594, 0xd533, 0xd594, 0xd594, 0x72a9, 0x3922, 0x51c3, 0x49c4, 0x49c4, 0x41a1, 0x4a24, 0x6beb, 0xadb1, 0xa550, 0xa5b1, 0xa5b1, 
	0x9d91, 0xa550, 0x9591, 0x9d91, 0x9570, 0x9570, 0x8d70, 0x8d70, 0x8d70, 0x8550, 0x8d70, 0x8550, 0x8550, 0x8d4f, 0x8550, 0x8550, 
	0x8550, 0x8550, 0x7d50, 0x7d50, 0x7d50, 0x7d50, 0x7d50, 0x750f, 0x7d50, 0x750f, 0x750f, 0x750f, 0x750f, 0x750f, 0x750f, 0x750f, 
	0x750f, 0x7530, 0x6d0f, 0x6d0f, 0x7530, 0x6d0f, 0x7530, 0x6d0f, 0x750f, 0x750f, 0x750f, 0x7530, 0x8571, 0x6beb, 0x0002, 0x0060, 
	0x0001, 0x0001, 0x0001, 0x0001, 0x0001, 0x0001, 0x0001, 0x0001, 0x0001, 0x0001, 0x0001, 0x0001, 0x0001, 0x0001, 0x0001, 0x0001, 
	0x0001, 0x0001, 0x0001, 0x0001, 0x0001, 0x0001, 0x0001, 0x0001, 0x0001, 0x0001, 0x0001, 0x0001, 0x0001, 0x0001, 0x0001, 0x0001, 
	0x0001, 0x0001, 0x0001, 0x0001, 0x0001, 0x0001, 0x0001, 0x0027, 0x1193, 0x11da, 0x0000, 0x0000, 0x0000, 0x0000, 0x0000, 0x0000, 
	0x0000, 0x0000, 0x0000, 0x0000, 0x0000, 0x0000, 0x0000, 0x0000, 0x0000, 0x0000, 0x0000, 0x0000, 0x0000, 0x0000, 0x0000, 0x0000, 
	0x0000, 0x0000, 0x0000, 0x0000, 0x0000, 0x0000, 0x0000, 0x0000, 0x0000, 0x0000, 0x0000, 0x0000, 0x0000, 0x0000, 0x0000, 0x0000, 
	0x0000, 0x0000, 0x0000, 0x0000, 0x0000, 0x0000, 0x0000, 0x0000, 0x0000, 0x0000, 0x0000, 0x0000, 0x0000, 0x0000, 0x0000, 0x0000, 
	0x0000, 0x0000, 0x0000, 0x0000, 0x0000, 0x0000, 0x0000, 0x0000, 0x0000, 0x0000, 0x0000, 0x0000, 0x0000, 0x0000, 0x0000, 0x0000, 
	0x0000, 0x0000, 0x0000, 0x0000, 0x0000, 0x0000, 0x11da, 0x1193, 0x090d, 0x0004, 0x0001, 0x0001, 0x0001, 0x0001, 0x0001, 0x0001, 
	0x0001, 0x0001, 0x0001, 0x0001, 0x0001, 0x0001, 0x0001, 0x0001, 0x0001, 0x0001, 0x0001, 0x0001, 0x0001, 0x1860, 0x69c6, 0xbcd1, 
	0xcc31, 0xbd53, 0xbcd1, 0xbd53, 0xf738, 0xf6f7, 0xef38, 0xef37, 0xf738, 0xf758, 0xf758, 0xe758, 0xef37, 0xf758, 0xf758, 0xf758, 
	0xf758, 0xf758, 0xf737, 0xf738, 0xef37, 0xf758, 0xf737, 0xeef6, 0xde75, 0xd5f4, 0xd594, 0xd594, 0xd533, 0xd594, 0xdd54, 0xdd54, 
	0xd594, 0xd594, 0xd533, 0xd594, 0x6ac6, 0x51c3, 0x49c4, 0x3922, 0x49c4, 0x49c4, 0x62e6, 0xa4af, 0xadb1, 0xadb1, 0xa550, 0x9d91, 
	0xa550, 0x9591, 0x9d91, 0x9591, 0x9591, 0x9570, 0x8d70, 0x8d70, 0x8d70, 0x8550, 0x8d70, 0x8550, 0x8550, 0x8550, 0x8550, 0x8550, 
	0x8550, 0x8550, 0x7d50, 0x7d50, 0x7d50, 0x7d2f, 0x7d50, 0x7d50, 0x750f, 0x7530, 0x750f, 0x750f, 0x750f, 0x750f, 0x750f, 0x7530, 
	0x6d0f, 0x6d0f, 0x7530, 0x6d0f, 0x6d0f, 0x7530, 0x6d0f, 0x7530, 0x6d0f, 0x750f, 0x750f, 0x8530, 0x6c4e, 0x08e1, 0x0001, 0x0001, 
	0x0001, 0x0001, 0x0001, 0x0001, 0x0001, 0x0001, 0x0001, 0x0001, 0x0001, 0x0001, 0x0001, 0x0001, 0x0001, 0x0001, 0x0001, 0x0001, 
	0x0001, 0x0001, 0x0001, 0x0001, 0x0001, 0x0001, 0x0001, 0x0001, 0x0001, 0x0001, 0x0001, 0x0001, 0x0001, 0x0001, 0x0001, 0x0001, 
	0x0001, 0x0001, 0x0001, 0x0001, 0x0001, 0x0002, 0x004a, 0x1193, 0x11da, 0x09dc, 0x0000, 0x0000, 0x0000, 0x0000, 0x0000, 0x0000, 
	0x0000, 0x0000, 0x0000, 0x0000, 0x0000, 0x0000, 0x0000, 0x0000, 0x0000, 0x0000, 0x0000, 0x0000, 0x0000, 0x0000, 0x0000, 0x0000, 
	0x0000, 0x0000, 0x0000, 0x0000, 0x0000, 0x0000, 0x0000, 0x0000, 0x0000, 0x0000, 0x0000, 0x0000, 0x0000, 0x0000, 0x0000, 0x0000, 
	0x0000, 0x0000, 0x0000, 0x0000, 0x0000, 0x0000, 0x0000, 0x0000, 0x0000, 0x0000, 0x0000, 0x0000, 0x0000, 0x0000, 0x0000, 0x0000, 
	0x0000, 0x0000, 0x0000, 0x0000, 0x0000, 0x0000, 0x0000, 0x0000, 0x0000, 0x0000, 0x0000, 0x0000, 0x0000, 0x0000, 0x0000, 0x0000, 
	0x0000, 0x0000, 0x0000, 0x0000, 0x0000, 0x0000, 0x0000, 0x09dc, 0x19d7, 0x1170, 0x0002, 0x0001, 0x0001, 0x0001, 0x0001, 0x0001, 
	0x0001, 0x0001, 0x0001, 0x0001, 0x0001, 0x0001, 0x0001, 0x0001, 0x0001, 0x0001, 0x0001, 0x0001, 0x0800, 0x0001, 0x0001, 0x2102, 
	0x734c, 0xbd53, 0xbd53, 0xbcd1, 0xf739, 0xef38, 0xef38, 0xe758, 0xf758, 0xf758, 0xf758, 0xef37, 0xf758, 0xe758, 0xef37, 0xf758, 
	0xf758, 0xf758, 0xf737, 0xf738, 0xef37, 0xf758, 0xf737, 0xf6f7, 0xde75, 0xd5f4, 0xd594, 0xd594, 0xd594, 0xd533, 0xd594, 0xd533, 
	0xd594, 0xd594, 0xd533, 0xd594, 0x72a9, 0x49c4, 0x49c4, 0x41a1, 0x49c4, 0x4a24, 0x840b, 0xbdf3, 0xadb1, 0xa5b1, 0x9d91, 0xa550, 
	0x9d91, 0x9d91, 0x9d91, 0x9570, 0x9d91, 0x9570, 0x8d70, 0x8d70, 0x8d70, 0x8550, 0x8d70, 0x8d4f, 0x8d70, 0x852f, 0x8550, 0x8550, 
	0x8550, 0x8550, 0x7d50, 0x7d50, 0x7d50, 0x7d50, 0x7d50, 0x750f, 0x7d50, 0x750f, 0x750f, 0x750f, 0x750f, 0x750f, 0x7530, 0x6d0f, 
	0x7530, 0x6d0f, 0x6d0f, 0x7530, 0x6d0f, 0x6d0f, 0x7530, 0x6d0f, 0x7530, 0x750f, 0x7530, 0x8530, 0x0002, 0x08e1, 0x0001, 0x0060, 
	0x0001, 0x0001, 0x0001, 0x0001, 0x0001, 0x0001, 0x0001, 0x0001, 0x0001, 0x0001, 0x0001, 0x0001, 0x0001, 0x0001, 0x0001, 0x0001, 
	0x0001, 0x0001, 0x0001, 0x0001, 0x0001, 0x0001, 0x0001, 0x0001, 0x0001, 0x0001, 0x0001, 0x0001, 0x0001, 0x0001, 0x0001, 0x0001, 
	0x0001, 0x0001, 0x0001, 0x0001, 0x0001, 0x10e9, 0x1193, 0x09dc, 0x09dc, 0x0000, 0x0000, 0x0000, 0x0000, 0x0000, 0x0000, 0x0000, 
	0x0000, 0x0000, 0x0000, 0x0000, 0x0000, 0x0000, 0x0000, 0x0000, 0x0000, 0x0000, 0x0000, 0x0000, 0x0000, 0x0000, 0x0000, 0x0000, 
	0x0000, 0x0000, 0x0000, 0x0000, 0x0000, 0x0000, 0x0000, 0x0000, 0x0000, 0x0000, 0x0000, 0x0000, 0x0000, 0x0000, 0x0000, 0x0000, 
	0x0000, 0x0000, 0x0000, 0x0000, 0x0000, 0x0000, 0x0000, 0x0000, 0x0000, 0x0000, 0x0000, 0x0000, 0x0000, 0x0000, 0x0000, 0x0000, 
	0x0000, 0x0000, 0x0000, 0x0000, 0x0000, 0x0000, 0x0000, 0x0000, 0x0000, 0x0000, 0x0000, 0x0000, 0x0000, 0x0000, 0x0000, 0x0000, 
	0x0000, 0x0000, 0x0000, 0x0000, 0x0000, 0x0000, 0x0000, 0x09dc, 0x11da, 0x19d7, 0x1170, 0x0027, 0x0001, 0x0001, 0x0001, 0x0001, 
	0x0001, 0x0001, 0x0001, 0x0001, 0x0001, 0x0001, 0x0001, 0x0001, 0x0001, 0x0001, 0x0001, 0x0001, 0x0001, 0x0001, 0x0001, 0x0001, 
	0x0001, 0x3944, 0x8c4e, 0xbdd7, 0xf739, 0xf739, 0xf738, 0xf738, 0xef37, 0xf758, 0xf758, 0xe758, 0xef37, 0xef37, 0xf758, 0xf758, 
	0xf758, 0xf758, 0xf737, 0xf738, 0xef37, 0xf758, 0xf737, 0xeef6, 0xd5f5, 0xe5d5, 0xcd71, 0xd594, 0xd594, 0xdd54, 0xd594, 0xd533, 
	0xd594, 0xd533, 0xd594, 0xd533, 0x6ac6, 0x51c3, 0x49c4, 0x49c4, 0x49c4, 0x62e6, 0xa550, 0xadb1, 0xadb1, 0xadb1, 0xa5b1, 0x9d91, 
	0x9d91, 0x9d91, 0x9d91, 0x9d70, 0x9591, 0x9570, 0x8d70, 0x8d70, 0x8d70, 0x8550, 0x8d70, 0x8550, 0x8550, 0x8550, 0x8550, 0x8550, 
	0x8550, 0x8550, 0x7d50, 0x7d50, 0x7d50, 0x7d2f, 0x7d50, 0x750f, 0x7d50, 0x7530, 0x750f, 0x750f, 0x750f, 0x750f, 0x7530, 0x6d0f, 
	0x6d0f, 0x7530, 0x6d0f, 0x6d0f, 0x7530, 0x6d0f, 0x7530, 0x6d0f, 0x750f, 0x750f, 0x7530, 0x29c4, 0x0060, 0x0001, 0x0060, 0x0001, 
	0x0001, 0x0001, 0x0001, 0x0001, 0x0001, 0x0001, 0x0001, 0x0001, 0x0001, 0x0001, 0x0001, 0x0001, 0x0001, 0x0001, 0x0001, 0x0001, 
	0x0001, 0x0001, 0x0001, 0x0001, 0x0001, 0x0001, 0x0001, 0x0001, 0x0001, 0x0001, 0x0001, 0x0001, 0x0001, 0x0001, 0x0001, 0x0001, 
	0x0001, 0x0001, 0x0001, 0x0004, 0x090d, 0x0177, 0x19d7, 0x0000, 0x0000, 0x0000, 0x0000, 0x0000, 0x0000, 0x0000, 0x0000, 0x0000, 
	0x0000, 0x0000, 0x0000, 0x0000, 0x0000, 0x0000, 0x0000, 0x0000, 0x0000, 0x0000, 0x0000, 0x0000, 0x0000, 0x0000, 0x0000, 0x0000, 
	0x0000, 0x0000, 0x0000, 0x0000, 0x0000, 0x0000, 0x0000, 0x0000, 0x0000, 0x0000, 0x0000, 0x0000, 0x0000, 0x0000, 0x0000, 0x0000, 
	0x0000, 0x0000, 0x0000, 0x0000, 0x0000, 0x0000, 0x0000, 0x0000, 0x0000, 0x0000, 0x0000, 0x0000, 0x0000, 0x0000, 0x0000, 0x0000, 
	0x0000, 0x0000, 0x0000, 0x0000, 0x0000, 0x0000, 0x0000, 0x0000, 0x0000, 0x0000, 0x0000, 0x0000, 0x0000, 0x0000, 0x0000, 0x0000, 
	0x0000, 0x0000, 0x0000, 0x0000, 0x0000, 0x0000, 0x0000, 0x0000, 0x0000, 0x09dc, 0x11da, 0x1193, 0x0027, 0x0060, 0x0001, 0x0001, 
	0x0001, 0x0001, 0x0001, 0x0001, 0x0001, 0x0001, 0x0001, 0x0001, 0x0001, 0x0001, 0x0001, 0x0001, 0x0001, 0x0001, 0x0001, 0x0001, 
	0x0001, 0x0001, 0x1860, 0x5a89, 0xd699, 0xff18, 0xf739, 0xef38, 0xef38, 0xef37, 0xf758, 0xef37, 0xf758, 0xf758, 0xf758, 0xf758, 
	0xf758, 0xf758, 0xf737, 0xf738, 0xef37, 0xf758, 0xf737, 0xeef6, 0xe676, 0xd5f4, 0xd594, 0xd594, 0xd533, 0xd594, 0xdd54, 0xd594, 
	0xd533, 0xd594, 0xcd71, 0xd594, 0x6ac6, 0x49c4, 0x49c4, 0x49c4, 0x49c4, 0x6308, 0xa4af, 0xadb1, 0xadb1, 0xadb1, 0xadb1, 0xa5b1, 
	0xa5b1, 0x9d91, 0x9d91, 0x9591, 0x9591, 0x9570, 0x8d70, 0x8d70, 0x8d70, 0x8550, 0x8550, 0x8550, 0x8550, 0x8d4f, 0x8550, 0x8550, 
	0x8550, 0x8550, 0x7d50, 0x7d50, 0x7d50, 0x7d50, 0x7d50, 0x7d50, 0x750f, 0x7530, 0x750f, 0x750f, 0x750f, 0x750f, 0x6d0f, 0x750f, 
	0x7530, 0x6d0f, 0x7530, 0x6d0f, 0x6d0f, 0x7530, 0x6d0f, 0x750f, 0x6d0f, 0x8530, 0x5b2b, 0x0001, 0x0060, 0x0001, 0x0001, 0x0001, 
	0x0001, 0x0001, 0x42a8, 0x5a89, 0x5a89, 0x5a89, 0x42a8, 0x0001, 0x0001, 0x0001, 0x0001, 0x0001, 0x0001, 0x0001, 0x1860, 0x5a89, 
	0x5a89, 0x5a89, 0x5a89, 0x2102, 0x0001, 0x0001, 0x0001, 0x0001, 0x0001, 0x0001, 0x0001, 0x0001, 0x0001, 0x0001, 0x0001, 0x0001, 
	0x0001, 0x0001, 0x0004, 0x090d, 0x11da, 0x09dc, 0x0000, 0x0000, 0x0000, 0x0000, 0x0000, 0x0000, 0x0000, 0x0000, 0x0000, 0x0000, 
	0x0000, 0x0000, 0x0000, 0x0000, 0x0000, 0x0000, 0x0000, 0x0000, 0x0000, 0x0000, 0x0000, 0x0000, 0x0000, 0x0000, 0x0000, 0x0000, 
	0x0000, 0x0000, 0x0000, 0x0000, 0x0000, 0x0000, 0x0000, 0x0000, 0x0000, 0x0000, 0x0000, 0x0000, 0x0000, 0x0000, 0x0000, 0x0000, 
	0x0000, 0x0000, 0x0000, 0x0000, 0x0000, 0x0000, 0x0000, 0x0000, 0x0000, 0x0000, 0x0000, 0x0000, 0x0000, 0x0000, 0x0000, 0x0000, 
	0x0000, 0x0000, 0x0000, 0x0000, 0x0000, 0x0000, 0x0000, 0x0000, 0x0000, 0x0000, 0x0000, 0x0000, 0x0000, 0x0000, 0x0000, 0x0000, 
	0x0000, 0x0000, 0x0000, 0x0000, 0x0000, 0x0000, 0x0000, 0x0000, 0x0000, 0x0000, 0x0000, 0x19d7, 0x19d7, 0x004a, 0x0004, 0x0001, 
	0x0001, 0x0001, 0x0001, 0x0001, 0x0001, 0x0001, 0x0001, 0x0001, 0x0001, 0x0001, 0x0001, 0x0001, 0x0001, 0x0001, 0x0001, 0x0001, 
	0x0001, 0x0001, 0x0001, 0x0001, 0x2020, 0x734c, 0xf6f7, 0xff79, 0xe758, 0xef37, 0xf758, 0xf758, 0xe758, 0xef37, 0xf758, 0xf758, 
	0xf758, 0xf758, 0xef37, 0xef37, 0xef37, 0xf758, 0xef37, 0xe676, 0xde75, 0xd5f4, 0xd594, 0xd594, 0xd594, 0xdd54, 0xdd54, 0xd594, 
	0xd533, 0xd594, 0xd533, 0xb5b1, 0x72a9, 0x49c4, 0x49c4, 0x49c4, 0x49c4, 0x62e6, 0xa550, 0xb5b1, 0xadb1, 0xadb1, 0xadb1, 0xa5b1, 
	0x9d91, 0x9d91, 0x9d91, 0x9d70, 0x9591, 0x9570, 0x8d70, 0x8d70, 0x8d70, 0x8550, 0x8550, 0x8d4f, 0x8d70, 0x852f, 0x8550, 0x8550, 
	0x8550, 0x8550, 0x7d50, 0x7d50, 0x7d50, 0x7d2f, 0x7d50, 0x750f, 0x7d50, 0x750f, 0x750f, 0x750f, 0x750f, 0x750f, 0x750f, 0x7530, 
	0x6d0f, 0x7530, 0x6d0f, 0x7530, 0x6d0f, 0x7530, 0x750f, 0x750f, 0x8530, 0x6c4e, 0x08e1, 0x0001, 0x0001, 0x0060, 0x0001, 0x0001, 
	0x0001, 0x0060, 0xf77d, 0xffff, 0xffff, 0xffff, 0xffff, 0x5a89, 0x0001, 0x0001, 0x0001, 0x0001, 0x0001, 0x0001, 0x2124, 0xf77d, 
	0xffff, 0xffff, 0xffff, 0x41e7, 0x0001, 0x0001, 0x0001, 0x0001, 0x0001, 0x0001, 0x0001, 0x0001, 0x0001, 0x0001, 0x0001, 0x0001, 
	0x0001, 0x0027, 0x1193, 0x19d7, 0x09dc, 0x0000, 0x0000, 0x0000, 0x0000, 0x0000, 0x0000, 0x0000, 0x0000, 0x0000, 0x0000, 0x0000, 
	0x0000, 0x0000, 0x0000, 0x0000, 0x0000, 0x0000, 0x0000, 0x0000, 0x0000, 0x0000, 0x0000, 0x0000, 0x0000, 0x0000, 0x0000, 0x0000, 
	0x0000, 0x0000, 0x0000, 0x0000, 0x0000, 0x0000, 0x0000, 0x0000, 0x0000, 0x0000, 0x0000, 0x0000, 0x0000, 0x0000, 0x0000, 0x0000, 
	0x0000, 0x0000, 0x0000, 0x0000, 0x0000, 0x0000, 0x0000, 0x0000, 0x0000, 0x0000, 0x0000, 0x0000, 0x0000, 0x0000, 0x0000, 0x0000, 
	0x0000, 0x0000, 0x0000, 0x0000, 0x0000, 0x0000, 0x0000, 0x0000, 0x0000, 0x0000, 0x0000, 0x0000, 0x0000, 0x0000, 0x0000, 0x0000, 
	0x0000, 0x0000, 0x0000, 0x0000, 0x0000, 0x0000, 0x0000, 0x0000, 0x0000, 0x0000, 0x0000, 0x0000, 0x09dc, 0x19d7, 0x10e9, 0x0002, 
	0x0001, 0x0001, 0x0001, 0x0800, 0x0001, 0x0001, 0x0001, 0x0001, 0x0001, 0x0001, 0x0001, 0x0001, 0x0001, 0x0001, 0x0001, 0x0001, 
	0x0001, 0x0001, 0x0001, 0x0800, 0x0001, 0x0001, 0x28e0, 0x7b69, 0xde75, 0xe758, 0xf758, 0xf758, 0xf758, 0xf758, 0xf758, 0xe758, 
	0xef37, 0xf758, 0xf758, 0xef37, 0xef37, 0xf758, 0xef37, 0xeef6, 0xde75, 0xd5f4, 0xd594, 0xd594, 0xdd54, 0xd594, 0xdd54, 0xdd54, 
	0xd594, 0xd533, 0xd594, 0xd533, 0x72a9, 0x49c4, 0x49c4, 0x49c4, 0x49c4, 0x6308, 0xa550, 0xadb1, 0xadb1, 0xadb1, 0xadb1, 0xa5b1, 
	0x9d91, 0x9d91, 0x9d91, 0x9570, 0x9591, 0x9570, 0x8d70, 0x8d70, 0x8d70, 0x8d4f, 0x8d70, 0x8550, 0x8550, 0x8550, 0x8d4f, 0x8550, 
	0x8550, 0x8550, 0x7d50, 0x7d50, 0x7d50, 0x7d50, 0x7d50, 0x750f, 0x7530, 0x7530, 0x750f, 0x750f, 0x750f, 0x750f, 0x7530, 0x6d0f, 
	0x7530, 0x6d0f, 0x7530, 0x6d0f, 0x7530, 0x6d0f, 0x750f, 0x750f, 0x750f, 0x6beb, 0x0001, 0x0001, 0x0060, 0x0001, 0x0001, 0x0001, 
	0x0001, 0x0800, 0xd699, 0xffff, 0xffff, 0xffff, 0xffff, 0xd699, 0x1860, 0x0001, 0x0001, 0x0001, 0x0001, 0x0001, 0x2102, 0xf77d, 
	0xffff, 0xffff, 0xffff, 0x31a7, 0x0001, 0x0001, 0x0001, 0x0001, 0x0001, 0x0001, 0x0001, 0x0001, 0x0001, 0x0001, 0x0001, 0x0001, 
	0x10e9, 0x1193, 0x11da, 0x0000, 0x0000, 0x0000, 0x0000, 0x0000, 0x0000, 0x0000, 0x0000, 0x0000, 0x0000, 0x0000, 0x0000, 0x0000, 
	0x0000, 0x0000, 0x0000, 0x0000, 0x0000, 0x0000, 0x0000, 0x0000, 0x0000, 0x0000, 0x0000, 0x0000, 0x0000, 0x0000, 0x0000, 0x0000, 
	0x0000, 0x0000, 0x0000, 0x0000, 0x0000, 0x0000, 0x0000, 0x0000, 0x0000, 0x0000, 0x0000, 0x0000, 0x0000, 0x0000, 0x0000, 0x0000, 
	0x0000, 0x0000, 0x0000, 0x0000, 0x0000, 0x0000, 0x0000, 0x0000, 0x0000, 0x0000, 0x0000, 0x0000, 0x0000, 0x0000, 0x0000, 0x0000, 
	0x0000, 0x0000, 0x0000, 0x0000, 0x0000, 0x0000, 0x0000, 0x0000, 0x0000, 0x0000, 0x0000, 0x0000, 0x0000, 0x0000, 0x0000, 0x0000, 
	0x0000, 0x0000, 0x0000, 0x0000, 0x0000, 0x0000, 0x0000, 0x0000, 0x0000, 0x0000, 0x0000, 0x0000, 0x09dc, 0x11da, 0x19d7, 0x1193, 
	0x0027, 0x0004, 0x0001, 0x0001, 0x0001, 0x0001, 0x0001, 0x0001, 0x0001, 0x0001, 0x0001, 0x0001, 0x0001, 0x0001, 0x0001, 0x0001, 
	0x0001, 0x0001, 0x0001, 0x0001, 0x0001, 0x0001, 0x0001, 0x0001, 0x28e0, 0x7b69, 0xd699, 0xff79, 0xf739, 0xe758, 0xe758, 0xf758, 
	0xf758, 0xe758, 0xf758, 0xe758, 0xf758, 0xf758, 0xef37, 0xde75, 0xd5f5, 0xd5f4, 0xd594, 0xd594, 0xd594, 0xdd54, 0xdd54, 0xd594, 
	0xd533, 0xcd71, 0xd594, 0xbd53, 0x6ac6, 0x49c4, 0x49c4, 0x49c4, 0x49c4, 0x6308, 0xa550, 0xb5b1, 0xa593, 0xadb1, 0xadb1, 0xa5b1, 
	0x9d91, 0x9d91, 0x9d91, 0x9570, 0x9591, 0x9570, 0x8d70, 0x8d70, 0x8d70, 0x8550, 0x8550, 0x8550, 0x8550, 0x8550, 0x8550, 0x8550, 
	0x8550, 0x8571, 0x7d50, 0x7d50, 0x7d50, 0x7d2f, 0x7d50, 0x750f, 0x750f, 0x750f, 0x750f, 0x750f, 0x750f, 0x750f, 0x750f, 0x7530, 
	0x6d0f, 0x7530, 0x6d0f, 0x7530, 0x6d0f, 0x750f, 0x750f, 0x7c4e, 0x8530, 0x29c4, 0x0060, 0x0001, 0x0001, 0x0001, 0x0001, 0x0001, 
	0x0001, 0x0001, 0xd699, 0xffff, 0xffff, 0xffff, 0xffff, 0xffff, 0xbcd1, 0x0001, 0x0001, 0x0001, 0x0001, 0x0001, 0x2102, 0xf77d, 
	0xffff, 0xffff, 0xffff, 0x31a7, 0x0001, 0x0001, 0x0001, 0x0001, 0x0001, 0x0001, 0x0001, 0x0001, 0x0001, 0x0001, 0x0004, 0x090d, 
	0x19d7, 0x11da, 0x09dc, 0x0000, 0x0000, 0x0000, 0x0000, 0x0000, 0x0000, 0x0000, 0x0000, 0x0000, 0x0000, 0x0000, 0x0000, 0x0000, 
	0x0000, 0x0000, 0x0000, 0x0000, 0x0000, 0x0000, 0x0000, 0x0000, 0x0000, 0x0000, 0x0000, 0x0000, 0x0000, 0x0000, 0x0000, 0x0000, 
	0x0000, 0x0000, 0x0000, 0x0000, 0x0000, 0x0000, 0x0000, 0x0000, 0x0000, 0x0000, 0x0000, 0x0000, 0x0000, 0x0000, 0x0000, 0x0000, 
	0x0000, 0x0000, 0x0000, 0x0000, 0x0000, 0x0000, 0x0000, 0x0000, 0x0000, 0x0000, 0x0000, 0x0000, 0x0000, 0x0000, 0x0000, 0x0000, 
	0x0000, 0x0000, 0x0000, 0x0000, 0x0000, 0x0000, 0x0000, 0x0000, 0x0000, 0x0000, 0x0000, 0x0000, 0x0000, 0x0000, 0x0000, 0x0000, 
	0x0000, 0x0000, 0x0000, 0x0000, 0x0000, 0x0000, 0x0000, 0x0000, 0x0000, 0x0000, 0x0000, 0x0000, 0x0000, 0x0000, 0x0000, 0x09dc, 
	0x19d7, 0x10e9, 0x0004, 0x0060, 0x0001, 0x0001, 0x0001, 0x0001, 0x0001, 0x0001, 0x0001, 0x0001, 0x0001, 0x0001, 0x0001, 0x0001, 
	0x0001, 0x0001, 0x0001, 0x0001, 0x0001, 0x0001, 0x0001, 0x0001, 0x0001, 0x0001, 0x2102, 0x5b2b, 0xbdf3, 0xf739, 0xff79, 0xe758, 
	0xf739, 0xef38, 0xe758, 0xf758, 0xe758, 0xf758, 0xef37, 0xe676, 0xd5f4, 0xd5f4, 0xd594, 0xd594, 0xbd53, 0xd594, 0xdd54, 0xd594, 
	0xbd53, 0xd594, 0xd533, 0xcd71, 0x72a9, 0x49c4, 0x49c4, 0x49c4, 0x49c4, 0x6308, 0xa4af, 0xa593, 0xb5b1, 0xadb1, 0xa593, 0xadb1, 
	0x9d91, 0x9d91, 0xa550, 0x9591, 0x9570, 0x9570, 0x8d70, 0x8d70, 0x8d70, 0x8550, 0x8d70, 0x8550, 0x8550, 0x8550, 0x8550, 0x8550, 
	0x8550, 0x8550, 0x7d50, 0x7d50, 0x7d50, 0x7d50, 0x750f, 0x7d50, 0x750f, 0x750f, 0x750f, 0x750f, 0x750f, 0x750f, 0x750f, 0x750f, 
	0x7530, 0x6d0f, 0x7530, 0x6d0f, 0x750f, 0x750f, 0x7c4e, 0x7d50, 0x6beb, 0x08e1, 0x0001, 0x0001, 0x0001, 0x0001, 0x0001, 0x0001, 
	0x0001, 0x0060, 0xd699, 0xffff, 0xffff, 0xffff, 0xffff, 0xffff, 0xf77d, 0x31a7, 0x0001, 0x0001, 0x0001, 0x0001, 0x2102, 0xf77d, 
	0xffff, 0xffff, 0xffff, 0x31a7, 0x0001, 0x0001, 0x0001, 0x0001, 0x0001, 0x0001, 0x0001, 0x0001, 0x0001, 0x10e9, 0x1193, 0x11da, 
	0x09dc, 0x0000, 0x0000, 0x0000, 0x0000, 0x0000, 0x0000, 0x0000, 0x0000, 0x0000, 0x0000, 0x0000, 0x0000, 0x0000, 0x0000, 0x0000, 
	0x0000, 0x0000, 0x0000, 0x0000, 0x0000, 0x0000, 0x0000, 0x0000, 0x0000, 0x0000, 0x0000, 0x0000, 0x0000, 0x0000, 0x0000, 0x0000, 
	0x0000, 0x0000, 0x0000, 0x0000, 0x0000, 0x0000, 0x0000, 0x0000, 0x0000, 0x0000, 0x0000, 0x0000, 0x0000, 0x0000, 0x0000, 0x0000, 
	0x0000, 0x0000, 0x0000, 0x0000, 0x0000, 0x0000, 0x0000, 0x0000, 0x0000, 0x0000, 0x0000, 0x0000, 0x0000, 0x0000, 0x0000, 0x0000, 
	0x0000, 0x0000, 0x0000, 0x0000, 0x0000, 0x0000, 0x0000, 0x0000, 0x0000, 0x0000, 0x0000, 0x0000, 0x0000, 0x0000, 0x0000, 0x0000, 
	0x0000, 0x0000, 0x0000, 0x0000, 0x0000, 0x0000, 0x0000, 0x0000, 0x0000, 0x0000, 0x0000, 0x0000, 0x0000, 0x0000, 0x0000, 0x0000, 
	0x11da, 0x19d7, 0x1170, 0x0027, 0x0002, 0x0001, 0x0001, 0x0001, 0x0001, 0x0001, 0x0001, 0x0001, 0x0001, 0x0001, 0x0001, 0x0001, 
	0x0001, 0x0001, 0x0001, 0x0001, 0x0001, 0x0001, 0x0001, 0x0001, 0x0800, 0x0001, 0x0001, 0x0001, 0x1860, 0x6308, 0xa550, 0xe758, 
	0xe758, 0xf739, 0xf739, 0xef38, 0xf758, 0xf758, 0xf6f7, 0xde75, 0xbdf3, 0xd594, 0xd594, 0xd594, 0xd594, 0xdd54, 0xbd53, 0xd594, 
	0xdd54, 0xd594, 0xbd53, 0xbd53, 0x6ac6, 0x49c4, 0x49c4, 0x49c4, 0x49c4, 0x6308, 0xa550, 0xb5b1, 0xadb1, 0xa593, 0xadb1, 0xadb1, 
	0x9d91, 0x9d91, 0x9591, 0x9570, 0xa550, 0x8d71, 0x8d70, 0x8d70, 0x8d70, 0x8d70, 0x8550, 0x8550, 0x8550, 0x8550, 0x8550, 0x8550, 
	0x8550, 0x8571, 0x7d50, 0x7d50, 0x7d50, 0x7d50, 0x7d50, 0x750f, 0x750f, 0x750f, 0x750f, 0x750f, 0x750f, 0x750f, 0x750f, 0x750f, 
	0x7530, 0x6d0f, 0x6d0f, 0x750f, 0x750f, 0x750f, 0x7530, 0x7c4e, 0x5b2b, 0x0001, 0x0060, 0x0001, 0x0001, 0x0001, 0x0001, 0x0001, 
	0x0001, 0x0800, 0xf77d, 0xffff, 0xffff, 0xffff, 0xffff, 0xffff, 0xffff, 0xd699, 0x1860, 0x0001, 0x0001, 0x0001, 0x2102, 0xf77d, 
	0xffff, 0xffff, 0xffff, 0x31a7, 0x0001, 0x0001, 0x0001, 0x0001, 0x0001, 0x0001, 0x0001, 0x0001, 0x0027, 0x1170, 0x19d7, 0x11da, 
	0x0000, 0x0000, 0x0000, 0x0000, 0x0000, 0x0000, 0x0000, 0x0000, 0x0000, 0x0000, 0x0000, 0x0000, 0x0000, 0x0000, 0x0000, 0x0000, 
	0x0000, 0x0000, 0x0000, 0x0000, 0x0000, 0x0000, 0x0000, 0x0000, 0x0000, 0x0000, 0x0000, 0x0000, 0x0000, 0x0000, 0x0000, 0x0000, 
	0x0000, 0x0000, 0x0000, 0x0000, 0x0000, 0x0000, 0x0000, 0x0000, 0x0000, 0x0000, 0x0000, 0x0000, 0x0000, 0x0000, 0x0000, 0x0000, 
	0x0000, 0x0000, 0x0000, 0x0000, 0x0000, 0x0000, 0x0000, 0x0000, 0x0000, 0x0000, 0x0000, 0x0000, 0x0000, 0x0000, 0x0000, 0x0000, 
	0x0000, 0x0000, 0x0000, 0x0000, 0x0000, 0x0000, 0x0000, 0x0000, 0x0000, 0x0000, 0x0000, 0x0000, 0x0000, 0x0000, 0x0000, 0x0000, 
	0x0000, 0x0000, 0x0000, 0x0000, 0x0000, 0x0000, 0x0000, 0x0000, 0x0000, 0x0000, 0x0000, 0x0000, 0x0000, 0x0000, 0x0000, 0x0000, 
	0x0000, 0x0000, 0x11da, 0x1193, 0x0027, 0x0001, 0x0800, 0x0800, 0x0800, 0x0001, 0x0001, 0x0001, 0x0001, 0x0001, 0x0001, 0x0001, 
	0x0001, 0x0001, 0x0001, 0x0001, 0x0001, 0x0001, 0x0001, 0x0001, 0x0001, 0x0001, 0x0001, 0x0001, 0x0001, 0x0001, 0x0001, 0x2102, 
	0x8c4e, 0xbd53, 0xe758, 0xf739, 0xe758, 0xf739, 0xef37, 0xe676, 0xd5f4, 0xbdf3, 0xd594, 0xd594, 0xd594, 0xdd54, 0xd5f5, 0xdd54, 
	0xd594, 0xd533, 0xd594, 0xbd53, 0x6ac6, 0x49c4, 0x4a24, 0x49c4, 0x49c4, 0x6308, 0xa550, 0xadb1, 0xa593, 0xadb1, 0xadb1, 0xa5b1, 
	0xa593, 0x9591, 0xa550, 0x9591, 0x9591, 0x9570, 0x9570, 0x9570, 0x8550, 0x8d70, 0x8d70, 0x8550, 0x8550, 0x8550, 0x8550, 0x8550, 
	0x8550, 0x8550, 0x7d50, 0x7d50, 0x7d50, 0x7d2f, 0x7d50, 0x750f, 0x750f, 0x750f, 0x750f, 0x750f, 0x750f, 0x750f, 0x750f, 0x750f, 
	0x7530, 0x7530, 0x750f, 0x750f, 0x7530, 0x7c4e, 0x8571, 0x7530, 0x42a8, 0x0001, 0x0001, 0x0001, 0x0001, 0x0001, 0x0001, 0x0001, 
	0x0001, 0x0001, 0xd699, 0xffff, 0xffff, 0xffff, 0xffff, 0xffff, 0xffff, 0xffff, 0x8c4e, 0x0001, 0x0001, 0x0001, 0x2102, 0xf77d, 
	0xffff, 0xffff, 0xffff, 0x31a7, 0x0001, 0x0001, 0x0001, 0x0001, 0x0001, 0x0001, 0x0001, 0x0002, 0x004a, 0x1193, 0x09dc, 0x0000, 
	0x0000, 0x0000, 0x0000, 0x0000, 0x0000, 0x0000, 0x0000, 0x0000, 0x0000, 0x0000, 0x0000, 0x0000, 0x0000, 0x0000, 0x0000, 0x0000, 
	0x0000, 0x0000, 0x0000, 0x0000, 0x0000, 0x0000, 0x0000, 0x0000, 0x0000, 0x0000, 0x0000, 0x0000, 0x0000, 0x0000, 0x0000, 0x0000, 
	0x0000, 0x0000, 0x0000, 0x0000, 0x0000, 0x0000, 0x0000, 0x0000, 0x0000, 0x0000, 0x0000, 0x0000, 0x0000, 0x0000, 0x0000, 0x0000, 
	0x0000, 0x0000, 0x0000, 0x0000, 0x0000, 0x0000, 0x0000, 0x0000, 0x0000, 0x0000, 0x0000, 0x0000, 0x0000, 0x0000, 0x0000, 0x0000, 
	0x0000, 0x0000, 0x0000, 0x0000, 0x0000, 0x0000, 0x0000, 0x0000, 0x0000, 0x0000, 0x0000, 0x0000, 0x0000, 0x0000, 0x0000, 0x0000, 
	0x0000, 0x0000, 0x0000, 0x0000, 0x0000, 0x0000, 0x0000, 0x0000, 0x0000, 0x0000, 0x0000, 0x0000, 0x0000, 0x0000, 0x0000, 0x0000, 
	0x0000, 0x0000, 0x09dc, 0x11da, 0x19d7, 0x1170, 0x0004, 0x0001, 0x0001, 0x0060, 0x0001, 0x0001, 0x0001, 0x0001, 0x0001, 0x0001, 
	0x0001, 0x0001, 0x0001, 0x0001, 0x0001, 0x0001, 0x0001, 0x0001, 0x0001, 0x0001, 0x0001, 0x0001, 0x0001, 0x0001, 0x0001, 0x0001, 
	0x0001, 0x1860, 0x6308, 0xa550, 0xd5f5, 0xf739, 0xe758, 0xee97, 0xc675, 0xbd53, 0xd594, 0xd594, 0xd594, 0xdd54, 0xdd54, 0xd594, 
	0xd594, 0xd594, 0xbd53, 0xcd71, 0x5a89, 0x49c4, 0x4a24, 0x4a24, 0x49c4, 0x6308, 0x9d70, 0xadb1, 0xa593, 0xadb1, 0xa593, 0xadb1, 
	0x9d91, 0x9d91, 0x9570, 0x9d91, 0x9570, 0x9570, 0x9570, 0x9570, 0x8550, 0x8d70, 0x8550, 0x8550, 0x8d70, 0x8550, 0x8550, 0x8550, 
	0x8550, 0x8571, 0x7d50, 0x7d50, 0x7d50, 0x7d50, 0x750f, 0x7d50, 0x750f, 0x750f, 0x750f, 0x750f, 0x750f, 0x750f, 0x750f, 0x750f, 
	0x750f, 0x750f, 0x750f, 0x750f, 0x8530, 0x8530, 0x7c4e, 0x7c4e, 0x2124, 0x0060, 0x0001, 0x0001, 0x0001, 0x0001, 0x0001, 0x0001, 
	0x0001, 0x0001, 0xd699, 0xffff, 0xffff, 0xffff, 0xffff, 0xffff, 0xffff, 0xffff, 0xffff, 0x31a7, 0x0001, 0x0001, 0x3944, 0xf77d, 
	0xffff, 0xffff, 0xffff, 0x31a7, 0x0001, 0x0001, 0x0001, 0x0001, 0x0001, 0x0001, 0x0001, 0x0002, 0x004a, 0x1193, 0x09dc, 0x0000, 
	0x0000, 0x0000, 0x0000, 0x0000, 0x0000, 0x0000, 0x0000, 0x0000, 0x0000, 0x0000, 0x0000, 0x0000, 0x0000, 0x0000, 0x0000, 0x0000, 
	0x0000, 0x0000, 0x0000, 0x0000, 0x0000, 0x0000, 0x0000, 0x0000, 0x0000, 0x0000, 0x0000, 0x0000, 0x0000, 0x0000, 0x0000, 0x0000, 
	0x0000, 0x0000, 0x0000, 0x0000, 0x0000, 0x0000, 0x0000, 0x0000, 0x0000, 0x0000, 0x0000, 0x0000, 0x0000, 0x0000, 0x0000, 0x0000, 
	0x0000, 0x0000, 0x0000, 0x0000, 0x0000, 0x0000, 0x0000, 0x0000, 0x0000, 0x0000, 0x0000, 0x0000, 0x0000, 0x0000, 0x0000, 0x0000, 
	0x0000, 0x0000, 0x0000, 0x0000, 0x0000, 0x0000, 0x0000, 0x0000, 0x0000, 0x0000, 0x0000, 0x0000, 0x0000, 0x0000, 0x0000, 0x0000, 
	0x0000, 0x0000, 0x0000, 0x0000, 0x0000, 0x0000, 0x0000, 0x0000, 0x0000, 0x0000, 0x0000, 0x0000, 0x0000, 0x0000, 0x0000, 0x0000, 
	0x0000, 0x0000, 0x0000, 0x0000, 0x09dc, 0x19d7, 0x1170, 0x10e9, 0x0004, 0x0001, 0x0001, 0x0001, 0x0001, 0x0001, 0x0001, 0x0001, 
	0x0001, 0x0001, 0x0001, 0x0001, 0x0001, 0x0001, 0x0001, 0x0001, 0x0001, 0x0001, 0x0001, 0x0001, 0x0001, 0x0001, 0x0001, 0x0001, 
	0x0800, 0x0800, 0x0001, 0x0001, 0x1860, 0x6308, 0x9d70, 0xbd53, 0xd5f5, 0xde75, 0xd5f5, 0xd5f5, 0xd5f5, 0xdd54, 0xbd53, 0xdd54, 
	0xd594, 0xbd53, 0xd533, 0xbd53, 0x6ac6, 0x49c4, 0x4a24, 0x49c4, 0x4a24, 0x6308, 0xa550, 0xbd53, 0xadb1, 0xa593, 0xadb1, 0xadb1, 
	0xa593, 0x9d91, 0xa550, 0x9570, 0x9570, 0x9570, 0x9570, 0x8571, 0x8d70, 0x8d70, 0x8d70, 0x8550, 0x8550, 0x8550, 0x8550, 0x8550, 
	0x8550, 0x8550, 0x7d50, 0x7d50, 0x7d50, 0x7d50, 0x7d50, 0x750f, 0x750f, 0x750f, 0x750f, 0x750f, 0x750f, 0x750f, 0x750f, 0x7530, 
	0x750f, 0x750f, 0x7c4e, 0x7d50, 0x8530, 0x8571, 0x8571, 0x7c4e, 0x08e1, 0x0001, 0x0001, 0x0001, 0x0001, 0x0001, 0x0001, 0x0001, 
	0x0001, 0x0001, 0xf77d, 0xffff, 0xffff, 0xffff, 0xf77d, 0xd699, 0xffff, 0xffff, 0xffff, 0xbdd7, 0x0800, 0x0001, 0x2124, 0xf77d, 
	0xffff, 0xffff, 0xffff, 0x31a7, 0x0001, 0x0001, 0x0001, 0x0001, 0x0001, 0x0001, 0x0001, 0x0002, 0x004a, 0x1193, 0x09dc, 0x0000, 
	0x0000, 0x0000, 0x0000, 0x0000, 0x0000, 0x0000, 0x0000, 0x0000, 0x0000, 0x0000, 0x0000, 0x0000, 0x0000, 0x0000, 0x0000, 0x0000, 
	0x0000, 0x0000, 0x0000, 0x0000, 0x0000, 0x0000, 0x0000, 0x0000, 0x0000, 0x0000, 0x0000, 0x0000, 0x0000, 0x0000, 0x0000, 0x0000, 
	0x0000, 0x0000, 0x0000, 0x0000, 0x0000, 0x0000, 0x0000, 0x0000, 0x0000, 0x0000, 0x0000, 0x0000, 0x0000, 0x0000, 0x0000, 0x0000, 
	0x0000, 0x0000, 0x0000, 0x0000, 0x0000, 0x0000, 0x0000, 0x0000, 0x0000, 0x0000, 0x0000, 0x0000, 0x0000, 0x0000, 0x0000, 0x0000, 
	0x0000, 0x0000, 0x0000, 0x0000, 0x0000, 0x0000, 0x0000, 0x0000, 0x0000, 0x0000, 0x0000, 0x0000, 0x0000, 0x0000, 0x0000, 0x0000, 
	0x0000, 0x0000, 0x0000, 0x0000, 0x0000, 0x0000, 0x0000, 0x0000, 0x0000, 0x0000, 0x0000, 0x0000, 0x0000, 0x0000, 0x0000, 0x0000, 
	0x0000, 0x0000, 0x0000, 0x0000, 0x0000, 0x09dc, 0x11da, 0x19d7, 0x090d, 0x0027, 0x0004, 0x0001, 0x0001, 0x0001, 0x0001, 0x0001, 
	0x0001, 0x0001, 0x0001, 0x0001, 0x0001, 0x0001, 0x0001, 0x0001, 0x0001, 0x0001, 0x0001, 0x0001, 0x0001, 0x0001, 0x0001, 0x0001, 
	0x0001, 0x0001, 0x0001, 0x0001, 0x0001, 0x0001, 0x0001, 0x1860, 0x51e5, 0x734c, 0xbcd1, 0xd594, 0xdd54, 0xd594, 0xd5f5, 0xdd54, 
	0xd594, 0xd594, 0xbd53, 0xbcd1, 0x5a89, 0x49c4, 0x4a24, 0x49c4, 0x49c4, 0x6beb, 0xbd53, 0xa5b1, 0xa593, 0xadb1, 0xa593, 0xa5b1, 
	0x9d91, 0x9d91, 0x9570, 0x9d91, 0x9570, 0x9570, 0x9570, 0x8d70, 0x8d70, 0x8d70, 0x8d70, 0x8550, 0x8550, 0x8d70, 0x8550, 0x8571, 
	0x8550, 0x8571, 0x7d50, 0x7d50, 0x7d50, 0x7d2f, 0x7d50, 0x750f, 0x750f, 0x7530, 0x750f, 0x7530, 0x7530, 0x7530, 0x7530, 0x750f, 
	0x8530, 0x8571, 0x8571, 0x8530, 0x7c4e, 0x5b2b, 0x31a7, 0x2102, 0x0060, 0x0001, 0x0001, 0x0001, 0x0001, 0x0001, 0x0001, 0x0001, 
	0x0001, 0x0001, 0xd699, 0xffff, 0xffff, 0xffff, 0x734c, 0x0002, 0xd699, 0xffff, 0xffff, 0xffff, 0x734c, 0x0001, 0x2102, 0xffff, 
	0xffff, 0xffff, 0xffff, 0x31a7, 0x0001, 0x0001, 0x0001, 0x0001, 0x0001, 0x0001, 0x0001, 0x0001, 0x004a, 0x1193, 0x09dc, 0x0000, 
	0x0000, 0x0000, 0x0000, 0x0000, 0x0000, 0x0000, 0x0000, 0x0000, 0x0000, 0x0000, 0x0000, 0x0000, 0x0000, 0x0000, 0x0000, 0x0000, 
	0x0000, 0x0000, 0x0000, 0x0000, 0x0000, 0x0000, 0x0000, 0x0000, 0x0000, 0x0000, 0x0000, 0x0000, 0x0000, 0x0000, 0x0000, 0x0000, 
	0x0000, 0x0000, 0x0000, 0x0000, 0x0000, 0x0000, 0x0000, 0x0000, 0x0000, 0x0000, 0x0000, 0x0000, 0x0000, 0x0000, 0x0000, 0x0000, 
	0x0000, 0x0000, 0x0000, 0x0000, 0x0000, 0x0000, 0x0000, 0x0000, 0x0000, 0x0000, 0x0000, 0x0000, 0x0000, 0x0000, 0x0000, 0x0000, 
	0x0000, 0x0000, 0x0000, 0x0000, 0x0000, 0x0000, 0x0000, 0x0000, 0x0000, 0x0000, 0x0000, 0x0000, 0x0000, 0x0000, 0x0000, 0x0000, 
	0x0000, 0x0000, 0x0000, 0x0000, 0x0000, 0x0000, 0x0000, 0x0000, 0x0000, 0x0000, 0x0000, 0x0000, 0x0000, 0x0000, 0x0000, 0x0000, 
	0x0000, 0x0000, 0x0000, 0x0000, 0x0000, 0x0000, 0x0000, 0x0000, 0x11da, 0x1193, 0x004a, 0x0004, 0x0001, 0x0001, 0x0001, 0x0001, 
	0x0001, 0x0001, 0x0001, 0x0001, 0x0001, 0x0001, 0x0001, 0x0001, 0x0001, 0x0001, 0x0001, 0x0001, 0x0001, 0x0001, 0x0001, 0x0001, 
	0x0001, 0x0001, 0x0800, 0x1860, 0x0800, 0x0001, 0x0001, 0x0800, 0x0001, 0x0800, 0x2080, 0x51e5, 0x69c6, 0x9c2e, 0xbd53, 0xdd54, 
	0xd594, 0xd594, 0xbd53, 0xbd53, 0x6ac6, 0x49c4, 0x41e7, 0x4a24, 0x49c4, 0x734c, 0xbdf3, 0xa593, 0xbd53, 0xa593, 0xa593, 0xadb1, 
	0xa5b1, 0x9d91, 0x9d91, 0xa550, 0x9570, 0x9570, 0x9570, 0x9570, 0x8d70, 0x8d4f, 0x8d70, 0x8550, 0x8550, 0x8550, 0x8550, 0x8550, 
	0x8571, 0x7d50, 0x8550, 0x7d50, 0x7d50, 0x7d50, 0x750f, 0x7d50, 0x7530, 0x7530, 0x7530, 0x7530, 0x7530, 0x7530, 0x7530, 0x7530, 
	0x6c4e, 0x6c4e, 0x42a8, 0x29c4, 0x08e1, 0x0060, 0x0060, 0x0001, 0x0001, 0x0001, 0x0001, 0x0001, 0x0001, 0x0001, 0x0001, 0x0001, 
	0x0001, 0x0001, 0xd699, 0xffff, 0xffff, 0xffff, 0x5b2b, 0x0001, 0x5a89, 0xffff, 0xffff, 0xffff, 0xf77d, 0x3944, 0x2102, 0xf77d, 
	0xffff, 0xffff, 0xffff, 0x31a7, 0x0001, 0x0001, 0x0001, 0x0001, 0x0001, 0x0001, 0x0001, 0x0001, 0x0027, 0x1193, 0x09dc, 0x0000, 
	0x0000, 0x0000, 0x0000, 0x0000, 0x0000, 0x0000, 0x0000, 0x0000, 0x0000, 0x0000, 0x0000, 0x0000, 0x0000, 0x0000, 0x0000, 0x0000, 
	0x0000, 0x0000, 0x0000, 0x0000, 0x0000, 0x0000, 0x0000, 0x0000, 0x0000, 0x0000, 0x0000, 0x0000, 0x0000, 0x0000, 0x0000, 0x0000, 
	0x0000, 0x0000, 0x0000, 0x0000, 0x0000, 0x0000, 0x0000, 0x0000, 0x0000, 0x0000, 0x0000, 0x0000, 0x0000, 0x0000, 0x0000, 0x0000, 
	0x0000, 0x0000, 0x0000, 0x0000, 0x0000, 0x0000, 0x0000, 0x0000, 0x0000, 0x0000, 0x0000, 0x0000, 0x0000, 0x0000, 0x0000, 0x0000, 
	0x0000, 0x0000, 0x0000, 0x0000, 0x0000, 0x0000, 0x0000, 0x0000, 0x0000, 0x0000, 0x0000, 0x0000, 0x0000, 0x0000, 0x0000, 0x0000, 
	0x0000, 0x0000, 0x0000, 0x0000, 0x0000, 0x0000, 0x0000, 0x0000, 0x0000, 0x0000, 0x0000, 0x0000, 0x0000, 0x0000, 0x0000, 0x0000, 
	0x0000, 0x0000, 0x0000, 0x0000, 0x0000, 0x0000, 0x0000, 0x0000, 0x09dc, 0x11da, 0x19d7, 0x1193, 0x090d, 0x0002, 0x0001, 0x0001, 
	0x0001, 0x0001, 0x0001, 0x0001, 0x0001, 0x0001, 0x0001, 0x0001, 0x0001, 0x0001, 0x0001, 0x0001, 0x0001, 0x0001, 0x0001, 0x0001, 
	0x0001, 0x0001, 0x0001, 0x0001, 0x0800, 0x0001, 0x0001, 0x0001, 0x0800, 0x0800, 0x0001, 0x0800, 0x0800, 0x0800, 0x1000, 0x2124, 
	0x69c6, 0x734c, 0xa4af, 0xa42e, 0x41e7, 0x51e5, 0x49c4, 0x31a7, 0x5a66, 0x6c4e, 0xbd53, 0xa593, 0xa593, 0xa593, 0xbdf3, 0xa593, 
	0xa5b1, 0xa593, 0x9d91, 0x9591, 0xa5b1, 0xa593, 0x9570, 0x8530, 0x8d4f, 0x8530, 0x8d4f, 0x8530, 0x9570, 0x9570, 0x9570, 0x8571, 
	0x9570, 0x8530, 0x8571, 0x8530, 0x8530, 0x8530, 0x8530, 0x8530, 0x8d71, 0x8530, 0x8530, 0x750f, 0x6c4e, 0x5b2b, 0x42a8, 0x29c4, 
	0x0060, 0x0060, 0x0001, 0x0060, 0x0001, 0x0001, 0x0001, 0x0001, 0x0001, 0x0001, 0x0001, 0x0001, 0x0001, 0x0001, 0x0001, 0x0001, 
	0x0001, 0x0001, 0xd699, 0xffff, 0xffff, 0xffff, 0x5b2b, 0x0001, 0x0001, 0x94ae, 0xffff, 0xffff, 0xffff, 0xd699, 0xbcd1, 0xffff, 
	0xffff, 0xffff, 0xffff, 0x41e7, 0x0001, 0x0001, 0x0001, 0x0001, 0x0001, 0x0001, 0x0001, 0x0001, 0x004a, 0x1193, 0x09dc, 0x0000, 
	0x0000, 0x0000, 0x0000, 0x0000, 0x0000, 0x0000, 0x0000, 0x0000, 0x0000, 0x0000, 0x0000, 0x0000, 0x0000, 0x0000, 0x0000, 0x0000, 
	0x0000, 0x0000, 0x0000, 0x0000, 0x0000, 0x0000, 0x0000, 0x0000, 0x0000, 0x0000, 0x0000, 0x0000, 0x0000, 0x0000, 0x0000, 0x0000, 
	0x0000, 0x0000, 0x0000, 0x0000, 0x0000, 0x0000, 0x0000, 0x0000, 0x0000, 0x0000, 0x0000, 0x0000, 0x0000, 0x0000, 0x0000, 0x0000, 
	0x0000, 0x0000, 0x0000, 0x0000, 0x0000, 0x0000, 0x0000, 0x0000, 0x0000, 0x0000, 0x0000, 0x0000, 0x0000, 0x0000, 0x0000, 0x0000, 
	0x0000, 0x0000, 0x0000, 0x0000, 0x0000, 0x0000, 0x0000, 0x0000, 0x0000, 0x0000, 0x0000, 0x0000, 0x0000, 0x0000, 0x0000, 0x0000, 
	0x0000, 0x0000, 0x0000, 0x0000, 0x0000, 0x0000, 0x0000, 0x0000, 0x0000, 0x0000, 0x0000, 0x0000, 0x0000, 0x0000, 0x0000, 0x0000, 
	0x0000, 0x0000, 0x0000, 0x0000, 0x0000, 0x0000, 0x0000, 0x0000, 0x0000, 0x0000, 0x0000, 0x09dc, 0x19d7, 0x1170, 0x0027, 0x0001, 
	0x0001, 0x0001, 0x0001, 0x0001, 0x0001, 0x0001, 0x0001, 0x0001, 0x0001, 0x0001, 0x0001, 0x0001, 0x0001, 0x0001, 0x0001, 0x0001, 
	0x0001, 0x0001, 0x0001, 0x0001, 0x0001, 0x0001, 0x0001, 0x0001, 0x0001, 0x0001, 0x0001, 0x0001, 0x0001, 0x0800, 0x0800, 0x0001, 
	0x0001, 0x0001, 0x0800, 0x1860, 0x2080, 0x1860, 0x28e0, 0x3944, 0x29c4, 0x734c, 0xa593, 0xbdf3, 0xbdf3, 0xa593, 0xa593, 0xa593, 
	0xbdf3, 0xa593, 0xa5b1, 0xa593, 0x9591, 0x9d70, 0x9d91, 0x9591, 0xa593, 0x9591, 0x9591, 0x9591, 0x8571, 0x9591, 0x8571, 0x9d70, 
	0x8571, 0x8571, 0x9d70, 0x8530, 0x8571, 0x8530, 0x6c4e, 0x6beb, 0x42a8, 0x31a7, 0x29c4, 0x2102, 0x0060, 0x0060, 0x0001, 0x0001, 
	0x0001, 0x0001, 0x0001, 0x0001, 0x0001, 0x0001, 0x0001, 0x0001, 0x0001, 0x0001, 0x0001, 0x0001, 0x0001, 0x0001, 0x0001, 0x0001, 
	0x0001, 0x0001, 0xf77d, 0xffff, 0xffff, 0xffff, 0x5b2b, 0x0001, 0x0001, 0x1860, 0xf77d, 0xffff, 0xffff, 0xffff, 0xffff, 0xffff, 
	0xffff, 0xffff, 0xffff, 0x31a7, 0x0001, 0x0001, 0x0001, 0x0001, 0x0001, 0x0001, 0x0001, 0x0001, 0x0027, 0x1193, 0x09dc, 0x0000, 
	0x0000, 0x0000, 0x0000, 0x0000, 0x0000, 0x0000, 0x0000, 0x0000, 0x0000, 0x0000, 0x0000, 0x0000, 0x0000, 0x0000, 0x0000, 0x0000, 
	0x0000, 0x0000, 0x0000, 0x0000, 0x0000, 0x0000, 0x0000, 0x0000, 0x0000, 0x0000, 0x0000, 0x0000, 0x0000, 0x0000, 0x0000, 0x0000, 
	0x0000, 0x0000, 0x0000, 0x0000, 0x0000, 0x0000, 0x0000, 0x0000, 0x0000, 0x0000, 0x0000, 0x0000, 0x0000, 0x0000, 0x0000, 0x0000, 
	0x0000, 0x0000, 0x0000, 0x0000, 0x0000, 0x0000, 0x0000, 0x0000, 0x0000, 0x0000, 0x0000, 0x0000, 0x0000, 0x0000, 0x0000, 0x0000, 
	0x0000, 0x0000, 0x0000, 0x0000, 0x0000, 0x0000, 0x0000, 0x0000, 0x0000, 0x0000, 0x0000, 0x0000, 0x0000, 0x0000, 0x0000, 0x0000, 
	0x0000, 0x0000, 0x0000, 0x0000, 0x0000, 0x0000, 0x0000, 0x0000, 0x0000, 0x0000, 0x0000, 0x0000, 0x0000, 0x0000, 0x0000, 0x0000, 
	0x0000, 0x0000, 0x0000, 0x0000, 0x0000, 0x0000, 0x0000, 0x0000, 0x0000, 0x0000, 0x0000, 0x09dc, 0x11da, 0x19d7, 0x19d7, 0x1170, 
	0x004a, 0x0004, 0x0002, 0x0001, 0x0001, 0x0001, 0x0001, 0x0001, 0x0001, 0x0001, 0x0001, 0x0001, 0x0001, 0x0001, 0x0001, 0x0001, 
	0x0001, 0x0001, 0x0001, 0x0001, 0x0001, 0x0001, 0x0001, 0x0001, 0x0001, 0x0001, 0x0001, 0x0001, 0x0001, 0x0800, 0x0800, 0x0001, 
	0x0001, 0x0001, 0x0001, 0x0800, 0x0800, 0x0800, 0x0800, 0x0060, 0x0800, 0x0060, 0x28e0, 0x29c4, 0x31a7, 0x5a66, 0x6308, 0x5b2b, 
	0x6beb, 0x6beb, 0x6c4e, 0x6c4e, 0x6c4e, 0x7c4e, 0x7c4e, 0x8530, 0x7c4e, 0x8530, 0x7c4e, 0x8530, 0x6c4e, 0x6beb, 0x5b2b, 0x5b2b, 
	0x42a8, 0x42a8, 0x29c4, 0x29c4, 0x2102, 0x08e1, 0x0060, 0x0001, 0x0001, 0x0001, 0x0001, 0x0001, 0x0001, 0x0001, 0x0001, 0x0001, 
	0x0001, 0x0001, 0x0001, 0x0001, 0x0001, 0x0001, 0x0001, 0x0001, 0x0001, 0x0001, 0x0001, 0x0001, 0x0001, 0x0001, 0x0001, 0x0001, 
	0x0001, 0x0001, 0xd699, 0xffff, 0xffff, 0xffff, 0x5b2b, 0x0001, 0x0001, 0x0001, 0x5a89, 0xffff, 0xffff, 0xffff, 0xffff, 0xffff, 
	0xffff, 0xffff, 0xffff, 0x41e7, 0x0001, 0x0001, 0x0001, 0x0001, 0x0001, 0x0001, 0x0001, 0x0001, 0x004a, 0x0177, 0x09dc, 0x0000, 
	0x0000, 0x0000, 0x0000, 0x0000, 0x0000, 0x0000, 0x0000, 0x0000, 0x0000, 0x0000, 0x0000, 0x0000, 0x0000, 0x0000, 0x0000, 0x0000, 
	0x0000, 0x0000, 0x0000, 0x0000, 0x0000, 0x0000, 0x0000, 0x0000, 0x0000, 0x0000, 0x0000, 0x0000, 0x0000, 0x0000, 0x0000, 0x0000, 
	0x0000, 0x0000, 0x0000, 0x0000, 0x0000, 0x0000, 0x0000, 0x0000, 0x0000, 0x0000, 0x0000, 0x0000, 0x0000, 0x0000, 0x0000, 0x0000, 
	0x0000, 0x0000, 0x0000, 0x0000, 0x0000, 0x0000, 0x0000, 0x0000, 0x0000, 0x0000, 0x0000, 0x0000, 0x0000, 0x0000, 0x0000, 0x0000, 
	0x0000, 0x0000, 0x0000, 0x0000, 0x0000, 0x0000, 0x0000, 0x0000, 0x0000, 0x0000, 0x0000, 0x0000, 0x0000, 0x0000, 0x0000, 0x0000, 
	0x0000, 0x0000, 0x0000, 0x0000, 0x0000, 0x0000, 0x0000, 0x0000, 0x0000, 0x0000, 0x0000, 0x0000, 0x0000, 0x0000, 0x0000, 0x0000, 
	0x0000, 0x0000, 0x0000, 0x0000, 0x0000, 0x0000, 0x0000, 0x0000, 0x0000, 0x0000, 0x0000, 0x0000, 0x0000, 0x0000, 0x09dc, 0x11da, 
	0x1193, 0x1170, 0x10e9, 0x0060, 0x0001, 0x0001, 0x0001, 0x0001, 0x0001, 0x0001, 0x0001, 0x0001, 0x0001, 0x0001, 0x0001, 0x0001, 
	0x0001, 0x0001, 0x0001, 0x0001, 0x0001, 0x0001, 0x0001, 0x0001, 0x0001, 0x0001, 0x0001, 0x0001, 0x0001, 0x0001, 0x0001, 0x0001, 
	0x0001, 0x0001, 0x0001, 0x0001, 0x0001, 0x0001, 0x0060, 0x0800, 0x0001, 0x0001, 0x0001, 0x0001, 0x0001, 0x0001, 0x0001, 0x0001, 
	0x0001, 0x0001, 0x0001, 0x0001, 0x0060, 0x0060, 0x0001, 0x0060, 0x0060, 0x0001, 0x0060, 0x0001, 0x0001, 0x0001, 0x0001, 0x0001, 
	0x0001, 0x0001, 0x0001, 0x0001, 0x0001, 0x0001, 0x0001, 0x0001, 0x0001, 0x0001, 0x0001, 0x0001, 0x0001, 0x0001, 0x0001, 0x0001, 
	0x0001, 0x0001, 0x0001, 0x0001, 0x0001, 0x0001, 0x0001, 0x0001, 0x0001, 0x0001, 0x0001, 0x0001, 0x0001, 0x0001, 0x0001, 0x0001, 
	0x0001, 0x0001, 0xd699, 0xffff, 0xffff, 0xffff, 0x5b2b, 0x0001, 0x0001, 0x0001, 0x0001, 0xbd53, 0xffff, 0xffff, 0xffff, 0xffff, 
	0xffff, 0xffff, 0xffff, 0x31a7, 0x0001, 0x0001, 0x0001, 0x0001, 0x0001, 0x0001, 0x0001, 0x0001, 0x004a, 0x0177, 0x09dc, 0x0000, 
	0x0000, 0x0000, 0x0000, 0x0000, 0x0000, 0x0000, 0x0000, 0x0000, 0x0000, 0x0000, 0x0000, 0x0000, 0x0000, 0x0000, 0x0000, 0x0000, 
	0x0000, 0x0000, 0x0000, 0x0000, 0x0000, 0x0000, 0x0000, 0x0000, 0x0000, 0x0000, 0x0000, 0x0000, 0x0000, 0x0000, 0x0000, 0x0000, 
	0x0000, 0x0000, 0x0000, 0x0000, 0x0000, 0x0000, 0x0000, 0x0000, 0x0000, 0x0000, 0x0000, 0x0000, 0x0000, 0x0000, 0x0000, 0x0000, 
	0x0000, 0x0000, 0x0000, 0x0000, 0x0000, 0x0000, 0x0000, 0x0000, 0x0000, 0x0000, 0x0000, 0x0000, 0x0000, 0x0000, 0x0000, 0x0000, 
	0x0000, 0x0000, 0x0000, 0x0000, 0x0000, 0x0000, 0x0000, 0x0000, 0x0000, 0x0000, 0x0000, 0x0000, 0x0000, 0x0000, 0x0000, 0x0000, 
	0x0000, 0x0000, 0x0000, 0x0000, 0x0000, 0x0000, 0x0000, 0x0000, 0x0000, 0x0000, 0x0000, 0x0000, 0x0000, 0x0000, 0x0000, 0x0000, 
	0x0000, 0x0000, 0x0000, 0x0000, 0x0000, 0x0000, 0x0000, 0x0000, 0x0000, 0x0000, 0x0000, 0x0000, 0x0000, 0x0000, 0x0000, 0x09dc, 
	0x09dc, 0x19d7, 0x1193, 0x1170, 0x004a, 0x0004, 0x0001, 0x0001, 0x0001, 0x0001, 0x0001, 0x0001, 0x0001, 0x0001, 0x0001, 0x0001, 
	0x0001, 0x0001, 0x0001, 0x0001, 0x0001, 0x0001, 0x0001, 0x0001, 0x0001, 0x0001, 0x0001, 0x0001, 0x0001, 0x0001, 0x0001, 0x0001, 
	0x0001, 0x0001, 0x0001, 0x0001, 0x0001, 0x0001, 0x0001, 0x0001, 0x0001, 0x0001, 0x0001, 0x0001, 0x0001, 0x0001, 0x0001, 0x0001, 
	0x0001, 0x0001, 0x0001, 0x0001, 0x0001, 0x0001, 0x0001, 0x0001, 0x0001, 0x0001, 0x0001, 0x0001, 0x0001, 0x0001, 0x0001, 0x0001, 
	0x0001, 0x0001, 0x0001, 0x0001, 0x0001, 0x0001, 0x0001, 0x0001, 0x0001, 0x0001, 0x0001, 0x0001, 0x0001, 0x0001, 0x0001, 0x0001, 
	0x0001, 0x0001, 0x0001, 0x0001, 0x0001, 0x0001, 0x0001, 0x0001, 0x0001, 0x0001, 0x0001, 0x0001, 0x0001, 0x0001, 0x0001, 0x0001, 
	0x0001, 0x0001, 0xd699, 0xffff, 0xffff, 0xffff, 0x5b2b, 0x0001, 0x0001, 0x0001, 0x0001, 0x2102, 0xd699, 0xffff, 0xffff, 0xffff, 
	0xffff, 0xffff, 0xffff, 0x41e7, 0x0001, 0x0001, 0x0001, 0x0001, 0x0001, 0x0001, 0x0001, 0x0004, 0x00d1, 0x11da, 0x0000, 0x0000, 
	0x0000, 0x0000, 0x0000, 0x0000, 0x0000, 0x0000, 0x0000, 0x0000, 0x0000, 0x0000, 0x0000, 0x0000, 0x0000, 0x0000, 0x0000, 0x0000, 
	0x0000, 0x0000, 0x0000, 0x0000, 0x0000, 0x0000, 0x0000, 0x0000, 0x0000, 0x0000, 0x0000, 0x0000, 0x0000, 0x0000, 0x0000, 0x0000, 
	0x0000, 0x0000, 0x0000, 0x0000, 0x0000, 0x0000, 0x0000, 0x0000, 0x0000, 0x0000, 0x0000, 0x0000, 0x0000, 0x0000, 0x0000, 0x0000, 
	0x0000, 0x0000, 0x0000, 0x0000, 0x0000, 0x0000, 0x0000, 0x0000, 0x0000, 0x0000, 0x0000, 0x0000, 0x0000, 0x0000, 0x0000, 0x0000, 
	0x0000, 0x0000, 0x0000, 0x0000, 0x0000, 0x0000, 0x0000, 0x0000, 0x0000, 0x0000, 0x0000, 0x0000, 0x0000, 0x0000, 0x0000, 0x0000, 
	0x0000, 0x0000, 0x0000, 0x0000, 0x0000, 0x0000, 0x0000, 0x0000, 0x0000, 0x0000, 0x0000, 0x0000, 0x0000, 0x0000, 0x0000, 0x0000, 
	0x0000, 0x0000, 0x0000, 0x0000, 0x0000, 0x0000, 0x0000, 0x0000, 0x0000, 0x0000, 0x0000, 0x0000, 0x0000, 0x0000, 0x0000, 0x0000, 
	0x0000, 0x0000, 0x0000, 0x11da, 0x19d7, 0x1170, 0x10e9, 0x0002, 0x0001, 0x0001, 0x0001, 0x0001, 0x0001, 0x0001, 0x0001, 0x0001, 
	0x0001, 0x0001, 0x0001, 0x0001, 0x0001, 0x0001, 0x0001, 0x0001, 0x0001, 0x0001, 0x0001, 0x0001, 0x0001, 0x0001, 0x0001, 0x0001, 
	0x0001, 0x0001, 0x0001, 0x0001, 0x0001, 0x0001, 0x0001, 0x0001, 0x0001, 0x0001, 0x0001, 0x0001, 0x0001, 0x0001, 0x0001, 0x0001, 
	0x0001, 0x0001, 0x0001, 0x0001, 0x0001, 0x0001, 0x0001, 0x0001, 0x0001, 0x0001, 0x0001, 0x0001, 0x0001, 0x0001, 0x0001, 0x0001, 
	0x0001, 0x0001, 0x0001, 0x0001, 0x0001, 0x0001, 0x0001, 0x0001, 0x0001, 0x0001, 0x0001, 0x0001, 0x0001, 0x0001, 0x0001, 0x0001, 
	0x0001, 0x0800, 0x0001, 0x0800, 0x0001, 0x0800, 0x0001, 0x0001, 0x0001, 0x0001, 0x0001, 0x0001, 0x0001, 0x0001, 0x0001, 0x0001, 
	0x0001, 0x0001, 0xf77d, 0xffff, 0xffff, 0xffff, 0x5b2b, 0x0001, 0x0001, 0x0001, 0x0001, 0x0001, 0x734c, 0xffff, 0xffff, 0xffff, 
	0xffff, 0xffff, 0xffff, 0x31a7, 0x0001, 0x0001, 0x0001, 0x0001, 0x0001, 0x0001, 0x0001, 0x0027, 0x19d7, 0x09dc, 0x0000, 0x0000, 
	0x0000, 0x0000, 0x0000, 0x0000, 0x0000, 0x0000, 0x0000, 0x0000, 0x0000, 0x0000, 0x0000, 0x0000, 0x0000, 0x0000, 0x0000, 0x0000, 
	0x0000, 0x0000, 0x0000, 0x0000, 0x0000, 0x0000, 0x0000, 0x0000, 0x0000, 0x0000, 0x0000, 0x0000, 0x0000, 0x0000, 0x0000, 0x0000, 
	0x0000, 0x0000, 0x0000, 0x0000, 0x0000, 0x0000, 0x0000, 0x0000, 0x0000, 0x0000, 0x0000, 0x0000, 0x0000, 0x0000, 0x0000, 0x0000, 
	0x0000, 0x0000, 0x0000, 0x0000, 0x0000, 0x0000, 0x0000, 0x0000, 0x0000, 0x0000, 0x0000, 0x0000, 0x0000, 0x0000, 0x0000, 0x0000, 
	0x0000, 0x0000, 0x0000, 0x0000, 0x0000, 0x0000, 0x0000, 0x0000, 0x0000, 0x0000, 0x0000, 0x0000, 0x0000, 0x0000, 0x0000, 0x0000, 
	0x0000, 0x0000, 0x0000, 0x0000, 0x0000, 0x0000, 0x0000, 0x0000, 0x0000, 0x0000, 0x0000, 0x0000, 0x0000, 0x0000, 0x0000, 0x0000, 
	0x0000, 0x0000, 0x0000, 0x0000, 0x0000, 0x0000, 0x0000, 0x0000, 0x0000, 0x0000, 0x0000, 0x0000, 0x0000, 0x0000, 0x0000, 0x0000, 
	0x0000, 0x0000, 0x0000, 0x0000, 0x11da, 0x11da, 0x1193, 0x1193, 0x004a, 0x0027, 0x0004, 0x0001, 0x0001, 0x0001, 0x0001, 0x0001, 
	0x0001, 0x0001, 0x0001, 0x0001, 0x0001, 0x0001, 0x0001, 0x0001, 0x0001, 0x0001, 0x0001, 0x0001, 0x0001, 0x0001, 0x0001, 0x0001, 
	0x0001, 0x0001, 0x0001, 0x0001, 0x0001, 0x0001, 0x0001, 0x0001, 0x0001, 0x0001, 0x0001, 0x0001, 0x0001, 0x0001, 0x0001, 0x0001, 
	0x0001, 0x0001, 0x0001, 0x0001, 0x0001, 0x0001, 0x0001, 0x0001, 0x0001, 0x0001, 0x0001, 0x0001, 0x0001, 0x0001, 0x0001, 0x0001, 
	0x0001, 0x0001, 0x0001, 0x0001, 0x0001, 0x0001, 0x0001, 0x0001, 0x0001, 0x0001, 0x0001, 0x0001, 0x0001, 0x0001, 0x0001, 0x0001, 
	0x0001, 0x0001, 0x0001, 0x0001, 0x0001, 0x0001, 0x0001, 0x0001, 0x0001, 0x0001, 0x0001, 0x0001, 0x0001, 0x0001, 0x0001, 0x0001, 
	0x0001, 0x0001, 0xd699, 0xffff, 0xffff, 0xffff, 0x5b2b, 0x0001, 0x0001, 0x0001, 0x0001, 0x0001, 0x0001, 0xa593, 0xffff, 0xffff, 
	0xffff, 0xffff, 0xffff, 0x31a7, 0x0001, 0x0001, 0x0001, 0x0001, 0x0001, 0x0001, 0x0002, 0x090d, 0x11da, 0x0000, 0x0000, 0x0000, 
	0x0000, 0x0000, 0x0000, 0x0000, 0x0000, 0x0000, 0x0000, 0x0000, 0x0000, 0x0000, 0x0000, 0x0000, 0x0000, 0x0000, 0x0000, 0x0000, 
	0x0000, 0x0000, 0x0000, 0x0000, 0x0000, 0x0000, 0x0000, 0x0000, 0x0000, 0x0000, 0x0000, 0x0000, 0x0000, 0x0000, 0x0000, 0x0000, 
	0x0000, 0x0000, 0x0000, 0x0000, 0x0000, 0x0000, 0x0000, 0x0000, 0x0000, 0x0000, 0x0000, 0x0000, 0x0000, 0x0000, 0x0000, 0x0000, 
	0x0000, 0x0000, 0x0000, 0x0000, 0x0000, 0x0000, 0x0000, 0x0000, 0x0000, 0x0000, 0x0000, 0x0000, 0x0000, 0x0000, 0x0000, 0x0000, 
	0x0000, 0x0000, 0x0000, 0x0000, 0x0000, 0x0000, 0x0000, 0x0000, 0x0000, 0x0000, 0x0000, 0x0000, 0x0000, 0x0000, 0x0000, 0x0000, 
	0x0000, 0x0000, 0x0000, 0x0000, 0x0000, 0x0000, 0x0000, 0x0000, 0x0000, 0x0000, 0x0000, 0x0000, 0x0000, 0x0000, 0x0000, 0x0000, 
	0x0000, 0x0000, 0x0000, 0x0000, 0x0000, 0x0000, 0x0000, 0x0000, 0x0000, 0x0000, 0x0000, 0x0000, 0x0000, 0x0000, 0x0000, 0x0000, 
	0x0000, 0x0000, 0x0000, 0x0000, 0x0000, 0x0000, 0x0000, 0x09dc, 0x11da, 0x1193, 0x090d, 0x0027, 0x0001, 0x0001, 0x0001, 0x0001, 
	0x0001, 0x0001, 0x0001, 0x0001, 0x0001, 0x0001, 0x0001, 0x0001, 0x0001, 0x0001, 0x0001, 0x0001, 0x0001, 0x0001, 0x0001, 0x0001, 
	0x0001, 0x0001, 0x0001, 0x0001, 0x0001, 0x0001, 0x0001, 0x0001, 0x0001, 0x0001, 0x0001, 0x0001, 0x0001, 0x0001, 0x0001, 0x0001, 
	0x0001, 0x0001, 0x0001, 0x0001, 0x0001, 0x0001, 0x0001, 0x0001, 0x0001, 0x0001, 0x0001, 0x0001, 0x0001, 0x0001, 0x0001, 0x0001, 
	0x0001, 0x0001, 0x0001, 0x0001, 0x0001, 0x0001, 0x0001, 0x0001, 0x0001, 0x0001, 0x0001, 0x0001, 0x0001, 0x0001, 0x0001, 0x0001, 
	0x0001, 0x0001, 0x0001, 0x0001, 0x0001, 0x0001, 0x0001, 0x0001, 0x0001, 0x0001, 0x0001, 0x0001, 0x0001, 0x0001, 0x0001, 0x0001, 
	0x0001, 0x0001, 0xd699, 0xffff, 0xffff, 0xffff, 0x5b2b, 0x0001, 0x0001, 0x0001, 0x0001, 0x0001, 0x0001, 0x3944, 0xf77d, 0xffff, 
	0xffff, 0xffff, 0xffff, 0x41e7, 0x0001, 0x0001, 0x0001, 0x0001, 0x0001, 0x0001, 0x0004, 0x1170, 0x11da, 0x0000, 0x0000, 0x0000, 
	0x0000, 0x0000, 0x0000, 0x0000, 0x0000, 0x0000, 0x0000, 0x0000, 0x0000, 0x0000, 0x0000, 0x0000, 0x0000, 0x0000, 0x0000, 0x0000, 
	0x0000, 0x0000, 0x0000, 0x0000, 0x0000, 0x0000, 0x0000, 0x0000, 0x0000, 0x0000, 0x0000, 0x0000, 0x0000, 0x0000, 0x0000, 0x0000, 
	0x0000, 0x0000, 0x0000, 0x0000, 0x0000, 0x0000, 0x0000, 0x0000, 0x0000, 0x0000, 0x0000, 0x0000, 0x0000, 0x0000, 0x0000, 0x0000, 
	0x0000, 0x0000, 0x0000, 0x0000, 0x0000, 0x0000, 0x0000, 0x0000, 0x0000, 0x0000, 0x0000, 0x0000, 0x0000, 0x0000, 0x0000, 0x0000, 
	0x0000, 0x0000, 0x0000, 0x0000, 0x0000, 0x0000, 0x0000, 0x0000, 0x0000, 0x0000, 0x0000, 0x0000, 0x0000, 0x0000, 0x0000, 0x0000, 
	0x0000, 0x0000, 0x0000, 0x0000, 0x0000, 0x0000, 0x0000, 0x0000, 0x0000, 0x0000, 0x0000, 0x0000, 0x0000, 0x0000, 0x0000, 0x0000, 
	0x0000, 0x0000, 0x0000, 0x0000, 0x0000, 0x0000, 0x0000, 0x0000, 0x0000, 0x0000, 0x0000, 0x0000, 0x0000, 0x0000, 0x0000, 0x0000, 
	0x0000, 0x0000, 0x0000, 0x0000, 0x0000, 0x0000, 0x0000, 0x0000, 0x09dc, 0x11da, 0x19d7, 0x19d7, 0x1170, 0x090d, 0x0027, 0x0004, 
	0x0001, 0x0001, 0x0001, 0x0001, 0x0001, 0x0001, 0x0001, 0x0001, 0x0001, 0x0001, 0x0001, 0x0001, 0x0001, 0x0001, 0x0001, 0x0001, 
	0x0001, 0x0001, 0x0001, 0x0001, 0x0001, 0x0001, 0x0001, 0x0001, 0x0001, 0x0001, 0x0001, 0x0001, 0x0001, 0x0001, 0x0001, 0x0001, 
	0x0001, 0x0001, 0x0001, 0x0001, 0x0001, 0x0001, 0x0001, 0x0001, 0x0001, 0x0001, 0x0001, 0x0001, 0x0001, 0x0001, 0x0001, 0x0001, 
	0x0001, 0x0001, 0x0001, 0x0001, 0x0001, 0x0001, 0x0001, 0x0001, 0x0001, 0x0001, 0x0001, 0x0001, 0x0001, 0x0001, 0x0001, 0x0001, 
	0x0001, 0x0001, 0x0001, 0x0001, 0x0001, 0x0001, 0x0001, 0x0001, 0x0001, 0x0001, 0x0001, 0x0001, 0x0001, 0x0001, 0x0001, 0x0001, 
	0x0001, 0x0001, 0x5b2b, 0x734c, 0x734c, 0x734c, 0x2124, 0x0001, 0x0001, 0x0001, 0x0001, 0x0001, 0x0001, 0x0001, 0x41e7, 0x7c4e, 
	0x734c, 0x734c, 0x734c, 0x2102, 0x0001, 0x0001, 0x0001, 0x0001, 0x0001, 0x0001, 0x090d, 0x1193, 0x09dc, 0x0000, 0x0000, 0x0000, 
	0x0000, 0x0000, 0x0000, 0x0000, 0x0000, 0x0000, 0x0000, 0x0000, 0x0000, 0x0000, 0x0000, 0x0000, 0x0000, 0x0000, 0x0000, 0x0000, 
	0x0000, 0x0000, 0x0000, 0x0000, 0x0000, 0x0000, 0x0000, 0x0000, 0x0000, 0x0000, 0x0000, 0x0000, 0x0000, 0x0000, 0x0000, 0x0000, 
	0x0000, 0x0000, 0x0000, 0x0000, 0x0000, 0x0000, 0x0000, 0x0000, 0x0000, 0x0000, 0x0000, 0x0000, 0x0000, 0x0000, 0x0000, 0x0000, 
	0x0000, 0x0000, 0x0000, 0x0000, 0x0000, 0x0000, 0x0000, 0x0000, 0x0000, 0x0000, 0x0000, 0x0000, 0x0000, 0x0000, 0x0000, 0x0000, 
	0x0000, 0x0000, 0x0000, 0x0000, 0x0000, 0x0000, 0x0000, 0x0000, 0x0000, 0x0000, 0x0000, 0x0000, 0x0000, 0x0000, 0x0000, 0x0000, 
	0x0000, 0x0000, 0x0000, 0x0000, 0x0000, 0x0000, 0x0000, 0x0000, 0x0000, 0x0000, 0x0000, 0x0000, 0x0000, 0x0000, 0x0000, 0x0000, 
	0x0000, 0x0000, 0x0000, 0x0000, 0x0000, 0x0000, 0x0000, 0x0000, 0x0000, 0x0000, 0x0000, 0x0000, 0x0000, 0x0000, 0x0000, 0x0000, 
	0x0000, 0x0000, 0x0000, 0x0000, 0x0000, 0x0000, 0x0000, 0x0000, 0x0000, 0x0000, 0x0000, 0x09dc, 0x11da, 0x19d7, 0x1193, 0x1170, 
	0x10e9, 0x0004, 0x0001, 0x0001, 0x0001, 0x0001, 0x0001, 0x0001, 0x0800, 0x0001, 0x0001, 0x0001, 0x0001, 0x0001, 0x0001, 0x0001, 
	0x0001, 0x0001, 0x0001, 0x0001, 0x0001, 0x0001, 0x0001, 0x0001, 0x0001, 0x0001, 0x0001, 0x0001, 0x0001, 0x0001, 0x0001, 0x0001, 
	0x0001, 0x0001, 0x0001, 0x0001, 0x0001, 0x0001, 0x0001, 0x0001, 0x0001, 0x0001, 0x0001, 0x0001, 0x0001, 0x0001, 0x0001, 0x0001, 
	0x0001, 0x0001, 0x0001, 0x0001, 0x0001, 0x0001, 0x0001, 0x0001, 0x0001, 0x0001, 0x0001, 0x0001, 0x0001, 0x0001, 0x0001, 0x0001, 
	0x0001, 0x0001, 0x0001, 0x0001, 0x0001, 0x0001, 0x0001, 0x0001, 0x0001, 0x0001, 0x0001, 0x0001, 0x0001, 0x0001, 0x0001, 0x0001, 
	0x0001, 0x0001, 0x0001, 0x0001, 0x0001, 0x0001, 0x0001, 0x0001, 0x0001, 0x0001, 0x0001, 0x0001, 0x0001, 0x0001, 0x0001, 0x0001, 
	0x0001, 0x0001, 0x0001, 0x0001, 0x0001, 0x0001, 0x0001, 0x0001, 0x0001, 0x0004, 0x1193, 0x09dc, 0x0000, 0x0000, 0x0000, 0x0000, 
	0x0000, 0x0000, 0x0000, 0x0000, 0x0000, 0x0000, 0x0000, 0x0000, 0x0000, 0x0000, 0x0000, 0x0000, 0x0000, 0x0000, 0x0000, 0x0000, 
	0x0000, 0x0000, 0x0000, 0x0000, 0x0000, 0x0000, 0x0000, 0x0000, 0x0000, 0x0000, 0x0000, 0x0000, 0x0000, 0x0000, 0x0000, 0x0000, 
	0x0000, 0x0000, 0x0000, 0x0000, 0x0000, 0x0000, 0x0000, 0x0000, 0x0000, 0x0000, 0x0000, 0x0000, 0x0000, 0x0000, 0x0000, 0x0000, 
	0x0000, 0x0000, 0x0000, 0x0000, 0x0000, 0x0000, 0x0000, 0x0000, 0x0000, 0x0000, 0x0000, 0x0000, 0x0000, 0x0000, 0x0000, 0x0000, 
	0x0000, 0x0000, 0x0000, 0x0000, 0x0000, 0x0000, 0x0000, 0x0000, 0x0000, 0x0000, 0x0000, 0x0000, 0x0000, 0x0000, 0x0000, 0x0000, 
	0x0000, 0x0000, 0x0000, 0x0000, 0x0000, 0x0000, 0x0000, 0x0000, 0x0000, 0x0000, 0x0000, 0x0000, 0x0000, 0x0000, 0x0000, 0x0000, 
	0x0000, 0x0000, 0x0000, 0x0000, 0x0000, 0x0000, 0x0000, 0x0000, 0x0000, 0x0000, 0x0000, 0x0000, 0x0000, 0x0000, 0x0000, 0x0000, 
	0x0000, 0x0000, 0x0000, 0x0000, 0x0000, 0x0000, 0x0000, 0x0000, 0x0000, 0x0000, 0x0000, 0x0000, 0x0000, 0x09dc, 0x11da, 0x19d7, 
	0x1193, 0x1193, 0x1170, 0x004a, 0x0027, 0x0004, 0x0002, 0x0001, 0x0001, 0x0001, 0x0001, 0x0001, 0x0001, 0x0001, 0x0001, 0x0001, 
	0x0001, 0x0001, 0x0001, 0x0001, 0x0001, 0x0001, 0x0001, 0x0001, 0x0001, 0x0001, 0x0001, 0x0001, 0x0001, 0x0001, 0x0001, 0x0001, 
	0x0001, 0x0001, 0x0001, 0x0001, 0x0001, 0x0001, 0x0001, 0x0001, 0x0001, 0x0001, 0x0001, 0x0001, 0x0001, 0x0001, 0x0001, 0x0001, 
	0x0001, 0x0001, 0x0001, 0x0001, 0x0001, 0x0001, 0x0001, 0x0001, 0x0001, 0x0001, 0x0001, 0x0001, 0x0001, 0x0001, 0x0001, 0x0001, 
	0x0001, 0x0001, 0x0001, 0x0001, 0x0001, 0x0001, 0x0001, 0x0001, 0x0001, 0x0002, 0x0004, 0x0027, 0x0027, 0x0001, 0x0001, 0x0001, 
	0x0001, 0x0001, 0x0001, 0x0001, 0x0001, 0x0001, 0x0001, 0x0001, 0x0001, 0x0001, 0x0001, 0x0001, 0x0001, 0x0001, 0x0001, 0x0001, 
	0x0001, 0x0800, 0x0001, 0x0800, 0x0001, 0x0001, 0x0001, 0x0001, 0x0027, 0x090d, 0x11da, 0x09dc, 0x0000, 0x0000, 0x0000, 0x0000, 
	0x0000, 0x0000, 0x0000, 0x0000, 0x0000, 0x0000, 0x0000, 0x0000, 0x0000, 0x0000, 0x0000, 0x0000, 0x0000, 0x0000, 0x0000, 0x0000, 
	0x0000, 0x0000, 0x0000, 0x0000, 0x0000, 0x0000, 0x0000, 0x0000, 0x0000, 0x0000, 0x0000, 0x0000, 0x0000, 0x0000, 0x0000, 0x0000, 
	0x0000, 0x0000, 0x0000, 0x0000, 0x0000, 0x0000, 0x0000, 0x0000, 0x0000, 0x0000, 0x0000, 0x0000, 0x0000, 0x0000, 0x0000, 0x0000, 
	0x0000, 0x0000, 0x0000, 0x0000, 0x0000, 0x0000, 0x0000, 0x0000, 0x0000, 0x0000, 0x0000, 0x0000, 0x0000, 0x0000, 0x0000, 0x0000, 
	0x0000, 0x0000, 0x0000, 0x0000, 0x0000, 0x0000, 0x0000, 0x0000, 0x0000, 0x0000, 0x0000, 0x0000, 0x0000, 0x0000, 0x0000, 0x0000, 
	0x0000, 0x0000, 0x0000, 0x0000, 0x0000, 0x0000, 0x0000, 0x0000, 0x0000, 0x0000, 0x0000, 0x0000, 0x0000, 0x0000, 0x0000, 0x0000, 
	0x0000, 0x0000, 0x0000, 0x0000, 0x0000, 0x0000, 0x0000, 0x0000, 0x0000, 0x0000, 0x0000, 0x0000, 0x0000, 0x0000, 0x0000, 0x0000, 
	0x0000, 0x0000, 0x0000, 0x0000, 0x0000, 0x0000, 0x0000, 0x0000, 0x0000, 0x0000, 0x0000, 0x0000, 0x0000, 0x0000, 0x0000, 0x0000, 
	0x0000, 0x09dc, 0x11da, 0x19d7, 0x1193, 0x1170, 0x090d, 0x10e9, 0x0002, 0x0001, 0x0001, 0x0001, 0x0001, 0x0001, 0x0001, 0x0001, 
	0x0001, 0x0001, 0x0001, 0x0001, 0x0001, 0x0001, 0x0001, 0x0001, 0x0001, 0x0001, 0x0001, 0x0001, 0x0001, 0x0001, 0x0001, 0x0001, 
	0x0001, 0x0001, 0x0001, 0x0001, 0x0001, 0x0001, 0x0001, 0x0001, 0x0001, 0x0001, 0x0001, 0x0001, 0x0001, 0x0001, 0x0001, 0x0001, 
	0x0001, 0x0001, 0x0001, 0x0001, 0x0001, 0x0001, 0x0001, 0x0001, 0x0001, 0x0001, 0x0001, 0x0001, 0x0001, 0x0001, 0x0001, 0x0001, 
	0x0001, 0x0001, 0x0001, 0x0001, 0x0001, 0x0001, 0x0001, 0x0002, 0x10e9, 0x090d, 0x1193, 0x1193, 0x1170, 0x10e9, 0x0001, 0x0001, 
	0x0001, 0x0001, 0x0800, 0x0001, 0x0800, 0x0001, 0x0001, 0x0001, 0x0001, 0x0001, 0x0001, 0x0001, 0x1860, 0x0001, 0x0001, 0x0001, 
	0x1860, 0x0001, 0x0001, 0x0001, 0x0001, 0x0001, 0x0001, 0x0004, 0x00d1, 0x0177, 0x0000, 0x0000, 0x0000, 0x0000, 0x0000, 0x0000, 
	0x0000, 0x0000, 0x0000, 0x0000, 0x0000, 0x0000, 0x0000, 0x0000, 0x0000, 0x0000, 0x0000, 0x0000, 0x0000, 0x0000, 0x0000, 0x0000, 
	0x0000, 0x0000, 0x0000, 0x0000, 0x0000, 0x0000, 0x0000, 0x0000, 0x0000, 0x0000, 0x0000, 0x0000, 0x0000, 0x0000, 0x0000, 0x0000, 
	0x0000, 0x0000, 0x0000, 0x0000, 0x0000, 0x0000, 0x0000, 0x0000, 0x0000, 0x0000, 0x0000, 0x0000, 0x0000, 0x0000, 0x0000, 0x0000, 
	0x0000, 0x0000, 0x0000, 0x0000, 0x0000, 0x0000, 0x0000, 0x0000, 0x0000, 0x0000, 0x0000, 0x0000, 0x0000, 0x0000, 0x0000, 0x0000, 
	0x0000, 0x0000, 0x0000, 0x0000, 0x0000, 0x0000, 0x0000, 0x0000, 0x0000, 0x0000, 0x0000, 0x0000, 0x0000, 0x0000, 0x0000, 0x0000, 
	0x0000, 0x0000, 0x0000, 0x0000, 0x0000, 0x0000, 0x0000, 0x0000, 0x0000, 0x0000, 0x0000, 0x0000, 0x0000, 0x0000, 0x0000, 0x0000, 
	0x0000, 0x0000, 0x0000, 0x0000, 0x0000, 0x0000, 0x0000, 0x0000, 0x0000, 0x0000, 0x0000, 0x0000, 0x0000, 0x0000, 0x0000, 0x0000, 
	0x0000, 0x0000, 0x0000, 0x0000, 0x0000, 0x0000, 0x0000, 0x0000, 0x0000, 0x0000, 0x0000, 0x0000, 0x0000, 0x0000, 0x0000, 0x0000, 
	0x0000, 0x0000, 0x09dc, 0x09dc, 0x11da, 0x11da, 0x19d7, 0x1193, 0x1170, 0x1170, 0x090d, 0x0027, 0x0004, 0x0004, 0x0002, 0x0001, 
	0x0001, 0x0001, 0x0001, 0x0001, 0x0001, 0x0001, 0x0001, 0x0001, 0x0001, 0x0001, 0x0001, 0x0001, 0x0001, 0x0001, 0x0001, 0x0001, 
	0x0001, 0x0001, 0x0001, 0x0001, 0x0001, 0x0001, 0x0001, 0x0001, 0x0001, 0x0001, 0x0001, 0x0001, 0x0001, 0x0001, 0x0001, 0x0001, 
	0x0001, 0x0001, 0x0001, 0x0001, 0x0001, 0x0001, 0x0001, 0x0001, 0x0001, 0x0001, 0x0001, 0x0001, 0x0001, 0x0001, 0x0001, 0x0001, 
	0x0001, 0x0002, 0x0004, 0x0027, 0x090d, 0x1170, 0x1193, 0x1193, 0x19d7, 0x19d7, 0x19d7, 0x11da, 0x19d7, 0x1193, 0x004a, 0x0001, 
	0x0001, 0x0060, 0x0001, 0x0001, 0x0001, 0x0001, 0x0001, 0x0001, 0x0001, 0x0001, 0x0001, 0x0001, 0x0001, 0x0001, 0x0001, 0x0001, 
	0x0001, 0x0001, 0x0001, 0x0001, 0x0001, 0x0001, 0x0004, 0x090d, 0x0177, 0x09dc, 0x0000, 0x0000, 0x0000, 0x0000, 0x0000, 0x0000, 
	0x0000, 0x0000, 0x0000, 0x0000, 0x0000, 0x0000, 0x0000, 0x0000, 0x0000, 0x0000, 0x0000, 0x0000, 0x0000, 0x0000, 0x0000, 0x0000, 
	0x0000, 0x0000, 0x0000, 0x0000, 0x0000, 0x0000, 0x0000, 0x0000, 0x0000, 0x0000, 0x0000, 0x0000, 0x0000, 0x0000, 0x0000, 0x0000, 
	0x0000, 0x0000, 0x0000, 0x0000, 0x0000, 0x0000, 0x0000, 0x0000, 0x0000, 0x0000, 0x0000, 0x0000, 0x0000, 0x0000, 0x0000, 0x0000, 
	0x0000, 0x0000, 0x0000, 0x0000, 0x0000, 0x0000, 0x0000, 0x0000, 0x0000, 0x0000, 0x0000, 0x0000, 0x0000, 0x0000, 0x0000, 0x0000, 
	0x0000, 0x0000, 0x0000, 0x0000, 0x0000, 0x0000, 0x0000, 0x0000, 0x0000, 0x0000, 0x0000, 0x0000, 0x0000, 0x0000, 0x0000, 0x0000, 
	0x0000, 0x0000, 0x0000, 0x0000, 0x0000, 0x0000, 0x0000, 0x0000, 0x0000, 0x0000, 0x0000, 0x0000, 0x0000, 0x0000, 0x0000, 0x0000, 
	0x0000, 0x0000, 0x0000, 0x0000, 0x0000, 0x0000, 0x0000, 0x0000, 0x0000, 0x0000, 0x0000, 0x0000, 0x0000, 0x0000, 0x0000, 0x0000, 
	0x0000, 0x0000, 0x0000, 0x0000, 0x0000, 0x0000, 0x0000, 0x0000, 0x0000, 0x0000, 0x0000, 0x0000, 0x0000, 0x0000, 0x0000, 0x0000, 
	0x0000, 0x0000, 0x0000, 0x0000, 0x0000, 0x0000, 0x0000, 0x0000, 0x09dc, 0x11da, 0x19d7, 0x19d7, 0x1193, 0x1170, 0x10e9, 0x10e9, 
	0x0004, 0x0004, 0x0001, 0x0001, 0x0001, 0x0001, 0x0001, 0x0001, 0x0001, 0x0001, 0x0001, 0x0001, 0x0001, 0x0001, 0x0001, 0x0001, 
	0x0001, 0x0001, 0x0001, 0x0001, 0x0001, 0x0001, 0x0001, 0x0001, 0x0001, 0x0001, 0x0001, 0x0001, 0x0001, 0x0001, 0x0800, 0x0001, 
	0x0001, 0x0001, 0x0001, 0x0001, 0x0001, 0x0001, 0x0001, 0x0800, 0x0001, 0x0001, 0x0001, 0x0001, 0x0001, 0x0001, 0x0002, 0x0004, 
	0x10e9, 0x090d, 0x1193, 0x1193, 0x19d7, 0x11da, 0x09dc, 0x09dc, 0x0000, 0x09dc, 0x0000, 0x09dc, 0x09dc, 0x09dc, 0x1193, 0x10e9, 
	0x0002, 0x0001, 0x0001, 0x0001, 0x0001, 0x0001, 0x0001, 0x0800, 0x0001, 0x0800, 0x0001, 0x0001, 0x0001, 0x0001, 0x0001, 0x0001, 
	0x0001, 0x0001, 0x0001, 0x0001, 0x0001, 0x0004, 0x090d, 0x0177, 0x09dc, 0x0000, 0x0000, 0x0000, 0x0000, 0x0000, 0x0000, 0x0000, 
	0x0000, 0x0000, 0x0000, 0x0000, 0x0000, 0x0000, 0x0000, 0x0000, 0x0000, 0x0000, 0x0000, 0x0000, 0x0000, 0x0000, 0x0000, 0x0000, 
	0x0000, 0x0000, 0x0000, 0x0000, 0x0000, 0x0000, 0x0000, 0x0000, 0x0000, 0x0000, 0x0000, 0x0000, 0x0000, 0x0000, 0x0000, 0x0000, 
	0x0000, 0x0000, 0x0000, 0x0000, 0x0000, 0x0000, 0x0000, 0x0000, 0x0000, 0x0000, 0x0000, 0x0000, 0x0000, 0x0000, 0x0000, 0x0000, 
	0x0000, 0x0000, 0x0000, 0x0000, 0x0000, 0x0000, 0x0000, 0x0000, 0x0000, 0x0000, 0x0000, 0x0000, 0x0000, 0x0000, 0x0000, 0x0000, 
	0x0000, 0x0000, 0x0000, 0x0000, 0x0000, 0x0000, 0x0000, 0x0000, 0x0000, 0x0000, 0x0000, 0x0000, 0x0000, 0x0000, 0x0000, 0x0000, 
	0x0000, 0x0000, 0x0000, 0x0000, 0x0000, 0x0000, 0x0000, 0x0000, 0x0000, 0x0000, 0x0000, 0x0000, 0x0000, 0x0000, 0x0000, 0x0000, 
	0x0000, 0x0000, 0x0000, 0x0000, 0x0000, 0x0000, 0x0000, 0x0000, 0x0000, 0x0000, 0x0000, 0x0000, 0x0000, 0x0000, 0x0000, 0x0000, 
	0x0000, 0x0000, 0x0000, 0x0000, 0x0000, 0x0000, 0x0000, 0x0000, 0x0000, 0x0000, 0x0000, 0x0000, 0x0000, 0x0000, 0x0000, 0x0000, 
	0x0000, 0x0000, 0x0000, 0x0000, 0x0000, 0x0000, 0x0000, 0x0000, 0x09dc, 0x09dc, 0x09dc, 0x11da, 0x11da, 0x19d7, 0x11da, 0x19d7, 
	0x1193, 0x1193, 0x1170, 0x1170, 0x004a, 0x10e9, 0x0027, 0x0004, 0x0004, 0x0002, 0x0002, 0x0001, 0x0001, 0x0001, 0x0001, 0x0001, 
	0x0001, 0x0001, 0x0001, 0x0001, 0x0001, 0x0001, 0x0001, 0x0001, 0x0001, 0x0001, 0x0001, 0x0001, 0x0001, 0x0001, 0x0001, 0x0001, 
	0x0001, 0x0001, 0x0001, 0x0002, 0x0002, 0x0002, 0x0004, 0x0027, 0x0027, 0x004a, 0x10e9, 0x090d, 0x1170, 0x1170, 0x1193, 0x1193, 
	0x19d7, 0x11da, 0x11da, 0x11da, 0x09dc, 0x0000, 0x0000, 0x0000, 0x0000, 0x0000, 0x0000, 0x0000, 0x0000, 0x09dc, 0x09dc, 0x1193, 
	0x090d, 0x0004, 0x0002, 0x0001, 0x0001, 0x0001, 0x0001, 0x0001, 0x0001, 0x0001, 0x0001, 0x0001, 0x0001, 0x0001, 0x0001, 0x0001, 
	0x0001, 0x0001, 0x0001, 0x0004, 0x10e9, 0x00d1, 0x19d7, 0x11da, 0x09dc, 0x0000, 0x0000, 0x0000, 0x0000, 0x0000, 0x0000, 0x0000, 
	0x0000, 0x0000, 0x0000, 0x0000, 0x0000, 0x0000, 0x0000, 0x0000, 0x0000, 0x0000, 0x0000, 0x0000, 0x0000, 0x0000, 0x0000, 0x0000, 
	0x0000, 0x0000, 0x0000, 0x0000, 0x0000, 0x0000, 0x0000, 0x0000, 0x0000, 0x0000, 0x0000, 0x0000, 0x0000, 0x0000, 0x0000, 0x0000, 
	0x0000, 0x0000, 0x0000, 0x0000, 0x0000, 0x0000, 0x0000, 0x0000, 0x0000, 0x0000, 0x0000, 0x0000, 0x0000, 0x0000, 0x0000, 0x0000, 
	0x0000, 0x0000, 0x0000, 0x0000, 0x0000, 0x0000, 0x0000, 0x0000, 0x0000, 0x0000, 0x0000, 0x0000, 0x0000, 0x0000, 0x0000, 0x0000, 
	0x0000, 0x0000, 0x0000, 0x0000, 0x0000, 0x0000, 0x0000, 0x0000, 0x0000, 0x0000, 0x0000, 0x0000, 0x0000, 0x0000, 0x0000, 0x0000, 
	0x0000, 0x0000, 0x0000, 0x0000, 0x0000, 0x0000, 0x0000, 0x0000, 0x0000, 0x0000, 0x0000, 0x0000, 0x0000, 0x0000, 0x0000, 0x0000, 
	0x0000, 0x0000, 0x0000, 0x0000, 0x0000, 0x0000, 0x0000, 0x0000, 0x0000, 0x0000, 0x0000, 0x0000, 0x0000, 0x0000, 0x0000, 0x0000, 
	0x0000, 0x0000, 0x0000, 0x0000, 0x0000, 0x0000, 0x0000, 0x0000, 0x0000, 0x0000, 0x0000, 0x0000, 0x0000, 0x0000, 0x0000, 0x0000, 
	0x0000, 0x0000, 0x0000, 0x0000, 0x0000, 0x0000, 0x0000, 0x0000, 0x0000, 0x09dc, 0x09dc, 0x11da, 0x11da, 0x19d7, 0x19d7, 0x19d7, 
	0x19d7, 0x1193, 0x1193, 0x1193, 0x1170, 0x5b2b, 0x1170, 0x31a7, 0x090d, 0x31a7, 0x10e9, 0x10e9, 0x2124, 0x0004, 0x0002, 0x0001, 
	0x0060, 0x0001, 0x0001, 0x0001, 0x0001, 0x0001, 0x0001, 0x0001, 0x0001, 0x0001, 0x0001, 0x0001, 0x0001, 0x0001, 0x0001, 0x0001, 
	0x0002, 0x0004, 0x2102, 0x10e9, 0x10e9, 0x31a7, 0x090d, 0x5a89, 0x1170, 0x1170, 0x1170, 0x1193, 0x1193, 0x1193, 0x1193, 0x19d7, 
	0x19d7, 0x19d7, 0x11da, 0x11da, 0x09dc, 0x09dc, 0x0000, 0x0000, 0x0000, 0x0000, 0x0000, 0x0000, 0x09dc, 0x0000, 0x11da, 0x19d7, 
	0x1193, 0x31a7, 0x0004, 0x08e1, 0x0001, 0x0001, 0x0001, 0x0001, 0x0001, 0x0001, 0x0001, 0x0001, 0x0001, 0x0001, 0x0001, 0x0001, 
	0x0001, 0x0001, 0x0004, 0x10e9, 0x1170, 0x1193, 0x19d7, 0x11da, 0x0000, 0x0000, 0x0000, 0x0000, 0x0000, 0x0000, 0x0000, 0x0000, 
	0x0000, 0x0000, 0x0000, 0x0000, 0x0000, 0x0000, 0x0000, 0x0000, 0x0000, 0x0000, 0x0000, 0x0000, 0x0000, 0x0000, 0x0000, 0x0000, 
	0x0000, 0x0000, 0x0000, 0x0000, 0x0000, 0x0000, 0x0000, 0x0000, 0x0000, 0x0000, 0x0000, 0x0000, 0x0000, 0x0000, 0x0000, 0x0000, 
	0x0000, 0x0000, 0x0000, 0x0000, 0x0000, 0x0000, 0x0000, 0x0000, 0x0000, 0x0000, 0x0000, 0x0000, 0x0000, 0x0000, 0x0000, 0x0000
};
