#pragma once
#include <Arduino.h>

const uint16_t GTA_MAP_SOURCE_W = 240;
const uint16_t GTA_MAP_SOURCE_H = 240;
const uint16_t GTA_MAP_SOURCE[240 * 240] PROGMEM = {
  0x0000, 0x0000, 0x0000, 0x0000, 0x0000, 0x0000, 0x0000, 0x0000, 0x0000, 0x0000, 0x0000, 0x0000, 0x0000, 0x0000, 0x0000, 0x0000,
  0x0000, 0x0000, 0x0000, 0x0000, 0x0000, 0x0000, 0x0000, 0x0000, 0x0000, 0x0000, 0x0000, 0x0000, 0x0000, 0x0000, 0x0000, 0x0000,
  0x0000, 0x0000, 0x0000, 0x0000, 0x0000, 0x0000, 0x0000, 0x0000, 0x0000, 0x0000, 0x0000, 0x0000, 0x0000, 0x0000, 0x0000, 0x0000,
  0x0000, 0x0000, 0x0000, 0x0000, 0x0000, 0x0000, 0x0000, 0x0000, 0x0000, 0x0000, 0x0000, 0x0000, 0x0000, 0x0000, 0x0000, 0x0000,
  0x0000, 0x0000, 0x0000, 0x0000, 0x0000, 0x0000, 0x0000, 0x0000, 0x0000, 0x0000, 0x0000, 0x0000, 0x0000, 0x0000, 0x0000, 0x0000,
  0x0000, 0x0000, 0x0000, 0x0000, 0x0000, 0x0000, 0x0000, 0x0000, 0x0000, 0x0000, 0x0000, 0x0000, 0x0000, 0x0000, 0x09DC, 0x09DC,
  0x11DA, 0x19D7, 0x19D7, 0x1193, 0x1193, 0x1170, 0x090D, 0x10E9, 0x10E9, 0x0027, 0x08E1, 0x0002, 0x0001, 0x0001, 0x0001, 0x0001,
  0x0001, 0x0001, 0x0001, 0x0001, 0x0001, 0x0001, 0x0001, 0x0001, 0x0001, 0x0001, 0x0001, 0x0001, 0x0001, 0x0002, 0x0004, 0x0002,
  0x0002, 0x0001, 0x0001, 0x0001, 0x0001, 0x0002, 0x0004, 0x0027, 0x10E9, 0x090D, 0x1170, 0x1170, 0x1193, 0x19D7, 0x19D7, 0x11DA,
  0x09DC, 0x09DC, 0x0000, 0x0000, 0x0000, 0x0000, 0x0000, 0x0000, 0x0000, 0x0000, 0x0000, 0x0000, 0x0000, 0x0000, 0x0000, 0x0000,
  0x0000, 0x0000, 0x0000, 0x0000, 0x0000, 0x0000, 0x0000, 0x0000, 0x0000, 0x0000, 0x0000, 0x0000, 0x0000, 0x0000, 0x0000, 0x0000,
  0x0000, 0x0000, 0x0000, 0x0000, 0x0000, 0x0000, 0x0000, 0x0000, 0x0000, 0x0000, 0x0000, 0x0000, 0x0000, 0x0000, 0x0000, 0x0000,
  0x0000, 0x0000, 0x0000, 0x0000, 0x0000, 0x0000, 0x0000, 0x0000, 0x0000, 0x0000, 0x0000, 0x0000, 0x0000, 0x0000, 0x0000, 0x0000,
  0x0000, 0x0000, 0x0000, 0x0000, 0x0000, 0x0000, 0x0000, 0x0000, 0x0000, 0x0000, 0x0000, 0x0000, 0x0000, 0x0000, 0x0000, 0x0000,
  0x0000, 0x0000, 0x0000, 0x0000, 0x0000, 0x0000, 0x0000, 0x0000, 0x0000, 0x0000, 0x0000, 0x0000, 0x0000, 0x0000, 0x0000, 0x0000,
  0x0000, 0x0000, 0x0000, 0x0000, 0x0000, 0x0000, 0x0000, 0x0000, 0x0000, 0x0000, 0x0000, 0x0000, 0x0000, 0x0000, 0x0000, 0x0000,
  0x0000, 0x0000, 0x0000, 0x0000, 0x0000, 0x0000, 0x0000, 0x0000, 0x0000, 0x0000, 0x0000, 0x0000, 0x0000, 0x0000, 0x0000, 0x0000,
  0x0000, 0x0000, 0x0000, 0x0000, 0x0000, 0x0000, 0x0000, 0x0000, 0x0000, 0x0000, 0x0000, 0x0000, 0x0000, 0x0000, 0x0000, 0x0000,
  0x0000, 0x0000, 0x0000, 0x0000, 0x0000, 0x0000, 0x0000, 0x0000, 0x0000, 0x0000, 0x0000, 0x0000, 0x0000, 0x0000, 0x0000, 0x0000,
  0x0000, 0x0000, 0x0000, 0x0000, 0x0000, 0x0000, 0x0000, 0x0000, 0x0000, 0x0000, 0x0000, 0x0000, 0x0000, 0x0000, 0x0000, 0x0000,
  0x0000, 0x0000, 0x0000, 0x0000, 0x0000, 0x0000, 0x0000, 0x0000, 0x0000, 0x0000, 0x0000, 0x0000, 0x0000, 0x09DC, 0x09DC, 0x11DA,
  0x0177, 0x00D1, 0x00D1, 0x00D1, 0x006D, 0x004A, 0x0027, 0x0027, 0x0002, 0x0002, 0x0002, 0x0001, 0x0001, 0x0001, 0x0001, 0x0001,
  0x0001, 0x0001, 0x0001, 0x0001, 0x0001, 0x0001, 0x0001, 0x0001, 0x0001, 0x0001, 0x0001, 0x0001, 0x0001, 0x0002, 0x0002, 0x0002,
  0x0001, 0x0001, 0x0001, 0x0001, 0x0001, 0x0002, 0x0002, 0x0002, 0x0027, 0x0027, 0x004A, 0x006D, 0x006D, 0x00D1, 0x00D1, 0x0177,
  0x09DC, 0x09DC, 0x0000, 0x0000, 0x0000, 0x0000, 0x0000, 0x0000, 0x0000, 0x0000, 0x0000, 0x0000, 0x0000, 0x0000, 0x0000, 0x0000,
  0x0000, 0x0000, 0x0000, 0x0000, 0x0000, 0x0000, 0x0000, 0x0000, 0x0000, 0x0000, 0x0000, 0x0000, 0x0000, 0x0000, 0x0000, 0x0000,
  0x0000, 0x0000, 0x0000, 0x0000, 0x0000, 0x0000, 0x0000, 0x0000, 0x0000, 0x0000, 0x0000, 0x0000, 0x0000, 0x0000, 0x0000, 0x0000,
  0x0000, 0x0000, 0x0000, 0x0000, 0x0000, 0x0000, 0x0000, 0x0000, 0x0000, 0x0000, 0x0000, 0x0000, 0x0000, 0x0000, 0x0000, 0x0000,
  0x0000, 0x0000, 0x0000, 0x0000, 0x0000, 0x0000, 0x0000, 0x0000, 0x0000, 0x0000, 0x0000, 0x0000, 0x0000, 0x0000, 0x0000, 0x0000,
  0x0000, 0x0000, 0x0000, 0x0000, 0x0000, 0x0000, 0x0000, 0x0000, 0x0000, 0x0000, 0x0000, 0x0000, 0x0000, 0x0000, 0x0000, 0x0000,
  0x0000, 0x0000, 0x0000, 0x0000, 0x0000, 0x0000, 0x0000, 0x0000, 0x0000, 0x0000, 0x0000, 0x0000, 0x0000, 0x0000, 0x0000, 0x0000,
  0x0000, 0x0000, 0x0000, 0x0000, 0x0000, 0x0000, 0x0000, 0x0000, 0x0000, 0x0000, 0x0000, 0x0000, 0x0000, 0x0000, 0x0000, 0x0000,
  0x0000, 0x0000, 0x0000, 0x0000, 0x0000, 0x0000, 0x0000, 0x0000, 0x0000, 0x0000, 0x0000, 0x0000, 0x0000, 0x0000, 0x0000, 0x0000,
  0x0000, 0x0000, 0x0000, 0x0000, 0x0000, 0x0000, 0x0000, 0x0000, 0x0000, 0x0000, 0x0000, 0x0000, 0x0000, 0x0000, 0x0000, 0x0000,
  0x0000, 0x0000, 0x0000, 0x0000, 0x0000, 0x0000, 0x0000, 0x0000, 0x0000, 0x0000, 0x0000, 0x0000, 0x0000, 0x0000, 0x0000, 0x0000,
  0x0000, 0x0000, 0x0000, 0x0000, 0x0000, 0x0000, 0x0000, 0x09DC, 0x09DC, 0x11DA, 0x0177, 0x0177, 0x00D1, 0x00D1, 0x006D, 0x006D,
  0x004A, 0x004A, 0x0027, 0x0004, 0x0004, 0x0004, 0x0002, 0x0002, 0x0001, 0x0001, 0x0001, 0x0001, 0x0001, 0x0001, 0x0001, 0x0001,
  0x0001, 0x0001, 0x0001, 0x0001, 0x0001, 0x0001, 0x0001, 0x0001, 0x0001, 0x0001, 0x0001, 0x0001, 0x0001, 0x0001, 0x0001, 0x0001,
  0x0001, 0x0001, 0x0001, 0x0001, 0x0001, 0x0001, 0x0001, 0x0002, 0x0002, 0x0002, 0x0004, 0x0027, 0x0027, 0x004A, 0x004A, 0x006D,
  0x004A, 0x006D, 0x00D1, 0x00D1, 0x0177, 0x11DA, 0x11DA, 0x09DC, 0x09DC, 0x0000, 0x0000, 0x0000, 0x0000, 0x0000, 0x0000, 0x0000,
  0x0000, 0x0000, 0x0000, 0x0000, 0x0000, 0x0000, 0x0000, 0x0000, 0x0000, 0x0000, 0x0000, 0x0000, 0x0000, 0x0000, 0x0000, 0x0000,
  0x0000, 0x0000, 0x0000, 0x0000, 0x0000, 0x0000, 0x0000, 0x0000, 0x0000, 0x0000, 0x0000, 0x0000, 0x0000, 0x0000, 0x0000, 0x0000,
  0x0000, 0x0000, 0x0000, 0x0000, 0x0000, 0x0000, 0x0000, 0x0000, 0x0000, 0x0000, 0x0000, 0x0000, 0x0000, 0x0000, 0x0000, 0x0000,
  0x0000, 0x0000, 0x0000, 0x0000, 0x0000, 0x0000, 0x0000, 0x0000, 0x0000, 0x0000, 0x0000, 0x0000, 0x0000, 0x0000, 0x0000, 0x0000,
  0x0000, 0x0000, 0x0000, 0x0000, 0x0000, 0x0000, 0x0000, 0x0000, 0x0000, 0x0000, 0x0000, 0x0000, 0x0000, 0x0000, 0x0000, 0x0000,
  0x0000, 0x0000, 0x0000, 0x0000, 0x0000, 0x0000, 0x0000, 0x0000, 0x0000, 0x0000, 0x0000, 0x0000, 0x0000, 0x0000, 0x0000, 0x0000,
  0x0000, 0x0000, 0x0000, 0x0000, 0x0000, 0x0000, 0x0000, 0x0000, 0x0000, 0x0000, 0x0000, 0x0000, 0x0000, 0x0000, 0x0000, 0x0000,
  0x0000, 0x0000, 0x0000, 0x0000, 0x0000, 0x0000, 0x0000, 0x0000, 0x0000, 0x0000, 0x0000, 0x0000, 0x0000, 0x0000, 0x0000, 0x0000,
  0x0000, 0x0000, 0x0000, 0x0000, 0x0000, 0x0000, 0x0000, 0x0000, 0x0000, 0x0000, 0x0000, 0x0000, 0x0000, 0x0000, 0x0000, 0x0000,
  0x0000, 0x0000, 0x0000, 0x0000, 0x0000, 0x0000, 0x0000, 0x0000, 0x0000, 0x0000, 0x0000, 0x0000, 0x0000, 0x0000, 0x0000, 0x0000,
  0x0000, 0x0000, 0x0000, 0x0000, 0x0000, 0x0000, 0x09DC, 0x11DA, 0x0177, 0x00D1, 0x006D, 0x004A, 0x0027, 0x0004, 0x0004, 0x0002,
  0x0001, 0x0001, 0x0001, 0x0001, 0x0001, 0x0001, 0x0001, 0x0001, 0x0001, 0x0001, 0x0001, 0x0001, 0x0001, 0x0001, 0x0001, 0x0001,
  0x0001, 0x0001, 0x0001, 0x0001, 0x0001, 0x0001, 0x0001, 0x0001, 0x0001, 0x0001, 0x0001, 0x0001, 0x0001, 0x0001, 0x0001, 0x0001,
  0x0001, 0x0001, 0x0001, 0x0001, 0x0001, 0x0001, 0x0001, 0x0001, 0x0001, 0x0001, 0x0001, 0x0001, 0x0001, 0x0001, 0x0001, 0x0001,
  0x0001, 0x0002, 0x0027, 0x0027, 0x004A, 0x006D, 0x00D1, 0x0177, 0x11DA, 0x0000, 0x0000, 0x0000, 0x0000, 0x0000, 0x0000, 0x0000,
  0x0000, 0x0000, 0x0000, 0x0000, 0x0000, 0x0000, 0x0000, 0x0000, 0x0000, 0x0000, 0x0000, 0x0000, 0x0000, 0x0000, 0x0000, 0x0000,
  0x0000, 0x0000, 0x0000, 0x0000, 0x0000, 0x0000, 0x0000, 0x0000, 0x0000, 0x0000, 0x0000, 0x0000, 0x0000, 0x0000, 0x0000, 0x0000,
  0x0000, 0x0000, 0x0000, 0x0000, 0x0000, 0x0000, 0x0000, 0x0000, 0x0000, 0x0000, 0x0000, 0x0000, 0x0000, 0x0000, 0x0000, 0x0000,
  0x0000, 0x0000, 0x0000, 0x0000, 0x0000, 0x0000, 0x0000, 0x0000, 0x0000, 0x0000, 0x0000, 0x0000, 0x0000, 0x0000, 0x0000, 0x0000,
  0x0000, 0x0000, 0x0000, 0x0000, 0x0000, 0x0000, 0x0000, 0x0000, 0x0000, 0x0000, 0x0000, 0x0000, 0x0000, 0x0000, 0x0000, 0x0000,
  0x0000, 0x0000, 0x0000, 0x0000, 0x0000, 0x0000, 0x0000, 0x0000, 0x0000, 0x0000, 0x0000, 0x0000, 0x0000, 0x0000, 0x0000, 0x0000,
  0x0000, 0x0000, 0x0000, 0x0000, 0x0000, 0x0000, 0x0000, 0x0000, 0x0000, 0x0000, 0x0000, 0x0000, 0x0000, 0x0000, 0x0000, 0x0000,
  0x0000, 0x0000, 0x0000, 0x0000, 0x0000, 0x0000, 0x0000, 0x0000, 0x0000, 0x0000, 0x0000, 0x0000, 0x0000, 0x0000, 0x0000, 0x0000,
  0x0000, 0x0000, 0x0000, 0x0000, 0x0000, 0x0000, 0x0000, 0x0000, 0x0000, 0x0000, 0x0000, 0x0000, 0x0000, 0x0000, 0x0000, 0x0000,
  0x0000, 0x0000, 0x0000, 0x0000, 0x0000, 0x0000, 0x0000, 0x0000, 0x0000, 0x0000, 0x0000, 0x0000, 0x0000, 0x0000, 0x0000, 0x0000,
  0x0000, 0x09DC, 0x11DA, 0x0177, 0x0177, 0x00D1, 0x006D, 0x006D, 0x004A, 0x0027, 0x0027, 0x0004, 0x0002, 0x0002, 0x0001, 0x0001,
  0x0001, 0x0001, 0x0001, 0x0001, 0x0001, 0x0001, 0x0001, 0x0001, 0x0001, 0x0001, 0x0001, 0x0001, 0x0001, 0x0001, 0x0001, 0x0001,
  0x0001, 0x0001, 0x0001, 0x0001, 0x0001, 0x0001, 0x0001, 0x0001, 0x0001, 0x0001, 0x0001, 0x0001, 0x0001, 0x0001, 0x0001, 0x0001,
  0x0001, 0x0001, 0x0001, 0x0001, 0x0001, 0x0001, 0x0001, 0x0001, 0x0001, 0x0001, 0x0001, 0x0001, 0x0001, 0x0001, 0x0001, 0x0001,
  0x0001, 0x0002, 0x0002, 0x0002, 0x0004, 0x0027, 0x0027, 0x004A, 0x006D, 0x006D, 0x00D1, 0x0177, 0x0177, 0x09DC, 0x09DC, 0x0000,
  0x0000, 0x0000, 0x0000, 0x0000, 0x0000, 0x0000, 0x0000, 0x0000, 0x0000, 0x0000, 0x0000, 0x0000, 0x0000, 0x0000, 0x0000, 0x0000,
  0x0000, 0x0000, 0x0000, 0x0000, 0x0000, 0x0000, 0x0000, 0x0000, 0x0000, 0x0000, 0x0000, 0x0000, 0x0000, 0x0000, 0x0000, 0x0000,
  0x0000, 0x0000, 0x0000, 0x0000, 0x0000, 0x0000, 0x0000, 0x0000, 0x0000, 0x0000, 0x0000, 0x0000, 0x0000, 0x0000, 0x0000, 0x0000,
  0x0000, 0x0000, 0x0000, 0x0000, 0x0000, 0x0000, 0x0000, 0x0000, 0x0000, 0x0000, 0x0000, 0x0000, 0x0000, 0x0000, 0x0000, 0x0000,
  0x0000, 0x0000, 0x0000, 0x0000, 0x0000, 0x0000, 0x0000, 0x0000, 0x0000, 0x0000, 0x0000, 0x0000, 0x0000, 0x0000, 0x0000, 0x0000,
  0x0000, 0x0000, 0x0000, 0x0000, 0x0000, 0x0000, 0x0000, 0x0000, 0x0000, 0x0000, 0x0000, 0x0000, 0x0000, 0x0000, 0x0000, 0x0000,
  0x0000, 0x0000, 0x0000, 0x0000, 0x0000, 0x0000, 0x0000, 0x0000, 0x0000, 0x0000, 0x0000, 0x0000, 0x0000, 0x0000, 0x0000, 0x0000,
  0x0000, 0x0000, 0x0000, 0x0000, 0x0000, 0x0000, 0x0000, 0x0000, 0x0000, 0x0000, 0x0000, 0x0000, 0x0000, 0x0000, 0x0000, 0x0000,
  0x0000, 0x0000, 0x0000, 0x0000, 0x0000, 0x0000, 0x0000, 0x0000, 0x0000, 0x0000, 0x0000, 0x0000, 0x0000, 0x0000, 0x0000, 0x0000,
  0x0000, 0x0000, 0x0000, 0x0000, 0x0000, 0x0000, 0x0000, 0x0000, 0x0000, 0x0000, 0x0000, 0x0000, 0x0000, 0x0000, 0x0000, 0x0000,
  0x09DC, 0x0177, 0x00D1, 0x006D, 0x004A, 0x0027, 0x0004, 0x0002, 0x0001, 0x0001, 0x0001, 0x0001, 0x0001, 0x0001, 0x0001, 0x0001,
  0x0001, 0x0001, 0x0001, 0x0001, 0x0001, 0x0001, 0x0001, 0x0001, 0x0001, 0x0001, 0x0001, 0x0001, 0x0001, 0x0001, 0x0001, 0x0001,
  0x0001, 0x0001, 0x0001, 0x0001, 0x0001, 0x0001, 0x0001, 0x0001, 0x0001, 0x0001, 0x0001, 0x0001, 0x0001, 0x0001, 0x0001, 0x0001,
  0x0001, 0x0001, 0x0001, 0x0001, 0x0001, 0x0001, 0x0001, 0x0001, 0x0001, 0x0001, 0x0001, 0x0001, 0x0001, 0x0001, 0x0001, 0x0001,
  0x0001, 0x0001, 0x0001, 0x0001, 0x0001, 0x0001, 0x0001, 0x0001, 0x0002, 0x0004, 0x0027, 0x0027, 0x006D, 0x00D1, 0x0177, 0x09DC,
  0x0000, 0x0000, 0x0000, 0x0000, 0x0000, 0x0000, 0x0000, 0x0000, 0x0000, 0x0000, 0x0000, 0x0000, 0x0000, 0x0000, 0x0000, 0x0000,
  0x0000, 0x0000, 0x0000, 0x0000, 0x0000, 0x0000, 0x0000, 0x0000, 0x0000, 0x0000, 0x0000, 0x0000, 0x0000, 0x0000, 0x0000, 0x0000,
  0x0000, 0x0000, 0x0000, 0x0000, 0x0000, 0x0000, 0x0000, 0x0000, 0x0000, 0x0000, 0x0000, 0x0000, 0x0000, 0x0000, 0x0000, 0x0000,
  0x0000, 0x0000, 0x0000, 0x0000, 0x0000, 0x0000, 0x0000, 0x0000, 0x0000, 0x0000, 0x0000, 0x0000, 0x0000, 0x0000, 0x0000, 0x0000,
  0x0000, 0x0000, 0x0000, 0x0000, 0x0000, 0x0000, 0x0000, 0x0000, 0x0000, 0x0000, 0x0000, 0x0000, 0x0000, 0x0000, 0x0000, 0x0000,
  0x0000, 0x0000, 0x0000, 0x0000, 0x0000, 0x0000, 0x0000, 0x0000, 0x0000, 0x0000, 0x0000, 0x0000, 0x0000, 0x0000, 0x0000, 0x0000,
  0x0000, 0x0000, 0x0000, 0x0000, 0x0000, 0x0000, 0x0000, 0x0000, 0x0000, 0x0000, 0x0000, 0x0000, 0x0000, 0x0000, 0x0000, 0x0000,
  0x0000, 0x0000, 0x0000, 0x0000, 0x0000, 0x0000, 0x0000, 0x0000, 0x0000, 0x0000, 0x0000, 0x0000, 0x0000, 0x0000, 0x0000, 0x0000,
  0x0000, 0x0000, 0x0000, 0x0000, 0x0000, 0x0000, 0x0000, 0x0000, 0x0000, 0x0000, 0x0000, 0x0000, 0x0000, 0x0000, 0x0000, 0x0000,
  0x0000, 0x0000, 0x0000, 0x0000, 0x0000, 0x0000, 0x0000, 0x0000, 0x0000, 0x0000, 0x0000, 0x09DC, 0x09DC, 0x11DA, 0x0177, 0x00D1,
  0x006D, 0x006D, 0x0027, 0x0004, 0x0004, 0x0002, 0x0001, 0x0001, 0x0001, 0x0001, 0x0001, 0x0001, 0x0001, 0x0001, 0x0001, 0x0001,
  0x0001, 0x0001, 0x0001, 0x0001, 0x0001, 0x0001, 0x0001, 0x0001, 0x0001, 0x0001, 0x0001, 0x0001, 0x0001, 0x0001, 0x0001, 0x0001,
  0x0001, 0x0001, 0x0001, 0x0001, 0x0001, 0x0001, 0x0001, 0x0001, 0x0001, 0x0001, 0x0001, 0x0001, 0x0001, 0x0001, 0x0001, 0x0001,
  0x0001, 0x0001, 0x0001, 0x0001, 0x0001, 0x0001, 0x0001, 0x0001, 0x0001, 0x0001, 0x0001, 0x0001, 0x0001, 0x0001, 0x0001, 0x0001,
  0x0001, 0x0001, 0x0001, 0x0001, 0x0001, 0x0001, 0x0001, 0x0001, 0x0001, 0x0002, 0x0002, 0x0004, 0x0027, 0x0027, 0x004A, 0x006D,
  0x00D1, 0x0177, 0x11DA, 0x09DC, 0x09DC, 0x0000, 0x0000, 0x0000, 0x0000, 0x0000, 0x0000, 0x0000, 0x0000, 0x0000, 0x0000, 0x0000,
  0x0000, 0x0000, 0x0000, 0x0000, 0x0000, 0x0000, 0x0000, 0x0000, 0x0000, 0x0000, 0x0000, 0x0000, 0x0000, 0x0000, 0x0000, 0x0000,
  0x0000, 0x0000, 0x0000, 0x0000, 0x0000, 0x0000, 0x0000, 0x0000, 0x0000, 0x0000, 0x0000, 0x0000, 0x0000, 0x0000, 0x0000, 0x0000,
  0x0000, 0x0000, 0x0000, 0x0000, 0x0000, 0x0000, 0x0000, 0x0000, 0x0000, 0x0000, 0x0000, 0x0000, 0x0000, 0x0000, 0x0000, 0x0000,
  0x0000, 0x0000, 0x0000, 0x0000, 0x0000, 0x0000, 0x0000, 0x0000, 0x0000, 0x0000, 0x0000, 0x0000, 0x0000, 0x0000, 0x0000, 0x0000,
  0x0000, 0x0000, 0x0000, 0x0000, 0x0000, 0x0000, 0x0000, 0x0000, 0x0000, 0x0000, 0x0000, 0x0000, 0x0000, 0x0000, 0x0000, 0x0000,
  0x0000, 0x0000, 0x0000, 0x0000, 0x0000, 0x0000, 0x0000, 0x0000, 0x0000, 0x0000, 0x0000, 0x0000, 0x0000, 0x0000, 0x0000, 0x0000,
  0x0000, 0x0000, 0x0000, 0x0000, 0x0000, 0x0000, 0x0000, 0x0000, 0x0000, 0x0000, 0x0000, 0x0000, 0x0000, 0x0000, 0x0000, 0x0000,
  0x0000, 0x0000, 0x0000, 0x0000, 0x0000, 0x0000, 0x0000, 0x0000, 0x0000, 0x0000, 0x0000, 0x0000, 0x0000, 0x0000, 0x0000, 0x0000,
  0x0000, 0x0000, 0x0000, 0x0000, 0x0000, 0x0000, 0x0000, 0x0000, 0x0000, 0x0000, 0x09DC, 0x11DA, 0x0177, 0x006D, 0x006D, 0x0027,
  0x0002, 0x0001, 0x0001, 0x0001, 0x0001, 0x0001, 0x0001, 0x0001, 0x0001, 0x0001, 0x0001, 0x0001, 0x0001, 0x0800, 0x0001, 0x0001,
  0x0001, 0x0001, 0x0001, 0x0001, 0x0001, 0x0001, 0x0001, 0x0001, 0x0001, 0x0001, 0x0001, 0x0001, 0x0001, 0x0001, 0x0001, 0x0001,
  0x0001, 0x0001, 0x0001, 0x0001, 0x0001, 0x0001, 0x0001, 0x0001, 0x0001, 0x0001, 0x0001, 0x0001, 0x0001, 0x0001, 0x0001, 0x0001,
  0x0001, 0x0001, 0x0001, 0x0001, 0x0001, 0x0001, 0x0001, 0x0001, 0x0001, 0x0001, 0x0001, 0x0001, 0x0001, 0x0001, 0x0001, 0x0001,
  0x0001, 0x0001, 0x0001, 0x0001, 0x0001, 0x0001, 0x0001, 0x0001, 0x0001, 0x0001, 0x0001, 0x0001, 0x0001, 0x0001, 0x0001, 0x0002,
  0x0027, 0x004A, 0x006D, 0x00D1, 0x09DC, 0x0000, 0x0000, 0x0000, 0x0000, 0x0000, 0x0000, 0x0000, 0x0000, 0x0000, 0x0000, 0x0000,
  0x0000, 0x0000, 0x0000, 0x0000, 0x0000, 0x0000, 0x0000, 0x0000, 0x0000, 0x0000, 0x0000, 0x0000, 0x0000, 0x0000, 0x0000, 0x0000,
  0x0000, 0x0000, 0x0000, 0x0000, 0x0000, 0x0000, 0x0000, 0x0000, 0x0000, 0x0000, 0x0000, 0x0000, 0x0000, 0x0000, 0x0000, 0x0000,
  0x0000, 0x0000, 0x0000, 0x0000, 0x0000, 0x0000, 0x0000, 0x0000, 0x0000, 0x0000, 0x0000, 0x0000, 0x0000, 0x0000, 0x0000, 0x0000,
  0x0000, 0x0000, 0x0000, 0x0000, 0x0000, 0x0000, 0x0000, 0x0000, 0x0000, 0x0000, 0x0000, 0x0000, 0x0000, 0x0000, 0x0000, 0x0000,
  0x0000, 0x0000, 0x0000, 0x0000, 0x0000, 0x0000, 0x0000, 0x0000, 0x0000, 0x0000, 0x0000, 0x0000, 0x0000, 0x0000, 0x0000, 0x0000,
  0x0000, 0x0000, 0x0000, 0x0000, 0x0000, 0x0000, 0x0000, 0x0000, 0x0000, 0x0000, 0x0000, 0x0000, 0x0000, 0x0000, 0x0000, 0x0000,
  0x0000, 0x0000, 0x0000, 0x0000, 0x0000, 0x0000, 0x0000, 0x0000, 0x0000, 0x0000, 0x0000, 0x0000, 0x0000, 0x0000, 0x0000, 0x0000,
  0x0000, 0x0000, 0x0000, 0x0000, 0x0000, 0x0000, 0x0000, 0x0000, 0x0000, 0x0000, 0x0000, 0x0000, 0x0000, 0x0000, 0x0000, 0x0000,
  0x0000, 0x0000, 0x0000, 0x0000, 0x0000, 0x0000, 0x09DC, 0x09DC, 0x11DA, 0x0177, 0x00D1, 0x006D, 0x004A, 0x0027, 0x0004, 0x0004,
  0x0002, 0x0001, 0x0001, 0x0001, 0x0001, 0x0001, 0x0001, 0x0001, 0x0001, 0x0001, 0x0001, 0x0001, 0x0001, 0x0001, 0x0001, 0x0001,
  0x0001, 0x0001, 0x0001, 0x0001, 0x0001, 0x0001, 0x0001, 0x0001, 0x0001, 0x0001, 0x0001, 0x0001, 0x0001, 0x0001, 0x0001, 0x0001,
  0x0001, 0x0001, 0x0001, 0x0001, 0x0001, 0x0001, 0x0001, 0x0001, 0x0001, 0x0001, 0x0001, 0x0001, 0x0001, 0x0001, 0x0001, 0x0001,
  0x0001, 0x0001, 0x0001, 0x0001, 0x0001, 0x0001, 0x0001, 0x0001, 0x0001, 0x0001, 0x0001, 0x0001, 0x0001, 0x0001, 0x0001, 0x0001,
  0x0001, 0x0001, 0x0001, 0x0001, 0x0001, 0x0001, 0x0001, 0x0001, 0x0001, 0x0001, 0x0001, 0x0001, 0x0001, 0x0001, 0x0001, 0x0001,
  0x0002, 0x0004, 0x0027, 0x004A, 0x006D, 0x006D, 0x0177, 0x11DA, 0x09DC, 0x09DC, 0x0000, 0x0000, 0x0000, 0x0000, 0x0000, 0x0000,
  0x0000, 0x0000, 0x0000, 0x0000, 0x0000, 0x0000, 0x0000, 0x0000, 0x0000, 0x0000, 0x0000, 0x0000, 0x0000, 0x0000, 0x0000, 0x0000,
  0x0000, 0x0000, 0x0000, 0x0000, 0x0000, 0x0000, 0x0000, 0x0000, 0x0000, 0x0000, 0x0000, 0x0000, 0x0000, 0x0000, 0x0000, 0x0000,
  0x0000, 0x0000, 0x0000, 0x0000, 0x0000, 0x0000, 0x0000, 0x0000, 0x0000, 0x0000, 0x0000, 0x0000, 0x0000, 0x0000, 0x0000, 0x0000,
  0x0000, 0x0000, 0x0000, 0x0000, 0x0000, 0x0000, 0x0000, 0x0000, 0x0000, 0x0000, 0x0000, 0x0000, 0x0000, 0x0000, 0x0000, 0x0000,
  0x0000, 0x0000, 0x0000, 0x0000, 0x0000, 0x0000, 0x0000, 0x0000, 0x0000, 0x0000, 0x0000, 0x0000, 0x0000, 0x0000, 0x0000, 0x0000,
  0x0000, 0x0000, 0x0000, 0x0000, 0x0000, 0x0000, 0x0000, 0x0000, 0x0000, 0x0000, 0x0000, 0x0000, 0x0000, 0x0000, 0x0000, 0x0000,
  0x0000, 0x0000, 0x0000, 0x0000, 0x0000, 0x0000, 0x0000, 0x0000, 0x0000, 0x0000, 0x0000, 0x0000, 0x0000, 0x0000, 0x0000, 0x0000,
  0x0000, 0x0000, 0x0000, 0x0000, 0x0000, 0x0000, 0x0000, 0x0000, 0x0000, 0x0000, 0x0000, 0x0000, 0x0000, 0x0000, 0x0000, 0x0000,
  0x0000, 0x0000, 0x0000, 0x0000, 0x0000, 0x0000, 0x11DA, 0x0177, 0x006D, 0x004A, 0x0004, 0x0002, 0x0001, 0x0001, 0x0001, 0x0001,
  0x0001, 0x0001, 0x0001, 0x0001, 0x0001, 0x0001, 0x0001, 0x0001, 0x0001, 0x0001, 0x0001, 0x0001, 0x0001, 0x0001, 0x0001, 0x0001,
  0x0001, 0x0001, 0x0001, 0x0001, 0x0001, 0x0001, 0x0001, 0x0001, 0x0001, 0x0001, 0x0001, 0x0001, 0x0001, 0x0001, 0x0001, 0x0001,
  0x0001, 0x0001, 0x0001, 0x0001, 0x0001, 0x0001, 0x0001, 0x0001, 0x0001, 0x0001, 0x0001, 0x0001, 0x0001, 0x0001, 0x0001, 0x0001,
  0x0001, 0x0001, 0x0001, 0x0001, 0x0001, 0x0001, 0x0001, 0x0001, 0x0001, 0x0001, 0x0001, 0x0001, 0x0001, 0x0001, 0x0001, 0x0001,
  0x0001, 0x0001, 0x0001, 0x0001, 0x0001, 0x0001, 0x0001, 0x0001, 0x0001, 0x0001, 0x0001, 0x0001, 0x0001, 0x0001, 0x0001, 0x0001,
  0x0001, 0x0001, 0x0001, 0x0001, 0x0001, 0x0004, 0x0027, 0x006D, 0x0177, 0x09DC, 0x0000, 0x0000, 0x0000, 0x0000, 0x0000, 0x0000,
  0x0000, 0x0000, 0x0000, 0x0000, 0x0000, 0x0000, 0x0000, 0x0000, 0x0000, 0x0000, 0x0000, 0x0000, 0x0000, 0x0000, 0x0000, 0x0000,
  0x0000, 0x0000, 0x0000, 0x0000, 0x0000, 0x0000, 0x0000, 0x0000, 0x0000, 0x0000, 0x0000, 0x0000, 0x0000, 0x0000, 0x0000, 0x0000,
  0x0000, 0x0000, 0x0000, 0x0000, 0x0000, 0x0000, 0x0000, 0x0000, 0x0000, 0x0000, 0x0000, 0x0000, 0x0000, 0x0000, 0x0000, 0x0000,
  0x0000, 0x0000, 0x0000, 0x0000, 0x0000, 0x0000, 0x0000, 0x0000, 0x0000, 0x0000, 0x0000, 0x0000, 0x0000, 0x0000, 0x0000, 0x0000,
  0x0000, 0x0000, 0x0000, 0x0000, 0x0000, 0x0000, 0x0000, 0x0000, 0x0000, 0x0000, 0x0000, 0x0000, 0x0000, 0x0000, 0x0000, 0x0000,
  0x0000, 0x0000, 0x0000, 0x0000, 0x0000, 0x0000, 0x0000, 0x0000, 0x0000, 0x0000, 0x0000, 0x0000, 0x0000, 0x0000, 0x0000, 0x0000,
  0x0000, 0x0000, 0x0000, 0x0000, 0x0000, 0x0000, 0x0000, 0x0000, 0x0000, 0x0000, 0x0000, 0x0000, 0x0000, 0x0000, 0x0000, 0x0000,
  0x0000, 0x0000, 0x0000, 0x0000, 0x0000, 0x0000, 0x0000, 0x0000, 0x0000, 0x0000, 0x0000, 0x0000, 0x0000, 0x0000, 0x0000, 0x0000,
  0x0000, 0x0000, 0x09DC, 0x09DC, 0x0177, 0x00D1, 0x006D, 0x0027, 0x0027, 0x0002, 0x0002, 0x0001, 0x0001, 0x0001, 0x0001, 0x0001,
  0x0001, 0x0001, 0x0001, 0x0001, 0x0001, 0x0001, 0x0001, 0x0001, 0x0001, 0x0001, 0x0001, 0x0001, 0x0001, 0x0001, 0x0001, 0x0001,
  0x0001, 0x0001, 0x0001, 0x0001, 0x0001, 0x0001, 0x0001, 0x0001, 0x0001, 0x0001, 0x0001, 0x0001, 0x0001, 0x0001, 0x0001, 0x0001,
  0x0001, 0x0001, 0x0001, 0x0001, 0x0001, 0x0001, 0x0001, 0x0001, 0x0001, 0x0001, 0x0001, 0x0800, 0x0060, 0x0800, 0x0060, 0x0001,
  0x0001, 0x0001, 0x0001, 0x0001, 0x0001, 0x0001, 0x0001, 0x0001, 0x0001, 0x0001, 0x0001, 0x0001, 0x0001, 0x0001, 0x0001, 0x0001,
  0x0001, 0x0001, 0x0001, 0x0001, 0x0001, 0x0001, 0x0001, 0x0001, 0x0001, 0x0001, 0x0001, 0x0001, 0x0001, 0x0001, 0x0001, 0x0001,
  0x0001, 0x0001, 0x0001, 0x0001, 0x0001, 0x0001, 0x0002, 0x0027, 0x0027, 0x006D, 0x00D1, 0x0177, 0x09DC, 0x09DC, 0x0000, 0x0000,
  0x0000, 0x0000, 0x0000, 0x0000, 0x0000, 0x0000, 0x0000, 0x0000, 0x0000, 0x0000, 0x0000, 0x0000, 0x0000, 0x0000, 0x0000, 0x0000,
  0x0000, 0x0000, 0x0000, 0x0000, 0x0000, 0x0000, 0x0000, 0x0000, 0x0000, 0x0000, 0x0000, 0x0000, 0x0000, 0x0000, 0x0000, 0x0000,
  0x0000, 0x0000, 0x0000, 0x0000, 0x0000, 0x0000, 0x0000, 0x0000, 0x0000, 0x0000, 0x0000, 0x0000, 0x0000, 0x0000, 0x0000, 0x0000,
  0x0000, 0x0000, 0x0000, 0x0000, 0x0000, 0x0000, 0x0000, 0x0000, 0x0000, 0x0000, 0x0000, 0x0000, 0x0000, 0x0000, 0x0000, 0x0000,
  0x0000, 0x0000, 0x0000, 0x0000, 0x0000, 0x0000, 0x0000, 0x0000, 0x0000, 0x0000, 0x0000, 0x0000, 0x0000, 0x0000, 0x0000, 0x0000,
  0x0000, 0x0000, 0x0000, 0x0000, 0x0000, 0x0000, 0x0000, 0x0000, 0x0000, 0x0000, 0x0000, 0x0000, 0x0000, 0x0000, 0x0000, 0x0000,
  0x0000, 0x0000, 0x0000, 0x0000, 0x0000, 0x0000, 0x0000, 0x0000, 0x0000, 0x0000, 0x0000, 0x0000, 0x0000, 0x0000, 0x0000, 0x0000,
  0x0000, 0x0000, 0x0000, 0x0000, 0x0000, 0x0000, 0x0000, 0x0000, 0x0000, 0x0000, 0x0000, 0x0000, 0x0000, 0x0000, 0x0000, 0x0000,
  0x0000, 0x09DC, 0x11DA, 0x00D1, 0x006D, 0x0027, 0x0002, 0x0001, 0x0001, 0x0001, 0x0001, 0x0001, 0x0001, 0x0001, 0x0001, 0x0001,
  0x0001, 0x0001, 0x0001, 0x0001, 0x0001, 0x0001, 0x0001, 0x0001, 0x0001, 0x0001, 0x0001, 0x0001, 0x0001, 0x0001, 0x0001, 0x0001,
  0x0001, 0x0001, 0x0001, 0x0001, 0x0001, 0x0001, 0x0001, 0x0001, 0x0060, 0x0001, 0x0001, 0x0001, 0x0001, 0x0001, 0x0001, 0x0800,
  0x0800, 0x0060, 0x1860, 0x0060, 0x1000, 0x0800, 0x0001, 0x0001, 0x0001, 0x0001, 0x0001, 0x0001, 0x0001, 0x0001, 0x0001, 0x0001,
  0x0001, 0x0001, 0x0060, 0x0001, 0x0060, 0x0001, 0x0001, 0x0001, 0x0001, 0x0001, 0x0001, 0x0001, 0x0001, 0x0001, 0x0001, 0x0001,
  0x0001, 0x0001, 0x0001, 0x0001, 0x0001, 0x0001, 0x0001, 0x0001, 0x0001, 0x0001, 0x0001, 0x0001, 0x0001, 0x0001, 0x0001, 0x0001,
  0x0001, 0x0001, 0x0001, 0x0001, 0x0001, 0x0001, 0x0001, 0x0001, 0x0001, 0x0002, 0x0027, 0x006D, 0x00D1, 0x09DC, 0x09DC, 0x0000,
  0x0000, 0x0000, 0x0000, 0x0000, 0x0000, 0x0000, 0x0000, 0x0000, 0x0000, 0x0000, 0x0000, 0x0000, 0x0000, 0x0000, 0x0000, 0x0000,
  0x0000, 0x0000, 0x0000, 0x0000, 0x0000, 0x0000, 0x0000, 0x0000, 0x0000, 0x0000, 0x0000, 0x0000, 0x0000, 0x0000, 0x0000, 0x0000,
  0x0000, 0x0000, 0x0000, 0x0000, 0x0000, 0x0000, 0x0000, 0x0000, 0x0000, 0x0000, 0x0000, 0x0000, 0x0000, 0x0000, 0x0000, 0x0000,
  0x0000, 0x0000, 0x0000, 0x0000, 0x0000, 0x0000, 0x0000, 0x0000, 0x0000, 0x0000, 0x0000, 0x0000, 0x0000, 0x0000, 0x0000, 0x0000,
  0x0000, 0x0000, 0x0000, 0x0000, 0x0000, 0x0000, 0x0000, 0x0000, 0x0000, 0x0000, 0x0000, 0x0000, 0x0000, 0x0000, 0x0000, 0x0000,
  0x0000, 0x0000, 0x0000, 0x0000, 0x0000, 0x0000, 0x0000, 0x0000, 0x0000, 0x0000, 0x0000, 0x0000, 0x0000, 0x0000, 0x0000, 0x0000,
  0x0000, 0x0000, 0x0000, 0x0000, 0x0000, 0x0000, 0x0000, 0x0000, 0x0000, 0x0000, 0x0000, 0x0000, 0x0000, 0x0000, 0x0000, 0x0000,
  0x0000, 0x0000, 0x0000, 0x0000, 0x0000, 0x0000, 0x0000, 0x0000, 0x0000, 0x0000, 0x0000, 0x0000, 0x0000, 0x0000, 0x09DC, 0x09DC,
  0x0177, 0x00D1, 0x006D, 0x004A, 0x0027, 0x0002, 0x0001, 0x0001, 0x0001, 0x0001, 0x0001, 0x0001, 0x0001, 0x0001, 0x0001, 0x0001,
  0x0001, 0x0001, 0x0001, 0x0001, 0x0001, 0x0001, 0x0001, 0x0001, 0x0001, 0x0001, 0x0001, 0x0001, 0x0001, 0x0001, 0x0001, 0x0001,
  0x0001, 0x0001, 0x0001, 0x0800, 0x0800, 0x0800, 0x0001, 0x0001, 0x0001, 0x0001, 0x0001, 0x0800, 0x1000, 0x2020, 0x2020, 0x1000,
  0x3100, 0x3060, 0x3100, 0x3922, 0x7B69, 0x7B69, 0x72A9, 0x5A89, 0x6AC6, 0x5A66, 0x41E7, 0x49C4, 0x28E0, 0x1860, 0x1860, 0x08E1,
  0x2102, 0x2080, 0x0060, 0x0800, 0x0001, 0x0001, 0x0001, 0x0001, 0x0001, 0x0800, 0x0001, 0x0001, 0x0001, 0x0001, 0x0001, 0x0001,
  0x0001, 0x0001, 0x0001, 0x0001, 0x0001, 0x0001, 0x0001, 0x0001, 0x0001, 0x0001, 0x0001, 0x0001, 0x0001, 0x0001, 0x0001, 0x0001,
  0x0001, 0x0001, 0x0001, 0x0001, 0x0001, 0x0001, 0x0001, 0x0001, 0x0001, 0x0001, 0x0002, 0x0004, 0x004A, 0x006D, 0x00D1, 0x0177,
  0x09DC, 0x0000, 0x0000, 0x0000, 0x0000, 0x0000, 0x0000, 0x0000, 0x0000, 0x0000, 0x0000, 0x0000, 0x0000, 0x0000, 0x0000, 0x0000,
  0x0000, 0x0000, 0x0000, 0x0000, 0x0000, 0x0000, 0x0000, 0x0000, 0x0000, 0x0000, 0x0000, 0x0000, 0x0000, 0x0000, 0x0000, 0x0000,
  0x0000, 0x0000, 0x0000, 0x0000, 0x0000, 0x0000, 0x0000, 0x0000, 0x0000, 0x0000, 0x0000, 0x0000, 0x0000, 0x0000, 0x0000, 0x0000,
  0x0000, 0x0000, 0x0000, 0x0000, 0x0000, 0x0000, 0x0000, 0x0000, 0x0000, 0x0000, 0x0000, 0x0000, 0x0000, 0x0000, 0x0000, 0x0000,
  0x0000, 0x0000, 0x0000, 0x0000, 0x0000, 0x0000, 0x0000, 0x0000, 0x0000, 0x0000, 0x0000, 0x0000, 0x0000, 0x0000, 0x0000, 0x0000,
  0x0000, 0x0000, 0x0000, 0x0000, 0x0000, 0x0000, 0x0000, 0x0000, 0x0000, 0x0000, 0x0000, 0x0000, 0x0000, 0x0000, 0x0000, 0x0000,
  0x0000, 0x0000, 0x0000, 0x0000, 0x0000, 0x0000, 0x0000, 0x0000, 0x0000, 0x0000, 0x0000, 0x0000, 0x0000, 0x0000, 0x0000, 0x0000,
  0x0000, 0x0000, 0x0000, 0x0000, 0x0000, 0x0000, 0x0000, 0x0000, 0x0000, 0x0000, 0x0000, 0x0000, 0x0000, 0x0000, 0x11DA, 0x00D1,
  0x006D, 0x0027, 0x0004, 0x0001, 0x0001, 0x0001, 0x0001, 0x0001, 0x0001, 0x0001, 0x0001, 0x0001, 0x0001, 0x0001, 0x0001, 0x0001,
  0x0001, 0x0001, 0x0001, 0x0001, 0x0001, 0x0001, 0x0001, 0x0001, 0x0001, 0x0001, 0x0001, 0x0001, 0x0001, 0x0001, 0x0001, 0x0001,
  0x0001, 0x0001, 0x0001, 0x0001, 0x1000, 0x2020, 0x2020, 0x28E0, 0x49C4, 0x51C3, 0x6AC6, 0x7B69, 0x9BE8, 0x9C2B, 0x9C2B, 0xB46A,
  0xB46A, 0x9BE8, 0x9BE5, 0x9BE8, 0xBCF0, 0xE5D5, 0xFF37, 0xF739, 0xFF18, 0xF6F7, 0xF6F7, 0xEE97, 0xE758, 0xD699, 0xD5F5, 0xBD53,
  0xA593, 0x2102, 0x0800, 0x5B2B, 0xA4AF, 0x41E7, 0x31A7, 0x2124, 0x1860, 0x0001, 0x2080, 0x0001, 0x0060, 0x0001, 0x0001, 0x0001,
  0x0001, 0x0001, 0x0001, 0x0001, 0x0001, 0x0001, 0x0001, 0x0001, 0x0001, 0x0001, 0x0001, 0x0001, 0x0001, 0x0001, 0x0001, 0x0001,
  0x0001, 0x0001, 0x0001, 0x0001, 0x0001, 0x0001, 0x0001, 0x0001, 0x0001, 0x0001, 0x0001, 0x0001, 0x0001, 0x0002, 0x0027, 0x004A,
  0x00D1, 0x09DC, 0x0000, 0x0000, 0x0000, 0x0000, 0x0000, 0x0000, 0x0000, 0x0000, 0x0000, 0x0000, 0x0000, 0x0000, 0x0000, 0x0000,
  0x0000, 0x0000, 0x0000, 0x0000, 0x0000, 0x0000, 0x0000, 0x0000, 0x0000, 0x0000, 0x0000, 0x0000, 0x0000, 0x0000, 0x0000, 0x0000,
  0x0000, 0x0000, 0x0000, 0x0000, 0x0000, 0x0000, 0x0000, 0x0000, 0x0000, 0x0000, 0x0000, 0x0000, 0x0000, 0x0000, 0x0000, 0x0000,
  0x0000, 0x0000, 0x0000, 0x0000, 0x0000, 0x0000, 0x0000, 0x0000, 0x0000, 0x0000, 0x0000, 0x0000, 0x0000, 0x0000, 0x0000, 0x0000,
  0x0000, 0x0000, 0x0000, 0x0000, 0x0000, 0x0000, 0x0000, 0x0000, 0x0000, 0x0000, 0x0000, 0x0000, 0x0000, 0x0000, 0x0000, 0x0000,
  0x0000, 0x0000, 0x0000, 0x0000, 0x0000, 0x0000, 0x0000, 0x0000, 0x0000, 0x0000, 0x0000, 0x0000, 0x0000, 0x0000, 0x0000, 0x0000,
  0x0000, 0x0000, 0x0000, 0x0000, 0x0000, 0x0000, 0x0000, 0x0000, 0x0000, 0x0000, 0x0000, 0x0000, 0x0000, 0x0000, 0x0000, 0x0000,
  0x0000, 0x0000, 0x0000, 0x0000, 0x0000, 0x0000, 0x0000, 0x0000, 0x0000, 0x0000, 0x0000, 0x09DC, 0x11DA, 0x00D1, 0x006D, 0x004A,
  0x0027, 0x0002, 0x0001, 0x0001, 0x0001, 0x0001, 0x0001, 0x0001, 0x0001, 0x0001, 0x0001, 0x0001, 0x0001, 0x0001, 0x0001, 0x0001,
  0x0001, 0x0001, 0x0001, 0x0001, 0x0001, 0x0001, 0x0001, 0x0001, 0x0001, 0x0001, 0x0001, 0x0001, 0x0001, 0x0001, 0x0001, 0x0001,
  0x0800, 0x1860, 0x28E0, 0x49C4, 0x5223, 0x5A43, 0x7B69, 0x9BE8, 0xB46A, 0xB46A, 0xB46A, 0xB46A, 0xCC6B, 0xCC69, 0xCCEB, 0xD54B,
  0xCCE9, 0xDD2A, 0xCC87, 0xB427, 0xB386, 0xB46A, 0xCD6E, 0xFED5, 0xFF37, 0xFF16, 0xFF37, 0xFF79, 0xFF79, 0xFF18, 0xEF38, 0xF738,
  0xD5F5, 0x3922, 0x1860, 0xBD53, 0x8C4E, 0x2124, 0x31A7, 0x5A89, 0x2124, 0x0060, 0x7C4E, 0x41E7, 0x1860, 0x0001, 0x1860, 0x0001,
  0x0001, 0x0001, 0x0001, 0x0001, 0x0001, 0x0001, 0x0001, 0x0001, 0x0001, 0x0001, 0x0001, 0x0001, 0x0001, 0x0001, 0x0001, 0x0001,
  0x0001, 0x0001, 0x0001, 0x0001, 0x0001, 0x0001, 0x0001, 0x0001, 0x0001, 0x0001, 0x0001, 0x0001, 0x0001, 0x0001, 0x0002, 0x0027,
  0x004A, 0x006D, 0x00D1, 0x09DC, 0x09DC, 0x0000, 0x0000, 0x0000, 0x0000, 0x0000, 0x0000, 0x0000, 0x0000, 0x0000, 0x0000, 0x0000,
  0x0000, 0x0000, 0x0000, 0x0000, 0x0000, 0x0000, 0x0000, 0x0000, 0x0000, 0x0000, 0x0000, 0x0000, 0x0000, 0x0000, 0x0000, 0x0000,
  0x0000, 0x0000, 0x0000, 0x0000, 0x0000, 0x0000, 0x0000, 0x0000, 0x0000, 0x0000, 0x0000, 0x0000, 0x0000, 0x0000, 0x0000, 0x0000,
  0x0000, 0x0000, 0x0000, 0x0000, 0x0000, 0x0000, 0x0000, 0x0000, 0x0000, 0x0000, 0x0000, 0x0000, 0x0000, 0x0000, 0x0000, 0x0000,
  0x0000, 0x0000, 0x0000, 0x0000, 0x0000, 0x0000, 0x0000, 0x0000, 0x0000, 0x0000, 0x0000, 0x0000, 0x0000, 0x0000, 0x0000, 0x0000,
  0x0000, 0x0000, 0x0000, 0x0000, 0x0000, 0x0000, 0x0000, 0x0000, 0x0000, 0x0000, 0x0000, 0x0000, 0x0000, 0x0000, 0x0000, 0x0000,
  0x0000, 0x0000, 0x0000, 0x0000, 0x0000, 0x0000, 0x0000, 0x0000, 0x0000, 0x0000, 0x0000, 0x0000, 0x0000, 0x0000, 0x0000, 0x0000,
  0x0000, 0x0000, 0x0000, 0x0000, 0x0000, 0x0000, 0x0000, 0x0000, 0x0000, 0x0000, 0x09DC, 0x0177, 0x00D1, 0x004A, 0x0004, 0x0002,
  0x0001, 0x0001, 0x0001, 0x0001, 0x0001, 0x0001, 0x0001, 0x0001, 0x0001, 0x0001, 0x0001, 0x0001, 0x0001, 0x0001, 0x0001, 0x0001,
  0x0001, 0x0001, 0x0001, 0x0001, 0x0001, 0x0001, 0x0001, 0x0001, 0x0001, 0x0001, 0x0001, 0x0001, 0x0001, 0x0800, 0x3922, 0x5A89,
  0x62E6, 0x62E6, 0x62E6, 0x7B06, 0x9346, 0x7B06, 0xA363, 0x9BE5, 0xCC69, 0xB427, 0xB427, 0xCC87, 0xCC87, 0xBC25, 0xC404, 0xCC87,
  0xD4E7, 0xD485, 0xCC65, 0xD485, 0xB427, 0xAB43, 0xB386, 0xCC6B, 0xE631, 0xF692, 0xF6B3, 0xF6B3, 0xFED4, 0xFF15, 0xEEF6, 0xFF37,
  0xDE75, 0xCD71, 0x62E6, 0x840B, 0x0001, 0x2080, 0x8C4E, 0x5A89, 0x0001, 0x31A7, 0xD699, 0x734C, 0x0800, 0x2102, 0x42A8, 0x8C4E,
  0x2102, 0x2124, 0x0800, 0x0800, 0x0001, 0x0001, 0x0001, 0x0001, 0x0001, 0x0001, 0x0001, 0x0001, 0x0001, 0x0001, 0x0001, 0x0001,
  0x0001, 0x0001, 0x0001, 0x0001, 0x0001, 0x0001, 0x0001, 0x0001, 0x0001, 0x0001, 0x0001, 0x0001, 0x0001, 0x0001, 0x0800, 0x0001,
  0x0002, 0x0004, 0x004A, 0x00D1, 0x0177, 0x09DC, 0x0000, 0x0000, 0x0000, 0x0000, 0x0000, 0x0000, 0x0000, 0x0000, 0x0000, 0x0000,
  0x0000, 0x0000, 0x0000, 0x0000, 0x0000, 0x0000, 0x0000, 0x0000, 0x0000, 0x0000, 0x0000, 0x0000, 0x0000, 0x0000, 0x0000, 0x0000,
  0x0000, 0x0000, 0x0000, 0x0000, 0x0000, 0x0000, 0x0000, 0x0000, 0x0000, 0x0000, 0x0000, 0x0000, 0x0000, 0x0000, 0x0000, 0x0000,
  0x0000, 0x0000, 0x0000, 0x0000, 0x0000, 0x0000, 0x0000, 0x0000, 0x0000, 0x0000, 0x0000, 0x0000, 0x0000, 0x0000, 0x0000, 0x0000,
  0x0000, 0x0000, 0x0000, 0x0000, 0x0000, 0x0000, 0x0000, 0x0000, 0x0000, 0x0000, 0x0000, 0x0000, 0x0000, 0x0000, 0x0000, 0x0000,
  0x0000, 0x0000, 0x0000, 0x0000, 0x0000, 0x0000, 0x0000, 0x0000, 0x0000, 0x0000, 0x0000, 0x0000, 0x0000, 0x0000, 0x0000, 0x0000,
  0x0000, 0x0000, 0x0000, 0x0000, 0x0000, 0x0000, 0x0000, 0x0000, 0x0000, 0x0000, 0x0000, 0x0000, 0x0000, 0x0000, 0x0000, 0x0000,
  0x0000, 0x0000, 0x0000, 0x0000, 0x0000, 0x0000, 0x0000, 0x0000, 0x11DA, 0x0177, 0x00D1, 0x004A, 0x0027, 0x0004, 0x0002, 0x0001,
  0x0001, 0x0001, 0x0001, 0x0001, 0x0001, 0x0001, 0x0001, 0x0001, 0x0001, 0x0001, 0x0001, 0x0001, 0x0001, 0x0001, 0x0001, 0x0001,
  0x0001, 0x0001, 0x0001, 0x0001, 0x0001, 0x0001, 0x0800, 0x0001, 0x1860, 0x28E0, 0x2102, 0x4A24, 0x51E5, 0x5A66, 0x7B69, 0x7B69,
  0x9346, 0x7B06, 0x9B87, 0x9B65, 0x9303, 0xA363, 0xA323, 0xA363, 0xB383, 0xB3E5, 0xCC87, 0xCC87, 0xCC87, 0xCC65, 0xCC87, 0xCC87,
  0xD485, 0xCC87, 0xCC65, 0xCC65, 0xCC65, 0xCC69, 0xB427, 0xA323, 0xB386, 0xB46A, 0xEE10, 0xF6B3, 0xFED4, 0xEE93, 0xFED5, 0xE676,
  0xFED5, 0xEEF6, 0xD5F5, 0xBCF0, 0x28E0, 0x2102, 0x8C4E, 0x31A7, 0x1860, 0xA4AF, 0xBDD7, 0x31A7, 0x1860, 0x5A89, 0xBCD1, 0x7C4E,
  0x5A89, 0x94AE, 0xEE97, 0xBDF3, 0x8C4E, 0x41E7, 0x28E0, 0x0001, 0x0001, 0x0001, 0x0001, 0x0001, 0x0001, 0x0001, 0x0001, 0x0001,
  0x0001, 0x0001, 0x0001, 0x0001, 0x0001, 0x0001, 0x0001, 0x0001, 0x0001, 0x0001, 0x0001, 0x0001, 0x0001, 0x0001, 0x0001, 0x0001,
  0x0001, 0x0002, 0x0004, 0x0027, 0x004A, 0x00D1, 0x0177, 0x09DC, 0x0000, 0x0000, 0x0000, 0x0000, 0x0000, 0x0000, 0x0000, 0x0000,
  0x0000, 0x0000, 0x0000, 0x0000, 0x0000, 0x0000, 0x0000, 0x0000, 0x0000, 0x0000, 0x0000, 0x0000, 0x0000, 0x0000, 0x0000, 0x0000,
  0x0000, 0x0000, 0x0000, 0x0000, 0x0000, 0x0000, 0x0000, 0x0000, 0x0000, 0x0000, 0x0000, 0x0000, 0x0000, 0x0000, 0x0000, 0x0000,
  0x0000, 0x0000, 0x0000, 0x0000, 0x0000, 0x0000, 0x0000, 0x0000, 0x0000, 0x0000, 0x0000, 0x0000, 0x0000, 0x0000, 0x0000, 0x0000,
  0x0000, 0x0000, 0x0000, 0x0000, 0x0000, 0x0000, 0x0000, 0x0000, 0x0000, 0x0000, 0x0000, 0x0000, 0x0000, 0x0000, 0x0000, 0x0000,
  0x0000, 0x0000, 0x0000, 0x0000, 0x0000, 0x0000, 0x0000, 0x0000, 0x0000, 0x0000, 0x0000, 0x0000, 0x0000, 0x0000, 0x0000, 0x0000,
  0x0000, 0x0000, 0x0000, 0x0000, 0x0000, 0x0000, 0x0000, 0x0000, 0x0000, 0x0000, 0x0000, 0x0000, 0x0000, 0x0000, 0x0000, 0x0000,
  0x0000, 0x0000, 0x0000, 0x0000, 0x0000, 0x0000, 0x0000, 0x09DC, 0x00D1, 0x004A, 0x0004, 0x0002, 0x0001, 0x0001, 0x0001, 0x0001,
  0x0001, 0x0001, 0x0001, 0x0001, 0x0001, 0x0001, 0x0001, 0x0001, 0x0001, 0x0001, 0x0001, 0x0001, 0x0001, 0x0001, 0x0001, 0x0001,
  0x0001, 0x0001, 0x0001, 0x0001, 0x0001, 0x0001, 0x0800, 0x2020, 0x62E6, 0x72A9, 0x7349, 0x9BE8, 0x7B69, 0x9346, 0x9B87, 0x9B65,
  0x9B65, 0xA323, 0xA323, 0xA323, 0xA323, 0xA323, 0xA302, 0xA301, 0xA302, 0xAB43, 0xB383, 0xD444, 0xCC87, 0xCC87, 0xCC87, 0xDD08,
  0xCC87, 0xCC87, 0xCC65, 0xCC65, 0xCC65, 0xCC87, 0xDD08, 0xB427, 0xB3E5, 0x9303, 0xB427, 0xCD6E, 0xF692, 0xFF16, 0xFED4, 0xFED5,
  0xFF16, 0xFF16, 0xF6F7, 0xEE97, 0xBCD1, 0x734C, 0x2124, 0x0001, 0x6308, 0xD699, 0x734C, 0x0001, 0x3944, 0xBDD7, 0xA593, 0x28E0,
  0x28E0, 0x94AE, 0xE758, 0xF739, 0xE758, 0xE758, 0xBDD7, 0x9570, 0x5A89, 0x2124, 0x0001, 0x0001, 0x0001, 0x0001, 0x0001, 0x0001,
  0x0001, 0x0001, 0x0001, 0x0001, 0x0001, 0x0001, 0x0001, 0x0001, 0x0001, 0x0001, 0x0001, 0x0001, 0x0001, 0x0001, 0x0001, 0x0001,
  0x0001, 0x0001, 0x0001, 0x0001, 0x0002, 0x0004, 0x006D, 0x00D1, 0x09DC, 0x0000, 0x0000, 0x0000, 0x0000, 0x0000, 0x0000, 0x0000,
  0x0000, 0x0000, 0x0000, 0x0000, 0x0000, 0x0000, 0x0000, 0x0000, 0x0000, 0x0000, 0x0000, 0x0000, 0x0000, 0x0000, 0x0000, 0x0000,
  0x0000, 0x0000, 0x0000, 0x0000, 0x0000, 0x0000, 0x0000, 0x0000, 0x0000, 0x0000, 0x0000, 0x0000, 0x0000, 0x0000, 0x0000, 0x0000,
  0x0000, 0x0000, 0x0000, 0x0000, 0x0000, 0x0000, 0x0000, 0x0000, 0x0000, 0x0000, 0x0000, 0x0000, 0x0000, 0x0000, 0x0000, 0x0000,
  0x0000, 0x0000, 0x0000, 0x0000, 0x0000, 0x0000, 0x0000, 0x0000, 0x0000, 0x0000, 0x0000, 0x0000, 0x0000, 0x0000, 0x0000, 0x0000,
  0x0000, 0x0000, 0x0000, 0x0000, 0x0000, 0x0000, 0x0000, 0x0000, 0x0000, 0x0000, 0x0000, 0x0000, 0x0000, 0x0000, 0x0000, 0x0000,
  0x0000, 0x0000, 0x0000, 0x0000, 0x0000, 0x0000, 0x0000, 0x0000, 0x0000, 0x0000, 0x0000, 0x0000, 0x0000, 0x0000, 0x0000, 0x0000,
  0x0000, 0x0000, 0x0000, 0x0000, 0x09DC, 0x09DC, 0x0177, 0x00D1, 0x0027, 0x0004, 0x0001, 0x0001, 0x0001, 0x0001, 0x0001, 0x0001,
  0x0001, 0x0001, 0x0001, 0x0001, 0x0001, 0x0001, 0x0001, 0x0001, 0x0001, 0x0001, 0x0001, 0x0001, 0x0001, 0x0001, 0x0001, 0x0001,
  0x0001, 0x0001, 0x0001, 0x1860, 0x49C4, 0x51E5, 0x6AC6, 0x7349, 0x9346, 0x7B06, 0x9346, 0x9346, 0xA363, 0xA323, 0xA323, 0xA323,
  0xA323, 0xA302, 0xA323, 0xA302, 0xA302, 0xAB42, 0xA302, 0xA302, 0xA302, 0xAB42, 0xAB42, 0xAB43, 0xB383, 0xCC65, 0xCC87, 0xBC25,
  0xBC25, 0xCC87, 0xD4E7, 0xCC65, 0xCC65, 0xCC87, 0xD4E7, 0xCC87, 0xCC87, 0xBC25, 0x9B65, 0x9B65, 0xB427, 0xE631, 0xF6B3, 0xFF16,
  0xFED4, 0xE676, 0xFF16, 0xF6F7, 0xF738, 0xF6F7, 0xA4AF, 0x5A89, 0xD5F5, 0xBD53, 0x2080, 0x2124, 0xA550, 0xD699, 0x5A89, 0x0001,
  0x5A66, 0xBDF3, 0xB4EB, 0x840B, 0xD5F4, 0xEE97, 0xE758, 0xF739, 0xF739, 0xBDD7, 0x94AE, 0x5A89, 0x2102, 0x1860, 0x0800, 0x0001,
  0x0001, 0x0001, 0x0001, 0x0001, 0x0001, 0x0001, 0x0001, 0x0001, 0x0001, 0x0001, 0x0001, 0x0001, 0x0001, 0x0001, 0x0001, 0x0001,
  0x0001, 0x0001, 0x0001, 0x0001, 0x0001, 0x0002, 0x0004, 0x004A, 0x006D, 0x0177, 0x09DC, 0x0000, 0x0000, 0x0000, 0x0000, 0x0000,
  0x0000, 0x0000, 0x0000, 0x0000, 0x0000, 0x0000, 0x0000, 0x0000, 0x0000, 0x0000, 0x0000, 0x0000, 0x0000, 0x0000, 0x0000, 0x0000,
  0x0000, 0x0000, 0x0000, 0x0000, 0x0000, 0x0000, 0x0000, 0x0000, 0x0000, 0x0000, 0x0000, 0x0000, 0x0000, 0x0000, 0x0000, 0x0000,
  0x0000, 0x0000, 0x0000, 0x0000, 0x0000, 0x0000, 0x0000, 0x0000, 0x0000, 0x0000, 0x0000, 0x0000, 0x0000, 0x0000, 0x0000, 0x0000,
  0x0000, 0x0000, 0x0000, 0x0000, 0x0000, 0x0000, 0x0000, 0x0000, 0x0000, 0x0000, 0x0000, 0x0000, 0x0000, 0x0000, 0x0000, 0x0000,
  0x0000, 0x0000, 0x0000, 0x0000, 0x0000, 0x0000, 0x0000, 0x0000, 0x0000, 0x0000, 0x0000, 0x0000, 0x0000, 0x0000, 0x0000, 0x0000,
  0x0000, 0x0000, 0x0000, 0x0000, 0x0000, 0x0000, 0x0000, 0x0000, 0x0000, 0x0000, 0x0000, 0x0000, 0x0000, 0x0000, 0x0000, 0x0000,
  0x0000, 0x0000, 0x0000, 0x0000, 0x11DA, 0x00D1, 0x004A, 0x0002, 0x0001, 0x0001, 0x0001, 0x0001, 0x0001, 0x0001, 0x0001, 0x0001,
  0x0001, 0x0001, 0x0001, 0x0001, 0x0001, 0x0001, 0x0001, 0x0001, 0x0001, 0x0001, 0x0060, 0x0060, 0x0002, 0x0001, 0x0001, 0x0800,
  0x2020, 0x3944, 0x5A43, 0x6AC6, 0x840B, 0x9BE8, 0x9346, 0x9346, 0x9303, 0xA363, 0xB383, 0xAB42, 0xAB43, 0xA302, 0xA302, 0xA302,
  0xA302, 0xA302, 0xA302, 0xA302, 0xA302, 0xA302, 0xA302, 0xA302, 0xA302, 0xAB42, 0xAB42, 0xAB42, 0xAB43, 0xB383, 0xCC65, 0xCC87,
  0xCC87, 0xDCE6, 0xCC87, 0xD485, 0xCC87, 0xD4E7, 0xCCE9, 0xCC87, 0xD4E7, 0xCCE9, 0xB427, 0xB427, 0x9B65, 0x9B65, 0xCD6E, 0xFED4,
  0xFED4, 0xFF14, 0xFF15, 0xFED5, 0xFF16, 0xFF18, 0xF738, 0xF6F7, 0xD699, 0x840B, 0x0001, 0x5A89, 0xD699, 0x8C4E, 0x0001, 0x29C4,
  0x94AE, 0x840B, 0x1000, 0x4120, 0x49C4, 0x936B, 0xDE75, 0xF739, 0xF6F7, 0xF739, 0xF739, 0xE676, 0xBD53, 0x6308, 0x3944, 0x2102,
  0x0001, 0x0001, 0x0001, 0x0800, 0x0001, 0x0001, 0x0001, 0x0001, 0x0001, 0x0001, 0x0001, 0x0001, 0x0001, 0x0001, 0x0001, 0x0001,
  0x0001, 0x0001, 0x0001, 0x0001, 0x0001, 0x0800, 0x0001, 0x0001, 0x0027, 0x004A, 0x00D1, 0x11DA, 0x0000, 0x0000, 0x0000, 0x0000,
  0x0000, 0x0000, 0x0000, 0x0000, 0x0000, 0x0000, 0x0000, 0x0000, 0x0000, 0x0000, 0x0000, 0x0000, 0x0000, 0x0000, 0x0000, 0x0000,
  0x0000, 0x0000, 0x0000, 0x0000, 0x0000, 0x0000, 0x0000, 0x0000, 0x0000, 0x0000, 0x0000, 0x0000, 0x0000, 0x0000, 0x0000, 0x0000,
  0x0000, 0x0000, 0x0000, 0x0000, 0x0000, 0x0000, 0x0000, 0x0000, 0x0000, 0x0000, 0x0000, 0x0000, 0x0000, 0x0000, 0x0000, 0x0000,
  0x0000, 0x0000, 0x0000, 0x0000, 0x0000, 0x0000, 0x0000, 0x0000, 0x0000, 0x0000, 0x0000, 0x0000, 0x0000, 0x0000, 0x0000, 0x0000,
  0x0000, 0x0000, 0x0000, 0x0000, 0x0000, 0x0000, 0x0000, 0x0000, 0x0000, 0x0000, 0x0000, 0x0000, 0x0000, 0x0000, 0x0000, 0x0000,
  0x0000, 0x0000, 0x0000, 0x0000, 0x0000, 0x0000, 0x0000, 0x0000, 0x0000, 0x0000, 0x0000, 0x0000, 0x0000, 0x0000, 0x0000, 0x0000,
  0x0000, 0x09DC, 0x09DC, 0x0177, 0x006D, 0x0027, 0x0004, 0x0002, 0x0001, 0x0001, 0x0001, 0x0001, 0x0001, 0x0001, 0x0001, 0x0001,
  0x0001, 0x0001, 0x0001, 0x0001, 0x0001, 0x0001, 0x0001, 0x0001, 0x1860, 0x0001, 0x0001, 0x0001, 0x0001, 0x0800, 0x3944, 0x734C,
  0x9C2E, 0x9C2B, 0x9C2B, 0x9BE8, 0x9BE5, 0x9303, 0xA363, 0x8B02, 0x9AE1, 0xAB42, 0xB383, 0xA302, 0xA302, 0xA302, 0xA302, 0xA302,
  0xA302, 0xA302, 0xA302, 0xA302, 0xA302, 0xA302, 0xA302, 0xA302, 0xA302, 0xA302, 0xA301, 0xAB42, 0xAB42, 0xAB42, 0xB383, 0xB386,
  0xC404, 0xCC65, 0xCC87, 0xD485, 0xDD08, 0xDCE6, 0xCCE9, 0xD4E7, 0xCC87, 0xCC87, 0xCC87, 0xCC87, 0xB427, 0x9BE5, 0x9B65, 0xCC87,
  0xD54B, 0xF692, 0xFF14, 0xFED5, 0xFED5, 0xFED5, 0xE676, 0xF737, 0xF737, 0xD5F5, 0x5223, 0x5A66, 0xBD53, 0x29C4, 0x0800, 0x840B,
  0x9C2E, 0x1000, 0x1000, 0xBCF0, 0x72A9, 0x2020, 0xA4AF, 0xF739, 0xEEF6, 0xF739, 0xF6F7, 0xF6F7, 0xF739, 0xF77D, 0xF6F7, 0xA4AF,
  0x8C4E, 0x3922, 0x0800, 0x0001, 0x0001, 0x0001, 0x0001, 0x0001, 0x0001, 0x0001, 0x0001, 0x0001, 0x0001, 0x0001, 0x0001, 0x0001,
  0x0001, 0x0001, 0x0001, 0x0001, 0x0001, 0x0001, 0x0001, 0x0001, 0x0002, 0x0004, 0x004A, 0x006D, 0x0177, 0x11DA, 0x09DC, 0x0000,
  0x0000, 0x0000, 0x0000, 0x0000, 0x0000, 0x0000, 0x0000, 0x0000, 0x0000, 0x0000, 0x0000, 0x0000, 0x0000, 0x0000, 0x0000, 0x0000,
  0x0000, 0x0000, 0x0000, 0x0000, 0x0000, 0x0000, 0x0000, 0x0000, 0x0000, 0x0000, 0x0000, 0x0000, 0x0000, 0x0000, 0x0000, 0x0000,
  0x0000, 0x0000, 0x0000, 0x0000, 0x0000, 0x0000, 0x0000, 0x0000, 0x0000, 0x0000, 0x0000, 0x0000, 0x0000, 0x0000, 0x0000, 0x0000,
  0x0000, 0x0000, 0x0000, 0x0000, 0x0000, 0x0000, 0x0000, 0x0000, 0x0000, 0x0000, 0x0000, 0x0000, 0x0000, 0x0000, 0x0000, 0x0000,
  0x0000, 0x0000, 0x0000, 0x0000, 0x0000, 0x0000, 0x0000, 0x0000, 0x0000, 0x0000, 0x0000, 0x0000, 0x0000, 0x0000, 0x0000, 0x0000,
  0x0000, 0x0000, 0x0000, 0x0000, 0x0000, 0x0000, 0x0000, 0x0000, 0x0000, 0x0000, 0x0000, 0x0000, 0x0000, 0x0000, 0x0000, 0x0000,
  0x0000, 0x11DA, 0x00D1, 0x004A, 0x0004, 0x0002, 0x0001, 0x0001, 0x0001, 0x0001, 0x0001, 0x0001, 0x0001, 0x0001, 0x0001, 0x0001,
  0x0001, 0x0001, 0x0001, 0x0001, 0x0001, 0x0001, 0x0001, 0x0001, 0x0001, 0x0001, 0x0800, 0x0001, 0x7349, 0xBD53, 0xEE97, 0xFF79,
  0xD5F4, 0xB4EB, 0xB427, 0x9BE5, 0xB3E5, 0xB3E5, 0xB383, 0xA3E2, 0xC404, 0xB383, 0xA302, 0xAB21, 0xAB42, 0xAB42, 0xAB42, 0xAB42,
  0xA302, 0xA302, 0xA302, 0xA302, 0xA302, 0xA302, 0xAB43, 0xA302, 0xAB43, 0xA302, 0xA302, 0xA301, 0xA301, 0xA301, 0xAAE0, 0xAB42,
  0xAB43, 0xB382, 0xCC65, 0xCC87, 0xCC87, 0xDCE6, 0xE528, 0xCC87, 0xD4E7, 0xCC87, 0xCC87, 0xD4E7, 0xDD08, 0xCC87, 0xB427, 0xB3E5,
  0xBC25, 0xB427, 0xDD8D, 0xFEF2, 0xFF15, 0xFF15, 0xF6B3, 0xF6B3, 0xEEF6, 0xFF37, 0xDE75, 0xBDF3, 0x840B, 0x0800, 0x4A24, 0xBD53,
  0x49C4, 0x1000, 0x936B, 0xE5D5, 0x41A1, 0x2020, 0xCD71, 0xCDF1, 0x7B06, 0xDE75, 0xFF79, 0xFF37, 0xFED9, 0xFF18, 0xF739, 0xF739,
  0xFED9, 0xE676, 0x9C2E, 0x3060, 0x1000, 0x0800, 0x0001, 0x0800, 0x0800, 0x0001, 0x0001, 0x0001, 0x0001, 0x0001, 0x0001, 0x0001,
  0x0001, 0x0001, 0x0001, 0x0001, 0x0001, 0x0001, 0x0001, 0x0001, 0x0001, 0x0001, 0x0001, 0x0004, 0x006D, 0x00D1, 0x09DC, 0x0000,
  0x0000, 0x0000, 0x0000, 0x0000, 0x0000, 0x0000, 0x0000, 0x0000, 0x0000, 0x0000, 0x0000, 0x0000, 0x0000, 0x0000, 0x0000, 0x0000,
  0x0000, 0x0000, 0x0000, 0x0000, 0x0000, 0x0000, 0x0000, 0x0000, 0x0000, 0x0000, 0x0000, 0x0000, 0x0000, 0x0000, 0x0000, 0x0000,
  0x0000, 0x0000, 0x0000, 0x0000, 0x0000, 0x0000, 0x0000, 0x0000, 0x0000, 0x0000, 0x0000, 0x0000, 0x0000, 0x0000, 0x0000, 0x0000,
  0x0000, 0x0000, 0x0000, 0x0000, 0x0000, 0x0000, 0x0000, 0x0000, 0x0000, 0x0000, 0x0000, 0x0000, 0x0000, 0x0000, 0x0000, 0x0000,
  0x0000, 0x0000, 0x0000, 0x0000, 0x0000, 0x0000, 0x0000, 0x0000, 0x0000, 0x0000, 0x0000, 0x0000, 0x0000, 0x0000, 0x0000, 0x0000,
  0x0000, 0x0000, 0x0000, 0x0000, 0x0000, 0x0000, 0x0000, 0x0000, 0x0000, 0x0000, 0x0000, 0x0000, 0x0000, 0x0000, 0x0000, 0x09DC,
  0x0177, 0x006D, 0x004A, 0x0004, 0x0002, 0x0001, 0x0001, 0x0001, 0x0001, 0x0001, 0x0001, 0x0001, 0x0001, 0x0001, 0x0001, 0x0001,
  0x0001, 0x0001, 0x0001, 0x0001, 0x0001, 0x0001, 0x0800, 0x0800, 0x0800, 0x1860, 0x5A66, 0xBCF0, 0xD5F4, 0xFF18, 0xFF18, 0xFF37,
  0xF6B3, 0xE631, 0xCCEB, 0xCCE9, 0xB427, 0xBC25, 0xCC65, 0xBC25, 0xCC65, 0xC404, 0xA302, 0xA301, 0xAB42, 0xAB42, 0xA302, 0xA302,
  0xA302, 0xA302, 0xA302, 0xA302, 0xA302, 0xA323, 0xA302, 0xA323, 0xA302, 0xA302, 0xA302, 0xA302, 0xA301, 0xA302, 0xA302, 0xA301,
  0xAB42, 0xAB43, 0xAB43, 0xC404, 0xCC65, 0xCC87, 0xDCE6, 0xCC87, 0xCC87, 0xE528, 0xCC87, 0xCCE9, 0xE528, 0xDD08, 0xDD2A, 0xDD2A,
  0xCC69, 0xBC25, 0xB427, 0xD54B, 0xFEF2, 0xFF15, 0xFED5, 0xFED5, 0xFF16, 0xFED5, 0xFF37, 0xFF79, 0xDE75, 0x9C2E, 0xBCF0, 0xA4AF,
  0x0001, 0x51C3, 0xEEF6, 0x7B69, 0x0001, 0x49C4, 0xCD71, 0x4A24, 0x1000, 0x5A66, 0x9C2B, 0xE676, 0xEEF6, 0xFED9, 0xEE97, 0xEE97,
  0xEE97, 0xF739, 0xCDF1, 0x7B69, 0x7B06, 0x3922, 0x1000, 0x0800, 0x0800, 0x0800, 0x0001, 0x0001, 0x0001, 0x0001, 0x0001, 0x0001,
  0x0001, 0x0001, 0x0001, 0x0001, 0x0001, 0x0001, 0x0001, 0x0001, 0x0001, 0x0001, 0x0001, 0x0002, 0x0004, 0x004A, 0x006D, 0x0177,
  0x09DC, 0x0000, 0x0000, 0x0000, 0x0000, 0x0000, 0x0000, 0x0000, 0x0000, 0x0000, 0x0000, 0x0000, 0x0000, 0x0000, 0x0000, 0x0000,
  0x0000, 0x0000, 0x0000, 0x0000, 0x0000, 0x0000, 0x0000, 0x0000, 0x0000, 0x0000, 0x0000, 0x0000, 0x0000, 0x0000, 0x0000, 0x0000,
  0x0000, 0x0000, 0x0000, 0x0000, 0x0000, 0x0000, 0x0000, 0x0000, 0x0000, 0x0000, 0x0000, 0x0000, 0x0000, 0x0000, 0x0000, 0x0000,
  0x0000, 0x0000, 0x0000, 0x0000, 0x0000, 0x0000, 0x0000, 0x0000, 0x0000, 0x0000, 0x0000, 0x0000, 0x0000, 0x0000, 0x0000, 0x0000,
  0x0000, 0x0000, 0x0000, 0x0000, 0x0000, 0x0000, 0x0000, 0x0000, 0x0000, 0x0000, 0x0000, 0x0000, 0x0000, 0x0000, 0x0000, 0x0000,
  0x0000, 0x0000, 0x0000, 0x0000, 0x0000, 0x0000, 0x0000, 0x0000, 0x0000, 0x0000, 0x0000, 0x0000, 0x0000, 0x0000, 0x09DC, 0x0177,
  0x004A, 0x0004, 0x0002, 0x0001, 0x0001, 0x0001, 0x0800, 0x0001, 0x0001, 0x0001, 0x0001, 0x0001, 0x0001, 0x0001, 0x0001, 0x0001,
  0x0001, 0x0001, 0x0001, 0x0001, 0x0001, 0x0800, 0x0800, 0x2020, 0x72A9, 0xBCF0, 0xEE93, 0xFED4, 0xE631, 0xFF16, 0xFF16, 0xFF16,
  0xFED5, 0xFED4, 0xEE71, 0xE5EE, 0xCCE9, 0xCC87, 0xCCE9, 0xCC87, 0xCC87, 0xCC87, 0xC404, 0xAB43, 0xAB43, 0xAB43, 0xA302, 0xAB43,
  0xA302, 0xA302, 0xAB43, 0xA302, 0xA323, 0xA302, 0xA323, 0xA302, 0xA302, 0xA323, 0xA302, 0xA302, 0xA302, 0xA302, 0xA302, 0xA302,
  0xA302, 0xAB43, 0xAB42, 0xB382, 0xC404, 0xBC25, 0xD485, 0xDCE6, 0xCC87, 0xCC87, 0xD485, 0xCCE9, 0xD4E7, 0xE528, 0xDD08, 0xDD2A,
  0xDD08, 0xCCE9, 0xBC25, 0xB386, 0xB46A, 0xE5EE, 0xF6B3, 0xFED4, 0xF6B3, 0xFF15, 0xF6B3, 0xFED4, 0xFF37, 0xFF18, 0xF6F7, 0xA4AF,
  0x4120, 0x51C3, 0x7B69, 0x1000, 0x1860, 0xA4AF, 0x840B, 0x0001, 0x28E0, 0x6308, 0x2080, 0x6AC6, 0xE676, 0xFF79, 0xEEF6, 0xFED9,
  0xFF16, 0xFED5, 0xB46A, 0xB46A, 0xCC6B, 0x9C2B, 0x6AC6, 0x2020, 0x0001, 0x0001, 0x0001, 0x0001, 0x0001, 0x0001, 0x0001, 0x0001,
  0x0001, 0x0001, 0x0001, 0x0001, 0x0001, 0x0001, 0x0001, 0x0001, 0x0001, 0x0001, 0x0001, 0x0001, 0x0001, 0x0002, 0x0027, 0x006D,
  0x0177, 0x09DC, 0x0000, 0x0000, 0x0000, 0x0000, 0x0000, 0x0000, 0x0000, 0x0000, 0x0000, 0x0000, 0x0000, 0x0000, 0x0000, 0x0000,
  0x0000, 0x0000, 0x0000, 0x0000, 0x0000, 0x0000, 0x0000, 0x0000, 0x0000, 0x0000, 0x0000, 0x0000, 0x0000, 0x0000, 0x0000, 0x0000,
  0x0000, 0x0000, 0x0000, 0x0000, 0x0000, 0x0000, 0x0000, 0x0000, 0x0000, 0x0000, 0x0000, 0x0000, 0x0000, 0x0000, 0x0000, 0x0000,
  0x0000, 0x0000, 0x0000, 0x0000, 0x0000, 0x0000, 0x0000, 0x0000, 0x0000, 0x0000, 0x0000, 0x0000, 0x0000, 0x0000, 0x0000, 0x0000,
  0x0000, 0x0000, 0x0000, 0x0000, 0x0000, 0x0000, 0x0000, 0x0000, 0x0000, 0x0000, 0x0000, 0x0000, 0x0000, 0x0000, 0x0000, 0x0000,
  0x0000, 0x0000, 0x0000, 0x0000, 0x0000, 0x0000, 0x0000, 0x0000, 0x0000, 0x0000, 0x0000, 0x0000, 0x09DC, 0x11DA, 0x00D1, 0x004A,
  0x0027, 0x0002, 0x0001, 0x0001, 0x0001, 0x0001, 0x0001, 0x0001, 0x0001, 0x0001, 0x0001, 0x0001, 0x0001, 0x0001, 0x0001, 0x0001,
  0x0001, 0x0001, 0x0001, 0x0001, 0x0800, 0x1860, 0x51E5, 0xBCF0, 0xDE75, 0xFF79, 0xFF79, 0xFF37, 0xFF16, 0xFF37, 0xFF37, 0xFF16,
  0xFF16, 0xFF15, 0xFF14, 0xFEF2, 0xE5EE, 0xDD2A, 0xCCE9, 0xE528, 0xCC87, 0xCC87, 0xCC87, 0xB386, 0xB383, 0xAB43, 0xAB43, 0xA302,
  0xAB43, 0xA302, 0xA302, 0xA323, 0xA302, 0xA323, 0xA302, 0xA302, 0xA302, 0xA302, 0xA302, 0xA302, 0xA302, 0xA302, 0xA302, 0xA302,
  0xAB42, 0xAB42, 0xA302, 0xA301, 0xAB43, 0xAB42, 0xB386, 0xCC65, 0xD485, 0xCC87, 0xCC87, 0xD485, 0xCCE9, 0xE528, 0xDD2A, 0xE568,
  0xE5AB, 0xD54B, 0xE5AB, 0xCCE9, 0x9BE5, 0xB386, 0xB46A, 0xE5D0, 0xFED4, 0xFED4, 0xF6B3, 0xFF16, 0xFF37, 0xEEF6, 0xFF18, 0xEEF6,
  0x9C2B, 0x5A43, 0x1000, 0x1000, 0x840B, 0xD5F4, 0x3944, 0x0001, 0xA4AF, 0xADB1, 0x1000, 0x3100, 0xD5F4, 0xF739, 0xEE97, 0xEE93,
  0xFF37, 0xE5D0, 0x9346, 0xB386, 0xCD6E, 0xC50D, 0x9BE8, 0xA42E, 0xBCF0, 0x72A9, 0x2080, 0x0800, 0x0001, 0x0800, 0x0001, 0x0001,
  0x0001, 0x0001, 0x0001, 0x0001, 0x0001, 0x0001, 0x0001, 0x0001, 0x0001, 0x0001, 0x0001, 0x0001, 0x0001, 0x0001, 0x0002, 0x0027,
  0x006D, 0x00D1, 0x11DA, 0x09DC, 0x0000, 0x0000, 0x0000, 0x0000, 0x0000, 0x0000, 0x0000, 0x0000, 0x0000, 0x0000, 0x0000, 0x0000,
  0x0000, 0x0000, 0x0000, 0x0000, 0x0000, 0x0000, 0x0000, 0x0000, 0x0000, 0x0000, 0x0000, 0x0000, 0x0000, 0x0000, 0x0000, 0x0000,
  0x0000, 0x0000, 0x0000, 0x0000, 0x0000, 0x0000, 0x0000, 0x0000, 0x0000, 0x0000, 0x0000, 0x0000, 0x0000, 0x0000, 0x0000, 0x0000,
  0x0000, 0x0000, 0x0000, 0x0000, 0x0000, 0x0000, 0x0000, 0x0000, 0x0000, 0x0000, 0x0000, 0x0000, 0x0000, 0x0000, 0x0000, 0x0000,
  0x0000, 0x0000, 0x0000, 0x0000, 0x0000, 0x0000, 0x0000, 0x0000, 0x0000, 0x0000, 0x0000, 0x0000, 0x0000, 0x0000, 0x0000, 0x0000,
  0x0000, 0x0000, 0x0000, 0x0000, 0x0000, 0x0000, 0x0000, 0x0000, 0x0000, 0x0000, 0x0000, 0x0000, 0x0177, 0x00D1, 0x0004, 0x0001,
  0x0001, 0x0001, 0x0001, 0x0001, 0x0001, 0x0001, 0x0001, 0x0001, 0x0001, 0x0001, 0x0001, 0x0001, 0x0001, 0x0001, 0x0001, 0x0800,
  0x0800, 0x0800, 0x0001, 0x0800, 0x3922, 0x7349, 0xCD71, 0xFF79, 0xFF18, 0xFF37, 0xFF37, 0xFF18, 0xFF18, 0xFF37, 0xF6F7, 0xEEF6,
  0xEEF6, 0xFED5, 0xFF15, 0xFF14, 0xFEF2, 0xEE10, 0xE5AB, 0xDD2A, 0xD4E7, 0xDD08, 0xDD08, 0xCC87, 0xBC25, 0xC404, 0xA323, 0xAB43,
  0xA302, 0xA323, 0xA302, 0xA302, 0xA302, 0xA302, 0xA323, 0xA302, 0xA323, 0xA302, 0xA302, 0xA323, 0xA302, 0xA302, 0xAB42, 0xA302,
  0xA302, 0xA302, 0xAB42, 0xAB42, 0xA301, 0xAB21, 0xAB43, 0xB383, 0xC404, 0xCC65, 0xCC87, 0xCC65, 0xDD08, 0xDD08, 0xE568, 0xE58A,
  0xE58A, 0xE58A, 0xE5AB, 0xD54B, 0xD54B, 0xB46A, 0xB3E5, 0x9BE8, 0xB4EB, 0xE631, 0xFF15, 0xFF16, 0xFF16, 0xEEF6, 0xFF16, 0xEE97,
  0xDE75, 0xBCD1, 0x9C2B, 0xBCD1, 0xE676, 0x5A89, 0x0001, 0x41E7, 0xBD53, 0x41E7, 0x0800, 0x7B69, 0xFF18, 0xEEF6, 0xFF16, 0xFF16,
  0xE631, 0xB46A, 0x9B65, 0xCC69, 0xD54B, 0xB427, 0x9346, 0xE5D0, 0xFF18, 0xEEF6, 0xBCD1, 0x41E7, 0x1000, 0x0001, 0x0800, 0x0800,
  0x0001, 0x0001, 0x0001, 0x0001, 0x0001, 0x0001, 0x0001, 0x0001, 0x0001, 0x0001, 0x0001, 0x0001, 0x0001, 0x0001, 0x0001, 0x0002,
  0x0002, 0x0027, 0x00D1, 0x11DA, 0x0000, 0x0000, 0x0000, 0x0000, 0x0000, 0x0000, 0x0000, 0x0000, 0x0000, 0x0000, 0x0000, 0x0000,
  0x0000, 0x0000, 0x0000, 0x0000, 0x0000, 0x0000, 0x0000, 0x0000, 0x0000, 0x0000, 0x0000, 0x0000, 0x0000, 0x0000, 0x0000, 0x0000,
  0x0000, 0x0000, 0x0000, 0x0000, 0x0000, 0x0000, 0x0000, 0x0000, 0x0000, 0x0000, 0x0000, 0x0000, 0x0000, 0x0000, 0x0000, 0x0000,
  0x0000, 0x0000, 0x0000, 0x0000, 0x0000, 0x0000, 0x0000, 0x0000, 0x0000, 0x0000, 0x0000, 0x0000, 0x0000, 0x0000, 0x0000, 0x0000,
  0x0000, 0x0000, 0x0000, 0x0000, 0x0000, 0x0000, 0x0000, 0x0000, 0x0000, 0x0000, 0x0000, 0x0000, 0x0000, 0x0000, 0x0000, 0x0000,
  0x0000, 0x0000, 0x0000, 0x0000, 0x0000, 0x0000, 0x0000, 0x0000, 0x0000, 0x0000, 0x09DC, 0x0177, 0x006D, 0x0004, 0x0002, 0x0001,
  0x0001, 0x0001, 0x0001, 0x0001, 0x0001, 0x0001, 0x0001, 0x0001, 0x0001, 0x0001, 0x0001, 0x0001, 0x0001, 0x0001, 0x0800, 0x0001,
  0x0800, 0x0800, 0x4120, 0x7B06, 0x9C2B, 0xC50D, 0xE631, 0xFF37, 0xFF37, 0xFF37, 0xFF37, 0xFF37, 0xFF37, 0xFF79, 0xFF79, 0xEF37,
  0xFF16, 0xEF37, 0xFF16, 0xFF15, 0xFF14, 0xFED4, 0xF692, 0xDD8D, 0xD54B, 0xCC69, 0xCCEB, 0xCC87, 0xB427, 0xB386, 0xAB43, 0xA302,
  0xA323, 0xA302, 0xA302, 0xA302, 0xA323, 0xA302, 0xA302, 0xA302, 0xA302, 0xA323, 0xA302, 0xA323, 0xA302, 0xA302, 0xA302, 0xA302,
  0xA302, 0xA302, 0xA302, 0xA302, 0xA302, 0xA301, 0xAB42, 0xAB43, 0xB383, 0xAB43, 0xC404, 0xE528, 0xCC87, 0xE528, 0xE568, 0xE58A,
  0xE58A, 0xE58A, 0xE58A, 0xE5AB, 0xDD8D, 0xDD2A, 0xB3E5, 0x9303, 0x9303, 0xB46A, 0xE5D0, 0xF6B3, 0xFF16, 0xFF16, 0xE676, 0xE676,
  0xE676, 0xFF37, 0xFF18, 0xFF79, 0xBD53, 0x2080, 0x3100, 0xD594, 0x840B, 0x0800, 0x49C4, 0xDE75, 0xFF37, 0xEE93, 0xE676, 0xFED5,
  0xB46A, 0x9B65, 0xCCEB, 0xCCEB, 0xCC87, 0x9B65, 0xB4EB, 0xF6B3, 0xE676, 0xFF37, 0xFF79, 0xF6F7, 0x9C2E, 0x2102, 0x0800, 0x0001,
  0x0001, 0x0001, 0x0001, 0x0001, 0x0001, 0x0001, 0x0001, 0x0001, 0x0001, 0x0001, 0x0001, 0x0001, 0x0001, 0x0001, 0x0001, 0x0001,
  0x0001, 0x0002, 0x0027, 0x006D, 0x0177, 0x09DC, 0x0000, 0x0000, 0x0000, 0x0000, 0x0000, 0x0000, 0x0000, 0x0000, 0x0000, 0x0000,
  0x0000, 0x0000, 0x0000, 0x0000, 0x0000, 0x0000, 0x0000, 0x0000, 0x0000, 0x0000, 0x0000, 0x0000, 0x0000, 0x0000, 0x0000, 0x0000,
  0x0000, 0x0000, 0x0000, 0x0000, 0x0000, 0x0000, 0x0000, 0x0000, 0x0000, 0x0000, 0x0000, 0x0000, 0x0000, 0x0000, 0x0000, 0x0000,
  0x0000, 0x0000, 0x0000, 0x0000, 0x0000, 0x0000, 0x0000, 0x0000, 0x0000, 0x0000, 0x0000, 0x0000, 0x0000, 0x0000, 0x0000, 0x0000,
  0x0000, 0x0000, 0x0000, 0x0000, 0x0000, 0x0000, 0x0000, 0x0000, 0x0000, 0x0000, 0x0000, 0x0000, 0x0000, 0x0000, 0x0000, 0x0000,
  0x0000, 0x0000, 0x0000, 0x0000, 0x0000, 0x0000, 0x0000, 0x0000, 0x0000, 0x09DC, 0x00D1, 0x004A, 0x0002, 0x0001, 0x0001, 0x0001,
  0x0001, 0x0001, 0x0001, 0x0001, 0x0001, 0x0001, 0x0001, 0x0001, 0x0001, 0x0001, 0x0001, 0x0001, 0x0001, 0x0001, 0x0800, 0x0800,
  0x3922, 0x9346, 0xB46A, 0xCCEB, 0xCC69, 0xCCEB, 0xD54B, 0xE631, 0xFF15, 0xFF16, 0xFF16, 0xFF37, 0xFF37, 0xFF37, 0xF737, 0xFF37,
  0xEF37, 0xFF37, 0xEF37, 0xFF16, 0xFF15, 0xFF15, 0xFED4, 0xF6B3, 0xF692, 0xD54B, 0xCCEB, 0xCC87, 0xCC87, 0xB3E5, 0xAB43, 0xA323,
  0xA302, 0xA302, 0xA302, 0xA302, 0xA302, 0xA302, 0xA302, 0xA302, 0xA302, 0xA302, 0xA323, 0xA302, 0xA302, 0xA302, 0x9AE1, 0xA302,
  0xA302, 0xA302, 0xA302, 0xA302, 0xA301, 0xA301, 0xAB42, 0xAB42, 0xB382, 0xAB42, 0xB383, 0xD485, 0xDD08, 0xE528, 0xE568, 0xE58A,
  0xE58A, 0xE58A, 0xE58A, 0xE58A, 0xE5AB, 0xCCE9, 0xB427, 0xA363, 0x9303, 0x9346, 0x9B87, 0xB4EB, 0xE5D5, 0xFED4, 0xFED5, 0xFF16,
  0xFF16, 0xF6F7, 0xFF37, 0xFED9, 0xD5F4, 0x9C2B, 0xBCF0, 0xD594, 0x1860, 0x2080, 0xC50D, 0xFF37, 0xFF37, 0xFED4, 0xFF16, 0xEE10,
  0x9346, 0x9BE5, 0xD54B, 0xCC69, 0x9B65, 0xB427, 0xE631, 0xFED4, 0xFF16, 0xEE97, 0xEEF6, 0xF6F7, 0xF739, 0xD5F4, 0x41E7, 0x0800,
  0x0800, 0x0001, 0x0800, 0x0001, 0x0001, 0x0001, 0x0001, 0x0001, 0x0001, 0x0001, 0x0001, 0x0001, 0x0001, 0x0001, 0x0001, 0x0001,
  0x0001, 0x0001, 0x0001, 0x0004, 0x006D, 0x00D1, 0x0000, 0x0000, 0x0000, 0x0000, 0x0000, 0x0000, 0x0000, 0x0000, 0x0000, 0x0000,
  0x0000, 0x0000, 0x0000, 0x0000, 0x0000, 0x0000, 0x0000, 0x0000, 0x0000, 0x0000, 0x0000, 0x0000, 0x0000, 0x0000, 0x0000, 0x0000,
  0x0000, 0x0000, 0x0000, 0x0000, 0x0000, 0x0000, 0x0000, 0x0000, 0x0000, 0x0000, 0x0000, 0x0000, 0x0000, 0x0000, 0x0000, 0x0000,
  0x0000, 0x0000, 0x0000, 0x0000, 0x0000, 0x0000, 0x0000, 0x0000, 0x0000, 0x0000, 0x0000, 0x0000, 0x0000, 0x0000, 0x0000, 0x0000,
  0x0000, 0x0000, 0x0000, 0x0000, 0x0000, 0x0000, 0x0000, 0x0000, 0x0000, 0x0000, 0x0000, 0x0000, 0x0000, 0x0000, 0x0000, 0x0000,
  0x0000, 0x0000, 0x0000, 0x0000, 0x0000, 0x0000, 0x0000, 0x0000, 0x11DA, 0x00D1, 0x004A, 0x0004, 0x0001, 0x0001, 0x0001, 0x0001,
  0x0001, 0x0001, 0x0001, 0x0001, 0x0001, 0x0001, 0x0001, 0x0001, 0x0001, 0x0001, 0x0001, 0x0001, 0x0001, 0x0001, 0x1000, 0x41A1,
  0xB46A, 0xCCEB, 0xCCE9, 0xCC69, 0xD4E7, 0xCC69, 0xBC25, 0xCC69, 0xEE10, 0xFED4, 0xFF16, 0xFF37, 0xFF37, 0xFF37, 0xF737, 0xF737,
  0xEF37, 0xEF37, 0xFF37, 0xEF37, 0xFF16, 0xF737, 0xFF14, 0xFF14, 0xFF14, 0xF692, 0xDD8D, 0xDD2A, 0xCC87, 0xB3E5, 0xB383, 0xA323,
  0xAB43, 0xA302, 0xA323, 0xA302, 0xA302, 0xA302, 0xA302, 0xA302, 0xA323, 0xAB43, 0xA302, 0xA302, 0xA302, 0xA323, 0xA302, 0xA302,
  0xA302, 0xA302, 0xA302, 0xA302, 0xA302, 0xA302, 0xA301, 0xA301, 0xA301, 0xA301, 0xAB41, 0xC404, 0xDCE6, 0xE528, 0xE568, 0xE58A,
  0xE589, 0xE5AB, 0xE589, 0xE58A, 0xD54B, 0xCCE9, 0xB383, 0x9B65, 0xA363, 0x9B65, 0x9303, 0x7B06, 0x9BE8, 0xCD6E, 0xEE93, 0xFF37,
  0xFF16, 0xEE97, 0xFF16, 0xEEF6, 0xFF18, 0xFF37, 0xEE97, 0x9C2E, 0x2080, 0x6AC6, 0xE676, 0xFF14, 0xFF15, 0xFF14, 0xFED4, 0xCCEB,
  0x9BE5, 0xD54B, 0xCCEB, 0xB427, 0x9BE5, 0xE5D0, 0xFED4, 0xEE97, 0xFF16, 0xEE97, 0xEE97, 0xFF18, 0xFF18, 0xF739, 0x7B69, 0x2080,
  0x3944, 0x0001, 0x0001, 0x0001, 0x0001, 0x0001, 0x0001, 0x0001, 0x0001, 0x0001, 0x0001, 0x0001, 0x0001, 0x0001, 0x0001, 0x0001,
  0x0001, 0x0001, 0x0001, 0x0002, 0x0027, 0x004A, 0x00D1, 0x11DA, 0x0000, 0x0000, 0x0000, 0x0000, 0x0000, 0x0000, 0x0000, 0x0000,
  0x0000, 0x0000, 0x0000, 0x0000, 0x0000, 0x0000, 0x0000, 0x0000, 0x0000, 0x0000, 0x0000, 0x0000, 0x0000, 0x0000, 0x0000, 0x0000,
  0x0000, 0x0000, 0x0000, 0x0000, 0x0000, 0x0000, 0x0000, 0x0000, 0x0000, 0x0000, 0x0000, 0x0000, 0x0000, 0x0000, 0x0000, 0x0000,
  0x0000, 0x0000, 0x0000, 0x0000, 0x0000, 0x0000, 0x0000, 0x0000, 0x0000, 0x0000, 0x0000, 0x0000, 0x0000, 0x0000, 0x0000, 0x0000,
  0x0000, 0x0000, 0x0000, 0x0000, 0x0000, 0x0000, 0x0000, 0x0000, 0x0000, 0x0000, 0x0000, 0x0000, 0x0000, 0x0000, 0x0000, 0x0000,
  0x0000, 0x0000, 0x0000, 0x0000, 0x0000, 0x0000, 0x0000, 0x11DA, 0x00D1, 0x0027, 0x0002, 0x0001, 0x0001, 0x0001, 0x0001, 0x0001,
  0x0001, 0x0001, 0x0001, 0x0001, 0x0001, 0x0001, 0x0001, 0x0001, 0x0001, 0x0001, 0x0001, 0x0001, 0x0800, 0x2080, 0x7B06, 0xB4EB,
  0xCCE9, 0xCC65, 0xCC65, 0xCC65, 0xCC65, 0xD4E7, 0xB3E5, 0xAB43, 0xB427, 0xD54B, 0xF6B3, 0xFED9, 0xFF16, 0xF737, 0xF737, 0xF758,
  0xF738, 0xF758, 0xE758, 0xEF37, 0xEF37, 0xEF37, 0xFF16, 0xFF16, 0xFF15, 0xFF14, 0xF692, 0xE5D0, 0xCCEB, 0xB427, 0xB386, 0xB383,
  0xA323, 0xA302, 0xA302, 0xA323, 0xA302, 0xA323, 0xA302, 0xAB43, 0xA302, 0xA302, 0xA302, 0xAB43, 0xA302, 0xA302, 0xAB43, 0xA302,
  0xA302, 0xA302, 0xA302, 0xA302, 0xA302, 0xA301, 0xA301, 0xA301, 0xA302, 0xA300, 0xB382, 0xBC25, 0xD4E7, 0xE528, 0xE568, 0xE58A,
  0xE589, 0xE5AB, 0xE5AB, 0xE589, 0xE528, 0xB3E5, 0xAB43, 0xA323, 0xA363, 0x9B65, 0x9346, 0x9B65, 0x9303, 0x9346, 0xCD71, 0xFF16,
  0xE676, 0xFF16, 0xFF18, 0xFF37, 0xEE97, 0xE676, 0xE676, 0xD533, 0xBCD1, 0xD5F4, 0xFF15, 0xFED4, 0xFF14, 0xF6B3, 0xCCEB, 0xB386,
  0xCC69, 0xCD6E, 0xCC87, 0x9B65, 0xCD6E, 0xF6B3, 0xFED5, 0xFF16, 0xFED9, 0xFF18, 0xFF18, 0xF738, 0xFF37, 0xFF37, 0x9C2B, 0x2080,
  0xCDF1, 0x9C2B, 0x3922, 0x0001, 0x0800, 0x0001, 0x0001, 0x0001, 0x0001, 0x0001, 0x0001, 0x0001, 0x0001, 0x0001, 0x0001, 0x0001,
  0x0001, 0x0001, 0x0001, 0x0001, 0x0001, 0x0002, 0x004A, 0x00D1, 0x0177, 0x0000, 0x0000, 0x0000, 0x0000, 0x0000, 0x0000, 0x0000,
  0x0000, 0x0000, 0x0000, 0x0000, 0x0000, 0x0000, 0x0000, 0x0000, 0x0000, 0x0000, 0x0000, 0x0000, 0x0000, 0x0000, 0x0000, 0x0000,
  0x0000, 0x0000, 0x0000, 0x0000, 0x0000, 0x0000, 0x0000, 0x0000, 0x0000, 0x0000, 0x0000, 0x0000, 0x0000, 0x0000, 0x0000, 0x0000,
  0x0000, 0x0000, 0x0000, 0x0000, 0x0000, 0x0000, 0x0000, 0x0000, 0x0000, 0x0000, 0x0000, 0x0000, 0x0000, 0x0000, 0x0000, 0x0000,
  0x0000, 0x0000, 0x0000, 0x0000, 0x0000, 0x0000, 0x0000, 0x0000, 0x0000, 0x0000, 0x0000, 0x0000, 0x0000, 0x0000, 0x0000, 0x0000,
  0x0000, 0x0000, 0x0000, 0x0000, 0x0000, 0x09DC, 0x11DA, 0x00D1, 0x0027, 0x0002, 0x0001, 0x0001, 0x0001, 0x0001, 0x0001, 0x0001,
  0x0001, 0x0001, 0x0001, 0x0001, 0x0001, 0x0001, 0x0001, 0x0001, 0x0001, 0x0800, 0x0800, 0x0800, 0x51C3, 0x9C2B, 0xCCEB, 0xCC87,
  0xCC65, 0xCC65, 0xCC65, 0xCC65, 0xD485, 0xCC87, 0xC404, 0xA323, 0xA323, 0xB427, 0xC50D, 0xFF16, 0xFF37, 0xFF37, 0xF737, 0xF737,
  0xF738, 0xF738, 0xEF37, 0xEF37, 0xEF37, 0xEF37, 0xF758, 0xEF37, 0xFF15, 0xFF15, 0xFF14, 0xFED4, 0xEE10, 0xCCEB, 0xCC87, 0xB386,
  0xA323, 0xA323, 0xA323, 0xA302, 0xA302, 0xAB43, 0xA302, 0xA301, 0xA302, 0xA302, 0xAB43, 0xA302, 0xA302, 0xA302, 0xA302, 0xA302,
  0xA302, 0xA302, 0xA302, 0xA302, 0xA301, 0xA302, 0xA302, 0xA302, 0xA300, 0xA302, 0xBBC2, 0xCC65, 0xE528, 0xE528, 0xE568, 0xE58A,
  0xE589, 0xE589, 0xE5EE, 0xE589, 0xCC87, 0xB383, 0xB383, 0xB383, 0xA363, 0x9B65, 0x9B65, 0x9B65, 0x7AC3, 0x9346, 0xE5D0, 0xFED5,
  0xF6B3, 0xEE97, 0xFED5, 0xFF16, 0xFF16, 0xE676, 0xEE97, 0xFF37, 0xFF79, 0xFF16, 0xFED5, 0xFED4, 0xFF14, 0xEE10, 0xB386, 0x9B65,
  0xD54B, 0xCC69, 0xA363, 0xB46A, 0xF692, 0xFED5, 0xFF16, 0xFF37, 0xFF18, 0xFF79, 0xF739, 0xFF79, 0xEE93, 0xF716, 0x9346, 0x3100,
  0xCD6E, 0xEE93, 0xCDF1, 0x7B06, 0x0800, 0x0001, 0x0800, 0x0001, 0x0800, 0x0001, 0x0001, 0x0001, 0x0001, 0x0001, 0x0001, 0x0001,
  0x0001, 0x0001, 0x0001, 0x0001, 0x0001, 0x0001, 0x0004, 0x0027, 0x00D1, 0x0177, 0x09DC, 0x0000, 0x0000, 0x0000, 0x0000, 0x0000,
  0x0000, 0x0000, 0x0000, 0x0000, 0x0000, 0x0000, 0x0000, 0x0000, 0x0000, 0x0000, 0x0000, 0x0000, 0x0000, 0x0000, 0x0000, 0x0000,
  0x0000, 0x0000, 0x0000, 0x0000, 0x0000, 0x0000, 0x0000, 0x0000, 0x0000, 0x0000, 0x0000, 0x0000, 0x0000, 0x0000, 0x0000, 0x0000,
  0x0000, 0x0000, 0x0000, 0x0000, 0x0000, 0x0000, 0x0000, 0x0000, 0x0000, 0x0000, 0x0000, 0x0000, 0x0000, 0x0000, 0x0000, 0x0000,
  0x0000, 0x0000, 0x0000, 0x0000, 0x0000, 0x0000, 0x0000, 0x0000, 0x0000, 0x0000, 0x0000, 0x0000, 0x0000, 0x0000, 0x0000, 0x0000,
  0x0000, 0x0000, 0x0000, 0x0000, 0x09DC, 0x11DA, 0x006D, 0x0027, 0x0001, 0x0001, 0x0001, 0x0001, 0x0001, 0x0001, 0x0001, 0x0001,
  0x0001, 0x0001, 0x0001, 0x0001, 0x0001, 0x0001, 0x0001, 0x0001, 0x0001, 0x0800, 0x2080, 0x7B06, 0xB46A, 0xCCE9, 0xD4E7, 0xC404,
  0xCC65, 0xD485, 0xD485, 0xD485, 0xCC65, 0xC404, 0x9B65, 0xAB43, 0x9B65, 0x9303, 0x9B87, 0xCCF2, 0xFED4, 0xFF37, 0xFF37, 0xF737,
  0xEF37, 0xF737, 0xF758, 0xE758, 0xEF37, 0xF758, 0xEF37, 0xFF16, 0xF758, 0xEF37, 0xFF15, 0xFF15, 0xFEF2, 0xE631, 0xCD6E, 0xCC69,
  0xB3E5, 0x9B65, 0xAB43, 0xAB43, 0xAB43, 0xB383, 0xAB43, 0xA302, 0xAB42, 0xA302, 0xA302, 0xA302, 0xA302, 0xAB43, 0xA302, 0xA302,
  0xA302, 0xA302, 0xA302, 0xA302, 0xA302, 0xA301, 0xA302, 0xA302, 0xA302, 0xAB41, 0xBC25, 0xD4E7, 0xE528, 0xE528, 0xDD69, 0xE589,
  0xE589, 0xE58A, 0xE589, 0xE528, 0xC404, 0xB383, 0xB383, 0xB383, 0xB386, 0xB383, 0xA323, 0x9303, 0x9303, 0x9B87, 0xE631, 0xFED4,
  0xEEF6, 0xFF16, 0xFF16, 0xEE97, 0xFF37, 0xFF37, 0xFF16, 0xFF18, 0xF6B3, 0xE676, 0xFED4, 0xFED4, 0xF692, 0xCC69, 0xA363, 0xB46A,
  0xCCEB, 0x9BE5, 0xB427, 0xE5D0, 0xFED4, 0xFF16, 0xEE97, 0xFF37, 0xFF79, 0xF737, 0xD5F4, 0xEE71, 0xCD6E, 0x9BE8, 0x3100, 0x8B02,
  0xD5EE, 0xEF0E, 0xEF0E, 0xCDF1, 0x9C2B, 0x2080, 0x0001, 0x0001, 0x0800, 0x0001, 0x0001, 0x0001, 0x0001, 0x0001, 0x0001, 0x0001,
  0x0001, 0x0001, 0x0001, 0x0001, 0x0001, 0x0001, 0x0001, 0x0002, 0x004A, 0x00D1, 0x0177, 0x0000, 0x0000, 0x0000, 0x0000, 0x0000,
  0x0000, 0x0000, 0x0000, 0x0000, 0x0000, 0x0000, 0x0000, 0x0000, 0x0000, 0x0000, 0x0000, 0x0000, 0x0000, 0x0000, 0x0000, 0x0000,
  0x0000, 0x0000, 0x0000, 0x0000, 0x0000, 0x0000, 0x0000, 0x0000, 0x0000, 0x0000, 0x0000, 0x0000, 0x0000, 0x0000, 0x0000, 0x0000,
  0x0000, 0x0000, 0x0000, 0x0000, 0x0000, 0x0000, 0x0000, 0x0000, 0x0000, 0x0000, 0x0000, 0x0000, 0x0000, 0x0000, 0x0000, 0x0000,
  0x0000, 0x0000, 0x0000, 0x0000, 0x0000, 0x0000, 0x0000, 0x0000, 0x0000, 0x0000, 0x0000, 0x0000, 0x0000, 0x0000, 0x0000, 0x0000,
  0x0000, 0x0000, 0x09DC, 0x09DC, 0x0177, 0x006D, 0x0027, 0x0002, 0x0001, 0x0001, 0x0001, 0x0001, 0x0001, 0x0001, 0x0001, 0x0001,
  0x0001, 0x0001, 0x0001, 0x0001, 0x0001, 0x0001, 0x0800, 0x0001, 0x0800, 0x6AC6, 0x9C2B, 0xCCEB, 0xCCE9, 0xCCE9, 0xD4E7, 0xD444,
  0xD444, 0xD444, 0xD485, 0xCC65, 0xCC65, 0xB383, 0xA302, 0xA323, 0xA323, 0x9303, 0x9B65, 0x9B65, 0x9C2B, 0xCD6E, 0xFF16, 0xFF37,
  0xFF37, 0xF737, 0xF737, 0xEF37, 0xF758, 0xF758, 0xF758, 0xF758, 0xF758, 0xFF16, 0xEF37, 0xFF16, 0xFF15, 0xFF14, 0xF692, 0xDD8D,
  0xE5D0, 0xCCEB, 0xB386, 0xB386, 0xB3E5, 0xBC25, 0xCC87, 0xBC25, 0xBC25, 0xB383, 0xAB43, 0xAB43, 0xAB43, 0xAB41, 0xA302, 0xA302,
  0xA302, 0xA302, 0xA302, 0xA302, 0xA302, 0xAB42, 0xAB42, 0xAB41, 0xAB42, 0xA3E2, 0xBC25, 0xCC65, 0xE528, 0xE528, 0xE528, 0xE589,
  0xE589, 0xE568, 0xE568, 0xCC87, 0xC404, 0xB383, 0xC404, 0xB386, 0xAB43, 0xAB43, 0x9B65, 0x9303, 0xA323, 0xB46A, 0xE631, 0xFED5,
  0xFED5, 0xEE97, 0xFF16, 0xFED5, 0xE5D5, 0xEE71, 0xFED5, 0xFF37, 0xFED4, 0xF6B3, 0xF6B3, 0xFED4, 0xEE10, 0xB386, 0x9B65, 0xCC69,
  0xCC69, 0x9BE5, 0xB46A, 0xEE10, 0xFF15, 0xFED5, 0xFED5, 0xFF37, 0xCD71, 0x7AC3, 0x5A22, 0x7AC3, 0x4120, 0x5A00, 0x9BE5, 0xCD8B,
  0xEEC6, 0xEEEB, 0xEEEB, 0xEEEB, 0xEF0E, 0xCD8B, 0x62E6, 0x0001, 0x0001, 0x0001, 0x0001, 0x0001, 0x0001, 0x0001, 0x0001, 0x0001,
  0x0001, 0x0001, 0x0001, 0x0001, 0x0001, 0x0001, 0x0001, 0x0001, 0x0004, 0x0027, 0x00D1, 0x0177, 0x09DC, 0x0000, 0x0000, 0x0000,
  0x0000, 0x0000, 0x0000, 0x0000, 0x0000, 0x0000, 0x0000, 0x0000, 0x0000, 0x0000, 0x0000, 0x0000, 0x0000, 0x0000, 0x0000, 0x0000,
  0x0000, 0x0000, 0x0000, 0x0000, 0x0000, 0x0000, 0x0000, 0x0000, 0x0000, 0x0000, 0x0000, 0x0000, 0x0000, 0x0000, 0x0000, 0x0000,
  0x0000, 0x0000, 0x0000, 0x0000, 0x0000, 0x0000, 0x0000, 0x0000, 0x0000, 0x0000, 0x0000, 0x0000, 0x0000, 0x0000, 0x0000, 0x0000,
  0x0000, 0x0000, 0x0000, 0x0000, 0x0000, 0x0000, 0x0000, 0x0000, 0x0000, 0x0000, 0x0000, 0x0000, 0x0000, 0x0000, 0x0000, 0x0000,
  0x0000, 0x0000, 0x09DC, 0x0177, 0x006D, 0x0004, 0x0001, 0x0001, 0x0001, 0x0001, 0x0001, 0x0001, 0x0001, 0x0001, 0x0001, 0x0001,
  0x0001, 0x0001, 0x0001, 0x0001, 0x0001, 0x0060, 0x0001, 0x1860, 0x7B06, 0xC50D, 0xCCE9, 0xCC87, 0xCC65, 0xD444, 0xDCC4, 0xDCA4,
  0xDCE5, 0xD444, 0xD444, 0xD444, 0xB382, 0xA302, 0xA302, 0x9AE1, 0x9303, 0xA323, 0x9B65, 0x9B65, 0x9B65, 0x9B87, 0xCD6E, 0xEE93,
  0xFED5, 0xFF37, 0xFF37, 0xEF37, 0xEF37, 0xEF37, 0xF758, 0xEF37, 0xEF37, 0xFF37, 0xFF37, 0xEF37, 0xFF15, 0xFF16, 0xFF16, 0xF6B3,
  0xF6B3, 0xE5D0, 0xCCEB, 0xCC87, 0xCC69, 0xCC69, 0xCC87, 0xD4E7, 0xCC87, 0xCC65, 0xC404, 0xAB43, 0xAB41, 0xAB42, 0xA302, 0xA302,
  0xA302, 0xA302, 0xA302, 0xAB42, 0xA323, 0xAB42, 0xAB42, 0xAB41, 0xA363, 0xBBC2, 0xCC65, 0xDD08, 0xE528, 0xDD69, 0xE568, 0xE589,
  0xE568, 0xE568, 0xDCE6, 0xBBC2, 0xAB42, 0xB383, 0xB383, 0xC404, 0xAB43, 0xB383, 0xAB43, 0xA323, 0x9B65, 0xCD6E, 0xF6B3, 0xFED4,
  0xFED5, 0xFED4, 0xFED5, 0xE5D0, 0xC50D, 0x9BE8, 0xCD6E, 0xFF15, 0xFED4, 0xFED4, 0xF6B3, 0xEE70, 0xCCEB, 0x8B02, 0xCC69, 0xDDAB,
  0xB386, 0xB427, 0xE5EE, 0xF6B3, 0xFED4, 0xFF16, 0xFF79, 0xEE93, 0x41A1, 0x41A1, 0x7B06, 0x5A00, 0x7AC3, 0xCD8B, 0xEF0E, 0xEEEB,
  0xEEC6, 0xEEC6, 0xEEC6, 0xEEC6, 0xEEC6, 0xEEEB, 0xCD8B, 0x9BE5, 0x28E0, 0x0001, 0x0800, 0x0001, 0x0001, 0x0001, 0x0001, 0x0001,
  0x0001, 0x0001, 0x0001, 0x0001, 0x0001, 0x0001, 0x0001, 0x0001, 0x0001, 0x0002, 0x0027, 0x00D1, 0x0177, 0x0000, 0x0000, 0x0000,
  0x0000, 0x0000, 0x0000, 0x0000, 0x0000, 0x0000, 0x0000, 0x0000, 0x0000, 0x0000, 0x0000, 0x0000, 0x0000, 0x0000, 0x0000, 0x0000,
  0x0000, 0x0000, 0x0000, 0x0000, 0x0000, 0x0000, 0x0000, 0x0000, 0x0000, 0x0000, 0x0000, 0x0000, 0x0000, 0x0000, 0x0000, 0x0000,
  0x0000, 0x0000, 0x0000, 0x0000, 0x0000, 0x0000, 0x0000, 0x0000, 0x0000, 0x0000, 0x0000, 0x0000, 0x0000, 0x0000, 0x0000, 0x0000,
  0x0000, 0x0000, 0x0000, 0x0000, 0x0000, 0x0000, 0x0000, 0x0000, 0x0000, 0x0000, 0x0000, 0x0000, 0x0000, 0x0000, 0x0000, 0x0000,
  0x0000, 0x09DC, 0x0177, 0x006D, 0x0027, 0x0002, 0x0001, 0x0001, 0x0001, 0x0001, 0x0001, 0x0001, 0x0001, 0x0001, 0x0001, 0x0001,
  0x0001, 0x0001, 0x0001, 0x0800, 0x0800, 0x0001, 0x3922, 0x9BE8, 0xC50D, 0xCCE9, 0xCCE9, 0xCC65, 0xCC65, 0xDCE5, 0xDCA4, 0xD444,
  0xDCE5, 0xD444, 0xD485, 0xC404, 0xAB41, 0x9AE1, 0xA302, 0xA302, 0xA323, 0xA323, 0xA323, 0x9303, 0x9B65, 0x9B65, 0x9B87, 0xB46A,
  0xCD6E, 0xFED5, 0xFF37, 0xFF37, 0xEF37, 0xF737, 0xEF37, 0xEF37, 0xEF37, 0xEF37, 0xFF37, 0xFF37, 0xFF37, 0xFF16, 0xFF16, 0xFF16,
  0xFF16, 0xFED4, 0xE5D0, 0xD54B, 0xCCEB, 0xCCEB, 0xDD08, 0xCCE9, 0xDD08, 0xCC87, 0xCC65, 0xC404, 0xC404, 0xAB42, 0xA302, 0xA302,
  0xA302, 0xAB42, 0xA323, 0xAB42, 0xAB42, 0xAB42, 0xA3E2, 0xA302, 0xB383, 0xBC25, 0xD4E7, 0xE528, 0xDD69, 0xE568, 0xE589, 0xE589,
  0xE568, 0xE528, 0xC404, 0xA302, 0xA302, 0xAB42, 0xAB43, 0xAB43, 0xAB43, 0xB386, 0xB386, 0xA323, 0xB386, 0xE5D0, 0xF6B3, 0xF6B3,
  0xFED5, 0xF6B3, 0xC50D, 0xB46A, 0x9346, 0x9B87, 0x9BE8, 0xCCEB, 0xF692, 0xFEF2, 0xFEF2, 0xD54B, 0xA323, 0xB3E5, 0xD54B, 0xCC69,
  0x9BE5, 0xCC69, 0xE631, 0xFED4, 0xFED5, 0xFED5, 0xFF79, 0xC50D, 0x3100, 0x9C2B, 0xFF14, 0xCD6E, 0xEF0E, 0xEF0E, 0xEF0E, 0xEEC8,
  0xEEC8, 0xEEC6, 0xEEC6, 0xEEC6, 0xEEC6, 0xEEC8, 0xEEEB, 0xEF0E, 0x9C2B, 0x41A1, 0x0001, 0x0001, 0x0800, 0x0001, 0x0001, 0x0001,
  0x0001, 0x0001, 0x0001, 0x0001, 0x0001, 0x0001, 0x0001, 0x0001, 0x0001, 0x0001, 0x0002, 0x0027, 0x00D1, 0x0177, 0x09DC, 0x0000,
  0x0000, 0x0000, 0x0000, 0x0000, 0x0000, 0x0000, 0x0000, 0x0000, 0x0000, 0x0000, 0x0000, 0x0000, 0x0000, 0x0000, 0x0000, 0x0000,
  0x0000, 0x0000, 0x0000, 0x0000, 0x0000, 0x0000, 0x0000, 0x0000, 0x0000, 0x0000, 0x0000, 0x0000, 0x0000, 0x0000, 0x0000, 0x0000,
  0x0000, 0x0000, 0x0000, 0x0000, 0x0000, 0x0000, 0x0000, 0x0000, 0x0000, 0x0000, 0x0000, 0x0000, 0x0000, 0x0000, 0x0000, 0x0000,
  0x0000, 0x0000, 0x0000, 0x0000, 0x0000, 0x0000, 0x0000, 0x0000, 0x0000, 0x0000, 0x0000, 0x0000, 0x0000, 0x0000, 0x0000, 0x0000,
  0x0000, 0x0177, 0x006D, 0x0004, 0x0001, 0x0001, 0x0001, 0x0001, 0x0001, 0x0001, 0x0001, 0x0001, 0x0001, 0x0001, 0x0001, 0x0001,
  0x0001, 0x0001, 0x0001, 0x0001, 0x1000, 0x5223, 0xB46A, 0xCCEB, 0xB427, 0xD4E7, 0xD444, 0xDCE5, 0xD444, 0xD444, 0xD444, 0xDCA4,
  0xD444, 0xD485, 0xD444, 0xB382, 0xA300, 0xA300, 0xA301, 0x9AE1, 0xA302, 0x9AE1, 0x9303, 0xA323, 0xA323, 0x9B65, 0x9346, 0x9B87,
  0x9BE8, 0xC50D, 0xEE93, 0xFF37, 0xFF37, 0xF737, 0xF737, 0xEF37, 0xFF79, 0xEF37, 0xFF79, 0xEF37, 0xFF37, 0xFF37, 0xFF37, 0xFF37,
  0xFF37, 0xFF16, 0xFED4, 0xF692, 0xDD8D, 0xD54B, 0xDD2A, 0xCCE9, 0xCC87, 0xDD08, 0xDCE6, 0xCC87, 0xBC25, 0xAB43, 0xAB41, 0xA302,
  0xAB43, 0xAB43, 0xAB42, 0xAB42, 0xA363, 0xAB42, 0xA323, 0xA3E2, 0xBC25, 0xCC87, 0xE528, 0xE528, 0xE589, 0xE589, 0xE568, 0xE589,
  0xE568, 0xD485, 0xB383, 0x9AE1, 0xA302, 0xA302, 0xAB43, 0xAB43, 0xAB43, 0xB386, 0xB383, 0x9303, 0x9B87, 0xE5D0, 0xFED5, 0xF6B3,
  0xE5D5, 0xC50D, 0x9B87, 0x9303, 0x9B65, 0xA363, 0x9303, 0x9B65, 0xCCE9, 0xEE10, 0xE5AB, 0xBC25, 0xA363, 0xCCE9, 0xCCE9, 0xB3E5,
  0xCC87, 0xE5D0, 0xF6B3, 0xFF15, 0xFED5, 0xF716, 0xFF79, 0xCDF1, 0x5A00, 0x7AC3, 0xB4EB, 0xB4EB, 0xB4EB, 0xCD8B, 0xEEC8, 0xEEC8,
  0xEEC6, 0xEEC6, 0xEEE4, 0xEEC6, 0xEEE4, 0xEEC6, 0xEEC8, 0xEEC8, 0xEF0E, 0xB4EB, 0x41A1, 0x0800, 0x0800, 0x0800, 0x0001, 0x0001,
  0x0001, 0x0001, 0x0001, 0x0001, 0x0001, 0x0001, 0x0001, 0x0001, 0x0001, 0x0001, 0x0001, 0x0002, 0x0027, 0x006D, 0x11DA, 0x0000,
  0x0000, 0x0000, 0x0000, 0x0000, 0x0000, 0x0000, 0x0000, 0x0000, 0x0000, 0x0000, 0x0000, 0x0000, 0x0000, 0x0000, 0x0000, 0x0000,
  0x0000, 0x0000, 0x0000, 0x0000, 0x0000, 0x0000, 0x0000, 0x0000, 0x0000, 0x0000, 0x0000, 0x0000, 0x0000, 0x0000, 0x0000, 0x0000,
  0x0000, 0x0000, 0x0000, 0x0000, 0x0000, 0x0000, 0x0000, 0x0000, 0x0000, 0x0000, 0x0000, 0x0000, 0x0000, 0x0000, 0x0000, 0x0000,
  0x0000, 0x0000, 0x0000, 0x0000, 0x0000, 0x0000, 0x0000, 0x0000, 0x0000, 0x0000, 0x0000, 0x0000, 0x0000, 0x0000, 0x0000, 0x09DC,
  0x0177, 0x006D, 0x0004, 0x0002, 0x0001, 0x0001, 0x0001, 0x0001, 0x0001, 0x0001, 0x0001, 0x0001, 0x0001, 0x0001, 0x0001, 0x0001,
  0x0800, 0x1860, 0x0001, 0x2020, 0x5A43, 0x9BE8, 0xCCEB, 0xCCE9, 0xCC65, 0xDCA4, 0xCC65, 0xDCC3, 0xDCA3, 0xDCE5, 0xDCA4, 0xD485,
  0xDCA4, 0xCC65, 0xC402, 0xA301, 0xA301, 0xA302, 0xA301, 0x9AE1, 0xA302, 0xA323, 0xA302, 0xA323, 0xA323, 0xA323, 0x9B65, 0x9B65,
  0x9346, 0x9B87, 0xB4EB, 0xE631, 0xFF16, 0xFF16, 0xF737, 0xFF37, 0xF737, 0xF737, 0xF737, 0xF737, 0xF738, 0xF737, 0xFF37, 0xFF37,
  0xFF37, 0xFF37, 0xFF16, 0xFED5, 0xF6B3, 0xE5D0, 0xD54B, 0xCC69, 0xDD2A, 0xCCE9, 0xDD08, 0xCC87, 0xC404, 0xB383, 0xAB43, 0xAB43,
  0xAB42, 0xAB42, 0xAB42, 0xAB42, 0xAB41, 0xA302, 0xBBC2, 0xBC25, 0xD4E7, 0xE507, 0xE528, 0xE528, 0xE589, 0xE568, 0xE589, 0xE589,
  0xCC87, 0xBBC2, 0xAB42, 0xA302, 0xA301, 0xAB43, 0xAB43, 0xAB43, 0xAB43, 0xAB43, 0xB383, 0xA323, 0xCC69, 0xF6B3, 0xFED5, 0xE631,
  0xCC69, 0x9B65, 0x9303, 0x9B65, 0x9303, 0xA363, 0xB3E5, 0x9BE5, 0xB3E5, 0xA363, 0xB383, 0x8B02, 0xCC87, 0xD54B, 0xCC87, 0xA363,
  0xCD6E, 0xF6B3, 0xFED4, 0xFF16, 0xFF16, 0xFF16, 0xEF37, 0xF716, 0x7349, 0x3100, 0x3100, 0x41A1, 0x7AA1, 0x9BE5, 0xEF0E, 0xEEEB,
  0xEEC6, 0xEEC6, 0xEEE4, 0xEEE4, 0xEEE4, 0xEEE4, 0xEEC6, 0xEEC6, 0xEEC8, 0xEEEB, 0xEF0E, 0x62E6, 0x0800, 0x0800, 0x0001, 0x0001,
  0x0001, 0x0001, 0x0001, 0x0001, 0x0001, 0x0001, 0x0001, 0x0001, 0x0001, 0x0001, 0x0001, 0x0001, 0x0002, 0x0027, 0x00D1, 0x0177,
  0x0000, 0x0000, 0x0000, 0x0000, 0x0000, 0x0000, 0x0000, 0x0000, 0x0000, 0x0000, 0x0000, 0x0000, 0x0000, 0x0000, 0x0000, 0x0000,
  0x0000, 0x0000, 0x0000, 0x0000, 0x0000, 0x0000, 0x0000, 0x0000, 0x0000, 0x0000, 0x0000, 0x0000, 0x0000, 0x0000, 0x0000, 0x0000,
  0x0000, 0x0000, 0x0000, 0x0000, 0x0000, 0x0000, 0x0000, 0x0000, 0x0000, 0x0000, 0x0000, 0x0000, 0x0000, 0x0000, 0x0000, 0x0000,
  0x0000, 0x0000, 0x0000, 0x0000, 0x0000, 0x0000, 0x0000, 0x0000, 0x0000, 0x0000, 0x0000, 0x0000, 0x0000, 0x0000, 0x0000, 0x0177,
  0x006D, 0x0004, 0x0001, 0x0001, 0x0001, 0x0001, 0x0001, 0x0001, 0x0001, 0x0001, 0x0001, 0x0001, 0x0001, 0x0001, 0x0001, 0x0001,
  0x0001, 0x0001, 0x2080, 0x7B06, 0xB4EB, 0xCCE9, 0xCC87, 0xCC65, 0xDCA4, 0xDCC4, 0xDCA4, 0xDCA4, 0xDCA3, 0xDCA3, 0xDCA4, 0xD444,
  0xDCE5, 0xC402, 0xAB00, 0xAB00, 0xA300, 0xA300, 0x9AE1, 0xA302, 0xA302, 0xA302, 0xA302, 0xA323, 0xA323, 0xA323, 0xA323, 0x9B65,
  0x9B65, 0x9B65, 0x9346, 0xB46A, 0xCD6E, 0xFF16, 0xFF37, 0xFF37, 0xEF37, 0xF737, 0xF737, 0xF737, 0xF738, 0xF738, 0xF738, 0xF738,
  0xFF37, 0xFF37, 0xFF37, 0xFF16, 0xFF16, 0xF6B3, 0xEE10, 0xDD8D, 0xDDAB, 0xDD2A, 0xCCE9, 0xCC65, 0xB383, 0xAB43, 0xAB43, 0xAB42,
  0xAB42, 0xAB42, 0xA302, 0xA302, 0xAB41, 0xA302, 0xB383, 0xCC65, 0xDD08, 0xE528, 0xE528, 0xE589, 0xE528, 0xE568, 0xE589, 0xE589,
  0xBBC2, 0xAB42, 0xAB42, 0xA301, 0xA302, 0xAB42, 0xAB42, 0xAB43, 0xAB43, 0xA323, 0xA323, 0xA323, 0xCCEB, 0xF6B3, 0xDD8D, 0xB386,
  0x9B65, 0x9303, 0xA323, 0xA363, 0xA363, 0x9BE5, 0xCC87, 0xDD08, 0xC404, 0xAB42, 0xA302, 0xB383, 0xDD2A, 0xCCE9, 0xA363, 0xB427,
  0xEE10, 0xFED4, 0xFF15, 0xFF16, 0xFF16, 0xFF16, 0xFF15, 0xFF37, 0xEE71, 0xA550, 0xB46A, 0x9BE8, 0x62E6, 0x41A1, 0x7AA1, 0xD4E7,
  0xEEC6, 0xEEC6, 0xEEE4, 0xEEE4, 0xEEE4, 0xEEE4, 0xEEE4, 0xEEE4, 0xEEE4, 0xEEC6, 0xEEEB, 0xCD8B, 0x5A22, 0x0060, 0x0001, 0x1860,
  0x0001, 0x0001, 0x0001, 0x0001, 0x0001, 0x0001, 0x0001, 0x0001, 0x0001, 0x0001, 0x0001, 0x0001, 0x0001, 0x0002, 0x0027, 0x00D1,
  0x0177, 0x0000, 0x0000, 0x0000, 0x0000, 0x0000, 0x0000, 0x0000, 0x0000, 0x0000, 0x0000, 0x0000, 0x0000, 0x0000, 0x0000, 0x0000,
  0x0000, 0x0000, 0x0000, 0x0000, 0x0000, 0x0000, 0x0000, 0x0000, 0x0000, 0x0000, 0x0000, 0x0000, 0x0000, 0x0000, 0x0000, 0x0000,
  0x0000, 0x0000, 0x0000, 0x0000, 0x0000, 0x0000, 0x0000, 0x0000, 0x0000, 0x0000, 0x0000, 0x0000, 0x0000, 0x0000, 0x0000, 0x0000,
  0x0000, 0x0000, 0x0000, 0x0000, 0x0000, 0x0000, 0x0000, 0x0000, 0x0000, 0x0000, 0x0000, 0x0000, 0x0000, 0x09DC, 0x0177, 0x006D,
  0x0027, 0x0002, 0x0001, 0x0001, 0x0001, 0x0001, 0x0001, 0x0001, 0x0001, 0x0001, 0x0001, 0x0001, 0x0001, 0x0001, 0x0001, 0x0800,
  0x0001, 0x3100, 0x9346, 0xCCEB, 0xCCEB, 0xCCE9, 0xD4E7, 0xD485, 0xDCA4, 0xDCA4, 0xDCC4, 0xDCA2, 0xDCA4, 0xDCA4, 0xD444, 0xDCE5,
  0xD444, 0xB382, 0xAB00, 0xA301, 0xA300, 0xA301, 0xA301, 0xA301, 0xA302, 0xA302, 0xA302, 0xA302, 0xA323, 0xA323, 0xA323, 0xA323,
  0xA323, 0x9B65, 0x9B65, 0x9B65, 0x9BE8, 0xC50D, 0xFED4, 0xFF16, 0xFF16, 0xEF37, 0xF737, 0xF737, 0xF737, 0xF737, 0xF738, 0xFF18,
  0xF737, 0xF737, 0xFF37, 0xFF37, 0xFF16, 0xFF16, 0xFED4, 0xF692, 0xEE10, 0xD54B, 0xCCE9, 0xB3E5, 0xB383, 0xA363, 0xA323, 0xAB42,
  0xA302, 0xAB42, 0xA302, 0xAB42, 0xAB42, 0xA3E2, 0xCC65, 0xCC87, 0xE507, 0xE528, 0xE589, 0xE528, 0xE589, 0xE568, 0xE589, 0xDCE6,
  0xAB41, 0xAB41, 0xAB42, 0xA302, 0xA302, 0xAB42, 0xA302, 0xAB43, 0xAB43, 0xA302, 0x9AE1, 0xB386, 0xDD8D, 0xDD2A, 0x9B65, 0xA323,
  0x9B65, 0x9B65, 0xB383, 0xA363, 0xB383, 0xCC65, 0xDD2A, 0xE528, 0xDD08, 0xDD08, 0xD4E7, 0xCCE9, 0xDD2A, 0xBC25, 0x9B65, 0xCD6E,
  0xF6B3, 0xFED5, 0xFF16, 0xFF16, 0xFF37, 0xF737, 0xF716, 0xFF16, 0xFF15, 0xFF15, 0xFF16, 0xF758, 0xEE70, 0x9BE5, 0x41A1, 0x5A22,
  0xEEC6, 0xEEE4, 0xEEE4, 0xEEE4, 0xEEE4, 0xEEE4, 0xEEE4, 0xEEE4, 0xEEE4, 0xEEE4, 0xEEC8, 0x9BE5, 0x41A1, 0x41A1, 0x1860, 0x0060,
  0x0800, 0x0001, 0x0001, 0x0001, 0x0001, 0x0001, 0x0001, 0x0001, 0x0001, 0x0001, 0x0001, 0x0001, 0x0001, 0x0001, 0x0004, 0x0027,
  0x00D1, 0x0177, 0x0000, 0x0000, 0x0000, 0x0000, 0x0000, 0x0000, 0x0000, 0x0000, 0x0000, 0x0000, 0x0000, 0x0000, 0x0000, 0x0000,
  0x0000, 0x0000, 0x0000, 0x0000, 0x0000, 0x0000, 0x0000, 0x0000, 0x0000, 0x0000, 0x0000, 0x0000, 0x0000, 0x0000, 0x0000, 0x0000,
  0x0000, 0x0000, 0x0000, 0x0000, 0x0000, 0x0000, 0x0000, 0x0000, 0x0000, 0x0000, 0x0000, 0x0000, 0x0000, 0x0000, 0x0000, 0x0000,
  0x0000, 0x0000, 0x0000, 0x0000, 0x0000, 0x0000, 0x0000, 0x0000, 0x0000, 0x0000, 0x0000, 0x0000, 0x0000, 0x0177, 0x00D1, 0x0004,
  0x0001, 0x0001, 0x0001, 0x0001, 0x0001, 0x0001, 0x0001, 0x0001, 0x0001, 0x0001, 0x0001, 0x0001, 0x0001, 0x0001, 0x0001, 0x0800,
  0x3922, 0x9B87, 0xCCEB, 0xCC69, 0xBC25, 0xD4E7, 0xD485, 0xDCE5, 0xDCA3, 0xDCA4, 0xCC65, 0xDCA2, 0xCC65, 0xDCA4, 0xD485, 0xCC65,
  0xB382, 0xA300, 0xA300, 0xA301, 0xA300, 0xA301, 0xA301, 0xA301, 0xA302, 0xA302, 0xA302, 0xA302, 0xA302, 0xA323, 0xA323, 0xA323,
  0xA323, 0xA323, 0xA323, 0x9B65, 0x9B65, 0x9B65, 0xB4EB, 0xEE71, 0xFF16, 0xFF16, 0xEF37, 0xFF37, 0xF737, 0xF737, 0xF737, 0xF737,
  0xF738, 0xF738, 0xF758, 0xFF37, 0xF737, 0xFF16, 0xFF16, 0xFED5, 0xFED4, 0xEE70, 0xD54B, 0xCC69, 0xB427, 0xB3E5, 0xA323, 0xAB42,
  0xA363, 0xAB42, 0xAB42, 0xA302, 0xAB42, 0xC404, 0xDCE6, 0xDCE6, 0xE528, 0xE589, 0xE568, 0xE568, 0xE568, 0xE568, 0xE507, 0xC404,
  0xAB41, 0xAB41, 0xAB41, 0xA302, 0xA302, 0xAB42, 0xA302, 0xAB43, 0xA302, 0x9AE1, 0x9AE1, 0xA323, 0xB386, 0xAB43, 0xA323, 0x9B65,
  0xAB43, 0xB383, 0xA363, 0xAB43, 0xB383, 0xD4E7, 0xE528, 0xE528, 0xDD08, 0xE568, 0xE568, 0xDD2A, 0xCC65, 0xA363, 0xB46A, 0xFED4,
  0xFED4, 0xEEF6, 0xFF37, 0xF737, 0xFF37, 0xF737, 0xFF16, 0xFF16, 0xF737, 0xFF14, 0xF716, 0xFF15, 0xEF37, 0xFF14, 0x7AA1, 0x7AA1,
  0xEEC6, 0xEEC6, 0xEEC6, 0xEEE4, 0xEEC6, 0xEEE4, 0xEEC6, 0xEEE4, 0xEEE4, 0xEEC6, 0xEEC8, 0xA3E2, 0x41A1, 0xC675, 0x94AE, 0x2102,
  0x0001, 0x0800, 0x0001, 0x0001, 0x0001, 0x0001, 0x0001, 0x0001, 0x0001, 0x0001, 0x0001, 0x0001, 0x0001, 0x0001, 0x0001, 0x0001,
  0x0027, 0x00D1, 0x09DC, 0x0000, 0x0000, 0x0000, 0x0000, 0x0000, 0x0000, 0x0000, 0x0000, 0x0000, 0x0000, 0x0000, 0x0000, 0x0000,
  0x0000, 0x0000, 0x0000, 0x0000, 0x0000, 0x0000, 0x0000, 0x0000, 0x0000, 0x0000, 0x0000, 0x0000, 0x0000, 0x0000, 0x0000, 0x0000,
  0x0000, 0x0000, 0x0000, 0x0000, 0x0000, 0x0000, 0x0000, 0x0000, 0x0000, 0x0000, 0x0000, 0x0000, 0x0000, 0x0000, 0x0000, 0x0000,
  0x0000, 0x0000, 0x0000, 0x0000, 0x0000, 0x0000, 0x0000, 0x0000, 0x0000, 0x0000, 0x0000, 0x09DC, 0x0177, 0x00D1, 0x0027, 0x0002,
  0x0001, 0x0001, 0x0001, 0x0001, 0x0001, 0x0001, 0x0001, 0x0001, 0x0001, 0x0001, 0x0001, 0x0001, 0x0001, 0x0001, 0x0001, 0x3100,
  0xB46A, 0xCCEB, 0xCC87, 0xD4E7, 0xD4E7, 0xDCE5, 0xDCE5, 0xDCA3, 0xDCA3, 0xDCA3, 0xDCA4, 0xDCA4, 0xDCA2, 0xDCA4, 0xD444, 0xD444,
  0xAB40, 0xA300, 0xA301, 0xA301, 0xAAE0, 0x9AE1, 0xA301, 0xA301, 0xA302, 0xA302, 0xA302, 0xA302, 0xA302, 0xA302, 0xA323, 0xA323,
  0xA323, 0xA323, 0xA323, 0xA363, 0x9B65, 0x9B65, 0x9303, 0x9B87, 0xB46A, 0xE631, 0xFF16, 0xFF16, 0xFF16, 0xF737, 0xF737, 0xF737,
  0xF737, 0xF738, 0xFF79, 0xF758, 0xFF18, 0xF737, 0xFF16, 0xFF16, 0xFF15, 0xFED4, 0xF692, 0xDD8D, 0xDD2A, 0xB427, 0xB3E5, 0xA323,
  0xAB42, 0xAB42, 0xAB42, 0xAB41, 0xB382, 0xBC25, 0xDCE6, 0xE528, 0xE568, 0xE568, 0xE568, 0xE568, 0xED88, 0xE507, 0xC404, 0xB382,
  0xAB41, 0xAB41, 0x9AE1, 0xAB41, 0xA302, 0xA302, 0xA302, 0xAB43, 0xA302, 0x9AE1, 0x9AE1, 0x7AA1, 0x9AE1, 0xA323, 0xA323, 0x9B65,
  0xAB43, 0xB386, 0xB383, 0xB3E5, 0xDD08, 0xE528, 0xE528, 0xE528, 0xE528, 0xDD2A, 0xE528, 0xE58A, 0xCCE9, 0x9BE5, 0xB427, 0xCD6E,
  0xCDF1, 0xFED5, 0xF737, 0xF737, 0xFF37, 0xEEF6, 0xFF16, 0xFF16, 0xFF15, 0xF716, 0xF716, 0xFF16, 0xF737, 0xFF14, 0x7B06, 0x5A00,
  0xCCE9, 0xEEC6, 0xEEC6, 0xEEC6, 0xEEC6, 0xEEC6, 0xEEC8, 0xEEC8, 0xEEC6, 0xEEC8, 0xEEC8, 0xA3E2, 0x62E6, 0xEF0E, 0xE758, 0xD594,
  0x41E7, 0x0001, 0x0001, 0x0001, 0x0001, 0x0001, 0x0001, 0x0001, 0x0001, 0x0001, 0x0001, 0x0001, 0x0001, 0x0001, 0x0001, 0x0001,
  0x0004, 0x004A, 0x00D1, 0x11DA, 0x0000, 0x0000, 0x0000, 0x0000, 0x0000, 0x0000, 0x0000, 0x0000, 0x0000, 0x0000, 0x0000, 0x0000,
  0x0000, 0x0000, 0x0000, 0x0000, 0x0000, 0x0000, 0x0000, 0x0000, 0x0000, 0x0000, 0x0000, 0x0000, 0x0000, 0x0000, 0x0000, 0x0000,
  0x0000, 0x0000, 0x0000, 0x0000, 0x0000, 0x0000, 0x0000, 0x0000, 0x0000, 0x0000, 0x0000, 0x0000, 0x0000, 0x0000, 0x0000, 0x0000,
  0x0000, 0x0000, 0x0000, 0x0000, 0x0000, 0x0000, 0x0000, 0x0000, 0x0000, 0x0000, 0x0000, 0x09DC, 0x00D1, 0x0027, 0x0002, 0x0001,
  0x0001, 0x0001, 0x0001, 0x0001, 0x0001, 0x0001, 0x0001, 0x0001, 0x0001, 0x0001, 0x0001, 0x0001, 0x0001, 0x1000, 0x5A43, 0x9C2B,
  0xCC69, 0xBC25, 0xD444, 0xDCA4, 0xDCA3, 0xDCA3, 0xDCA3, 0xDCA4, 0xDCA4, 0xDCA4, 0xDCA4, 0xDCA4, 0xCC65, 0xDCE5, 0xD444, 0xC404,
  0xA300, 0xA300, 0xA301, 0xA301, 0xA302, 0xAAE0, 0xA301, 0xA301, 0xA302, 0xA302, 0xA302, 0xA302, 0xA302, 0xA302, 0xA302, 0xA302,
  0xA302, 0xA323, 0xA323, 0xA323, 0xA323, 0xA323, 0x9B65, 0x9346, 0x9B65, 0x9BE8, 0xE5D0, 0xFF15, 0xFF37, 0xFF16, 0xF737, 0xF737,
  0xF737, 0xF737, 0xF738, 0xF758, 0xF738, 0xFF18, 0xF737, 0xFF37, 0xFF16, 0xFF16, 0xFF15, 0xFEF2, 0xE5D0, 0xCCEB, 0xCC87, 0xB3E5,
  0xB3E5, 0xB383, 0xAB42, 0xB383, 0xC404, 0xCC87, 0xE507, 0xE568, 0xE568, 0xE568, 0xE568, 0xED88, 0xE568, 0xD485, 0xB382, 0xAB40,
  0xAB41, 0x9AE1, 0xAB41, 0xA302, 0xA301, 0xA302, 0xA302, 0xA302, 0xA302, 0x9AE1, 0x9AE1, 0x9AE1, 0xA323, 0xA323, 0xAB43, 0xAB43,
  0xB383, 0xB383, 0xB383, 0xCC65, 0xE528, 0xE568, 0xE528, 0xE528, 0xE528, 0xE528, 0xDD69, 0xE5AB, 0xE5EE, 0xE5EE, 0xB46A, 0x9BE8,
  0xB4EB, 0xCD71, 0xFF37, 0xFF37, 0xFF37, 0xF737, 0xFED5, 0xFED5, 0xFF16, 0xFF16, 0xEEF6, 0xFF16, 0xFF37, 0xF737, 0x7B06, 0x5A00,
  0xEEEB, 0xEEEB, 0xEEEB, 0xEEC8, 0xEEC8, 0xA3E2, 0xEEC6, 0xEEC8, 0xEEEB, 0xEEEB, 0xEEEB, 0x62E6, 0x7AA1, 0xE758, 0xFF79, 0xD699,
  0xF6F7, 0x41E7, 0x0001, 0x0001, 0x0001, 0x0001, 0x0001, 0x0001, 0x0001, 0x0001, 0x0001, 0x0001, 0x0001, 0x0001, 0x0001, 0x0001,
  0x0001, 0x0002, 0x006D, 0x00D1, 0x09DC, 0x0000, 0x0000, 0x0000, 0x0000, 0x0000, 0x0000, 0x0000, 0x0000, 0x0000, 0x0000, 0x0000,
  0x0000, 0x0000, 0x0000, 0x0000, 0x0000, 0x0000, 0x0000, 0x0000, 0x0000, 0x0000, 0x0000, 0x0000, 0x0000, 0x0000, 0x0000, 0x0000,
  0x0000, 0x0000, 0x0000, 0x0000, 0x0000, 0x0000, 0x0000, 0x0000, 0x0000, 0x0000, 0x0000, 0x0000, 0x0000, 0x0000, 0x0000, 0x0000,
  0x0000, 0x0000, 0x0000, 0x0000, 0x0000, 0x0000, 0x0000, 0x0000, 0x0000, 0x0000, 0x09DC, 0x00D1, 0x004A, 0x0004, 0x0001, 0x0001,
  0x0001, 0x0001, 0x0001, 0x0001, 0x0001, 0x0001, 0x0001, 0x0001, 0x0001, 0x0001, 0x0001, 0x0800, 0x0001, 0x3100, 0xB46A, 0xCC69,
  0xBC25, 0xCC65, 0xCC65, 0xDCC3, 0xDCA3, 0xDCA3, 0xDCA3, 0xDCA3, 0xDCA4, 0xDCA4, 0xD444, 0xDCA4, 0xDCA4, 0xD444, 0xC404, 0xB382,
  0xA300, 0xA302, 0xA301, 0xA301, 0xA302, 0x9AE1, 0xA301, 0xA301, 0xA302, 0xA302, 0xA302, 0xA302, 0xA302, 0xA302, 0xA302, 0xA302,
  0xA302, 0xA323, 0xAB43, 0xA323, 0xAB43, 0xA323, 0xA323, 0x9B65, 0x9B65, 0x9B65, 0x9BE8, 0xCD6E, 0xF6B3, 0xFF37, 0xFF37, 0xFF37,
  0xF737, 0xF737, 0xF738, 0xF758, 0xF738, 0xF758, 0xF738, 0xF737, 0xFF37, 0xFF37, 0xFF16, 0xFF15, 0xFED4, 0xEE10, 0xCCEB, 0xCC69,
  0xCC69, 0xBC25, 0xB3E5, 0xC404, 0xCC65, 0xDCE6, 0xE528, 0xE528, 0xE568, 0xE568, 0xE567, 0xED88, 0xE567, 0xC404, 0xA3E2, 0xA300,
  0xAB41, 0xAB41, 0x9AE1, 0xAB41, 0xA302, 0xA302, 0xA302, 0xA302, 0xAAE0, 0x9AE1, 0x9AE1, 0x9AE1, 0xA323, 0xA323, 0xAB43, 0xAB43,
  0xAB43, 0xAB43, 0xC404, 0xCC87, 0xE568, 0xE528, 0xE528, 0xE568, 0xE58A, 0xE58A, 0xDD2A, 0xE5EE, 0xFEF2, 0xFF14, 0xEE71, 0xC50D,
  0xA4AF, 0x9C2B, 0xC50D, 0xDE75, 0xFF37, 0xEEF6, 0xFF16, 0xFF16, 0xFF16, 0xFED5, 0xFF37, 0xFF16, 0xF739, 0xE631, 0x41A1, 0x5A00,
  0xD5EE, 0xEF0E, 0xEF0E, 0xB4EB, 0x5A22, 0x29C4, 0x41A1, 0xA3E2, 0xCD8B, 0xEEEB, 0xD5EE, 0x7AA1, 0x29C4, 0xD5EE, 0xE758, 0xF6F7,
  0xDE75, 0xE758, 0x72A9, 0x0001, 0x0001, 0x0800, 0x0001, 0x0001, 0x0001, 0x0001, 0x0001, 0x0001, 0x0001, 0x0001, 0x0001, 0x0001,
  0x0001, 0x0001, 0x0004, 0x006D, 0x0177, 0x09DC, 0x0000, 0x0000, 0x0000, 0x0000, 0x0000, 0x0000, 0x0000, 0x0000, 0x0000, 0x0000,
  0x0000, 0x0000, 0x0000, 0x0000, 0x0000, 0x0000, 0x0000, 0x0000, 0x0000, 0x0000, 0x0000, 0x0000, 0x0000, 0x0000, 0x0000, 0x0000,
  0x0000, 0x0000, 0x0000, 0x0000, 0x0000, 0x0000, 0x0000, 0x0000, 0x0000, 0x0000, 0x0000, 0x0000, 0x0000, 0x0000, 0x0000, 0x0000,
  0x0000, 0x0000, 0x0000, 0x0000, 0x0000, 0x0000, 0x0000, 0x0000, 0x0000, 0x09DC, 0x0177, 0x006D, 0x0004, 0x0001, 0x0001, 0x0001,
  0x0001, 0x0001, 0x0001, 0x0001, 0x0001, 0x0001, 0x0001, 0x0001, 0x0001, 0x0001, 0x0001, 0x1000, 0x3100, 0x7B06, 0xB386, 0xB3E5,
  0xBC25, 0xCC22, 0xDCA4, 0xDCA4, 0xDCA4, 0xDCA4, 0xDCA4, 0xDCA4, 0xDCA4, 0xD444, 0xDCA4, 0xCC65, 0xDCA4, 0xCC65, 0xBBC2, 0xAB41,
  0xA302, 0xA300, 0xA301, 0xA302, 0xA302, 0xA301, 0xA302, 0xA302, 0xA302, 0xA302, 0xA302, 0xA302, 0xA302, 0xA302, 0xA302, 0xA302,
  0xA323, 0xA302, 0xA302, 0xAB43, 0xA323, 0xAB43, 0xA323, 0xAB43, 0xA323, 0x9B65, 0x9B65, 0x9BE5, 0xCC6B, 0xEE71, 0xFF16, 0xFF37,
  0xFF37, 0xFF79, 0xF737, 0xF738, 0xF738, 0xEF38, 0xF738, 0xF738, 0xF738, 0xF737, 0xF737, 0xFF15, 0xFF15, 0xFED4, 0xEE70, 0xDD8D,
  0xD54B, 0xCCE9, 0xCC69, 0xCC87, 0xD4E7, 0xE528, 0xE528, 0xE528, 0xE528, 0xE568, 0xE567, 0xED88, 0xE568, 0xD485, 0xBBC2, 0xAB41,
  0xA300, 0x9AE1, 0xAB41, 0x9AE1, 0xA301, 0xAB42, 0xA302, 0xA302, 0xA302, 0x9AE1, 0xA323, 0xA323, 0xA323, 0xA323, 0xAB43, 0xAB43,
  0xAB43, 0xA302, 0xC404, 0xE528, 0xE528, 0xE568, 0xE528, 0xE58A, 0xE58A, 0xE58A, 0xE5EE, 0xF692, 0xFED4, 0xFF16, 0xFF37, 0xF737,
  0xEE93, 0xCD71, 0x9BE8, 0x9C2B, 0xE631, 0xEEF6, 0xFF16, 0xFF16, 0xEEF6, 0xEE93, 0xFF37, 0xFF79, 0xFF37, 0x9BE8, 0x28E0, 0xB4EB,
  0xD5EE, 0xCD8B, 0xA3E2, 0x41A1, 0x7AA1, 0x9BE5, 0xA3E2, 0x41A1, 0x5A00, 0xCCE9, 0xEF0E, 0x9BE5, 0x5A22, 0x7349, 0xEF37, 0xEEF6,
  0xEEF6, 0xD699, 0xEEF6, 0x6308, 0x0001, 0x0001, 0x0060, 0x0001, 0x0001, 0x0001, 0x0001, 0x0001, 0x0001, 0x0001, 0x0001, 0x0001,
  0x0001, 0x0001, 0x0001, 0x0004, 0x006D, 0x0177, 0x0000, 0x0000, 0x0000, 0x0000, 0x0000, 0x0000, 0x0000, 0x0000, 0x0000, 0x0000,
  0x0000, 0x0000, 0x0000, 0x0000, 0x0000, 0x0000, 0x0000, 0x0000, 0x0000, 0x0000, 0x0000, 0x0000, 0x0000, 0x0000, 0x0000, 0x0000,
  0x0000, 0x0000, 0x0000, 0x0000, 0x0000, 0x0000, 0x0000, 0x0000, 0x0000, 0x0000, 0x0000, 0x0000, 0x0000, 0x0000, 0x0000, 0x0000,
  0x0000, 0x0000, 0x0000, 0x0000, 0x0000, 0x0000, 0x0000, 0x0000, 0x09DC, 0x0177, 0x006D, 0x0027, 0x0001, 0x0001, 0x0001, 0x0001,
  0x0001, 0x0001, 0x0001, 0x0001, 0x0001, 0x0001, 0x0001, 0x0001, 0x0001, 0x0800, 0x1000, 0x51C3, 0x9B87, 0x9346, 0x9B65, 0xAB41,
  0xA3E2, 0xBBC2, 0xC402, 0xDCA4, 0xDCA2, 0xDCA4, 0xDCA2, 0xDCA4, 0xCC22, 0xDCA3, 0xDCA4, 0xCC65, 0xD444, 0xBBC2, 0xAB41, 0xA302,
  0xA300, 0xA301, 0xA301, 0xAAE0, 0xA302, 0xA302, 0xA302, 0xA302, 0xA302, 0xA302, 0xA302, 0xA302, 0xA323, 0xA302, 0xA302, 0xA302,
  0xA302, 0xA302, 0xA323, 0xA301, 0xA323, 0xA323, 0xA323, 0xA323, 0xAB43, 0xA323, 0x9B65, 0x9B65, 0x9B65, 0xB46A, 0xCD6E, 0xF6B3,
  0xFF16, 0xFF37, 0xFF37, 0xF737, 0xF737, 0xF738, 0xEF38, 0xF738, 0xEF37, 0xF737, 0xF737, 0xFF16, 0xFF16, 0xFF15, 0xFED4, 0xEE71,
  0xF692, 0xDD8D, 0xD54B, 0xDD2A, 0xDD2A, 0xDD69, 0xE528, 0xE589, 0xE567, 0xE528, 0xED88, 0xED88, 0xED88, 0xE567, 0xDCE6, 0xC404,
  0xB382, 0xAB41, 0x9AE1, 0xA302, 0xA302, 0xA301, 0xA302, 0xA302, 0xA301, 0xA302, 0xA302, 0xA301, 0xA323, 0xAB43, 0xAB43, 0xAB43,
  0xA302, 0xC404, 0xCC87, 0xE528, 0xE528, 0xE528, 0xE58A, 0xE528, 0xD54B, 0xDD8D, 0xEE10, 0xFF14, 0xFF15, 0xF716, 0xF716, 0xF737,
  0xF737, 0xEF37, 0xD5F4, 0x9C2B, 0x9C2B, 0xC50D, 0xD5F4, 0xFF16, 0xFF37, 0xFF37, 0xEEF6, 0xFF79, 0xDE75, 0x41A1, 0x7AC3, 0xEE93,
  0xEE71, 0x41A1, 0x3100, 0xB4EB, 0xEE71, 0xFEF2, 0xEE71, 0x9BE8, 0x5A00, 0x5A00, 0xD5EE, 0xEF0E, 0x62E6, 0x7AA1, 0xC675, 0xEEF6,
  0xDE75, 0xEF37, 0xF6F7, 0xE758, 0x7349, 0x0001, 0x0800, 0x0800, 0x0001, 0x0001, 0x0001, 0x0001, 0x0001, 0x0001, 0x0001, 0x0001,
  0x0001, 0x0001, 0x0001, 0x0002, 0x0027, 0x00D1, 0x11DA, 0x09DC, 0x0000, 0x0000, 0x0000, 0x0000, 0x0000, 0x0000, 0x0000, 0x0000,
  0x0000, 0x0000, 0x0000, 0x0000, 0x0000, 0x0000, 0x0000, 0x0000, 0x0000, 0x0000, 0x0000, 0x0000, 0x0000, 0x0000, 0x0000, 0x0000,
  0x0000, 0x0000, 0x0000, 0x0000, 0x0000, 0x0000, 0x0000, 0x0000, 0x0000, 0x0000, 0x0000, 0x0000, 0x0000, 0x0000, 0x0000, 0x0000,
  0x0000, 0x0000, 0x0000, 0x0000, 0x0000, 0x0000, 0x0000, 0x0000, 0x11DA, 0x00D1, 0x0027, 0x0001, 0x0001, 0x0001, 0x0001, 0x0001,
  0x0001, 0x0001, 0x0001, 0x0001, 0x0001, 0x0001, 0x0001, 0x0001, 0x0800, 0x0001, 0x41A1, 0x9B87, 0x9346, 0x9BE5, 0xA363, 0xA300,
  0xAB40, 0xAB41, 0xBBC1, 0xC402, 0xC404, 0xDCA2, 0xD444, 0xDCA4, 0xDCA4, 0xDCA4, 0xD444, 0xDCA4, 0xC404, 0xAB41, 0x9AE1, 0xA300,
  0xA302, 0xA301, 0xAAE0, 0xA301, 0xA302, 0xA302, 0xA302, 0xA302, 0xA302, 0xA302, 0xA302, 0xA302, 0xA302, 0xA302, 0xA302, 0xA302,
  0xA302, 0xA302, 0xA302, 0xA323, 0xA301, 0xAB43, 0xA323, 0xAB43, 0xA323, 0xAB43, 0xA323, 0xA363, 0x9B65, 0x9B65, 0x9BE5, 0xC50D,
  0xE631, 0xFED5, 0xFF37, 0xFF37, 0xF737, 0xEF37, 0xEF38, 0xEF38, 0xF738, 0xF738, 0xF737, 0xF737, 0xF737, 0xFF16, 0xFF16, 0xFF15,
  0xFF15, 0xF692, 0xD5EE, 0xDDAB, 0xDD2A, 0xE58A, 0xE568, 0xE568, 0xE589, 0xE589, 0xE567, 0xE567, 0xED88, 0xED88, 0xE589, 0xE507,
  0xD4E7, 0xC404, 0xAB41, 0xA302, 0xA302, 0xA302, 0xA302, 0xA302, 0xA301, 0xA302, 0xA302, 0xAB43, 0xA301, 0xAB43, 0xAB43, 0xA302,
  0xAB43, 0xD485, 0xE528, 0xE528, 0xE528, 0xE528, 0xE528, 0xE5AB, 0xD54B, 0xE5EE, 0xF6B3, 0xFF15, 0xFF15, 0xF737, 0xEEF6, 0xEEF6,
  0xFF15, 0xEF37, 0xFF79, 0xEE93, 0xCD71, 0x9C2B, 0x9BE8, 0xCD71, 0xE676, 0xFF79, 0xFF37, 0xFF79, 0xEE93, 0x7AC3, 0x41A1, 0x9C2B,
  0x7AC3, 0x41A1, 0xB4EB, 0xF716, 0xFED5, 0xFF79, 0xFF37, 0xFF15, 0x9C2B, 0x5A00, 0x7B06, 0xD5EE, 0x62E6, 0x7AC3, 0xCDF1, 0xEF37,
  0xDE75, 0xEEF6, 0xDE75, 0xF739, 0xF739, 0x4A24, 0x0001, 0x1860, 0x0001, 0x0001, 0x0001, 0x0001, 0x0001, 0x0001, 0x0001, 0x0001,
  0x0001, 0x0001, 0x0001, 0x0001, 0x0001, 0x0004, 0x00D1, 0x11DA, 0x0000, 0x0000, 0x0000, 0x0000, 0x0000, 0x0000, 0x0000, 0x0000,
  0x0000, 0x0000, 0x0000, 0x0000, 0x0000, 0x0000, 0x0000, 0x0000, 0x0000, 0x0000, 0x0000, 0x0000, 0x0000, 0x0000, 0x0000, 0x0000,
  0x0000, 0x0000, 0x0000, 0x0000, 0x0000, 0x0000, 0x0000, 0x0000, 0x0000, 0x0000, 0x0000, 0x0000, 0x0000, 0x0000, 0x0000, 0x0000,
  0x0000, 0x0000, 0x0000, 0x0000, 0x0000, 0x0000, 0x0000, 0x11DA, 0x00D1, 0x004A, 0x0002, 0x0001, 0x0001, 0x0001, 0x0001, 0x0001,
  0x0001, 0x0001, 0x0001, 0x0001, 0x0001, 0x0001, 0x0001, 0x0800, 0x1000, 0x3100, 0x9346, 0x9303, 0x9303, 0xAB41, 0x8B02, 0xA300,
  0xA300, 0xAB40, 0xAB41, 0xBBC1, 0xC402, 0xDCA4, 0xD444, 0xDCA4, 0xDCA4, 0xC404, 0xD444, 0xCC65, 0xB382, 0xA300, 0xA300, 0xA301,
  0xA301, 0xA301, 0x9AE1, 0xA302, 0xA302, 0xA302, 0xA302, 0xA302, 0xA302, 0xA302, 0xA302, 0xA302, 0xA302, 0xA302, 0xA302, 0xA302,
  0xA302, 0xA302, 0xA302, 0xA302, 0xAB43, 0xA301, 0xA323, 0xAB43, 0xA323, 0xA323, 0xAB43, 0xA323, 0xA363, 0x9B65, 0x9B65, 0x9B65,
  0xB46A, 0xE5D0, 0xFED5, 0xFF37, 0xFF37, 0xF737, 0xF737, 0xF738, 0xF738, 0xF758, 0xF738, 0xF737, 0xF737, 0xF737, 0xFF16, 0xFF16,
  0xFF16, 0xFED5, 0xF692, 0xEE10, 0xE5EE, 0xDD8D, 0xE58A, 0xE58A, 0xE589, 0xE589, 0xE589, 0xE567, 0xE589, 0xE589, 0xE567, 0xE507,
  0xE568, 0xDCE6, 0xBC25, 0xAB41, 0xA302, 0xA302, 0xA302, 0xA302, 0xA302, 0xA302, 0xA302, 0xA302, 0xA302, 0xA302, 0xAB42, 0xB383,
  0xD444, 0xE528, 0xE528, 0xE528, 0xE507, 0xE528, 0xE58A, 0xDD2A, 0xDD8D, 0xF692, 0xFF15, 0xFF16, 0xF737, 0xF737, 0xEF37, 0xEF37,
  0xEF37, 0xF737, 0xFF15, 0xFF37, 0xFF16, 0xCD71, 0x7B69, 0x9C2B, 0xFED5, 0xF737, 0xEEF6, 0xFF16, 0xF737, 0xBCF0, 0x7AC3, 0x41A1,
  0x4120, 0x9BE8, 0xEEF6, 0xFF37, 0xFED5, 0xEEF6, 0xFF37, 0xFF16, 0xCDF1, 0x7B06, 0x41A1, 0x41A1, 0x41A1, 0xB4EB, 0xEEF6, 0xEEF6,
  0xEEF6, 0xEEF6, 0xEEF6, 0xE758, 0xF6F7, 0xD699, 0x4A24, 0x0001, 0x0001, 0x0001, 0x0001, 0x0001, 0x0001, 0x0001, 0x0001, 0x0001,
  0x0001, 0x0001, 0x0001, 0x0001, 0x0001, 0x0002, 0x004A, 0x00D1, 0x09DC, 0x0000, 0x0000, 0x0000, 0x0000, 0x0000, 0x0000, 0x0000,
  0x0000, 0x0000, 0x0000, 0x0000, 0x0000, 0x0000, 0x0000, 0x0000, 0x0000, 0x0000, 0x0000, 0x0000, 0x0000, 0x0000, 0x0000, 0x0000,
  0x0000, 0x0000, 0x0000, 0x0000, 0x0000, 0x0000, 0x0000, 0x0000, 0x0000, 0x0000, 0x0000, 0x0000, 0x0000, 0x0000, 0x0000, 0x0000,
  0x0000, 0x0000, 0x0000, 0x0000, 0x0000, 0x0000, 0x09DC, 0x00D1, 0x004A, 0x0002, 0x0001, 0x0001, 0x0001, 0x0001, 0x0001, 0x0001,
  0x0001, 0x0001, 0x0001, 0x0001, 0x0001, 0x0800, 0x0800, 0x1000, 0x3060, 0x9B65, 0xA363, 0x9AE1, 0xAB42, 0xA300, 0xA300, 0x9AE1,
  0xA300, 0xA300, 0xAB40, 0xAB40, 0xA3E2, 0xC402, 0xDCA3, 0xC404, 0xDCA3, 0xDCA3, 0xCC22, 0xC404, 0xAB41, 0xA302, 0xA301, 0xA302,
  0xA301, 0xA302, 0xA302, 0xA302, 0xA302, 0xA302, 0x9AE1, 0xA302, 0xAB43, 0xAB43, 0xA302, 0xA302, 0xA302, 0xA302, 0xA302, 0xA302,
  0xA302, 0xA302, 0xA302, 0xA302, 0xA323, 0xA323, 0xAB21, 0xA323, 0xAB21, 0xA323, 0xA323, 0xAB43, 0xA323, 0xA323, 0xA363, 0x9B65,
  0x9B65, 0xB427, 0xCD6E, 0xEE93, 0xFF37, 0xFF79, 0xF737, 0xF738, 0xF758, 0xF738, 0xF758, 0xF738, 0xF737, 0xF737, 0xF737, 0xF737,
  0xF737, 0xF737, 0xFED5, 0xFED4, 0xF692, 0xEE70, 0xE5EE, 0xDDAB, 0xE58A, 0xE58A, 0xE589, 0xE589, 0xED88, 0xE567, 0xE568, 0xE568,
  0xE568, 0xE568, 0xE528, 0xBC25, 0xAB43, 0xA301, 0xA302, 0xA302, 0xA300, 0xA302, 0xA302, 0xA302, 0xA302, 0xAB41, 0xAB43, 0xD444,
  0xCC87, 0xE507, 0xE507, 0xE528, 0xE528, 0xE528, 0xE58A, 0xD54B, 0xE5D0, 0xFED5, 0xFF16, 0xF737, 0xF737, 0xF737, 0xF737, 0xF737,
  0xEF37, 0xEF37, 0xFF16, 0xFF37, 0xFED5, 0xCD6E, 0x7B69, 0xA4AF, 0xFF16, 0xE676, 0xFF16, 0xEEF6, 0xF737, 0xEEF6, 0xCD6E, 0xB4EB,
  0xB5B1, 0xEE71, 0xEEF6, 0xFED5, 0xEEF6, 0xF737, 0xFF37, 0xEF37, 0xEEF6, 0xC675, 0x9C2B, 0xB4EB, 0xB4EB, 0xEEF6, 0xF758, 0xEEF6,
  0xEF37, 0xEE93, 0xEEF6, 0xEF37, 0xF6F7, 0xF739, 0xEE97, 0x29C4, 0x0001, 0x0001, 0x0001, 0x0001, 0x0001, 0x0001, 0x0001, 0x0001,
  0x0001, 0x0001, 0x0001, 0x0001, 0x0001, 0x0001, 0x0002, 0x004A, 0x0177, 0x0000, 0x0000, 0x0000, 0x0000, 0x0000, 0x0000, 0x0000,
  0x0000, 0x0000, 0x0000, 0x0000, 0x0000, 0x0000, 0x0000, 0x0000, 0x0000, 0x0000, 0x0000, 0x0000, 0x0000, 0x0000, 0x0000, 0x0000,
  0x0000, 0x0000, 0x0000, 0x0000, 0x0000, 0x0000, 0x0000, 0x0000, 0x0000, 0x0000, 0x0000, 0x0000, 0x0000, 0x0000, 0x0000, 0x0000,
  0x0000, 0x0000, 0x0000, 0x0000, 0x0000, 0x09DC, 0x0177, 0x006D, 0x0004, 0x0002, 0x0001, 0x0001, 0x0001, 0x0001, 0x0001, 0x0001,
  0x0001, 0x0001, 0x0001, 0x0001, 0x0001, 0x0001, 0x0800, 0x1000, 0x9B87, 0x9BE5, 0xA323, 0xAB41, 0xAB41, 0x8B02, 0xA300, 0xA300,
  0xA300, 0xA300, 0xA300, 0xAB40, 0xAB40, 0xAB40, 0xA3E2, 0xC402, 0xD444, 0xCC65, 0xBBC2, 0xB382, 0xA300, 0xA300, 0xA301, 0xA301,
  0xA301, 0xA301, 0xA301, 0xA301, 0xA301, 0xA301, 0xA302, 0xA302, 0xAB43, 0xAB43, 0xAB43, 0xA302, 0xA302, 0xA302, 0xA302, 0xA301,
  0xA302, 0xA302, 0xA302, 0xA302, 0xA301, 0xA323, 0xA323, 0xAB43, 0xA302, 0xAB43, 0xA301, 0xA323, 0xAB43, 0xAB43, 0xA323, 0xA363,
  0x9B65, 0x9B65, 0x9B87, 0xB46A, 0xCDF1, 0xFED4, 0xFF37, 0xFF37, 0xF737, 0xFF18, 0xF738, 0xF738, 0xF737, 0xF737, 0xF737, 0xF737,
  0xF737, 0xF737, 0xF716, 0xFF15, 0xFF15, 0xFEF2, 0xF692, 0xEE70, 0xE5EE, 0xDDAB, 0xE58A, 0xE589, 0xE589, 0xE589, 0xE528, 0xE589,
  0xE589, 0xE528, 0xE568, 0xE528, 0xCC65, 0xA302, 0xA301, 0xA302, 0xA302, 0xA302, 0xA302, 0xA302, 0xAB41, 0xA301, 0xAB41, 0xC404,
  0xE506, 0xE528, 0xE507, 0xE528, 0xE528, 0xDD2A, 0xE58A, 0xDD8D, 0xF692, 0xFED5, 0xFF16, 0xF737, 0xF737, 0xF737, 0xF737, 0xF758,
  0xEF37, 0xFF37, 0xFF37, 0xFF16, 0xD5F4, 0x9C2B, 0x9346, 0xE5D0, 0xEEF6, 0xFF16, 0xEEF6, 0xFF37, 0xEEF6, 0xF737, 0xF737, 0xFF16,
  0xFF37, 0xFF79, 0xFF15, 0xF737, 0xFED5, 0xFF16, 0xFF16, 0xFF16, 0xEF37, 0xFF15, 0xEF37, 0xF716, 0xEF37, 0xFF15, 0xEF37, 0xFF14,
  0xEEF6, 0xEEF6, 0xEEF6, 0xF6F7, 0xEF37, 0xFF79, 0xBDF3, 0x5A89, 0x0001, 0x1860, 0x0001, 0x0001, 0x0001, 0x0001, 0x0001, 0x0001,
  0x0001, 0x0001, 0x0001, 0x0001, 0x0001, 0x0001, 0x0002, 0x0027, 0x006D, 0x0177, 0x09DC, 0x0000, 0x0000, 0x0000, 0x0000, 0x0000,
  0x0000, 0x0000, 0x0000, 0x0000, 0x0000, 0x0000, 0x0000, 0x0000, 0x0000, 0x0000, 0x0000, 0x0000, 0x0000, 0x0000, 0x0000, 0x0000,
  0x0000, 0x0000, 0x0000, 0x0000, 0x0000, 0x0000, 0x0000, 0x0000, 0x0000, 0x0000, 0x0000, 0x0000, 0x0000, 0x0000, 0x0000, 0x0000,
  0x0000, 0x0000, 0x0000, 0x0000, 0x0000, 0x11DA, 0x006D, 0x0004, 0x0002, 0x0001, 0x0001, 0x0001, 0x0001, 0x0001, 0x0001, 0x0001,
  0x0001, 0x0001, 0x0001, 0x0001, 0x0001, 0x0800, 0x1000, 0x5A43, 0xB386, 0xA3E2, 0xA302, 0x9AE1, 0x9AE1, 0xA300, 0x9AE1, 0x9AE1,
  0x9AE1, 0x9AE1, 0xA300, 0xA300, 0xA300, 0xA300, 0xAB00, 0xAB40, 0xC404, 0xC402, 0xB382, 0xA300, 0x9AE1, 0xA300, 0x9AE1, 0x9AE1,
  0xA301, 0xA323, 0x9AE1, 0xA301, 0xA302, 0xA302, 0xA302, 0xA302, 0xAB43, 0xAB43, 0xA302, 0xA302, 0xA302, 0xA302, 0xA302, 0xA301,
  0xA302, 0xA302, 0xA302, 0xA302, 0xA302, 0xA301, 0xA323, 0xA302, 0xA302, 0xA302, 0xA302, 0xAB43, 0xA323, 0xAB43, 0xA323, 0xAB43,
  0xA323, 0xA363, 0xB386, 0x9BE5, 0xCCEB, 0xE5D0, 0xFED5, 0xFF16, 0xFF16, 0xFF37, 0xF737, 0xF737, 0xF737, 0xF737, 0xF738, 0xF737,
  0xF737, 0xF737, 0xEF37, 0xF737, 0xF737, 0xFF15, 0xFF14, 0xFEF2, 0xEE71, 0xE5EE, 0xE5AB, 0xE58A, 0xE58A, 0xE589, 0xE589, 0xE528,
  0xE589, 0xE589, 0xE568, 0xDCE6, 0xB383, 0xA301, 0xAB41, 0xA300, 0xA302, 0xA302, 0xA302, 0xA302, 0xA302, 0xA302, 0xAB41, 0xD485,
  0xE507, 0xE507, 0xE507, 0xE507, 0xE528, 0xDD2A, 0xD54B, 0xE5D0, 0xFED4, 0xFF16, 0xFF37, 0xF737, 0xF738, 0xF738, 0xF738, 0xF737,
  0xFF37, 0xF737, 0xFF37, 0xFED5, 0xC50D, 0x7B06, 0x7B69, 0xE676, 0xFF37, 0xEEF6, 0xFF37, 0xF6F7, 0xF737, 0xF737, 0xFF15, 0xFF16,
  0xFF14, 0xFED5, 0xFED5, 0xEE93, 0xEEF6, 0xFF16, 0xF737, 0xFED5, 0xEEF6, 0xFF37, 0xF737, 0xEF37, 0xFF16, 0xFF16, 0xF716, 0xF716,
  0xEEF6, 0xEEF6, 0xEF37, 0xEEF6, 0xF6F7, 0xF77D, 0xBDF3, 0x1860, 0x1860, 0x1860, 0x0001, 0x0001, 0x0001, 0x0001, 0x0001, 0x0001,
  0x0001, 0x0001, 0x0001, 0x0001, 0x0001, 0x0001, 0x0001, 0x0002, 0x0027, 0x006D, 0x11DA, 0x0000, 0x0000, 0x0000, 0x0000, 0x0000,
  0x0000, 0x0000, 0x0000, 0x0000, 0x0000, 0x0000, 0x0000, 0x0000, 0x0000, 0x0000, 0x0000, 0x0000, 0x0000, 0x0000, 0x0000, 0x0000,
  0x0000, 0x0000, 0x0000, 0x0000, 0x0000, 0x0000, 0x0000, 0x0000, 0x0000, 0x0000, 0x0000, 0x0000, 0x0000, 0x0000, 0x0000, 0x0000,
  0x0000, 0x0000, 0x0000, 0x0000, 0x09DC, 0x00D1, 0x004A, 0x0002, 0x0001, 0x0001, 0x0001, 0x0001, 0x0001, 0x0001, 0x0001, 0x0001,
  0x0001, 0x0001, 0x0001, 0x0001, 0x0800, 0x1000, 0x6AC6, 0x9B65, 0xA363, 0x9AE1, 0x9AE1, 0xA302, 0x9AE1, 0x9AE1, 0xA301, 0x9AE1,
  0x9AE1, 0x9AE1, 0xA301, 0xA300, 0xA300, 0xA300, 0xA300, 0xA300, 0xAB40, 0xAB42, 0xAB41, 0xA302, 0xA300, 0x9AE1, 0x9AE1, 0x9AE1,
  0x9AE1, 0x9AE1, 0x9AE1, 0x9AE1, 0xA302, 0xA302, 0xA302, 0xAB43, 0xAB43, 0xAB43, 0xA302, 0xA302, 0xA302, 0xA302, 0xA302, 0xA302,
  0xA302, 0xA302, 0xA302, 0xA302, 0xA302, 0xA301, 0xA323, 0xA302, 0xA302, 0xA302, 0xA302, 0xA302, 0xAB43, 0xA323, 0xAB43, 0xA323,
  0xAB43, 0xA323, 0xBC25, 0xB46A, 0xCC69, 0xCCEB, 0xEE10, 0xEE93, 0xF6B3, 0xFED5, 0xFF16, 0xF737, 0xF737, 0xF737, 0xF737, 0xF758,
  0xF758, 0xF738, 0xF758, 0xEF37, 0xF737, 0xF737, 0xFF15, 0xFF14, 0xFEF2, 0xF692, 0xE5EE, 0xDDAB, 0xE5AB, 0xE58A, 0xDD69, 0xE589,
  0xE528, 0xE589, 0xDD08, 0xC404, 0xA302, 0xA302, 0xA302, 0xA302, 0xA300, 0xAB41, 0xAB42, 0xA302, 0xA300, 0xAB41, 0xD444, 0xDCE6,
  0xE507, 0xE507, 0xDCE6, 0xDD08, 0xE528, 0xDD2A, 0xDD8D, 0xF692, 0xFED5, 0xFF37, 0xFF37, 0xF738, 0xF738, 0xF738, 0xF737, 0xF737,
  0xF737, 0xFF37, 0xFF37, 0xE631, 0x9C2B, 0x9346, 0xA4AF, 0xFED5, 0xFF37, 0xFF16, 0xEEF6, 0xFF37, 0xF737, 0xFF16, 0xFF16, 0xF716,
  0xEE93, 0xF716, 0xFED5, 0xFED5, 0xFED5, 0xFED5, 0xFED5, 0xF737, 0xFF37, 0xF6F7, 0xEEF6, 0xFED5, 0xF737, 0xF737, 0xF716, 0xF716,
  0xEEF6, 0xEEF6, 0xEEF6, 0xEEF6, 0xEEF6, 0xD5F4, 0x51E5, 0x0001, 0x734C, 0x3944, 0x0001, 0x0001, 0x0001, 0x0001, 0x0001, 0x0001,
  0x0001, 0x0001, 0x0001, 0x0001, 0x0001, 0x0001, 0x0001, 0x0001, 0x0002, 0x0027, 0x00D1, 0x09DC, 0x0000, 0x0000, 0x0000, 0x0000,
  0x0000, 0x0000, 0x0000, 0x0000, 0x0000, 0x0000, 0x0000, 0x0000, 0x0000, 0x0000, 0x0000, 0x0000, 0x0000, 0x0000, 0x0000, 0x0000,
  0x0000, 0x0000, 0x0000, 0x0000, 0x0000, 0x0000, 0x0000, 0x0000, 0x0000, 0x0000, 0x0000, 0x0000, 0x0000, 0x0000, 0x0000, 0x0000,
  0x0000, 0x0000, 0x0000, 0x09DC, 0x0177, 0x006D, 0x0004, 0x0001, 0x0001, 0x0001, 0x0001, 0x0001, 0x0001, 0x0001, 0x0001, 0x0001,
  0x0001, 0x0001, 0x0800, 0x0800, 0x1000, 0x6A42, 0x9B87, 0xA363, 0xA302, 0xAB40, 0x9AE1, 0x9AE1, 0xA300, 0xA301, 0xA301, 0xA301,
  0xA301, 0xAAE0, 0x9AE1, 0xA301, 0xA300, 0xA300, 0xA300, 0xA300, 0xA302, 0xA300, 0xA302, 0xA300, 0xA301, 0xA301, 0xA301, 0xA302,
  0x9AE1, 0xA302, 0x9AE1, 0x9AE1, 0xA302, 0xA302, 0xA323, 0xAB43, 0xAB43, 0xAB43, 0xA302, 0xA302, 0xA302, 0xA302, 0xA302, 0xA302,
  0xA302, 0xA302, 0xA302, 0xA302, 0xA302, 0xA302, 0xA301, 0xA323, 0xA302, 0xA302, 0xA323, 0xA302, 0xAB43, 0xA323, 0xA301, 0xAB43,
  0xAB43, 0xB383, 0xBC25, 0xD4E7, 0xCC69, 0xCCEB, 0xCCEB, 0xCD6E, 0xE5D0, 0xEE71, 0xFED5, 0xFF16, 0xF737, 0xF737, 0xEF37, 0xF758,
  0xF758, 0xF758, 0xF758, 0xF758, 0xEF37, 0xFF37, 0xF737, 0xFF16, 0xF716, 0xFEF2, 0xFED4, 0xEE71, 0xE5EE, 0xE5AB, 0xE5AB, 0xE58A,
  0xE58A, 0xDD69, 0xCC65, 0xA323, 0xAB41, 0xA302, 0xA302, 0xA302, 0xA302, 0xA302, 0xAB41, 0xA300, 0xA300, 0xBBC2, 0xDCE6, 0xE506,
  0xE507, 0xDCE6, 0xE507, 0xE528, 0xDD69, 0xDDAB, 0xEE10, 0xFED4, 0xFF16, 0xFF37, 0xF737, 0xF738, 0xF758, 0xF758, 0xF737, 0xFF37,
  0xFF37, 0xFF37, 0xEE93, 0xB4EB, 0x9BE8, 0x9C2B, 0xCD71, 0xFED5, 0xFF37, 0xEEF6, 0xEEF6, 0xEEF6, 0xF737, 0xF737, 0xEEF6, 0xFED5,
  0xFF16, 0xFF16, 0xFF16, 0xFED5, 0xFED5, 0xFED4, 0xEEF6, 0xFF37, 0xFF37, 0xFF37, 0xEE97, 0xEEF6, 0xFF37, 0xFF16, 0xFF37, 0xFF37,
  0xEEF6, 0xFF37, 0xEEF6, 0xFF79, 0xEE97, 0x7B69, 0x0800, 0x49C4, 0x840B, 0x41E7, 0x0001, 0x0001, 0x0001, 0x0001, 0x0001, 0x0001,
  0x0001, 0x0001, 0x0001, 0x0001, 0x0001, 0x0001, 0x0001, 0x0001, 0x0001, 0x0004, 0x006D, 0x0177, 0x09DC, 0x0000, 0x0000, 0x0000,
  0x0000, 0x0000, 0x0000, 0x0000, 0x0000, 0x0000, 0x0000, 0x0000, 0x0000, 0x0000, 0x0000, 0x0000, 0x0000, 0x0000, 0x0000, 0x0000,
  0x0000, 0x0000, 0x0000, 0x0000, 0x0000, 0x0000, 0x0000, 0x0000, 0x0000, 0x0000, 0x0000, 0x0000, 0x0000, 0x0000, 0x0000, 0x0000,
  0x0000, 0x0000, 0x0000, 0x11DA, 0x006D, 0x0027, 0x0002, 0x0001, 0x0001, 0x0001, 0x0001, 0x0001, 0x0001, 0x0001, 0x0001, 0x0001,
  0x0001, 0x0800, 0x0800, 0x1000, 0x5223, 0x9B87, 0x9B65, 0xB3E5, 0xAB41, 0xA300, 0x9AE1, 0xA300, 0x9AE1, 0xA301, 0x9AE1, 0xAAE0,
  0x9AE1, 0x9AE1, 0xAAE0, 0x9AE1, 0xA301, 0xA301, 0xA301, 0xA301, 0xA300, 0xA301, 0xA301, 0xA301, 0xA301, 0xA301, 0xA302, 0xA301,
  0xA301, 0xA301, 0xA302, 0xA302, 0xA302, 0xA302, 0xA323, 0xAB43, 0xAB43, 0xAB43, 0xA302, 0xA302, 0xA302, 0xA302, 0xA301, 0xA302,
  0xA302, 0xA302, 0xA302, 0xA302, 0xA302, 0xA302, 0xA301, 0xA301, 0xA323, 0xA302, 0xA302, 0xA302, 0xA302, 0xAB43, 0xAB43, 0xA301,
  0xB383, 0xC404, 0xCC87, 0xCC87, 0xD4E7, 0xCC69, 0xCCE9, 0xCCEB, 0xCCEB, 0xDD8D, 0xEE71, 0xFF15, 0xFF16, 0xFF16, 0xFF37, 0xEF37,
  0xF758, 0xF758, 0xF758, 0xF758, 0xF758, 0xF758, 0xF737, 0xF737, 0xFF16, 0xF737, 0xFF14, 0xFEF2, 0xF692, 0xEE70, 0xE5EE, 0xE5AB,
  0xE5AB, 0xDD2A, 0xBBC2, 0xA323, 0xAB42, 0xAB42, 0xA302, 0xA302, 0xA302, 0xAB41, 0xA302, 0xAB40, 0xB382, 0xD485, 0xE507, 0xDCE6,
  0xE506, 0xE507, 0xE528, 0xDD69, 0xD54B, 0xDD8D, 0xF6B3, 0xFF15, 0xFF16, 0xF737, 0xF737, 0xF738, 0xF758, 0xFF79, 0xF737, 0xFF16,
  0xFF37, 0xFF16, 0xC50D, 0x936B, 0x9B87, 0x9C2B, 0xFED4, 0xFF37, 0xEEF6, 0xFF16, 0xFF16, 0xFED5, 0xEEF6, 0xFED5, 0xFED4, 0xFED5,
  0xFED5, 0xE5D0, 0xC50D, 0xCD6E, 0xEE93, 0xFED5, 0xFF16, 0xFF37, 0xFF79, 0xFF16, 0xE676, 0xFF37, 0xFF37, 0xFF37, 0xFF37, 0xFF37,
  0xEE97, 0xEEF6, 0xF6F7, 0xFF79, 0xB5B1, 0x28E0, 0x1000, 0x49C4, 0x3922, 0x0001, 0x2102, 0x5A89, 0x0001, 0x0001, 0x0001, 0x0001,
  0x0001, 0x0001, 0x0001, 0x0001, 0x0001, 0x0001, 0x0001, 0x0001, 0x0001, 0x0001, 0x0004, 0x006D, 0x11DA, 0x0000, 0x0000, 0x0000,
  0x0000, 0x0000, 0x0000, 0x0000, 0x0000, 0x0000, 0x0000, 0x0000, 0x0000, 0x0000, 0x0000, 0x0000, 0x0000, 0x0000, 0x0000, 0x0000,
  0x0000, 0x0000, 0x0000, 0x0000, 0x0000, 0x0000, 0x0000, 0x0000, 0x0000, 0x0000, 0x0000, 0x0000, 0x0000, 0x0000, 0x0000, 0x0000,
  0x0000, 0x0000, 0x09DC, 0x00D1, 0x0027, 0x0001, 0x0001, 0x0001, 0x0001, 0x0001, 0x0001, 0x0001, 0x0001, 0x0001, 0x0001, 0x0001,
  0x0001, 0x0800, 0x0001, 0x3060, 0x9BE8, 0x9BE5, 0x9B65, 0xAB42, 0xAB41, 0x9AE1, 0x9AE1, 0xA300, 0xA301, 0x9AE1, 0x9AE1, 0x9AE1,
  0xA301, 0xA301, 0xA323, 0xAAE0, 0x9AE1, 0xA301, 0xAAE0, 0xA302, 0xA302, 0xA301, 0xA302, 0xA301, 0xA301, 0xAAE0, 0x9AE1, 0xA301,
  0xA301, 0xA301, 0xA301, 0xA301, 0xA323, 0xA302, 0xA323, 0xAB43, 0xAB43, 0xA302, 0xA323, 0xA302, 0xA302, 0xA302, 0xA302, 0xA302,
  0xA302, 0xA302, 0xA302, 0xA302, 0xA302, 0xA302, 0xA302, 0xA301, 0xA301, 0xA323, 0xAB21, 0xAB43, 0xA302, 0xA302, 0xAB21, 0xAB43,
  0xAB43, 0xC404, 0xCC87, 0xCC87, 0xCC87, 0xDD08, 0xCCE9, 0xCCE9, 0xDD2A, 0xD54B, 0xDD8D, 0xEE71, 0xFED4, 0xFF16, 0xFF16, 0xFF37,
  0xEF37, 0xF758, 0xF758, 0xF739, 0xE758, 0xF738, 0xF738, 0xF737, 0xF737, 0xFF16, 0xF737, 0xFF15, 0xFF14, 0xF6B3, 0xEE70, 0xE5EE,
  0xDDAB, 0xBC25, 0xA363, 0xB382, 0xA323, 0xAB42, 0xAB42, 0xAB42, 0xA302, 0xA301, 0xA300, 0xB382, 0xCC65, 0xE507, 0xDCE6, 0xE507,
  0xDCE6, 0xE507, 0xDD69, 0xDD69, 0xE5AB, 0xE631, 0xFF14, 0xFF16, 0xF737, 0xF737, 0xF738, 0xF738, 0xF758, 0xF738, 0xF737, 0xFF16,
  0xFF37, 0xE631, 0x9C2B, 0x9346, 0x9B87, 0xBCF0, 0xFF16, 0xFF37, 0xFED5, 0xFF16, 0xFF16, 0xE676, 0xFED5, 0xEEF6, 0xFED5, 0xEE93,
  0xCD6E, 0x9BE8, 0x9346, 0x9BE8, 0xCC6B, 0xE631, 0xF6B3, 0xFF16, 0xFF16, 0xFF16, 0xFF37, 0xFF37, 0xEE97, 0xFF16, 0xEE97, 0xFF16,
  0xFF16, 0xFF37, 0xF6F7, 0xE676, 0x5A66, 0x1000, 0x6308, 0x9C2E, 0x5A66, 0x41E7, 0x8C4E, 0x734C, 0x0001, 0x0001, 0x0001, 0x0001,
  0x0001, 0x0001, 0x0001, 0x0001, 0x0001, 0x0001, 0x0001, 0x0001, 0x0001, 0x0001, 0x0001, 0x0027, 0x00D1, 0x09DC, 0x0000, 0x0000,
  0x0000, 0x0000, 0x0000, 0x0000, 0x0000, 0x0000, 0x0000, 0x0000, 0x0000, 0x0000, 0x0000, 0x0000, 0x0000, 0x0000, 0x0000, 0x0000,
  0x0000, 0x0000, 0x0000, 0x0000, 0x0000, 0x0000, 0x0000, 0x0000, 0x0000, 0x0000, 0x0000, 0x0000, 0x0000, 0x0000, 0x0000, 0x0000,
  0x0000, 0x09DC, 0x0177, 0x004A, 0x0002, 0x0001, 0x0001, 0x0001, 0x0001, 0x0001, 0x0001, 0x0001, 0x0001, 0x0001, 0x0001, 0x0001,
  0x0800, 0x0800, 0x3060, 0x7B06, 0x9BE5, 0x9B65, 0xAB42, 0xAB41, 0xAB41, 0xA300, 0xA300, 0x9AE1, 0xA301, 0xA301, 0x9AE1, 0xA301,
  0xA301, 0x9AE1, 0x9AE1, 0xA301, 0xA301, 0x9AE1, 0xA301, 0xA301, 0xA301, 0xA301, 0xA301, 0xA302, 0xA301, 0x9AE1, 0xA301, 0xA301,
  0x9AE1, 0xA323, 0xA301, 0xA323, 0xA301, 0xA323, 0xA323, 0xA301, 0xAB43, 0xA302, 0xA301, 0xA302, 0xA301, 0xA302, 0xA302, 0xA301,
  0xAB42, 0xA302, 0xA302, 0xA302, 0xA302, 0xA302, 0xA302, 0xA302, 0xA302, 0xA301, 0xA323, 0xA301, 0xAB21, 0xAB43, 0xAB21, 0xAB21,
  0xC404, 0xCC65, 0xDCE6, 0xDCE6, 0xCC87, 0xCC87, 0xDCE6, 0xDD08, 0xDD2A, 0xDDAB, 0xD54B, 0xE5D0, 0xE631, 0xF6B3, 0xF716, 0xFF15,
  0xF737, 0xF737, 0xF758, 0xF738, 0xF758, 0xF738, 0xF738, 0xF738, 0xF737, 0xF737, 0xF737, 0xFF15, 0xFF15, 0xFF14, 0xF692, 0xEE70,
  0xCCEB, 0xB3E5, 0xA3E2, 0xA363, 0xB383, 0xA323, 0xAB43, 0xAB42, 0xAB42, 0xAB42, 0xA302, 0xBBC2, 0xDCE6, 0xE507, 0xE507, 0xE507,
  0xE507, 0xE528, 0xDD2A, 0xCD8B, 0xEE10, 0xFED4, 0xFF15, 0xFF16, 0xF737, 0xF737, 0xF738, 0xF738, 0xF738, 0xF737, 0xFF16, 0xFF37,
  0xE676, 0xCC6B, 0x9BE8, 0x9346, 0x9BE8, 0xE5D5, 0xFED5, 0xFED5, 0xFED5, 0xFED5, 0xFED5, 0xFED5, 0xFF15, 0xFF15, 0xEE71, 0xC50D,
  0x9346, 0x9303, 0x9346, 0x9346, 0x9BE5, 0xB46A, 0xCCEB, 0xE631, 0xE631, 0xFF16, 0xFF37, 0xFF16, 0xFF16, 0xEE97, 0xFF16, 0xEE97,
  0xFF16, 0xEE97, 0xFF16, 0xBCF0, 0x41A1, 0x5223, 0xE676, 0xD699, 0xD5F5, 0xF6F7, 0xA4AF, 0x2102, 0x3944, 0x2102, 0x0800, 0x0001,
  0x0001, 0x0001, 0x0001, 0x0001, 0x0001, 0x0001, 0x0001, 0x0001, 0x0001, 0x0001, 0x0001, 0x0002, 0x004A, 0x0177, 0x09DC, 0x0000,
  0x0000, 0x0000, 0x0000, 0x0000, 0x0000, 0x0000, 0x0000, 0x0000, 0x0000, 0x0000, 0x0000, 0x0000, 0x0000, 0x0000, 0x0000, 0x0000,
  0x0000, 0x0000, 0x0000, 0x0000, 0x0000, 0x0000, 0x0000, 0x0000, 0x0000, 0x0000, 0x0000, 0x0000, 0x0000, 0x0000, 0x0000, 0x0000,
  0x0000, 0x11DA, 0x004A, 0x0004, 0x0001, 0x0001, 0x0001, 0x0001, 0x0001, 0x0001, 0x0001, 0x0001, 0x0001, 0x0001, 0x0001, 0x0800,
  0x0800, 0x2080, 0x7B06, 0x9B65, 0x9B65, 0xAB41, 0xA363, 0xA300, 0xA3E2, 0xA300, 0x9AE1, 0xA302, 0x9AE1, 0xA301, 0xA302, 0xA301,
  0x9AE1, 0x9AE1, 0x9AE1, 0x9AE1, 0x9AE1, 0x9AE1, 0x9AE1, 0xA301, 0xA323, 0xA301, 0xA301, 0xA301, 0xA301, 0x9AE1, 0x9AE1, 0x9AE1,
  0x9AE1, 0x9AE1, 0x9AE1, 0xA323, 0xA323, 0xA302, 0xA323, 0xA323, 0xA301, 0xA302, 0xA301, 0xA302, 0xB383, 0xB383, 0xA302, 0xAB42,
  0xAB42, 0xA301, 0xA302, 0xA302, 0xA301, 0xA302, 0xA302, 0xA301, 0xA302, 0xA302, 0xAB21, 0xA301, 0xA301, 0xA301, 0xAB21, 0xB382,
  0xD444, 0xD485, 0xD485, 0xD485, 0xDCE6, 0xDCE6, 0xCC87, 0xDCE6, 0xDD2A, 0xE58A, 0xE5AB, 0xDD8D, 0xD5EE, 0xE5D0, 0xEE71, 0xF716,
  0xF716, 0xF737, 0xF737, 0xF737, 0xF738, 0xF758, 0xF738, 0xF738, 0xF738, 0xF737, 0xFF37, 0xFF37, 0xFF16, 0xFF15, 0xFED4, 0xFEF2,
  0xE5D0, 0xB427, 0xB386, 0xB386, 0x9B65, 0xB383, 0xA323, 0xAB43, 0xAB42, 0xA302, 0xB382, 0xCC65, 0xE507, 0xE567, 0xE507, 0xE507,
  0xE507, 0xDD08, 0xDD2A, 0xDD8D, 0xFED4, 0xFED5, 0xFF16, 0xF737, 0xF737, 0xF738, 0xF738, 0xF738, 0xF737, 0xFF37, 0xFF37, 0xFF16,
  0xC50D, 0x9BE8, 0x9346, 0x72A9, 0xCC6B, 0xFED5, 0xFED5, 0xF6B3, 0xE676, 0xFED5, 0xFF15, 0xFF16, 0xFED5, 0xE631, 0xB46A, 0x9B87,
  0x9303, 0x9B87, 0xB386, 0xB3E5, 0xB3E5, 0xB386, 0x9BE5, 0xB46A, 0xC50D, 0xE5D0, 0xFF16, 0xEE97, 0xFED5, 0xFF16, 0xEE97, 0xFF16,
  0xFF16, 0xFF16, 0xF6F7, 0xDE75, 0xA4AF, 0xD533, 0xFF79, 0xF739, 0xFF79, 0xBDD7, 0x2124, 0x3922, 0xA4AF, 0x41E7, 0x1860, 0x0001,
  0x0001, 0x0001, 0x0001, 0x0001, 0x0001, 0x0001, 0x0001, 0x0001, 0x0001, 0x0001, 0x0001, 0x0001, 0x0027, 0x006D, 0x11DA, 0x0000,
  0x0000, 0x0000, 0x0000, 0x0000, 0x0000, 0x0000, 0x0000, 0x0000, 0x0000, 0x0000, 0x0000, 0x0000, 0x0000, 0x0000, 0x0000, 0x0000,
  0x0000, 0x0000, 0x0000, 0x0000, 0x0000, 0x0000, 0x0000, 0x0000, 0x0000, 0x0000, 0x0000, 0x0000, 0x0000, 0x0000, 0x0000, 0x0000,
  0x09DC, 0x00D1, 0x0027, 0x0002, 0x0001, 0x0001, 0x0001, 0x0001, 0x0001, 0x0001, 0x0001, 0x0001, 0x0001, 0x0001, 0x0001, 0x0800,
  0x1000, 0x6A42, 0x9B87, 0x9BE5, 0xA363, 0xAB41, 0xAB41, 0xA300, 0xC404, 0xAB42, 0xAB41, 0xA300, 0x9AE1, 0xA301, 0x9AE1, 0xA301,
  0xA301, 0xA301, 0x9AE1, 0x9AE1, 0x9AE1, 0x9AE1, 0x9AE1, 0x9AE1, 0x9AE1, 0xA301, 0xA301, 0xA301, 0x9AE1, 0x9AE1, 0x9AE1, 0x9AE1,
  0x9AE1, 0x9AE1, 0xA323, 0x9AE1, 0xA302, 0xA302, 0xA323, 0xAB21, 0xAB43, 0xA302, 0xA302, 0xAB42, 0xD4E7, 0xCC87, 0xBBC2, 0xAB42,
  0xB382, 0xAB41, 0xA302, 0xA300, 0xA302, 0xA300, 0xA302, 0xA301, 0xA302, 0xA302, 0xA302, 0xA301, 0xA302, 0xAB42, 0xAB21, 0xB383,
  0xD485, 0xD485, 0xCC87, 0xDCE6, 0xD485, 0xDCE6, 0xDCE6, 0xCC87, 0xE568, 0xDD2A, 0xD54B, 0xE5AB, 0xDD8D, 0xDD8D, 0xEE10, 0xEE10,
  0xFED4, 0xF716, 0xF737, 0xF737, 0xF737, 0xF738, 0xF758, 0xF738, 0xF738, 0xF738, 0xF758, 0xFF37, 0xFF37, 0xFF16, 0xFF15, 0xFF15,
  0xFF14, 0xF6B3, 0xDD8D, 0xB46A, 0x9B65, 0xA363, 0xA323, 0xB383, 0xA323, 0xAB41, 0xBBC2, 0xD485, 0xE507, 0xE567, 0xE507, 0xDCE6,
  0xE528, 0xDD2A, 0xDD2A, 0xEE10, 0xFED4, 0xFF16, 0xFF37, 0xF737, 0xF737, 0xF738, 0xF738, 0xF738, 0xF737, 0xFF37, 0xEE97, 0xFED5,
  0xCC6B, 0x7B69, 0x9B65, 0x9346, 0xE5D0, 0xFF37, 0xFED5, 0xE676, 0xF6B3, 0xFED4, 0xFF16, 0xFED4, 0xC50D, 0x9BE8, 0xB386, 0x9B65,
  0xB386, 0xB386, 0xB386, 0xB386, 0xB3E5, 0xB3E5, 0xB386, 0x9B65, 0x9B65, 0xB46A, 0xE5D0, 0xF692, 0xFED5, 0xFED5, 0xEE97, 0xFF16,
  0xEE97, 0xFF16, 0xFED5, 0xFF16, 0xEE97, 0xEF37, 0xF6F7, 0xFF79, 0xF739, 0x734C, 0x1000, 0x8C4E, 0xD594, 0x2102, 0x0001, 0x0001,
  0x0001, 0x0001, 0x0001, 0x0001, 0x0001, 0x0001, 0x0001, 0x0001, 0x0001, 0x0001, 0x0001, 0x0001, 0x0004, 0x0027, 0x00D1, 0x09DC,
  0x0000, 0x0000, 0x0000, 0x0000, 0x0000, 0x0000, 0x0000, 0x0000, 0x0000, 0x0000, 0x0000, 0x0000, 0x0000, 0x0000, 0x0000, 0x0000,
  0x0000, 0x0000, 0x0000, 0x0000, 0x0000, 0x0000, 0x0000, 0x0000, 0x0000, 0x0000, 0x0000, 0x0000, 0x0000, 0x0000, 0x0000, 0x09DC,
  0x0177, 0x006D, 0x0004, 0x0001, 0x0001, 0x0001, 0x0001, 0x0001, 0x0001, 0x0001, 0x0001, 0x0001, 0x0001, 0x0001, 0x0001, 0x0001,
  0x51C3, 0x9303, 0xA363, 0xA323, 0xAB41, 0xA3E2, 0xAB40, 0xA3E2, 0xDCE6, 0xCC65, 0xA3E2, 0xA302, 0x9AE1, 0x9AE1, 0xA301, 0xA301,
  0xAAE0, 0x9AE1, 0xA301, 0x9AE1, 0x9AE1, 0x9AE1, 0xA301, 0x9AE1, 0x9AE1, 0x9AE1, 0x9AE1, 0x9AE1, 0x9AE1, 0x9AE1, 0x9AE1, 0x9AE1,
  0xA302, 0xA302, 0xA302, 0xA302, 0xA302, 0xA302, 0xA323, 0xA301, 0xA302, 0xA301, 0xAB41, 0xBC25, 0xE528, 0xE589, 0xDCE6, 0xBC25,
  0xBBC2, 0xA301, 0xA300, 0xAB41, 0xA302, 0xA302, 0xA301, 0xA301, 0xA302, 0xAB42, 0xA302, 0xA302, 0xAB21, 0xAB21, 0xB382, 0xD444,
  0xD485, 0xD485, 0xDCE6, 0xD485, 0xD485, 0xD485, 0xD485, 0xE507, 0xE568, 0xE58A, 0xE58A, 0xE5AB, 0xE5AB, 0xE5AB, 0xDDAB, 0xE5EE,
  0xEE10, 0xEE71, 0xFED4, 0xF737, 0xF737, 0xF737, 0xF737, 0xF738, 0xF758, 0xF738, 0xF758, 0xF758, 0xEF37, 0xF737, 0xF737, 0xFF16,
  0xFF16, 0xFF15, 0xFF14, 0xF692, 0xD54B, 0xB386, 0x9B65, 0xA323, 0xA363, 0xB383, 0xCC65, 0xE507, 0xE507, 0xE507, 0xDCE6, 0xE567,
  0xE528, 0xDD2A, 0xDD8D, 0xFF14, 0xFF15, 0xFF37, 0xF737, 0xF737, 0xF737, 0xF738, 0xF737, 0xF737, 0xFF37, 0xFF16, 0xFED5, 0xE5D0,
  0x9B87, 0x9346, 0x7B06, 0x9BE8, 0xEE16, 0xFED4, 0xFED4, 0xFED4, 0xFED5, 0xFED5, 0xE631, 0xCC6B, 0x9B87, 0x9B65, 0x9B65, 0xB386,
  0xB386, 0xB386, 0xB383, 0xB383, 0xB383, 0xB386, 0x9B65, 0xA363, 0xA363, 0x9B65, 0x9B87, 0xC50D, 0xE631, 0xF6B3, 0xFF16, 0xFF16,
  0xFF16, 0xEE97, 0xFF16, 0xEE97, 0xFF15, 0xEEF6, 0xF6F7, 0xFF79, 0xFF79, 0x7B69, 0x2020, 0x8C4E, 0x6308, 0x2080, 0x5B2B, 0x2124,
  0x0001, 0x0001, 0x0001, 0x0001, 0x0001, 0x0001, 0x0001, 0x0001, 0x0001, 0x0001, 0x0001, 0x0001, 0x0060, 0x0004, 0x006D, 0x0177,
  0x09DC, 0x0000, 0x0000, 0x0000, 0x0000, 0x0000, 0x0000, 0x0000, 0x0000, 0x0000, 0x0000, 0x0000, 0x0000, 0x0000, 0x0000, 0x0000,
  0x0000, 0x0000, 0x0000, 0x0000, 0x0000, 0x0000, 0x0000, 0x0000, 0x0000, 0x0000, 0x0000, 0x0000, 0x0000, 0x0000, 0x0000, 0x11DA,
  0x00D1, 0x0027, 0x0002, 0x0001, 0x0001, 0x0001, 0x0001, 0x0001, 0x0001, 0x0001, 0x0001, 0x0001, 0x0001, 0x0001, 0x0800, 0x2080,
  0x9346, 0x9303, 0xB3E5, 0xAB41, 0xAB41, 0xAB40, 0xB382, 0xD4E7, 0xE528, 0xE528, 0xD4E7, 0xBBC2, 0xAB40, 0xA300, 0xA302, 0xA301,
  0x9AE1, 0xA301, 0xAAE0, 0x9AE1, 0x9AE1, 0xA301, 0x9AE1, 0xA301, 0xA302, 0xA302, 0x9AE1, 0x9AE1, 0xA302, 0x9AE1, 0xA302, 0xA302,
  0x9AE1, 0xA302, 0x9AE1, 0xA302, 0xA302, 0xA302, 0xA302, 0xA301, 0xA301, 0xA302, 0xBBC2, 0xDCE6, 0xE568, 0xE568, 0xE568, 0xE507,
  0xD4E7, 0xC404, 0xB382, 0xAB41, 0xA300, 0xAB41, 0xA301, 0xAB41, 0xA301, 0xAB43, 0xAB21, 0xAB21, 0xAB21, 0xAB43, 0xC402, 0xCC65,
  0xD485, 0xD485, 0xD485, 0xDCE6, 0xD485, 0xD485, 0xD485, 0xDD08, 0xCC87, 0xE568, 0xE58A, 0xE58A, 0xD54B, 0xE5AB, 0xDDAB, 0xDDAB,
  0xCD6E, 0xD5EE, 0xE631, 0xFF14, 0xF716, 0xEEF6, 0xF737, 0xF737, 0xF738, 0xF738, 0xF737, 0xF737, 0xF737, 0xF737, 0xF737, 0xFF37,
  0xFF37, 0xFF16, 0xFF16, 0xFF15, 0xFED4, 0xCD6E, 0xB427, 0xA363, 0xA363, 0xBC25, 0xDD2A, 0xE568, 0xE528, 0xE507, 0xE507, 0xDD69,
  0xDD2A, 0xCD8B, 0xF692, 0xFF15, 0xFF16, 0xF737, 0xF737, 0xF737, 0xF738, 0xF737, 0xF737, 0xF737, 0xFF16, 0xFF16, 0xE631, 0xB46A,
  0x9B87, 0x7B06, 0x8A69, 0xCCEB, 0xFED5, 0xFED4, 0xFED4, 0xFED5, 0xFF15, 0xE5D0, 0xB46A, 0x9346, 0x9B65, 0x9B65, 0x9B65, 0xB386,
  0xB3E5, 0xB386, 0xC404, 0xAB43, 0xB383, 0xB383, 0xA363, 0x9B65, 0xA363, 0xA363, 0x9303, 0x9B65, 0x9BE8, 0xC50D, 0xF6B3, 0xFF37,
  0xFF16, 0xFF16, 0xFED5, 0xFED5, 0xFF16, 0xFF37, 0xF6F7, 0xF6F7, 0xF739, 0xD594, 0x6308, 0x49C4, 0x2020, 0x5A66, 0xADB1, 0x49C4,
  0x0001, 0x0001, 0x0001, 0x0001, 0x0001, 0x0001, 0x0001, 0x0001, 0x0001, 0x0001, 0x0001, 0x0001, 0x0001, 0x0001, 0x0027, 0x00D1,
  0x11DA, 0x0000, 0x0000, 0x0000, 0x0000, 0x0000, 0x0000, 0x0000, 0x0000, 0x0000, 0x0000, 0x0000, 0x0000, 0x0000, 0x0000, 0x0000,
  0x0000, 0x0000, 0x0000, 0x0000, 0x0000, 0x0000, 0x0000, 0x0000, 0x0000, 0x0000, 0x0000, 0x0000, 0x0000, 0x0000, 0x09DC, 0x0177,
  0x004A, 0x0002, 0x0001, 0x0001, 0x0001, 0x0001, 0x0001, 0x0001, 0x0001, 0x0001, 0x0060, 0x0001, 0x0001, 0x0001, 0x1000, 0x7B69,
  0xCC87, 0xB3E5, 0xC404, 0xAB41, 0xAB41, 0xAB42, 0xD485, 0xE589, 0xE589, 0xE589, 0xE528, 0xE507, 0xBC25, 0xB382, 0xA302, 0xA300,
  0xA302, 0xA300, 0x9AE1, 0xAAE0, 0xA301, 0x9AE1, 0xA301, 0x9AE1, 0xA301, 0x9AE1, 0xA301, 0x9AE1, 0xA301, 0x9AE1, 0x9AE1, 0x9AE1,
  0x9AE1, 0xA302, 0xA302, 0xA302, 0x9AE1, 0xA302, 0xA301, 0xA302, 0xA301, 0xAB41, 0xCC65, 0xE568, 0xE568, 0xE568, 0xE528, 0xE589,
  0xE589, 0xE507, 0xD485, 0xBBC2, 0xAB41, 0xA300, 0xAB41, 0xAB41, 0xA301, 0xAB40, 0xA301, 0xAB21, 0xAB41, 0xB382, 0xD444, 0xD485,
  0xD485, 0xD485, 0xD485, 0xDCE5, 0xDCE5, 0xDCE6, 0xCC65, 0xD444, 0xD444, 0xCC87, 0xE568, 0xE5AB, 0xE58A, 0xE5AB, 0xDD2A, 0xDDAB,
  0xDDAB, 0xE5AB, 0xD5EE, 0xE631, 0xEE93, 0xFED5, 0xF737, 0xF737, 0xF737, 0xF737, 0xF737, 0xF737, 0xF738, 0xF738, 0xF738, 0xF737,
  0xF737, 0xFF37, 0xFF16, 0xFF15, 0xFF16, 0xFF15, 0xE5D0, 0xB46A, 0xB427, 0xCCE9, 0xE58A, 0xDD69, 0xE528, 0xDD69, 0xDD69, 0xDD69,
  0xDDAB, 0xEE10, 0xFED4, 0xFF15, 0xF737, 0xF737, 0xF737, 0xF738, 0xF737, 0xF737, 0xF737, 0xFF16, 0xFF16, 0xF6B3, 0xBCF0, 0x9BE8,
  0x9B87, 0xA323, 0xB427, 0xE631, 0xF6B3, 0xF6B3, 0xFED5, 0xFED5, 0xDD8D, 0x9BE8, 0x9B87, 0x9B65, 0x9B65, 0xAB43, 0xAB43, 0xB386,
  0xC404, 0xC404, 0xAB43, 0xC404, 0xB383, 0xAB43, 0xAB42, 0xB382, 0xA363, 0xA363, 0xA363, 0x9303, 0x9346, 0xB427, 0xC50D, 0xD594,
  0xFED4, 0xFF16, 0xFED5, 0xFF16, 0xEE97, 0xFF16, 0xFF37, 0xEE97, 0xFF18, 0xFF79, 0xEE97, 0x9C2E, 0x9C2B, 0xCDF1, 0x6308, 0x0001,
  0x3922, 0x0001, 0x0001, 0x0001, 0x0001, 0x0001, 0x0001, 0x0001, 0x0001, 0x0001, 0x0001, 0x0001, 0x0001, 0x0001, 0x0002, 0x004A,
  0x0177, 0x0000, 0x0000, 0x0000, 0x0000, 0x0000, 0x0000, 0x0000, 0x0000, 0x0000, 0x0000, 0x0000, 0x0000, 0x0000, 0x0000, 0x0000,
  0x0000, 0x0000, 0x0000, 0x0000, 0x0000, 0x0000, 0x0000, 0x0000, 0x0000, 0x0000, 0x0000, 0x0000, 0x0000, 0x0000, 0x11DA, 0x00D1,
  0x0004, 0x0002, 0x0001, 0x0001, 0x0001, 0x0001, 0x0001, 0x0001, 0x0001, 0x0001, 0x0001, 0x0001, 0x0800, 0x0001, 0x5223, 0xCD6E,
  0xDD2A, 0xDD08, 0xBC25, 0xAB41, 0xAB41, 0xA3E2, 0xE567, 0xE589, 0xE589, 0xE568, 0xE589, 0xE568, 0xE528, 0xCC65, 0xBBC2, 0xAB41,
  0xAB41, 0xA302, 0xA300, 0xA301, 0xAAE0, 0xAAE0, 0xAAE0, 0xA302, 0x9AE1, 0x9AE1, 0xA301, 0x9AE1, 0x9AE1, 0x9AE1, 0xA301, 0x9AE1,
  0x9AE1, 0xA301, 0xA302, 0xA302, 0xA302, 0xA302, 0xA302, 0xA301, 0xAB42, 0xC404, 0xE507, 0xE568, 0xE568, 0xE528, 0xE589, 0xE567,
  0xE568, 0xE568, 0xE568, 0xDCE6, 0xC404, 0xB382, 0xAB41, 0xAB41, 0xAB41, 0xAB41, 0xAB41, 0xAB41, 0xB382, 0xD444, 0xD485, 0xD485,
  0xDCE6, 0xD485, 0xD485, 0xDCE6, 0xD485, 0xD444, 0xB383, 0xAB43, 0xB382, 0xC404, 0xCC87, 0xE528, 0xE58A, 0xE58A, 0xE5AB, 0xDD2A,
  0xDDAB, 0xDDAB, 0xD54B, 0xD5EE, 0xEE10, 0xEE71, 0xEE93, 0xFF15, 0xF737, 0xFF16, 0xF737, 0xF737, 0xF737, 0xF738, 0xF738, 0xF737,
  0xF738, 0xF737, 0xF737, 0xEEF6, 0xFF16, 0xFF15, 0xFF15, 0xF692, 0xE5D0, 0xE5AB, 0xCD8B, 0xDD2A, 0xDD2A, 0xDD69, 0xDD2A, 0xDDAB,
  0xDD8D, 0xF6B3, 0xFF15, 0xF737, 0xF737, 0xF737, 0xF737, 0xF737, 0xF737, 0xF737, 0xF737, 0xFF16, 0xFF16, 0xE5D0, 0xB46A, 0x9B87,
  0xA323, 0x7B06, 0xCC6B, 0xF6B3, 0xEE16, 0xF6B3, 0xF6B3, 0xD54B, 0x9346, 0x9303, 0x9303, 0x9B65, 0xA323, 0xAB43, 0xAB43, 0xAB43,
  0xAB43, 0xAB43, 0xB386, 0xC404, 0xAB43, 0xB3E5, 0xB383, 0xB383, 0xB383, 0xB3E5, 0xB383, 0xB386, 0xB3E5, 0x9B87, 0x9B87, 0xCC69,
  0xCC6B, 0xE631, 0xFED4, 0xFED4, 0xFED5, 0xFF16, 0xEE97, 0xFF37, 0xF6F7, 0xF738, 0xF739, 0xF738, 0xF77D, 0xCDF1, 0x5A66, 0x1860,
  0xB5B1, 0x3944, 0x0001, 0x0001, 0x0001, 0x0001, 0x0001, 0x0001, 0x0001, 0x0001, 0x0001, 0x0001, 0x0001, 0x0001, 0x0002, 0x0027,
  0x00D1, 0x11DA, 0x0000, 0x0000, 0x0000, 0x0000, 0x0000, 0x0000, 0x0000, 0x0000, 0x0000, 0x0000, 0x0000, 0x0000, 0x0000, 0x0000,
  0x0000, 0x0000, 0x0000, 0x0000, 0x0000, 0x0000, 0x0000, 0x0000, 0x0000, 0x0000, 0x0000, 0x0000, 0x0000, 0x09DC, 0x00D1, 0x0027,
  0x0004, 0x0001, 0x0001, 0x0001, 0x0001, 0x0001, 0x0001, 0x0001, 0x0001, 0x0001, 0x0001, 0x0001, 0x0001, 0x2080, 0xB46A, 0xE5AB,
  0xDD69, 0xE589, 0xE507, 0xCC65, 0xC404, 0xCC65, 0xE528, 0xE589, 0xE589, 0xE568, 0xE528, 0xE568, 0xE589, 0xE568, 0xDD08, 0xCC65,
  0xC404, 0xAB42, 0xAB41, 0xA302, 0xA302, 0xA302, 0xA301, 0xA301, 0xA301, 0xA301, 0x9AE1, 0xA301, 0xA301, 0x9AE1, 0xA301, 0xA301,
  0xA302, 0xA301, 0xA301, 0x9AE1, 0xA302, 0xAB21, 0xA302, 0xA302, 0xBBC2, 0xE507, 0xE589, 0xE528, 0xE589, 0xE567, 0xE567, 0xE567,
  0xE568, 0xE589, 0xE568, 0xE568, 0xE507, 0xCC65, 0xC404, 0xB382, 0xAB40, 0xAB40, 0xAB41, 0xB382, 0xC404, 0xD485, 0xDCE6, 0xD485,
  0xD485, 0xD485, 0xDCE5, 0xD485, 0xD485, 0xB382, 0xAB41, 0xAB41, 0xAB42, 0xAB42, 0xB383, 0xBC25, 0xD4E7, 0xDD2A, 0xE58A, 0xE58A,
  0xDD2A, 0xE58A, 0xDDAB, 0xE5AB, 0xDD8D, 0xE5D0, 0xE631, 0xEE93, 0xFED4, 0xF716, 0xF737, 0xF737, 0xF737, 0xF737, 0xF738, 0xF738,
  0xF738, 0xF738, 0xFF37, 0xF737, 0xF737, 0xFED5, 0xFF16, 0xFF15, 0xFED4, 0xEE10, 0xDD8D, 0xCD8B, 0xDD2A, 0xCD8B, 0xDD2A, 0xDD8D,
  0xF692, 0xFED4, 0xFF16, 0xF737, 0xF737, 0xF737, 0xF737, 0xF738, 0xF737, 0xF737, 0xFF16, 0xFF16, 0xE631, 0xB46A, 0x9B87, 0x9B65,
  0x9B87, 0xA323, 0xCC6B, 0xFED4, 0xF6B3, 0xEE10, 0xCC69, 0x9B65, 0x8B02, 0xA323, 0xA323, 0xA323, 0xAB43, 0xA323, 0xAB43, 0xAB43,
  0xAB43, 0xAB43, 0xAB43, 0xAB43, 0xBC25, 0xDD08, 0xCCE9, 0xB3E5, 0xAB42, 0x9B65, 0x9BE5, 0xA363, 0xB386, 0xB3E5, 0xB427, 0x9B65,
  0xB3E5, 0xB46A, 0xCCEB, 0xF692, 0xFF16, 0xFF16, 0xFF16, 0xF6F7, 0xEE97, 0xF6F7, 0xF6F7, 0xFF16, 0xFF79, 0xEEF6, 0xA4AF, 0x94AE,
  0xB5B1, 0x1860, 0x0001, 0x0060, 0x0001, 0x0001, 0x0001, 0x0001, 0x0001, 0x0001, 0x0001, 0x0001, 0x0001, 0x0001, 0x0001, 0x0002,
  0x0027, 0x1193, 0x09DC, 0x0000, 0x0000, 0x0000, 0x0000, 0x0000, 0x0000, 0x0000, 0x0000, 0x0000, 0x0000, 0x0000, 0x0000, 0x0000,
  0x0000, 0x0000, 0x0000, 0x0000, 0x0000, 0x0000, 0x0000, 0x0000, 0x0000, 0x0000, 0x0000, 0x0000, 0x09DC, 0x11DA, 0x004A, 0x0004,
  0x0002, 0x0001, 0x0001, 0x0001, 0x0001, 0x0001, 0x0001, 0x0001, 0x0001, 0x0001, 0x0001, 0x0001, 0x0800, 0x9346, 0xCD6E, 0xDD69,
  0xDD69, 0xE528, 0xE528, 0xE507, 0xE507, 0xE528, 0xE528, 0xE568, 0xE567, 0xE568, 0xE589, 0xE528, 0xE589, 0xE568, 0xE589, 0xE568,
  0xE528, 0xCC65, 0xB382, 0xAB41, 0xA300, 0xA302, 0xA301, 0xA301, 0xAAE0, 0xA301, 0xA301, 0xA302, 0x9AE1, 0xA301, 0x9AE1, 0xA302,
  0xA301, 0x9AE1, 0xA302, 0xA301, 0xA302, 0xA301, 0xA301, 0xB382, 0xCC65, 0xE589, 0xE589, 0xE567, 0xE567, 0xE589, 0xE567, 0xE589,
  0xED88, 0xED88, 0xE568, 0xE568, 0xE568, 0xE568, 0xDCE6, 0xD485, 0xB382, 0xAB40, 0xAB40, 0xB382, 0xD444, 0xD485, 0xD485, 0xD485,
  0xDCE5, 0xD485, 0xD485, 0xD485, 0xC404, 0xAB41, 0xAB41, 0xAB41, 0xAB42, 0xAB42, 0xAB42, 0xAB43, 0xB3E5, 0xCC87, 0xE528, 0xE58A,
  0xE58A, 0xDD2A, 0xDDAB, 0xDDAB, 0xD54B, 0xCD6E, 0xCD6E, 0xE5D0, 0xEE71, 0xF6B3, 0xFED4, 0xFF16, 0xF737, 0xF737, 0xF737, 0xF738,
  0xF738, 0xFF79, 0xF758, 0xF737, 0xF737, 0xF737, 0xF737, 0xFF16, 0xFF15, 0xFED4, 0xF692, 0xD5EE, 0xD54B, 0xD54B, 0xCD8B, 0xE5D0,
  0xFF15, 0xFF15, 0xF737, 0xF737, 0xF737, 0xF738, 0xF758, 0xF737, 0xF737, 0xF737, 0xFED5, 0xFED4, 0xC50D, 0xB386, 0x9B65, 0x9B65,
  0xA323, 0xB386, 0xE5D0, 0xFED4, 0xDD8D, 0xB427, 0x9303, 0x9AE1, 0xA323, 0xA323, 0xA323, 0xAB43, 0xA323, 0xAB43, 0xAB43, 0xA302,
  0xAB43, 0xAB43, 0xAB43, 0xAB43, 0xD4E7, 0xDD8D, 0xE528, 0xB3E5, 0xBC25, 0xBC25, 0xB383, 0xB3E5, 0xB3E5, 0xB386, 0xB3E5, 0xBC25,
  0xBC25, 0xB3E5, 0xB3E5, 0xCCEB, 0xF692, 0xF6B3, 0xFED5, 0xFF16, 0xE676, 0xFF16, 0xFF16, 0xEEF6, 0xFF16, 0xF737, 0xF738, 0xFF79,
  0xA4AF, 0x41A1, 0x29C4, 0x0001, 0x0001, 0x0001, 0x0001, 0x0001, 0x0001, 0x0001, 0x0001, 0x0001, 0x0001, 0x0001, 0x0001, 0x0001,
  0x0004, 0x090D, 0x0177, 0x0000, 0x0000, 0x0000, 0x0000, 0x0000, 0x0000, 0x0000, 0x0000, 0x0000, 0x0000, 0x0000, 0x0000, 0x0000,
  0x0000, 0x0000, 0x0000, 0x0000, 0x0000, 0x0000, 0x0000, 0x0000, 0x0000, 0x0000, 0x0000, 0x0000, 0x09DC, 0x00D1, 0x0004, 0x0001,
  0x0001, 0x0001, 0x0001, 0x0001, 0x0001, 0x0001, 0x0001, 0x0001, 0x0001, 0x0001, 0x0001, 0x0800, 0x51C3, 0xC50D, 0xDD2A, 0xE567,
  0xE567, 0xE567, 0xE528, 0xE567, 0xE568, 0xE589, 0xE589, 0xE567, 0xE528, 0xE589, 0xED88, 0xE567, 0xE567, 0xE568, 0xE568, 0xE568,
  0xE568, 0xE528, 0xD4E7, 0xC404, 0xB382, 0xAB40, 0xA302, 0xAB41, 0xA302, 0xA302, 0xA301, 0xA301, 0xA302, 0xA302, 0x9AE1, 0xA302,
  0x9AE1, 0xA302, 0xA301, 0xA302, 0xAAE0, 0xA302, 0xA301, 0xCC65, 0xE589, 0xE589, 0xE528, 0xE567, 0xE567, 0xE567, 0xE567, 0xE567,
  0xE589, 0xE567, 0xE567, 0xE567, 0xE568, 0xE568, 0xE589, 0xE568, 0xD485, 0xBBC1, 0xB382, 0xC402, 0xD485, 0xD485, 0xD485, 0xDCC4,
  0xDCE5, 0xDCE5, 0xD485, 0xD444, 0xB382, 0xAB41, 0xA301, 0xAB42, 0xA302, 0xAB42, 0xAB42, 0xAB42, 0xAB43, 0xB383, 0xBC25, 0xCC87,
  0xDD2A, 0xE58A, 0xDD2A, 0xD54B, 0xE5AB, 0xD54B, 0xDD8D, 0xDD8D, 0xDD8D, 0xE5D0, 0xF6B3, 0xFED5, 0xFF16, 0xEEF6, 0xFF37, 0xF737,
  0xF737, 0xF738, 0xF758, 0xF738, 0xF738, 0xF737, 0xF737, 0xF737, 0xFED5, 0xF716, 0xFED4, 0xF692, 0xEE10, 0xCD6E, 0xE5D0, 0xEE71,
  0xFF15, 0xF737, 0xF737, 0xF737, 0xEF37, 0xE758, 0xEF37, 0xF737, 0xF737, 0xFED5, 0xFED4, 0xE5D0, 0xB46A, 0x9B87, 0x9B65, 0xA323,
  0x9AE1, 0xCC6B, 0xEE10, 0xDD8D, 0xB386, 0x9AE1, 0x9303, 0xA323, 0xA323, 0xA302, 0xA302, 0xAB43, 0xAB21, 0xAB43, 0xAB21, 0xAB43,
  0xAB43, 0xAB43, 0xA302, 0xB386, 0xDD2A, 0xE5AB, 0xDD08, 0xCC69, 0xE58A, 0xCC87, 0xB3E5, 0xB383, 0xBC25, 0xC404, 0xBC25, 0xBC25,
  0xCC87, 0xBC25, 0xB427, 0xB3E5, 0xB46A, 0xD54B, 0xF6B3, 0xFED4, 0xFED4, 0xFF15, 0xFED5, 0xFED5, 0xFED5, 0xEE93, 0xE676, 0xFF79,
  0xEEF6, 0xDE75, 0xD5F4, 0x3100, 0x0001, 0x0001, 0x0001, 0x0001, 0x0001, 0x0001, 0x0001, 0x0001, 0x0001, 0x0001, 0x0001, 0x0001,
  0x0001, 0x0004, 0x00D1, 0x09DC, 0x0000, 0x0000, 0x0000, 0x0000, 0x0000, 0x0000, 0x0000, 0x0000, 0x0000, 0x0000, 0x0000, 0x0000,
  0x0000, 0x0000, 0x0000, 0x0000, 0x0000, 0x0000, 0x0000, 0x0000, 0x0000, 0x0000, 0x0000, 0x09DC, 0x0177, 0x006D, 0x0002, 0x0001,
  0x0001, 0x0001, 0x0001, 0x0001, 0x0001, 0x0001, 0x0001, 0x0001, 0x0001, 0x0001, 0x0001, 0x1000, 0x9BE8, 0xE5AB, 0xDD69, 0xE567,
  0xE528, 0xE589, 0xE567, 0xE528, 0xE589, 0xE589, 0xE567, 0xE567, 0xE567, 0xE567, 0xE567, 0xE567, 0xE567, 0xE567, 0xE568, 0xE568,
  0xE568, 0xE589, 0xE568, 0xE507, 0xCC65, 0xC404, 0xAB41, 0xA302, 0xA302, 0xA302, 0xA301, 0xA302, 0xA301, 0xA301, 0xA302, 0x9AE1,
  0xA301, 0x9AE1, 0xA302, 0xA301, 0xA301, 0xA301, 0xAB41, 0xCC65, 0xE589, 0xE568, 0xE567, 0xE567, 0xE567, 0xE567, 0xE567, 0xE567,
  0xE567, 0xE567, 0xE589, 0xE567, 0xE568, 0xE568, 0xE566, 0xE568, 0xE567, 0xDCE6, 0xDCE5, 0xD485, 0xD444, 0xDCE5, 0xDCE5, 0xD485,
  0xDCE5, 0xDCE5, 0xD485, 0xC404, 0xB382, 0xAB41, 0xA301, 0xAB41, 0xAB42, 0xAB42, 0xAB42, 0xAB42, 0xAB42, 0xAB43, 0xAB42, 0xAB42,
  0xB383, 0xCC65, 0xDD08, 0xDD2A, 0xDD08, 0xCC69, 0xCCE9, 0xD54B, 0xCD6E, 0xE5EE, 0xEE10, 0xEE71, 0xEE93, 0xFED5, 0xFF16, 0xFF37,
  0xF737, 0xF737, 0xFF18, 0xF737, 0xF737, 0xF738, 0xEF37, 0xF737, 0xF737, 0xFF16, 0xFF16, 0xFF15, 0xFF15, 0xF716, 0xFF14, 0xF716,
  0xF716, 0xF737, 0xF737, 0xF737, 0xF737, 0xF737, 0xF737, 0xF737, 0xF737, 0xFED5, 0xF6B3, 0xCD6E, 0xCC69, 0x9B65, 0xA323, 0xA323,
  0xA323, 0xCC6B, 0xCC87, 0xB386, 0xA323, 0x9303, 0x9AE1, 0xA323, 0xA323, 0xA323, 0xA302, 0xA302, 0xAB43, 0xAB21, 0xAB43, 0xA302,
  0xA302, 0xAB43, 0xA302, 0xB3E5, 0xDD2A, 0xDD08, 0xCC6B, 0xE58A, 0xD54B, 0xD4E7, 0xB3E5, 0xB3E5, 0xBC25, 0xCC65, 0xCC87, 0xCC65,
  0xCC87, 0xCC65, 0xCC87, 0xCC87, 0xCC87, 0x9B65, 0x9B65, 0xCCEB, 0xF692, 0xFF14, 0xFF14, 0xFF15, 0xFF15, 0xEEF6, 0xF6F7, 0xF738,
  0xFF79, 0xFF37, 0xF739, 0xA5B1, 0x1860, 0x0001, 0x0001, 0x0001, 0x0001, 0x0001, 0x0001, 0x0001, 0x0001, 0x0001, 0x0001, 0x0001,
  0x0001, 0x0002, 0x006D, 0x0177, 0x09DC, 0x0000, 0x0000, 0x0000, 0x0000, 0x0000, 0x0000, 0x0000, 0x0000, 0x0000, 0x0000, 0x0000,
  0x0000, 0x0000, 0x0000, 0x0000, 0x0000, 0x0000, 0x0000, 0x0000, 0x0000, 0x0000, 0x0000, 0x09DC, 0x00D1, 0x0027, 0x0002, 0x0001,
  0x0001, 0x0001, 0x0001, 0x0001, 0x0001, 0x0001, 0x0001, 0x0001, 0x0001, 0x0001, 0x0001, 0x5A43, 0xCD8B, 0xE528, 0xE567, 0xE567,
  0xE567, 0xE568, 0xE567, 0xE528, 0xE589, 0xE567, 0xE567, 0xE567, 0xE567, 0xE567, 0xE567, 0xE568, 0xE567, 0xE567, 0xE528, 0xE589,
  0xE568, 0xE567, 0xE568, 0xE589, 0xE568, 0xE528, 0xBC25, 0xB382, 0xAB41, 0xAB41, 0xA302, 0xA300, 0x9AE1, 0xA301, 0xA301, 0xA302,
  0xA302, 0xA301, 0xA301, 0xAAE0, 0xA301, 0xAB41, 0xC404, 0xE528, 0xE589, 0xE528, 0xE567, 0xE589, 0xE567, 0xE567, 0xE567, 0xE567,
  0xE567, 0xE567, 0xED88, 0xE567, 0xE567, 0xED88, 0xE568, 0xE567, 0xE507, 0xDCE6, 0xDCE6, 0xDCE5, 0xDCE5, 0xD485, 0xDCC4, 0xD485,
  0xDCE5, 0xD485, 0xC402, 0xB382, 0xA300, 0xAB41, 0xAB41, 0xA301, 0xA302, 0xA302, 0xA302, 0xAB42, 0xAB42, 0xAB42, 0xAB42, 0xAB42,
  0xA302, 0xA323, 0xBC25, 0xBC25, 0xB383, 0xB383, 0xB386, 0xB427, 0xCCE9, 0xD54B, 0xE5D0, 0xE5D0, 0xE631, 0xF6B3, 0xFED5, 0xFF16,
  0xFF37, 0xF737, 0xFF37, 0xF758, 0xEF37, 0xF758, 0xF758, 0xEF37, 0xF758, 0xEF37, 0xFF37, 0xF737, 0xF737, 0xF737, 0xF737, 0xF737,
  0xF737, 0xF737, 0xF737, 0xF737, 0xEF37, 0xEF37, 0xF758, 0xF737, 0xFF16, 0xFED5, 0xE5D0, 0xB46A, 0xCC87, 0xB386, 0x9AE1, 0xA323,
  0xA301, 0xA323, 0x9AE1, 0x9AE1, 0xA323, 0xA323, 0xA323, 0xA323, 0xA323, 0xAB43, 0xA302, 0xAB43, 0xA302, 0xAB43, 0xA301, 0xA302,
  0xAB43, 0xA302, 0xA323, 0xBC25, 0xCC87, 0xB386, 0xCC87, 0xE5AB, 0xCC69, 0xBC25, 0xC404, 0xB383, 0xCC65, 0xDD08, 0xDCE6, 0xCC87,
  0xD485, 0xCC87, 0xD485, 0xCC87, 0xCCE9, 0xCC65, 0x9BE5, 0xB386, 0xB427, 0xD5EE, 0xFED4, 0xFF14, 0xFF15, 0xFED5, 0xF6F7, 0xF6F7,
  0xEEF6, 0xF6F7, 0xF739, 0xE758, 0x5A89, 0x0001, 0x0001, 0x0001, 0x0001, 0x0001, 0x0001, 0x0001, 0x0001, 0x0001, 0x0001, 0x0001,
  0x0001, 0x0002, 0x0027, 0x00D1, 0x09DC, 0x0000, 0x0000, 0x0000, 0x0000, 0x0000, 0x0000, 0x0000, 0x0000, 0x0000, 0x0000, 0x0000,
  0x0000, 0x0000, 0x0000, 0x0000, 0x0000, 0x0000, 0x0000, 0x0000, 0x0000, 0x0000, 0x0000, 0x0177, 0x004A, 0x0004, 0x0001, 0x0001,
  0x0001, 0x0001, 0x0001, 0x0001, 0x0001, 0x0001, 0x0001, 0x0001, 0x0001, 0x0001, 0x2080, 0xB46A, 0xDDAB, 0xE567, 0xE567, 0xE567,
  0xE589, 0xED88, 0xE567, 0xE567, 0xE567, 0xE528, 0xE567, 0xE589, 0xE567, 0xE567, 0xE567, 0xE567, 0xE567, 0xE567, 0xE589, 0xE567,
  0xE528, 0xE589, 0xE567, 0xE528, 0xE589, 0xE589, 0xE568, 0xCC65, 0xCC65, 0xB382, 0xA300, 0x9AE1, 0x9AE1, 0xA300, 0xA301, 0xA301,
  0xA301, 0xA301, 0xA301, 0xA302, 0xA300, 0xBBC2, 0xE507, 0xE568, 0xE589, 0xE567, 0xE589, 0xE567, 0xE567, 0xE567, 0xE567, 0xE567,
  0xE567, 0xE567, 0xED88, 0xE567, 0xED88, 0xED88, 0xE567, 0xE567, 0xE567, 0xDCE6, 0xDCE5, 0xD444, 0xDCE5, 0xD444, 0xDCE5, 0xD444,
  0xDCE5, 0xD444, 0xBBC2, 0xAB40, 0xA300, 0xA301, 0xAB41, 0xA302, 0xA302, 0xA302, 0xA302, 0xA302, 0xA302, 0xA302, 0xA302, 0xAB42,
  0xAB42, 0xAB42, 0xAB42, 0xAB43, 0xA323, 0xAB42, 0xA363, 0xB383, 0xBC25, 0xCC87, 0xD54B, 0xDD8D, 0xE5D0, 0xE631, 0xFED4, 0xFED4,
  0xFED5, 0xF737, 0xFF16, 0xF737, 0xF737, 0xF737, 0xF758, 0xF758, 0xFF79, 0xEF37, 0xEF37, 0xF737, 0xF737, 0xEF37, 0xF737, 0xF737,
  0xF737, 0xF737, 0xF737, 0xEF37, 0xEF37, 0xF737, 0xF737, 0xF737, 0xFF16, 0xEE71, 0xCCEB, 0xCC69, 0xCC87, 0x9B65, 0x9AE1, 0x9AE1,
  0x9AE1, 0x9AE1, 0x9AE1, 0xA323, 0xA302, 0xA323, 0xA323, 0xAB43, 0xA301, 0xA302, 0xA302, 0xAB21, 0xAB21, 0xA302, 0xAB43, 0xA302,
  0xA302, 0xA302, 0xA302, 0xAB43, 0xB386, 0xAB43, 0xCC87, 0xDD2A, 0xB386, 0xA302, 0xAB43, 0xB3E5, 0xCC65, 0xE528, 0xE528, 0xD485,
  0xE528, 0xE507, 0xCC87, 0xDCE6, 0xD4E7, 0xCC69, 0xCC65, 0x9B65, 0xA363, 0xB3E5, 0xCCEB, 0xEE10, 0xFF14, 0xFF16, 0xFF16, 0xFF16,
  0xEEF6, 0xF6F7, 0xF6F7, 0xF6F7, 0xB5B1, 0x2102, 0x0001, 0x0001, 0x0800, 0x0001, 0x0001, 0x0001, 0x0001, 0x0001, 0x0001, 0x0001,
  0x0001, 0x0001, 0x0004, 0x006D, 0x0177, 0x09DC, 0x0000, 0x0000, 0x0000, 0x0000, 0x0000, 0x0000, 0x0000, 0x0000, 0x0000, 0x0000,
  0x0000, 0x0000, 0x0000, 0x0000, 0x0000, 0x0000, 0x0000, 0x0000, 0x0000, 0x0000, 0x09DC, 0x00D1, 0x0027, 0x0002, 0x0001, 0x0001,
  0x0001, 0x0001, 0x0001, 0x0001, 0x0001, 0x0001, 0x0001, 0x0800, 0x1000, 0x0800, 0x7B06, 0xD5EE, 0xDD69, 0xE567, 0xDCE6, 0xDCE6,
  0xE567, 0xE568, 0xE568, 0xE567, 0xE528, 0xED88, 0xE567, 0xE567, 0xE567, 0xE567, 0xE567, 0xE567, 0xE567, 0xE567, 0xE567, 0xE528,
  0xE589, 0xE567, 0xE528, 0xE589, 0xE567, 0xE568, 0xE568, 0xE528, 0xE528, 0xD4E7, 0xC404, 0xA302, 0xAB40, 0xAB42, 0xA302, 0xA302,
  0xA302, 0xA300, 0xA300, 0xA300, 0xB382, 0xCC65, 0xE589, 0xE528, 0xED88, 0xE589, 0xE567, 0xE567, 0xE567, 0xE567, 0xE567, 0xED88,
  0xE567, 0xE589, 0xE567, 0xE567, 0xE567, 0xE567, 0xE567, 0xE567, 0xE507, 0xDCE5, 0xDCE5, 0xDCE5, 0xD444, 0xDCE5, 0xDCC4, 0xD485,
  0xD485, 0xC404, 0xB382, 0xAB00, 0xAB00, 0xA301, 0xA301, 0xA301, 0xAB42, 0xA302, 0xAB42, 0xA302, 0xA301, 0xA302, 0xAB42, 0xA302,
  0xAB42, 0xA302, 0xA302, 0xAB42, 0xAB42, 0xA323, 0xB383, 0xA323, 0xB383, 0xB386, 0xB427, 0xCCEB, 0xD54B, 0xE5EE, 0xE631, 0xF692,
  0xEE93, 0xFED4, 0xFF16, 0xF737, 0xF737, 0xF737, 0xF737, 0xF758, 0xF737, 0xF737, 0xF737, 0xEF37, 0xEF37, 0xEF37, 0xEF37, 0xEF37,
  0xF758, 0xF737, 0xF737, 0xEF37, 0xF737, 0xF737, 0xF737, 0xFF37, 0xFED5, 0xCD6E, 0xCC69, 0xDD2A, 0xB427, 0xB382, 0x9AE1, 0x9AE1,
  0xAAE0, 0x9AE1, 0xA302, 0x9AE1, 0xA302, 0xA302, 0xA302, 0xA302, 0xA302, 0xAB21, 0xA302, 0xA302, 0xAB21, 0xA302, 0xA302, 0xA302,
  0xA302, 0xA301, 0xA302, 0xAB43, 0xAB43, 0xAB43, 0xCC87, 0xBC25, 0xAB43, 0xAB43, 0xB383, 0xC404, 0xC404, 0xDCE6, 0xE528, 0xE528,
  0xE528, 0xE528, 0xE528, 0xCC87, 0xCC65, 0xCCE9, 0xDD08, 0xCC65, 0xA363, 0xA302, 0xAB41, 0x9BE5, 0xCD6E, 0xFED4, 0xFED5, 0xE676,
  0xFF16, 0xF6F7, 0xF6F7, 0xF738, 0xF738, 0x840B, 0x0800, 0x0001, 0x0001, 0x0001, 0x0001, 0x0001, 0x0001, 0x0001, 0x0001, 0x0001,
  0x0001, 0x0001, 0x0001, 0x0027, 0x00D1, 0x0000, 0x0000, 0x0000, 0x0000, 0x0000, 0x0000, 0x0000, 0x0000, 0x0000, 0x0000, 0x0000,
  0x0000, 0x0000, 0x0000, 0x0000, 0x0000, 0x0000, 0x0000, 0x0000, 0x0000, 0x0000, 0x0177, 0x006D, 0x0004, 0x0001, 0x0001, 0x0001,
  0x0001, 0x0001, 0x0001, 0x0001, 0x0001, 0x0001, 0x0001, 0x0800, 0x1000, 0x3100, 0xC50D, 0xCD8B, 0xE567, 0xE567, 0xE566, 0xE567,
  0xE528, 0xE589, 0xE567, 0xE589, 0xED88, 0xE567, 0xE567, 0xE567, 0xE567, 0xE567, 0xE567, 0xE567, 0xE567, 0xE567, 0xE589, 0xE567,
  0xE567, 0xE589, 0xE567, 0xE567, 0xE528, 0xE589, 0xE568, 0xE589, 0xE589, 0xE568, 0xE568, 0xCC65, 0xBBC2, 0xB383, 0xAB41, 0xA300,
  0xAB41, 0xA302, 0xA300, 0xAB41, 0xC404, 0xE528, 0xE589, 0xED88, 0xE528, 0xE589, 0xE567, 0xE567, 0xE589, 0xE567, 0xE567, 0xED88,
  0xED88, 0xE567, 0xE567, 0xE567, 0xE567, 0xE567, 0xE567, 0xE507, 0xDCE6, 0xDCE5, 0xDCE5, 0xDCE5, 0xD485, 0xCC65, 0xDCE5, 0xDCE5,
  0xC402, 0xB382, 0xAB00, 0xAB00, 0xA301, 0xA301, 0xA301, 0xAB42, 0xA302, 0xA302, 0xA302, 0xA302, 0xA302, 0xA302, 0xA302, 0xA302,
  0xA302, 0xA302, 0xA302, 0xA302, 0xAB42, 0xAB42, 0xAB42, 0xAB43, 0xA363, 0xB383, 0xB383, 0xB3E5, 0xCC87, 0xCCEB, 0xE5EE, 0xEE10,
  0xEE10, 0xEE93, 0xFF14, 0xFF16, 0xF737, 0xF737, 0xF737, 0xF737, 0xF737, 0xEF37, 0xEF37, 0xEF37, 0xEF37, 0xF758, 0xEF37, 0xF737,
  0xEF37, 0xEF37, 0xF737, 0xEF37, 0xF737, 0xF737, 0xF737, 0xFF37, 0xE631, 0xC50D, 0xCCEB, 0xCCE9, 0xCC65, 0xB383, 0x9AE1, 0x9AE1,
  0x9AE1, 0xA301, 0xA302, 0xA302, 0xA302, 0xA302, 0xAB21, 0xAB21, 0xA302, 0xAB21, 0xA301, 0xA302, 0xA302, 0xA302, 0xA301, 0xA302,
  0xA301, 0xA302, 0xA302, 0xA302, 0xAB43, 0xA323, 0xAB43, 0xAB43, 0xA302, 0xAB42, 0xB383, 0xD444, 0xBC25, 0xDCE6, 0xE528, 0xE528,
  0xE507, 0xE528, 0xE528, 0xE528, 0xE507, 0xCC87, 0xCC87, 0xBC25, 0xB382, 0x8B02, 0x9AE1, 0x8B02, 0x9B65, 0xCCEB, 0xE631, 0xFED5,
  0xFF16, 0xFF16, 0xE676, 0xDE75, 0xFF18, 0xD5F5, 0x49C4, 0x0001, 0x0001, 0x0001, 0x0001, 0x0001, 0x0001, 0x0001, 0x0001, 0x0001,
  0x0001, 0x0001, 0x0001, 0x0004, 0x006D, 0x0177, 0x0000, 0x0000, 0x0000, 0x0000, 0x0000, 0x0000, 0x0000, 0x0000, 0x0000, 0x0000,
  0x0000, 0x0000, 0x0000, 0x0000, 0x0000, 0x0000, 0x0000, 0x0000, 0x0000, 0x09DC, 0x00D1, 0x0027, 0x0002, 0x0001, 0x0001, 0x0001,
  0x0001, 0x0001, 0x0001, 0x0001, 0x0001, 0x0001, 0x0800, 0x1000, 0x1000, 0x9B87, 0xE5AB, 0xDD69, 0xE567, 0xE545, 0xE567, 0xE507,
  0xE567, 0xE567, 0xE567, 0xE567, 0xE567, 0xE568, 0xED88, 0xE567, 0xED88, 0xE567, 0xE567, 0xE567, 0xE567, 0xE567, 0xE567, 0xE528,
  0xE567, 0xE567, 0xE528, 0xE589, 0xE567, 0xE528, 0xE589, 0xE589, 0xE528, 0xE589, 0xE589, 0xE568, 0xD4E7, 0xBC25, 0xB382, 0xAB41,
  0xAB41, 0xAB40, 0xAB41, 0xBBC2, 0xDCE6, 0xE589, 0xE528, 0xE589, 0xE567, 0xE567, 0xE567, 0xE567, 0xE567, 0xE567, 0xE567, 0xE567,
  0xE589, 0xED88, 0xED88, 0xE567, 0xE567, 0xE567, 0xE566, 0xDCE6, 0xE505, 0xDCE5, 0xD485, 0xD485, 0xD444, 0xDCE5, 0xD485, 0xD485,
  0xBBC2, 0xAB00, 0xA300, 0xA301, 0xAB21, 0xAB21, 0xA301, 0xA302, 0xA302, 0xA302, 0xAB42, 0xA302, 0xA302, 0xA302, 0xA302, 0xA302,
  0xA302, 0xA302, 0xA302, 0xA302, 0xA302, 0xA302, 0xAB42, 0xAB42, 0xAB42, 0xA323, 0xA323, 0xB383, 0x9B65, 0xBC25, 0xCCEB, 0xCD8B,
  0xDD8D, 0xEE10, 0xF6B3, 0xFED4, 0xFED4, 0xF737, 0xFF16, 0xEF37, 0xF737, 0xF737, 0xF737, 0xEF37, 0xEF37, 0xF758, 0xEF37, 0xEF37,
  0xEF37, 0xEF37, 0xF737, 0xF758, 0xF737, 0xF737, 0xF737, 0xF737, 0xCD6E, 0xB46A, 0xCCEB, 0xCCE9, 0xCC87, 0xA3E2, 0xA301, 0xA300,
  0xA301, 0xAAE0, 0xA301, 0xA301, 0xAB21, 0xAB21, 0xA302, 0xA302, 0xA302, 0xAB21, 0xAAE0, 0xA301, 0xA301, 0xA302, 0xA301, 0xA301,
  0xA302, 0xA301, 0xA302, 0xA302, 0xA302, 0xA302, 0xA302, 0xA302, 0xA302, 0xAB43, 0xD444, 0xD444, 0xD485, 0xD485, 0xE507, 0xE507,
  0xE507, 0xE507, 0xE528, 0xE528, 0xE528, 0xE507, 0xCC65, 0xC404, 0xAB42, 0x9AE1, 0xA302, 0xA363, 0xA323, 0x9346, 0x9BE8, 0xCD6E,
  0xE631, 0xFED5, 0xFED4, 0xEE93, 0xFF37, 0xE676, 0x9C2E, 0x0001, 0x0800, 0x0800, 0x0001, 0x0001, 0x0001, 0x0001, 0x0001, 0x0001,
  0x0001, 0x0001, 0x0001, 0x0002, 0x0027, 0x00D1, 0x09DC, 0x0000, 0x0000, 0x0000, 0x0000, 0x0000, 0x0000, 0x0000, 0x0000, 0x0000,
  0x0000, 0x0000, 0x0000, 0x0000, 0x0000, 0x0000, 0x0000, 0x0000, 0x09DC, 0x19D7, 0x006D, 0x0004, 0x0001, 0x0001, 0x0001, 0x0001,
  0x0001, 0x0001, 0x0001, 0x0001, 0x0001, 0x0001, 0x0800, 0x1000, 0x4120, 0xCD6E, 0xE58A, 0xED88, 0xE567, 0xD4E7, 0xDCE6, 0xE507,
  0xE507, 0xE567, 0xE567, 0xE567, 0xE567, 0xE567, 0xE589, 0xE567, 0xED88, 0xED88, 0xE567, 0xE567, 0xE567, 0xE567, 0xE568, 0xE567,
  0xE589, 0xE567, 0xE567, 0xE567, 0xE589, 0xE567, 0xE528, 0xE589, 0xE589, 0xE567, 0xE528, 0xE589, 0xE58A, 0xE528, 0xCC65, 0xC404,
  0xAB41, 0xA300, 0xB382, 0xD4E7, 0xE528, 0xE589, 0xE589, 0xE567, 0xED88, 0xED88, 0xED88, 0xED88, 0xE567, 0xE589, 0xED88, 0xE567,
  0xED88, 0xED88, 0xED88, 0xED88, 0xE566, 0xE566, 0xDCE6, 0xE505, 0xDCE5, 0xDCE5, 0xD485, 0xD444, 0xDCE5, 0xD485, 0xD485, 0xD444,
  0xAB41, 0xAB00, 0xAB00, 0xA301, 0xA301, 0xA301, 0xA302, 0xA302, 0xAB42, 0xA302, 0xA302, 0xA302, 0xA302, 0xAB42, 0xA302, 0xA302,
  0xA302, 0xA302, 0xA302, 0xA302, 0xA302, 0xA302, 0xA302, 0xAB42, 0xAB42, 0xAB42, 0xAB43, 0xAB42, 0xA302, 0xA363, 0xB3E5, 0xCC87,
  0xCCEB, 0xDD8D, 0xEE10, 0xEE71, 0xEE71, 0xFF15, 0xFF37, 0xFF37, 0xFF37, 0xEF37, 0xF737, 0xEF37, 0xF758, 0xEF37, 0xEF37, 0xEF37,
  0xEF37, 0xEF37, 0xEF37, 0xEF37, 0xF737, 0xEF37, 0xF737, 0xF737, 0xCDF1, 0xCCEB, 0xB4EB, 0xCC87, 0xD4E7, 0xBC25, 0xAB43, 0xAB42,
  0xA302, 0xA302, 0xA301, 0xA301, 0xA301, 0xA301, 0xAB21, 0xAB21, 0xA302, 0xAAE0, 0xA301, 0xA301, 0xA302, 0xA301, 0xA301, 0xA302,
  0xAB21, 0xAAE0, 0xA301, 0xA301, 0xA302, 0xA302, 0xA302, 0xAB42, 0xB382, 0xC404, 0xCC65, 0xD485, 0xDCE6, 0xD485, 0xE506, 0xE506,
  0xDCE6, 0xE507, 0xE507, 0xE528, 0xE507, 0xDCE6, 0xC404, 0xB383, 0xAB42, 0xAB41, 0xA302, 0xA363, 0xA323, 0x9303, 0x9B65, 0x9346,
  0xCC6B, 0xE5D0, 0xF692, 0xFED5, 0xEE93, 0xFF79, 0xE676, 0x49C4, 0x0800, 0x0800, 0x0001, 0x0001, 0x0001, 0x0001, 0x0001, 0x0001,
  0x0001, 0x0001, 0x0001, 0x0001, 0x0004, 0x006D, 0x11DA, 0x0000, 0x0000, 0x0000, 0x0000, 0x0000, 0x0000, 0x0000, 0x0000, 0x0000,
  0x0000, 0x0000, 0x0000, 0x0000, 0x0000, 0x0000, 0x0000, 0x0000, 0x09DC, 0x1193, 0x0027, 0x0002, 0x0001, 0x0001, 0x0001, 0x0001,
  0x0001, 0x0001, 0x0001, 0x0001, 0x0001, 0x0800, 0x1000, 0x1000, 0x9B87, 0xDDAB, 0xED88, 0xE566, 0xE567, 0xE566, 0xE507, 0xE507,
  0xE507, 0xE507, 0xE567, 0xE567, 0xE567, 0xE567, 0xED88, 0xE567, 0xED88, 0xED88, 0xED88, 0xE567, 0xE567, 0xE567, 0xE589, 0xE567,
  0xE567, 0xE567, 0xE528, 0xE567, 0xE567, 0xE589, 0xE567, 0xE528, 0xE589, 0xE589, 0xE589, 0xE589, 0xE589, 0xE589, 0xE589, 0xE528,
  0xBBC2, 0xAB41, 0xD4E7, 0xE567, 0xED88, 0xE528, 0xE567, 0xE589, 0xED88, 0xE567, 0xE589, 0xE589, 0xED88, 0xED88, 0xED88, 0xED88,
  0xED88, 0xED86, 0xED88, 0xED86, 0xE567, 0xE507, 0xE505, 0xDCE5, 0xDCE5, 0xD485, 0xD485, 0xD485, 0xD485, 0xD485, 0xD485, 0xC404,
  0xAB00, 0xA300, 0xA301, 0xA301, 0xA301, 0xA301, 0xA302, 0xA302, 0xA302, 0xA302, 0xA302, 0xA302, 0xA302, 0xA302, 0xA302, 0xA302,
  0xA302, 0xA302, 0xA302, 0xA301, 0xA302, 0xA302, 0xA302, 0xA302, 0xA302, 0xAB42, 0xAB42, 0xAB42, 0xA302, 0xAB42, 0xA363, 0xB3E5,
  0xCC69, 0xCD8B, 0xDD8D, 0xCD6E, 0xE631, 0xFED4, 0xF716, 0xFF15, 0xEF37, 0xFF37, 0xEF37, 0xEF37, 0xEF37, 0xF758, 0xEF37, 0xEF37,
  0xEF37, 0xEF37, 0xEF37, 0xEF37, 0xEF37, 0xF737, 0xEF37, 0xF737, 0xEE93, 0xD5EE, 0xCCEB, 0xCCE9, 0xCC87, 0xBC25, 0xB383, 0xAB42,
  0xAB42, 0xA302, 0xA301, 0xA302, 0xA301, 0xA301, 0xAAE0, 0xA301, 0xA301, 0xA301, 0xA302, 0xA302, 0xA302, 0xAAE0, 0xA300, 0xA300,
  0xA301, 0xA301, 0xA302, 0xA301, 0xA301, 0xA301, 0xAB21, 0xAB43, 0xC402, 0xCC65, 0xD485, 0xD485, 0xD485, 0xDCE6, 0xD485, 0xDCE6,
  0xDCE6, 0xD485, 0xDCA4, 0xE506, 0xDCE6, 0xD485, 0xC404, 0xB382, 0xA300, 0xA300, 0xA302, 0xAB42, 0xA323, 0xA323, 0xA323, 0x9B65,
  0x9303, 0x9B65, 0xB46A, 0xE631, 0xFED5, 0xEE97, 0xFF37, 0x9C2E, 0x1000, 0x0800, 0x0001, 0x0001, 0x0001, 0x0001, 0x0001, 0x0001,
  0x0001, 0x0001, 0x0001, 0x0001, 0x0002, 0x004A, 0x00D1, 0x0000, 0x0000, 0x0000, 0x0000, 0x0000, 0x0000, 0x0000, 0x0000, 0x0000,
  0x0000, 0x0000, 0x0000, 0x0000, 0x0000, 0x0000, 0x0000, 0x09DC, 0x11DA, 0x006D, 0x0004, 0x0001, 0x0001, 0x0001, 0x0001, 0x0001,
  0x0001, 0x0001, 0x0001, 0x0001, 0x0001, 0x0800, 0x0800, 0x51C3, 0xCD6E, 0xDD2A, 0xE528, 0xE567, 0xD4E7, 0xE507, 0xE507, 0xE507,
  0xE507, 0xE507, 0xE507, 0xE567, 0xE567, 0xE567, 0xE589, 0xE589, 0xED88, 0xED88, 0xED88, 0xE567, 0xE567, 0xE568, 0xE567, 0xE567,
  0xE528, 0xE567, 0xE589, 0xE567, 0xE567, 0xE567, 0xE589, 0xE567, 0xE528, 0xE567, 0xE589, 0xE589, 0xE528, 0xE589, 0xE589, 0xE528,
  0xD4E7, 0xD485, 0xE567, 0xE589, 0xE567, 0xE589, 0xE567, 0xED88, 0xED88, 0xED88, 0xED88, 0xE567, 0xE567, 0xED88, 0xED88, 0xED86,
  0xED88, 0xED88, 0xED88, 0xED88, 0xE566, 0xDCE6, 0xDCE5, 0xDCE5, 0xD485, 0xD444, 0xDCE5, 0xD444, 0xD485, 0xD485, 0xD444, 0xB382,
  0xA300, 0xA300, 0xA301, 0xA301, 0xA301, 0xA302, 0xA302, 0xA302, 0xA302, 0xA302, 0xA302, 0xA302, 0xA302, 0xA302, 0xAB42, 0xA302,
  0xA302, 0xA302, 0xA301, 0xA302, 0xA302, 0xA301, 0xA302, 0xA302, 0xA302, 0xA302, 0xA302, 0xAB42, 0xAB42, 0xA302, 0xA363, 0xAB42,
  0xB3E5, 0xCC87, 0xDDAB, 0xDD8D, 0xE5EE, 0xD5EE, 0xEE71, 0xFED5, 0xF737, 0xF737, 0xF737, 0xF737, 0xEF37, 0xEF37, 0xEF37, 0xEF37,
  0xEF37, 0xEF37, 0xEF37, 0xEF37, 0xEF37, 0xF737, 0xEF37, 0xFF16, 0xFF37, 0xF6B3, 0xE5D0, 0xCD8B, 0xCCE9, 0xCCE9, 0xBC25, 0xA363,
  0xA302, 0xAB41, 0xAB42, 0xA302, 0xA302, 0xA302, 0xA302, 0xA301, 0xAAE0, 0xA301, 0xA301, 0xA301, 0xA301, 0xA302, 0xA302, 0xA300,
  0xA302, 0xA302, 0xA301, 0xA301, 0xA301, 0xAB41, 0xAB41, 0xB382, 0xD444, 0xD485, 0xD485, 0xDCA4, 0xD485, 0xDCA4, 0xDCA4, 0xDCE6,
  0xDCA4, 0xD485, 0xD485, 0xD485, 0xD485, 0xD444, 0xBBC2, 0xB382, 0xB383, 0xB383, 0xAB42, 0xA323, 0xAB42, 0xA323, 0xA323, 0xA323,
  0x9B65, 0x9B65, 0x9B65, 0x9B87, 0xCC6B, 0xCD6E, 0xFF16, 0xE676, 0x51C3, 0x0001, 0x0800, 0x0800, 0x0001, 0x0001, 0x0001, 0x0001,
  0x0001, 0x0001, 0x0001, 0x0001, 0x0001, 0x0027, 0x00D1, 0x11DA, 0x0000, 0x0000, 0x0000, 0x0000, 0x0000, 0x0000, 0x0000, 0x0000,
  0x0000, 0x0000, 0x0000, 0x0000, 0x0000, 0x0000, 0x0000, 0x09DC, 0x1193, 0x006D, 0x0002, 0x0001, 0x0001, 0x0001, 0x0001, 0x0001,
  0x0001, 0x0001, 0x0001, 0x0001, 0x0001, 0x0800, 0x1000, 0x9BE8, 0xDD2A, 0xE567, 0xE567, 0xE507, 0xE567, 0xE567, 0xE507, 0xE507,
  0xE507, 0xE505, 0xE507, 0xE566, 0xE567, 0xE567, 0xE589, 0xED88, 0xE567, 0xE567, 0xE589, 0xED88, 0xED88, 0xED88, 0xE567, 0xE528,
  0xED88, 0xE567, 0xE567, 0xE528, 0xE589, 0xE567, 0xE528, 0xE589, 0xE589, 0xE567, 0xE589, 0xE589, 0xE589, 0xED88, 0xE589, 0xED88,
  0xE567, 0xE589, 0xED88, 0xE589, 0xE589, 0xE567, 0xE567, 0xED88, 0xED88, 0xED88, 0xED88, 0xED88, 0xE567, 0xE567, 0xE567, 0xED88,
  0xED88, 0xED88, 0xED86, 0xE567, 0xE507, 0xE505, 0xDCE5, 0xDCC4, 0xDCC4, 0xDCE5, 0xD485, 0xD485, 0xD485, 0xCC65, 0xB382, 0xA300,
  0xA300, 0xA300, 0xA301, 0xA301, 0xA301, 0xA301, 0xA302, 0xA302, 0xA302, 0xA302, 0xA302, 0xA302, 0xA302, 0xA302, 0xA302, 0xA302,
  0xA302, 0xA302, 0xA302, 0xA302, 0xA302, 0xA302, 0xA302, 0xA302, 0xA302, 0xA302, 0xA302, 0xAB42, 0xA302, 0xAB42, 0xAB42, 0xAB42,
  0xBC25, 0xDD2A, 0xDDAB, 0xDDAB, 0xDD8D, 0xEE10, 0xD5EE, 0xE631, 0xF716, 0xF737, 0xF737, 0xEF37, 0xF758, 0xF758, 0xEF37, 0xEF37,
  0xEF37, 0xEF37, 0xF758, 0xF737, 0xE758, 0xFF79, 0xEF37, 0xFF37, 0xFF37, 0xFF16, 0xFF14, 0xE631, 0xCD6E, 0xCCEB, 0xBC25, 0x9B65,
  0xA302, 0xA302, 0xAB42, 0x9AE1, 0xA302, 0xA300, 0xA302, 0xA300, 0xA302, 0xAAE0, 0xA302, 0xA301, 0xA301, 0xA301, 0xAB00, 0xA300,
  0xA300, 0xA300, 0xA300, 0xA302, 0xAB41, 0xAB41, 0xB382, 0xD444, 0xD485, 0xD444, 0xDCA4, 0xDCA4, 0xDCA4, 0xD485, 0xDCA4, 0xE505,
  0xD485, 0xD485, 0xDCA4, 0xD485, 0xC402, 0xB382, 0xBBC2, 0xB382, 0xBBC2, 0xC404, 0xC404, 0xAB43, 0xAB43, 0xA302, 0xA323, 0xA323,
  0xA323, 0xA323, 0x9B65, 0xA323, 0x9B65, 0xCC69, 0xE5D0, 0xFF37, 0xBCF0, 0x1000, 0x0001, 0x0001, 0x0001, 0x0001, 0x0001, 0x0001,
  0x0001, 0x0001, 0x0001, 0x0001, 0x0001, 0x0004, 0x006D, 0x0177, 0x09DC, 0x0000, 0x0000, 0x0000, 0x0000, 0x0000, 0x0000, 0x0000,
  0x0000, 0x0000, 0x0000, 0x0000, 0x0000, 0x0000, 0x0000, 0x11DA, 0x00D1, 0x0004, 0x0001, 0x0001, 0x0001, 0x0001, 0x0001, 0x0001,
  0x0001, 0x0001, 0x0001, 0x0001, 0x0001, 0x0800, 0x3922, 0xC50D, 0xDD2A, 0xE507, 0xE507, 0xE567, 0xE507, 0xE568, 0xE507, 0xE507,
  0xE505, 0xE507, 0xE507, 0xE507, 0xE566, 0xE567, 0xE567, 0xE589, 0xE567, 0xED88, 0xE567, 0xE589, 0xE567, 0xE589, 0xE567, 0xE589,
  0xE567, 0xE568, 0xE568, 0xE589, 0xE567, 0xE528, 0xE589, 0xE567, 0xE528, 0xE589, 0xE589, 0xE567, 0xE589, 0xE589, 0xED88, 0xE567,
  0xE567, 0xE589, 0xE567, 0xED88, 0xED88, 0xE589, 0xED88, 0xED88, 0xE567, 0xE567, 0xE567, 0xE567, 0xE567, 0xE567, 0xE567, 0xED88,
  0xED88, 0xE566, 0xE567, 0xE507, 0xE505, 0xDCE5, 0xDCE5, 0xD444, 0xDCE5, 0xD485, 0xD444, 0xDCE5, 0xD485, 0xC404, 0xAB41, 0xA300,
  0xA301, 0xAB00, 0xA301, 0xA301, 0xA301, 0xA302, 0xAB42, 0xA302, 0xA302, 0xA302, 0xA302, 0xA302, 0xA302, 0xA302, 0xA302, 0xA302,
  0xA302, 0xA301, 0xA302, 0xA302, 0xA302, 0xA302, 0xA301, 0xA302, 0xA302, 0xA302, 0xA302, 0xA302, 0xAB42, 0xAB42, 0xAB42, 0xAB42,
  0xBC25, 0xDD2A, 0xDD2A, 0xE5AB, 0xDD8D, 0xD5EE, 0xE5D0, 0xCDF1, 0xF716, 0xF737, 0xF737, 0xF737, 0xEF37, 0xEF37, 0xF737, 0xEF37,
  0xEF37, 0xEF37, 0xF737, 0xF758, 0xEF37, 0xF737, 0xF737, 0xF737, 0xF737, 0xF737, 0xFF15, 0xFF14, 0xFED4, 0xD5EE, 0xCCEB, 0xB427,
  0x9BE5, 0xA323, 0xA302, 0x9AE1, 0xA302, 0xA300, 0xA302, 0xA300, 0xA301, 0xA301, 0xA302, 0xA301, 0xA301, 0xA301, 0xA301, 0xA302,
  0xA300, 0xA302, 0xA300, 0xA300, 0xAB41, 0xAB41, 0xC404, 0xD444, 0xDCE5, 0xD444, 0xDCC4, 0xD444, 0xDCC4, 0xDCA4, 0xDCA4, 0xDCA4,
  0xD485, 0xDCA4, 0xD485, 0xD444, 0xBBC2, 0xB340, 0xAB41, 0xB382, 0xAB41, 0xAB43, 0xB383, 0xC404, 0xAB43, 0xAB43, 0xAB43, 0xA323,
  0xA323, 0xA323, 0xA323, 0xA323, 0xA363, 0x9B65, 0xB386, 0xCCEB, 0xE631, 0x69C6, 0x0001, 0x0001, 0x0001, 0x0001, 0x0001, 0x0001,
  0x0001, 0x0001, 0x0001, 0x0001, 0x0001, 0x0002, 0x0004, 0x00D1, 0x09DC, 0x0000, 0x0000, 0x0000, 0x0000, 0x0000, 0x0000, 0x0000,
  0x0000, 0x0000, 0x0000, 0x0000, 0x0000, 0x0000, 0x0000, 0x0177, 0x004A, 0x0004, 0x0001, 0x0001, 0x0001, 0x0001, 0x0001, 0x0001,
  0x0001, 0x0001, 0x0001, 0x0001, 0x0001, 0x1000, 0x9346, 0xDD8D, 0xDD2A, 0xE507, 0xE507, 0xE528, 0xE568, 0xE568, 0xE507, 0xE507,
  0xE507, 0xE507, 0xE505, 0xE505, 0xE507, 0xE566, 0xE567, 0xE567, 0xE589, 0xE589, 0xE589, 0xE589, 0xED88, 0xED88, 0xE589, 0xE567,
  0xE589, 0xE567, 0xE568, 0xE568, 0xE528, 0xE589, 0xE528, 0xE589, 0xE589, 0xE567, 0xE589, 0xE589, 0xE567, 0xE567, 0xE589, 0xE567,
  0xE567, 0xE589, 0xE567, 0xE589, 0xED88, 0xED88, 0xED88, 0xED88, 0xE567, 0xE507, 0xE507, 0xE505, 0xE507, 0xE507, 0xE566, 0xE566,
  0xE566, 0xE567, 0xE507, 0xE505, 0xDCE5, 0xDCE5, 0xDCC4, 0xDCE5, 0xD444, 0xDCC4, 0xDCE5, 0xCC65, 0xCC22, 0xB382, 0xA300, 0xA300,
  0xAB41, 0xA301, 0xA301, 0xA301, 0xA301, 0xA301, 0xA302, 0xA302, 0xA302, 0xA302, 0xA302, 0xA302, 0xA302, 0xA302, 0xA301, 0xA302,
  0xA301, 0xA302, 0xA302, 0xA302, 0xA302, 0xA302, 0xA302, 0xA302, 0xA302, 0xA302, 0xA302, 0xA302, 0xA302, 0xAB42, 0xAB42, 0xAB42,
  0xC404, 0xCC65, 0xDDAB, 0xE5AB, 0xE5EE, 0xDD8D, 0xEE10, 0xEE71, 0xF737, 0xF737, 0xF737, 0xF737, 0xEF37, 0xEF37, 0xEF37, 0xEF37,
  0xEF37, 0xF737, 0xF758, 0xE758, 0xEF37, 0xF737, 0xEF37, 0xEF37, 0xF737, 0xF737, 0xF716, 0xF716, 0xFF14, 0xFED4, 0xEE10, 0xCCEB,
  0xB427, 0xB3E5, 0xA363, 0xA302, 0x9AE1, 0x9AE1, 0xA302, 0xA301, 0xA301, 0xA302, 0xA302, 0xA301, 0xA301, 0xA301, 0xA301, 0xAB00,
  0xA302, 0xA300, 0xA300, 0xA301, 0xAB41, 0xBBC2, 0xD444, 0xD485, 0xD444, 0xDCC4, 0xDCA3, 0xDCC4, 0xDCA4, 0xE4E4, 0xDCA4, 0xDCA4,
  0xD444, 0xDCA4, 0xD444, 0xBBC2, 0xB380, 0xB320, 0xAB00, 0xAB00, 0xAB41, 0xAB41, 0xB382, 0xB383, 0xB382, 0xAB43, 0xB383, 0xAB43,
  0xA302, 0xAB43, 0xA302, 0xA302, 0xAB43, 0xAB42, 0x9AE1, 0x9AE1, 0xB427, 0x7B69, 0x1000, 0x0800, 0x0800, 0x0001, 0x0001, 0x0001,
  0x0001, 0x0001, 0x0001, 0x0001, 0x0001, 0x0001, 0x0002, 0x006D, 0x0177, 0x0000, 0x0000, 0x0000, 0x0000, 0x0000, 0x0000, 0x0000,
  0x0000, 0x0000, 0x0000, 0x0000, 0x0000, 0x0000, 0x09DC, 0x0177, 0x0027, 0x0001, 0x0001, 0x0001, 0x0001, 0x0001, 0x0001, 0x0001,
  0x0001, 0x0001, 0x0001, 0x0800, 0x0800, 0x3100, 0xB4EB, 0xD54B, 0xE528, 0xE507, 0xE507, 0xE568, 0xE568, 0xE568, 0xE507, 0xE507,
  0xE507, 0xE505, 0xE507, 0xE505, 0xE507, 0xDCE6, 0xE589, 0xDD69, 0xBC25, 0xB427, 0xE5AB, 0xE5AB, 0xDD69, 0xDD69, 0xED88, 0xE589,
  0xE567, 0xE589, 0xE528, 0xE589, 0xE567, 0xE589, 0xE528, 0xE589, 0xE528, 0xE589, 0xE567, 0xE589, 0xE589, 0xE567, 0xED88, 0xED88,
  0xED88, 0xED88, 0xED88, 0xED88, 0xED88, 0xE589, 0xED88, 0xE567, 0xE567, 0xE505, 0xDCE5, 0xDCE5, 0xDCE5, 0xE505, 0xDCE6, 0xE507,
  0xDCE6, 0xE507, 0xE505, 0xE505, 0xDCE5, 0xDCC4, 0xDCC4, 0xD444, 0xDCC4, 0xCC65, 0xDCE5, 0xD444, 0xB382, 0xA300, 0xA300, 0xA300,
  0xA300, 0xA302, 0xAB00, 0xA301, 0xA302, 0xA301, 0xA302, 0xA302, 0xA302, 0xA302, 0xA302, 0xA302, 0xA302, 0xA301, 0xA302, 0xA302,
  0xA302, 0xA302, 0xA302, 0xA302, 0xA300, 0xA302, 0xA302, 0xA302, 0xA302, 0xA302, 0xA302, 0xA302, 0xAB42, 0xAB42, 0xAB42, 0xAB41,
  0xA363, 0xCC87, 0xDD2A, 0xE5AB, 0xDD8D, 0xD5EE, 0xEE10, 0xEEF6, 0xF716, 0xF737, 0xF737, 0xF737, 0xEF37, 0xEF37, 0xF737, 0xF737,
  0xF737, 0xF737, 0xF737, 0xF737, 0xF738, 0xEF37, 0xEF37, 0xEF37, 0xEF37, 0xF737, 0xF737, 0xF716, 0xF716, 0xFF15, 0xFF14, 0xEE10,
  0xCD6E, 0xB46A, 0xBC25, 0xA363, 0xA302, 0xA302, 0x9AE1, 0xA302, 0xA302, 0xA302, 0xAB00, 0xA301, 0xA301, 0xA301, 0xA301, 0xA301,
  0xAB00, 0xA302, 0xA300, 0xAB41, 0xAB41, 0xBBC2, 0xD444, 0xD444, 0xDCE5, 0xD444, 0xDCC4, 0xDCA3, 0xDCA4, 0xDCA4, 0xDCA4, 0xDCA4,
  0xD485, 0xDCA4, 0xC402, 0xB340, 0xB340, 0xAB00, 0xAB00, 0xAB41, 0xAB00, 0xA301, 0xAB21, 0xAB21, 0xB382, 0xB383, 0xC404, 0xB383,
  0xB383, 0xAB43, 0xAB42, 0xA302, 0xAB42, 0xA302, 0x9AE1, 0x9AE1, 0x9303, 0x7AC3, 0x4120, 0x1000, 0x0800, 0x0001, 0x0001, 0x0001,
  0x0001, 0x0001, 0x0001, 0x0001, 0x0001, 0x0001, 0x0002, 0x0027, 0x0177, 0x09DC, 0x0000, 0x0000, 0x0000, 0x0000, 0x0000, 0x0000,
  0x0000, 0x0000, 0x0000, 0x0000, 0x0000, 0x09DC, 0x11DA, 0x006D, 0x0004, 0x0001, 0x0001, 0x0001, 0x0001, 0x0001, 0x0001, 0x0001,
  0x0001, 0x0001, 0x0001, 0x0800, 0x0800, 0x7B06, 0xD54B, 0xDD69, 0xE507, 0xE528, 0xE567, 0xE568, 0xE568, 0xE566, 0xE507, 0xE507,
  0xE505, 0xE507, 0xE505, 0xE507, 0xE505, 0xE507, 0xDD69, 0xCCE9, 0x6A20, 0x3060, 0x9B65, 0xDD2A, 0xE5EE, 0xE589, 0xDD69, 0xED88,
  0xE589, 0xE567, 0xE567, 0xE528, 0xE589, 0xE567, 0xE589, 0xE589, 0xE589, 0xED88, 0xE589, 0xED88, 0xED88, 0xE589, 0xED88, 0xED88,
  0xED88, 0xED88, 0xE589, 0xE589, 0xED88, 0xED88, 0xED88, 0xE566, 0xE507, 0xDCE5, 0xDCE5, 0xDCE5, 0xDCC4, 0xDCE5, 0xDCE5, 0xDCC4,
  0xE505, 0xDCE5, 0xDCE5, 0xDCE5, 0xDCE5, 0xDCE5, 0xDCC4, 0xDCE5, 0xD444, 0xDCE5, 0xDCE5, 0xD444, 0xBBC1, 0xA300, 0xAB40, 0xA300,
  0xA300, 0xA300, 0xA302, 0xA301, 0xA301, 0xA302, 0xA302, 0xA302, 0xA302, 0xA302, 0xA302, 0xA302, 0xA302, 0xA302, 0xA302, 0xA302,
  0xA302, 0xA302, 0xA302, 0xA302, 0xA302, 0xA302, 0xA302, 0xA302, 0xA302, 0xA302, 0xA302, 0xA302, 0xA302, 0xAB42, 0xAB42, 0xA3E2,
  0xB3E5, 0xCCE9, 0xE5AB, 0xE5AB, 0xDD8D, 0xEE10, 0xFED4, 0xF716, 0xF716, 0xF737, 0xF737, 0xF737, 0xF737, 0xF737, 0xF737, 0xF737,
  0xF737, 0xF737, 0xF737, 0xF737, 0xF737, 0xEF37, 0xF737, 0xF758, 0xEF37, 0xEF37, 0xF737, 0xF737, 0xF737, 0xF737, 0xFF15, 0xFED5,
  0xF6B3, 0xEE10, 0xCCEB, 0xB427, 0x9B65, 0xA323, 0xAB42, 0xA302, 0xA302, 0xA301, 0xA302, 0xA301, 0xA301, 0xA301, 0xA301, 0xA301,
  0xA301, 0xAB00, 0xA302, 0xAB40, 0xB382, 0xBBC2, 0xD444, 0xDCE5, 0xDCC4, 0xDCC4, 0xD444, 0xDCC4, 0xDCC4, 0xDCA4, 0xDCA4, 0xDCA4,
  0xDCA4, 0xD443, 0xBBC1, 0xB320, 0xB320, 0xAB00, 0xAB00, 0xAB00, 0xAB41, 0xAB00, 0xAB00, 0xAB00, 0xAB21, 0xB383, 0xC404, 0xB383,
  0xB383, 0xB382, 0xAB43, 0xAB41, 0xAB43, 0xAB42, 0xA302, 0xAB43, 0xA323, 0x9346, 0x4120, 0x1000, 0x0800, 0x0001, 0x0001, 0x0001,
  0x0001, 0x0001, 0x0001, 0x0001, 0x0001, 0x0001, 0x0001, 0x0004, 0x00D1, 0x11DA, 0x0000, 0x0000, 0x0000, 0x0000, 0x0000, 0x0000,
  0x0000, 0x0000, 0x0000, 0x0000, 0x0000, 0x09DC, 0x0177, 0x004A, 0x0002, 0x0001, 0x0001, 0x0001, 0x0001, 0x0001, 0x0001, 0x0001,
  0x0001, 0x0001, 0x0001, 0x1000, 0x3060, 0xCC6B, 0xCD8B, 0xE528, 0xE528, 0xE567, 0xE567, 0xE568, 0xE567, 0xE507, 0xE507, 0xE505,
  0xE505, 0xE505, 0xE507, 0xDCE6, 0xD4E7, 0xE58A, 0xDDAB, 0x7AA1, 0x2020, 0x1000, 0x2020, 0x6A20, 0xB46A, 0xDDAB, 0xDDAB, 0xDD2A,
  0xED88, 0xED88, 0xE589, 0xE567, 0xE589, 0xE567, 0xE589, 0xE568, 0xE589, 0xED88, 0xE589, 0xE567, 0xE589, 0xED88, 0xE589, 0xED88,
  0xED88, 0xED88, 0xED88, 0xED88, 0xED86, 0xED88, 0xE567, 0xE507, 0xE505, 0xDCE5, 0xDCE5, 0xDCC4, 0xDCE5, 0xDCE5, 0xDCC4, 0xDCE5,
  0xDCE5, 0xDCC4, 0xDCE5, 0xDCE5, 0xDCC4, 0xD485, 0xDCE5, 0xDCE5, 0xDCE5, 0xD485, 0xDCE5, 0xD4E7, 0xD444, 0xB382, 0xB382, 0xA300,
  0xA300, 0xA302, 0xAB00, 0xA301, 0xAB42, 0xA301, 0xA302, 0xA301, 0xA301, 0xA302, 0xA301, 0xA301, 0xA302, 0xA302, 0xA302, 0xA302,
  0xA302, 0xA302, 0xA302, 0xA302, 0xA302, 0xA302, 0xA302, 0xA302, 0xA302, 0xA302, 0xA302, 0xA302, 0xA302, 0xAB42, 0xAB42, 0xA323,
  0xCC87, 0xE58A, 0xDD8D, 0xE5AB, 0xD5EE, 0xF692, 0xFF15, 0xF737, 0xF737, 0xF737, 0xF737, 0xF737, 0xF737, 0xF737, 0xF737, 0xF737,
  0xF737, 0xFF37, 0xF737, 0xEF37, 0xFF37, 0xF737, 0xF737, 0xF738, 0xEF37, 0xEF37, 0xF737, 0xEF37, 0xF737, 0xF737, 0xF737, 0xFF16,
  0xFF16, 0xFF15, 0xE631, 0xD54B, 0xB427, 0xB427, 0xB386, 0xB383, 0xA302, 0xA302, 0xA301, 0xA302, 0xA301, 0xA301, 0xA301, 0xA301,
  0xA301, 0xA301, 0xAB00, 0xAB41, 0xBBC2, 0xC404, 0xD444, 0xDCC4, 0xD444, 0xDCC4, 0xDCA3, 0xDCC3, 0xDCA4, 0xDCA4, 0xDCA4, 0xDCA4,
  0xD443, 0xC402, 0xB340, 0xB320, 0xAB00, 0xAB00, 0xAB00, 0xAB00, 0xAB00, 0xAB00, 0xAB00, 0xAB00, 0xAB21, 0xB340, 0xB382, 0xB382,
  0xC402, 0xC402, 0xAB43, 0xB340, 0xAB43, 0xAB43, 0xAB41, 0xAB42, 0xA323, 0xB386, 0x5A22, 0x1000, 0x0800, 0x0001, 0x0001, 0x0001,
  0x0001, 0x0001, 0x0001, 0x0001, 0x0001, 0x0001, 0x0001, 0x0002, 0x006D, 0x0177, 0x09DC, 0x0000, 0x0000, 0x0000, 0x0000, 0x0000,
  0x0000, 0x0000, 0x0000, 0x0000, 0x0000, 0x09DC, 0x00D1, 0x0027, 0x0001, 0x0001, 0x0001, 0x0001, 0x0001, 0x0001, 0x0001, 0x0001,
  0x0001, 0x0001, 0x0800, 0x1000, 0x51C3, 0xCD6E, 0xDD2A, 0xE567, 0xE528, 0xE567, 0xE567, 0xE528, 0xE507, 0xE505, 0xE507, 0xE505,
  0xE505, 0xE507, 0xE505, 0xE507, 0xDCE6, 0xCD8B, 0xB427, 0x2020, 0x1000, 0x5160, 0x3060, 0x0001, 0x2080, 0x9346, 0xCD8B, 0xE5AB,
  0xDD69, 0xED88, 0xE589, 0xED88, 0xE589, 0xE589, 0xE567, 0xE589, 0xE589, 0xE567, 0xE589, 0xE568, 0xE589, 0xED88, 0xED88, 0xED88,
  0xED88, 0xED88, 0xED88, 0xED88, 0xED88, 0xE567, 0xE567, 0xE507, 0xDCE5, 0xDCE5, 0xDCC4, 0xDCC4, 0xDCC4, 0xDCC4, 0xDCE5, 0xDCE5,
  0xDCC4, 0xDCE5, 0xD444, 0xDCE5, 0xDCC4, 0xDCC4, 0xDCE5, 0xDCE5, 0xD485, 0xDCE5, 0xDCE6, 0xE567, 0xE507, 0xD485, 0xBBC2, 0xB382,
  0xAB40, 0xA302, 0xA301, 0xA301, 0xA301, 0xA301, 0xA301, 0xA301, 0xA302, 0xA301, 0xA302, 0xA302, 0xA302, 0xA302, 0xA302, 0xA302,
  0xA302, 0xA302, 0xA302, 0xA302, 0xA302, 0xA302, 0xA302, 0xA302, 0xA302, 0xA302, 0xA302, 0xA302, 0xA302, 0xA323, 0xAB42, 0xA363,
  0xBC25, 0xDD2A, 0xD54B, 0xCD6E, 0xEE70, 0xFED4, 0xF716, 0xFF16, 0xEF37, 0xF737, 0xF737, 0xF737, 0xF737, 0xF737, 0xF737, 0xF737,
  0xEE93, 0xCDF1, 0xDE75, 0xFED5, 0xEEF6, 0xEEF6, 0xF737, 0xFF18, 0xEF37, 0xFF37, 0xF738, 0xEF37, 0xEF37, 0xF737, 0xEF37, 0xFF37,
  0xFF37, 0xFF16, 0xFF15, 0xEE71, 0xCD6E, 0xCCEB, 0xCC87, 0xB3E5, 0xAB43, 0xAB43, 0xA302, 0xA302, 0xAB42, 0xA302, 0xAB21, 0xAB21,
  0xA301, 0xA301, 0xA301, 0xAB41, 0xBBC2, 0xD444, 0xDCA3, 0xD444, 0xDCC4, 0xDCA3, 0xDCA3, 0xDCA3, 0xDCA4, 0xDCA3, 0xDCA3, 0xDCA4,
  0xCC22, 0xB340, 0xB340, 0xAB00, 0xAB00, 0xAB00, 0xAB00, 0xA301, 0xAB00, 0xAB00, 0xAB00, 0xAB00, 0xAB00, 0xAB21, 0xB320, 0xB340,
  0xAB41, 0xB340, 0xB382, 0xB382, 0xB382, 0xB382, 0xAB41, 0xAB41, 0xA302, 0xA363, 0x7B06, 0x3100, 0x0001, 0x0800, 0x0001, 0x0001,
  0x0001, 0x0001, 0x0001, 0x0001, 0x0001, 0x0001, 0x0001, 0x0001, 0x0027, 0x00D1, 0x09DC, 0x0000, 0x0000, 0x0000, 0x0000, 0x0000,
  0x0000, 0x0000, 0x0000, 0x0000, 0x0000, 0x11DA, 0x006D, 0x0004, 0x0001, 0x0001, 0x0001, 0x0001, 0x0001, 0x0001, 0x0001, 0x0001,
  0x0001, 0x0001, 0x0800, 0x1000, 0x9B87, 0xDD8D, 0xE528, 0xDD69, 0xE567, 0xE567, 0xE507, 0xE507, 0xE505, 0xE505, 0xE505, 0xE505,
  0xE505, 0xE505, 0xDCE6, 0xDCE6, 0xCCE9, 0xD54B, 0x7AA1, 0x1000, 0x5160, 0xE631, 0xEE71, 0x6A42, 0x2080, 0x0001, 0x4120, 0x9BE8,
  0xCCEB, 0xE5EE, 0xE5AB, 0xDD69, 0xE589, 0xE589, 0xE589, 0xE589, 0xE589, 0xE568, 0xE589, 0xED88, 0xE589, 0xE567, 0xE589, 0xED88,
  0xED88, 0xED88, 0xED88, 0xED88, 0xE567, 0xE567, 0xE506, 0xE505, 0xDCE5, 0xDCE5, 0xDCC4, 0xDCC4, 0xDCC4, 0xDCC4, 0xDCC4, 0xDCE5,
  0xDCE5, 0xDCC4, 0xDCE5, 0xDCC4, 0xDCC4, 0xDCC4, 0xDCE5, 0xDCC4, 0xDCE5, 0xDCE6, 0xDCE6, 0xE507, 0xE568, 0xE528, 0xE507, 0xCC65,
  0xC404, 0xB382, 0xAB41, 0xA301, 0xA301, 0xA301, 0xA302, 0xA301, 0xA302, 0xA302, 0xA302, 0xA300, 0xA302, 0xA300, 0xA302, 0xA302,
  0xA302, 0xA302, 0xA302, 0xA302, 0xA302, 0xA302, 0xA302, 0xA302, 0xA302, 0xA302, 0xA302, 0xA302, 0xAB42, 0xAB42, 0xA363, 0xB383,
  0x9B65, 0xCC87, 0xCCEB, 0xCD6E, 0xE631, 0xFF14, 0xEF37, 0xFF16, 0xF758, 0xF758, 0xF737, 0xF737, 0xF737, 0xF737, 0xFF16, 0xFF16,
  0xEE93, 0xB4EB, 0x9C2B, 0xCD6E, 0xD5F4, 0xF737, 0xFF16, 0xF737, 0xFF37, 0xF738, 0xEF37, 0xEF37, 0xEF37, 0xF737, 0xF737, 0xF737,
  0xFF37, 0xFF37, 0xFF16, 0xFED4, 0xFED4, 0xF692, 0xDD8D, 0xCC69, 0xB3E5, 0xB383, 0xA323, 0xAB42, 0xAB42, 0xA302, 0xA302, 0xAB21,
  0xAB21, 0xAB21, 0xAB21, 0xB340, 0xAB40, 0xB380, 0xD444, 0xDCC4, 0xD444, 0xDCA3, 0xDCA3, 0xDCA3, 0xDCA3, 0xDCA3, 0xDCA4, 0xD443,
  0xBBC1, 0xB340, 0xB320, 0xAB00, 0xAB00, 0xAB00, 0xAB41, 0xAB00, 0xAB00, 0xAB00, 0xAB00, 0xAB00, 0xAB00, 0xAB00, 0xAB00, 0xAB00,
  0xAB00, 0xAB00, 0xB382, 0xB382, 0xB382, 0xB383, 0xB382, 0xB382, 0xAB42, 0xA363, 0x9B65, 0x5A22, 0x0001, 0x0800, 0x0001, 0x0001,
  0x0001, 0x0001, 0x0001, 0x0001, 0x0001, 0x0001, 0x0001, 0x0001, 0x0004, 0x006D, 0x11DA, 0x09DC, 0x0000, 0x0000, 0x0000, 0x0000,
  0x0000, 0x0000, 0x0000, 0x0000, 0x09DC, 0x0177, 0x0027, 0x0002, 0x0001, 0x0001, 0x0001, 0x0001, 0x0001, 0x0001, 0x0001, 0x0001,
  0x0001, 0x0001, 0x0001, 0x3100, 0xCD8B, 0xE58A, 0xE528, 0xE567, 0xE567, 0xE507, 0xE507, 0xE505, 0xE505, 0xE505, 0xE505, 0xE505,
  0xDCE5, 0xE507, 0xDCE6, 0xE507, 0xDD2A, 0x9B65, 0x2020, 0x1000, 0x9BE8, 0xFF14, 0xFEF2, 0xEE93, 0xB4EB, 0x3100, 0x1000, 0x2020,
  0x5160, 0xB427, 0xDD8D, 0xDDAB, 0xE5AB, 0xE58A, 0xE589, 0xE589, 0xE589, 0xE589, 0xE567, 0xE589, 0xED88, 0xED88, 0xED88, 0xED88,
  0xED88, 0xED88, 0xED88, 0xED88, 0xE567, 0xE567, 0xE507, 0xE505, 0xDCE5, 0xDCE5, 0xDCC4, 0xDCE5, 0xDCE5, 0xDCE5, 0xDCC4, 0xDCE5,
  0xD444, 0xDCE5, 0xDCC4, 0xD485, 0xDCC4, 0xDCC4, 0xDCE5, 0xDCE5, 0xDCE5, 0xDCE6, 0xE507, 0xE567, 0xE568, 0xE568, 0xE568, 0xE528,
  0xE528, 0xCC65, 0xBBC2, 0xAB41, 0xA302, 0xAB41, 0xA302, 0xA302, 0xA302, 0xA301, 0xA302, 0xA302, 0xA302, 0xA302, 0xA302, 0xA302,
  0xA302, 0xA302, 0xA302, 0xA302, 0xA302, 0xA302, 0xA302, 0xA302, 0xA302, 0xA302, 0xA302, 0xA302, 0xA302, 0xA323, 0xA323, 0xB383,
  0xA363, 0x9BE5, 0xB46A, 0xCD6E, 0xFEF2, 0xFF16, 0xFF15, 0xEF37, 0xEF37, 0xF737, 0xF737, 0xF737, 0xF737, 0xFF16, 0xFF37, 0xFED4,
  0xC50D, 0x7B69, 0x9BE8, 0x9BE8, 0xC50D, 0xE631, 0xF737, 0xFF37, 0xFF79, 0xF737, 0xEF37, 0xEF37, 0xEF37, 0xEF38, 0xF738, 0xF758,
  0xF737, 0xF737, 0xF737, 0xFED5, 0xFF15, 0xFF14, 0xF692, 0xDD8D, 0xCC69, 0xB3E5, 0xB386, 0xA363, 0xAB42, 0xA302, 0xA302, 0xA302,
  0xA301, 0xAB21, 0xAB00, 0xAB41, 0xAB40, 0xB340, 0xD444, 0xDCA3, 0xDCA3, 0xDCA3, 0xDCA3, 0xDCA3, 0xDCA3, 0xDCA4, 0xD443, 0xCC22,
  0xB340, 0xB340, 0xAB00, 0xAB00, 0xAB00, 0xAB00, 0xAB00, 0xAB00, 0xAB00, 0xAB00, 0xAB00, 0xAB00, 0xAB00, 0xAB00, 0xAB00, 0xAB00,
  0xAB00, 0xAB00, 0xB320, 0xAB21, 0xB340, 0xB382, 0xB382, 0xB382, 0xAB41, 0xA3E2, 0xA363, 0x7B06, 0x2020, 0x0001, 0x0001, 0x0001,
  0x0001, 0x0001, 0x0001, 0x0001, 0x0001, 0x0001, 0x0001, 0x0001, 0x0002, 0x0027, 0x0177, 0x09DC, 0x0000, 0x0000, 0x0000, 0x0000,
  0x0000, 0x0000, 0x0000, 0x0000, 0x11DA, 0x00D1, 0x0004, 0x0001, 0x0001, 0x0001, 0x0001, 0x0001, 0x0001, 0x0001, 0x0001, 0x0001,
  0x0001, 0x0800, 0x0800, 0x7B06, 0xCD6E, 0xDD2A, 0xDD69, 0xE567, 0xE566, 0xE507, 0xE545, 0xDCE5, 0xE505, 0xE505, 0xE505, 0xE505,
  0xE505, 0xDCE6, 0xE507, 0xDD2A, 0xCC69, 0x4120, 0x1000, 0x6A42, 0xFF14, 0xFF14, 0xEF0E, 0xFF15, 0xFF15, 0xD5EE, 0x7B06, 0x1000,
  0x1000, 0x2020, 0x6A42, 0xB4EB, 0xEE10, 0xE5EE, 0xDD2A, 0xE58A, 0xE589, 0xE589, 0xE567, 0xE567, 0xE589, 0xED88, 0xED88, 0xED88,
  0xED88, 0xED88, 0xED86, 0xED88, 0xED88, 0xE566, 0xE505, 0xDCE5, 0xDCE5, 0xDCC4, 0xDCC4, 0xD444, 0xDCC4, 0xD444, 0xDCC4, 0xDCC4,
  0xDCE5, 0xDCC4, 0xD485, 0xDCC4, 0xD444, 0xDCC4, 0xDCE5, 0xDCE5, 0xDCE5, 0xE507, 0xE507, 0xE567, 0xE568, 0xE568, 0xE568, 0xE568,
  0xE568, 0xE528, 0xD4E7, 0xC404, 0xB382, 0xAB41, 0xA301, 0xA302, 0xA302, 0xA301, 0xA302, 0xA302, 0xA300, 0xA302, 0xA302, 0xA302,
  0xA302, 0xA302, 0xA300, 0xA302, 0xA302, 0xA302, 0xA302, 0xA301, 0xA302, 0xA302, 0xA302, 0xA302, 0xA302, 0xA323, 0xB383, 0xA363,
  0xA363, 0x9B65, 0xB427, 0xE5D0, 0xFF16, 0xFF16, 0xEF37, 0xEF37, 0xEF37, 0xF737, 0xF737, 0xF737, 0xFF37, 0xFF37, 0xFF16, 0xCD6E,
  0x9BE8, 0x9BE8, 0x9B87, 0x9346, 0x9346, 0xB4EB, 0xCD71, 0xFED5, 0xFF37, 0xFF37, 0xF737, 0xF737, 0xF737, 0xEF37, 0xF738, 0xF758,
  0xF758, 0xF737, 0xF737, 0xF737, 0xFF15, 0xFF15, 0xFF15, 0xFED4, 0xE5EE, 0xCCEB, 0xB427, 0xB383, 0xA363, 0xAB42, 0xA302, 0xA302,
  0xA301, 0xA301, 0xA301, 0xAB40, 0xAB41, 0xC402, 0xDCA3, 0xD444, 0xDCC4, 0xDCA3, 0xDCA3, 0xDCA3, 0xDCA3, 0xDCC4, 0xD443, 0xBBC1,
  0xB340, 0xAB00, 0xAB00, 0xAB00, 0xAB40, 0xAB00, 0xAB00, 0xAB00, 0xAB00, 0xAB00, 0xAB00, 0xAB00, 0xAB00, 0xAB00, 0xAB00, 0xAB00,
  0xAB00, 0xAB00, 0xAB00, 0xAB21, 0xAB41, 0xB382, 0xAB43, 0xB382, 0xB382, 0xA300, 0xAB41, 0x9303, 0x5A22, 0x0800, 0x0001, 0x0001,
  0x0001, 0x0001, 0x0001, 0x0001, 0x0001, 0x0001, 0x0001, 0x0001, 0x0001, 0x0027, 0x00D1, 0x11DA, 0x0000, 0x0000, 0x0000, 0x0000,
  0x0000, 0x0000, 0x0000, 0x0000, 0x19D7, 0x00D1, 0x0004, 0x0001, 0x0001, 0x0001, 0x0001, 0x0001, 0x0001, 0x0001, 0x0001, 0x0800,
  0x0800, 0x0800, 0x2080, 0x9C2B, 0xE5AB, 0xDD69, 0xE567, 0xE567, 0xE507, 0xE545, 0xDCC4, 0xE505, 0xDCE5, 0xE545, 0xDCC4, 0xE505,
  0xE505, 0xDCE6, 0xE528, 0xDDAB, 0x7AA1, 0x2020, 0x3060, 0xCD6E, 0xD5EE, 0xB46A, 0x9BE5, 0x9BE5, 0xEF0E, 0xFEF2, 0xFEF2, 0xB46A,
  0x7B06, 0x2080, 0x1000, 0x4120, 0x9346, 0xD54B, 0xDD8D, 0xE5AB, 0xED88, 0xE589, 0xE589, 0xED88, 0xE567, 0xED88, 0xED88, 0xED88,
  0xED88, 0xED88, 0xED88, 0xED88, 0xE566, 0xDCE6, 0xE505, 0xDCE5, 0xDCC4, 0xDCE5, 0xDCC4, 0xDCC4, 0xDCC4, 0xDCC4, 0xD444, 0xDCC4,
  0xDCE5, 0xD444, 0xDCC4, 0xDCE5, 0xDCE5, 0xDCE5, 0xDCE5, 0xDCE5, 0xE507, 0xE507, 0xE567, 0xE568, 0xE568, 0xED88, 0xE568, 0xE568,
  0xE568, 0xE568, 0xE568, 0xE528, 0xD485, 0xB383, 0xAB42, 0xAB42, 0xA302, 0xA302, 0xA302, 0xA302, 0xA302, 0xA302, 0xA302, 0xA302,
  0xA300, 0xA302, 0xA302, 0xA302, 0xA302, 0xA302, 0xA302, 0xA301, 0xA301, 0xA302, 0xA302, 0xA302, 0xA302, 0xA323, 0xA363, 0xA363,
  0x9B65, 0x9BE5, 0xCD6E, 0xFED4, 0xFF16, 0xEF37, 0xEF37, 0xFF37, 0xEF37, 0xF737, 0xF737, 0xF737, 0xFF16, 0xFF37, 0xEE71, 0xB46A,
  0x9B87, 0x9B87, 0x9B65, 0x9B87, 0x9346, 0x9346, 0x9BE8, 0xCD71, 0xEE71, 0xFF37, 0xFF37, 0xF737, 0xF737, 0xF737, 0xF737, 0xF758,
  0xF758, 0xF737, 0xF737, 0xF737, 0xF737, 0xFF16, 0xFF16, 0xFF15, 0xFED4, 0xE631, 0xD54B, 0xB46A, 0xB3E5, 0xA323, 0xAB43, 0xA301,
  0xA301, 0xAB21, 0xAB41, 0xAB40, 0xBBC2, 0xD444, 0xDCA4, 0xDCA4, 0xDCA3, 0xDCA3, 0xDCA4, 0xDCA3, 0xDCA3, 0xD443, 0xCC22, 0xB382,
  0xB340, 0xAB00, 0xAB00, 0xAB00, 0xAB00, 0xAB00, 0xAB00, 0xAB00, 0xAB00, 0xAB00, 0xA300, 0xAB00, 0xAB00, 0xAB00, 0xAB00, 0xAB00,
  0xAB00, 0xAB00, 0xAB00, 0xB320, 0xAB21, 0xAB41, 0xB382, 0xAB43, 0xB340, 0xAB41, 0xAB41, 0x9BE5, 0x7B06, 0x1000, 0x0001, 0x0800,
  0x0001, 0x0001, 0x0001, 0x0001, 0x0001, 0x0001, 0x0001, 0x0001, 0x0001, 0x0004, 0x006D, 0x11DA, 0x0000, 0x0000, 0x0000, 0x0000,
  0x0000, 0x0000, 0x0000, 0x09DC, 0x0177, 0x004A, 0x0002, 0x0001, 0x0001, 0x0001, 0x0001, 0x0001, 0x0001, 0x0001, 0x0001, 0x0800,
  0x0800, 0x0001, 0x5160, 0xCCEB, 0xDDAB, 0xDD69, 0xDD69, 0xE567, 0xE507, 0xE505, 0xE505, 0xE505, 0xE545, 0xDCC4, 0xE545, 0xDCC4,
  0xDCE6, 0xE507, 0xDD2A, 0xB386, 0x3060, 0x1000, 0x9BE8, 0xFF14, 0xB4EB, 0x41A1, 0x0060, 0x5A00, 0xEEEB, 0xEEEB, 0xEF0E, 0xFEF2,
  0xEE71, 0xB4EB, 0x5A01, 0x1000, 0x2020, 0x5160, 0xB427, 0xCCEB, 0xDDAB, 0xE589, 0xE589, 0xE589, 0xE589, 0xED88, 0xED88, 0xED88,
  0xED88, 0xED88, 0xED88, 0xED88, 0xE566, 0xDCE6, 0xDCE5, 0xDCE5, 0xD444, 0xDCC4, 0xDCC4, 0xD444, 0xDCC4, 0xDCC4, 0xDCC4, 0xD444,
  0xDCE5, 0xDCE5, 0xDCC4, 0xDCA4, 0xDCE5, 0xDCE5, 0xDCE5, 0xE505, 0xE507, 0xE566, 0xE568, 0xED87, 0xED88, 0xE589, 0xED88, 0xE589,
  0xE568, 0xE568, 0xE568, 0xE568, 0xE568, 0xCC87, 0xC404, 0xB383, 0xA302, 0xA302, 0xA301, 0xA302, 0xA302, 0xA302, 0xA302, 0xA302,
  0xA302, 0xA302, 0xA302, 0xA302, 0xA302, 0xA302, 0xA302, 0xA302, 0xA302, 0xA301, 0xA302, 0xA302, 0xA302, 0xA323, 0xA363, 0x9B65,
  0x9B65, 0xB4EB, 0xF6B3, 0xFF16, 0xFF15, 0xF737, 0xEF37, 0xEF37, 0xF737, 0xF737, 0xF737, 0xFED5, 0xFF16, 0xF6B3, 0xC50D, 0x9B87,
  0x9B65, 0x9B65, 0x9B65, 0x9B65, 0x9B65, 0x9B87, 0x9B87, 0x9BE8, 0xB46A, 0xCD71, 0xFED5, 0xFF37, 0xF737, 0xF737, 0xF737, 0xEF37,
  0xEF37, 0xF737, 0xF737, 0xF737, 0xF737, 0xEF37, 0xFF15, 0xFF16, 0xFF15, 0xFF14, 0xF6B3, 0xE5EE, 0xCCEB, 0xBC25, 0xB386, 0xB383,
  0xAB43, 0xAB41, 0xA301, 0xAB41, 0xD444, 0xDCE5, 0xDCA4, 0xD444, 0xDCA3, 0xDCA3, 0xDCA3, 0xD443, 0xD443, 0xCC22, 0xB380, 0xB320,
  0xB320, 0xAB00, 0xAB00, 0xAB00, 0xAB00, 0xAB00, 0xAB00, 0xAB00, 0xAB00, 0xAB00, 0xAB00, 0xAB00, 0xAB00, 0xAB00, 0xA300, 0xAB00,
  0xA300, 0xA300, 0xAB00, 0xAB00, 0xAB00, 0xA301, 0xA301, 0xAB41, 0xAB41, 0xAB42, 0xAB42, 0xA363, 0x9346, 0x3060, 0x0800, 0x0001,
  0x0001, 0x0001, 0x0001, 0x0001, 0x0001, 0x0001, 0x0001, 0x0001, 0x0001, 0x0002, 0x004A, 0x0177, 0x09DC, 0x0000, 0x0000, 0x0000,
  0x0000, 0x0000, 0x0000, 0x09DC, 0x00D1, 0x0027, 0x0001, 0x0001, 0x0001, 0x0001, 0x0001, 0x0001, 0x0001, 0x0001, 0x0001, 0x0001,
  0x0800, 0x0800, 0x9346, 0xCD6E, 0xDD69, 0xDD69, 0xE566, 0xDCE6, 0xE507, 0xE505, 0xE505, 0xE505, 0xE4E4, 0xE545, 0xDCC4, 0xDCE5,
  0xDCE6, 0xDD08, 0xCCE9, 0x5160, 0x0800, 0x6A42, 0xFEF2, 0xEF0E, 0xD5EE, 0x41A1, 0x08E1, 0x9BE5, 0xEEEB, 0xEF0E, 0xEEEB, 0xEEEB,
  0xEF0E, 0xFEF2, 0xD5EE, 0x7349, 0x2020, 0x0001, 0x3060, 0x9303, 0xDD2A, 0xDD2A, 0xE589, 0xE589, 0xE567, 0xE568, 0xE589, 0xED88,
  0xED88, 0xED88, 0xED88, 0xE567, 0xE567, 0xE566, 0xDCE5, 0xDCE5, 0xDCE5, 0xDCE5, 0xDCC4, 0xDCC4, 0xDCC4, 0xD444, 0xDCC4, 0xDCC4,
  0xDCC4, 0xDCC4, 0xDCC4, 0xDCA4, 0xDCE5, 0xDCC4, 0xDCE5, 0xE507, 0xE507, 0xE567, 0xE566, 0xED88, 0xED88, 0xED88, 0xE589, 0xED88,
  0xED88, 0xE568, 0xE568, 0xE568, 0xE589, 0xE568, 0xE528, 0xC404, 0xAB43, 0xA301, 0xA302, 0xA302, 0xA302, 0xA302, 0xA302, 0xA302,
  0xA302, 0xA302, 0xA302, 0xA302, 0xA302, 0xA302, 0xA301, 0xA301, 0xA302, 0xA302, 0xA302, 0xAB43, 0xA323, 0xA323, 0x9B65, 0xA363,
  0xB427, 0xE631, 0xFF15, 0xFF16, 0xEF37, 0xF737, 0xEF37, 0xF737, 0xF737, 0xF737, 0xEEF6, 0xFF37, 0xFF16, 0xCD6E, 0x9BE8, 0x9B65,
  0x9B65, 0xA363, 0x9B65, 0x9B65, 0x9B65, 0x9B65, 0x9B87, 0x9B87, 0x9346, 0xB46A, 0xBCF0, 0xEE93, 0xEEF6, 0xF737, 0xF737, 0xF737,
  0xF737, 0xF737, 0xEF37, 0xEF37, 0xF737, 0xEF37, 0xEF37, 0xEF37, 0xF737, 0xFF15, 0xFF15, 0xFED4, 0xEE10, 0xD54B, 0xCC87, 0xBC25,
  0xBC25, 0xB383, 0xAB41, 0xBBC2, 0xD485, 0xDCE5, 0xDCA4, 0xDCA3, 0xDCA3, 0xDCA4, 0xDCA3, 0xD443, 0xCC22, 0xBBC1, 0xB340, 0xAB00,
  0xAB00, 0xAB00, 0xAB00, 0xAB00, 0xAB00, 0xB320, 0xAB00, 0xAB00, 0xAB00, 0xAB00, 0xAB00, 0xAB00, 0xAB00, 0xAB00, 0xAB00, 0xA300,
  0xA300, 0xAB00, 0xA300, 0xAB00, 0xAB00, 0xAB00, 0xA301, 0xAB21, 0xAB43, 0xAB41, 0xAB41, 0xB383, 0x9BE5, 0x5A22, 0x1000, 0x0001,
  0x0001, 0x0001, 0x0001, 0x0001, 0x0001, 0x0001, 0x0001, 0x0001, 0x0001, 0x0001, 0x0027, 0x00D1, 0x09DC, 0x0000, 0x0000, 0x0000,
  0x0000, 0x0000, 0x0000, 0x11DA, 0x004A, 0x0004, 0x0001, 0x0001, 0x0001, 0x0001, 0x0001, 0x0001, 0x0001, 0x0001, 0x0001, 0x0800,
  0x0800, 0x2080, 0xB46A, 0xDDAB, 0xDD69, 0xE567, 0xDD69, 0xE566, 0xE507, 0xE505, 0xE505, 0xE505, 0xE505, 0xE4E4, 0xE545, 0xDCE5,
  0xE507, 0xDD2A, 0x9303, 0x1000, 0x3060, 0xCD8B, 0xFF14, 0xFEF2, 0xB4EB, 0x28E0, 0xA3E2, 0xEF0E, 0xEEEB, 0xEEEB, 0xEEEB, 0xEF0E,
  0xEF0E, 0xEF0E, 0xFEF2, 0xEE71, 0xB46A, 0x41A1, 0x1000, 0x2020, 0x3060, 0xBC25, 0xE5AB, 0xE567, 0xE528, 0xE589, 0xED88, 0xED88,
  0xED88, 0xED88, 0xED88, 0xED88, 0xE567, 0xE567, 0xDCE6, 0xDCE5, 0xDCE5, 0xDCE5, 0xDCE5, 0xDCE5, 0xDCE5, 0xDCC4, 0xD444, 0xDCC4,
  0xDCC4, 0xDCE5, 0xDCA4, 0xDCC4, 0xDCE5, 0xDCE5, 0xE507, 0xE566, 0xE566, 0xE566, 0xE568, 0xED88, 0xED88, 0xED88, 0xED88, 0xED88,
  0xED88, 0xED88, 0xE568, 0xE568, 0xE568, 0xE58A, 0xE568, 0xCC87, 0xAB21, 0xAB43, 0xAB41, 0xA302, 0xA302, 0xA302, 0xA302, 0xA301,
  0xA302, 0xA302, 0xA302, 0xA302, 0xA302, 0xA302, 0xA301, 0xA302, 0xA302, 0xA302, 0xAB43, 0xAB43, 0xA323, 0xB383, 0x9B65, 0x9346,
  0xDD8D, 0xFF15, 0xFF16, 0xFF16, 0xEF37, 0xEF37, 0xF737, 0xF737, 0xF737, 0xF737, 0xFF37, 0xFF37, 0xEE71, 0xB46A, 0x9346, 0x9B65,
  0xA363, 0xA363, 0xA323, 0xA363, 0xA363, 0x9B65, 0x9B65, 0x9B65, 0x9B87, 0x9B87, 0x9BE8, 0xC50D, 0xE631, 0xEEF6, 0xFED5, 0xF737,
  0xF737, 0xF737, 0xEF37, 0xFF16, 0xEF37, 0xEF37, 0xFF16, 0xEF37, 0xF737, 0xF737, 0xFF15, 0xFF15, 0xFED4, 0xEE10, 0xD54B, 0xCCEB,
  0xCCE9, 0xCC87, 0xBC25, 0xCC65, 0xD4E7, 0xDCE5, 0xD444, 0xDCC4, 0xD444, 0xDCC4, 0xDCA4, 0xD443, 0xBBC1, 0xB340, 0xB340, 0xAB00,
  0xAB00, 0xAB00, 0xAB00, 0xAB00, 0xAB00, 0xAB00, 0xA300, 0xAB00, 0xAB00, 0xAB00, 0xAB00, 0xAB00, 0xAB00, 0xAB00, 0xAB00, 0xA300,
  0xA300, 0xAB00, 0xA300, 0xA300, 0xA300, 0xAB00, 0xAB00, 0xA301, 0xA301, 0xAB41, 0xAB40, 0xAB42, 0xB383, 0x7B06, 0x2020, 0x0800,
  0x0800, 0x0001, 0x0001, 0x0001, 0x0001, 0x0001, 0x0001, 0x0001, 0x0001, 0x0001, 0x0004, 0x006D, 0x11DA, 0x0000, 0x0000, 0x0000,
  0x0000, 0x0000, 0x09DC, 0x0177, 0x004A, 0x0002, 0x0001, 0x0001, 0x0001, 0x0001, 0x0001, 0x0001, 0x0001, 0x0001, 0x0001, 0x0800,
  0x0800, 0x51C3, 0xCCEB, 0xCCE9, 0xDD69, 0xE567, 0xE567, 0xDCE6, 0xE507, 0xE505, 0xE505, 0xE505, 0xE505, 0xE505, 0xE505, 0xDCE6,
  0xDD69, 0x9B65, 0x3060, 0x1000, 0x9BE5, 0xFEF2, 0xEF0E, 0xEF0E, 0x41A1, 0x41A1, 0xEEEB, 0xEF0E, 0xEEEB, 0xEEEB, 0xEEEB, 0xEEC6,
  0xA3E2, 0x7AA1, 0xCD8B, 0xFEF2, 0xFF14, 0xCDF1, 0x51C3, 0x1000, 0x2020, 0xB46A, 0xE58A, 0xE589, 0xE589, 0xE567, 0xE567, 0xED88,
  0xED88, 0xED88, 0xED88, 0xED88, 0xED88, 0xE567, 0xE506, 0xE507, 0xE507, 0xDCE5, 0xDCE5, 0xDCE5, 0xDCE5, 0xDCE5, 0xDCC4, 0xDCC4,
  0xDCE5, 0xDCE5, 0xDCC4, 0xDCC4, 0xDCE5, 0xE505, 0xE507, 0xE566, 0xE567, 0xE568, 0xE567, 0xED88, 0xED88, 0xED88, 0xED88, 0xED88,
  0xED88, 0xED88, 0xED88, 0xE568, 0xE568, 0xE589, 0xE528, 0xC402, 0xA301, 0xAB41, 0xAB41, 0xA301, 0xAB41, 0xA301, 0xA302, 0xA302,
  0xA301, 0xA302, 0xA302, 0xA302, 0xA302, 0xA302, 0xA302, 0xA302, 0xAB43, 0xAB43, 0xAB43, 0xAB43, 0xA363, 0x9B65, 0x9B65, 0xB46A,
  0xF6B3, 0xFF15, 0xFF16, 0xF737, 0xF737, 0xEF37, 0xEF37, 0xF737, 0xF737, 0xF737, 0xFF37, 0xFED5, 0xC50D, 0x9B87, 0x9B65, 0xA363,
  0xA323, 0xA323, 0xA323, 0xA323, 0xAB43, 0x9B65, 0x9B65, 0xB386, 0x9B65, 0x9B87, 0x9B87, 0x9346, 0xB4EB, 0xCDF1, 0xFED5, 0xFF16,
  0xFF16, 0xFF16, 0xFF37, 0xFF37, 0xEF37, 0xFF37, 0xEF37, 0xEF37, 0xF737, 0xF737, 0xF737, 0xFF16, 0xFF15, 0xFED4, 0xF692, 0xE5AB,
  0xDD8D, 0xDD2A, 0xCCE9, 0xCCE9, 0xDCE6, 0xDCE5, 0xDCE5, 0xDCC4, 0xDCC4, 0xD444, 0xDCC4, 0xD444, 0xBBC1, 0xB340, 0xB320, 0xAB00,
  0xAB00, 0xAB00, 0xAB00, 0xAB00, 0xAB00, 0xAB00, 0xAB00, 0xAB00, 0xAB00, 0xAB00, 0xAB00, 0xAB00, 0xAB00, 0xAB00, 0xAB00, 0xAB00,
  0xA300, 0xAB00, 0xA300, 0xA300, 0xA300, 0xAB00, 0xA300, 0xAB00, 0xA301, 0xAB41, 0xAB40, 0xAB40, 0xA323, 0x9B65, 0x3060, 0x1000,
  0x0800, 0x0001, 0x0001, 0x0001, 0x0001, 0x0001, 0x0001, 0x0001, 0x0001, 0x0001, 0x0004, 0x004A, 0x0177, 0x0000, 0x0000, 0x0000,
  0x0000, 0x0000, 0x09DC, 0x0177, 0x0004, 0x0002, 0x0001, 0x0001, 0x0001, 0x0001, 0x0001, 0x0001, 0x0001, 0x0001, 0x0001, 0x0800,
  0x0800, 0x7AC3, 0xDD8D, 0xCCE9, 0xE567, 0xE567, 0xDCE6, 0xE566, 0xE507, 0xE507, 0xE505, 0xE507, 0xE505, 0xE505, 0xDCC4, 0xDCE5,
  0xDD2A, 0x7AA1, 0x1000, 0x3060, 0xCD8B, 0xFF14, 0xEF0E, 0x9BE5, 0x0060, 0xB427, 0xEF0E, 0xEF0E, 0xEEEB, 0xA3E2, 0x7AA1, 0x08E1,
  0x41A1, 0x7AA1, 0xCD8B, 0xEF0E, 0xFF14, 0xB4EB, 0x1000, 0x2020, 0xB427, 0xDD8D, 0xE507, 0xE528, 0xE567, 0xE567, 0xE567, 0xE567,
  0xED88, 0xED86, 0xED88, 0xED88, 0xED88, 0xED88, 0xE567, 0xE567, 0xE506, 0xE507, 0xE505, 0xDCE5, 0xDCE5, 0xDCE5, 0xDCC4, 0xDCE5,
  0xDCA4, 0xDCE5, 0xDCC4, 0xDCE5, 0xDCE5, 0xE505, 0xE566, 0xE567, 0xE566, 0xE566, 0xE567, 0xED88, 0xED88, 0xED88, 0xED88, 0xE589,
  0xED88, 0xE589, 0xE568, 0xE568, 0xE568, 0xE568, 0xCC65, 0xAB41, 0xAB41, 0xAB41, 0xAB41, 0xAB41, 0xA301, 0xA301, 0xAB43, 0xA301,
  0xA301, 0xA301, 0xA302, 0xA302, 0xA302, 0xA301, 0xA302, 0xAB42, 0xAB42, 0xAB42, 0xAB43, 0xB383, 0x9B65, 0xB386, 0xB427, 0xCD6E,
  0xFED5, 0xFF16, 0xF737, 0xF737, 0xF737, 0xF737, 0xF737, 0xF758, 0xF737, 0xFF16, 0xFF37, 0xEE71, 0xB46A, 0x9B65, 0x9B65, 0xA363,
  0xA323, 0xA323, 0xA302, 0xA323, 0xAB43, 0xAB43, 0xAB43, 0x9B65, 0xAB43, 0x9B65, 0x9B65, 0x9B87, 0x9346, 0x9B87, 0xCC6B, 0xCDF1,
  0xFF15, 0xFF37, 0xFF16, 0xFF37, 0xFF37, 0xEF37, 0xEF37, 0xEF37, 0xEF37, 0xF737, 0xF737, 0xF737, 0xFF16, 0xFF15, 0xFF14, 0xFED4,
  0xF6B3, 0xE5EE, 0xDDAB, 0xCCE9, 0xD4E7, 0xD4E7, 0xDCE5, 0xDCE5, 0xDCE5, 0xDCC4, 0xD444, 0xDCA4, 0xC402, 0xB380, 0xB340, 0xAB00,
  0xAB00, 0xAB00, 0xAB00, 0xAB00, 0xAB00, 0xAB00, 0xAB00, 0xAB00, 0xAB00, 0xAB00, 0xAB00, 0xAB00, 0xAB00, 0xAB00, 0xA300, 0xAB00,
  0xAB00, 0xAB00, 0xA300, 0xA300, 0xA300, 0xAB00, 0xA300, 0xA300, 0xAB00, 0xA301, 0xAB40, 0xA300, 0xAB42, 0x9B65, 0x5A01, 0x1000,
  0x0800, 0x0001, 0x0001, 0x0001, 0x0001, 0x0001, 0x0001, 0x0001, 0x0001, 0x0001, 0x0002, 0x0027, 0x0177, 0x09DC, 0x0000, 0x0000,
  0x0000, 0x0000, 0x11DA, 0x00D1, 0x0027, 0x0001, 0x0001, 0x0001, 0x0001, 0x0001, 0x0001, 0x0001, 0x0001, 0x0001, 0x0001, 0x0800,
  0x1000, 0xB46A, 0xE5AB, 0xDD69, 0xE567, 0xE567, 0xE566, 0xDCE6, 0xE507, 0xE506, 0xE506, 0xE505, 0xE505, 0xE507, 0xE566, 0xE528,
  0xA363, 0x3060, 0x2020, 0x9BE8, 0xFEF2, 0xFF14, 0xEF0E, 0x08E1, 0x7AA1, 0xEF0E, 0xEF0E, 0xD5EE, 0x7AA1, 0x29C4, 0x7AA1, 0xB4EB,
  0xEEC6, 0xCD8B, 0xEEEB, 0xEF0E, 0xD5EE, 0x3100, 0x1000, 0x6A42, 0xDD8D, 0xDD08, 0xDD69, 0xE566, 0xE567, 0xE567, 0xE567, 0xE567,
  0xE567, 0xE567, 0xE567, 0xE567, 0xE567, 0xED88, 0xE566, 0xE568, 0xE567, 0xE566, 0xE507, 0xE505, 0xDCE5, 0xDCE5, 0xDCE5, 0xDCC4,
  0xDCE5, 0xDCE5, 0xDCE5, 0xDCE5, 0xE505, 0xE507, 0xE566, 0xED88, 0xED88, 0xE566, 0xED88, 0xED88, 0xED88, 0xED88, 0xED88, 0xED88,
  0xED88, 0xED88, 0xED88, 0xE568, 0xE589, 0xE568, 0xBBC2, 0xA300, 0xAB41, 0xAB41, 0xAB41, 0xA302, 0xAB41, 0xAB41, 0xAB41, 0xA302,
  0xA301, 0xA301, 0xA301, 0xA301, 0xA301, 0xAB41, 0xAB42, 0xAB42, 0xAB43, 0xAB43, 0xAB43, 0xB383, 0x9B65, 0x9B65, 0xCCEB, 0xFF16,
  0xFF16, 0xFF16, 0xF737, 0xF737, 0xF737, 0xF738, 0xF758, 0xF737, 0xFF37, 0xFF79, 0xFED4, 0xCC6B, 0x9B87, 0x9B65, 0x9B65, 0xA323,
  0xA323, 0xA302, 0xA302, 0xA302, 0xAB43, 0xAB43, 0xAB43, 0xAB43, 0xAB43, 0x9B65, 0xAB43, 0x9B65, 0x9B65, 0x9346, 0x9B87, 0xB46A,
  0xCD6E, 0xEE93, 0xFF16, 0xFF37, 0xFF37, 0xEF37, 0xFF37, 0xF737, 0xF737, 0xF737, 0xF737, 0xF737, 0xF737, 0xFF16, 0xFF16, 0xFF14,
  0xFF15, 0xFF14, 0xEE10, 0xCD8B, 0xD4E7, 0xD4E7, 0xD4E7, 0xDCE5, 0xD485, 0xDCC4, 0xD485, 0xD444, 0xD443, 0xCC22, 0xB340, 0xB340,
  0xAB00, 0xAB00, 0xAB00, 0xAB00, 0xAB00, 0xAB00, 0xAB00, 0xAB00, 0xAB00, 0xAB00, 0xAB00, 0xAB00, 0xAB00, 0xAB00, 0xA300, 0xAB00,
  0xA300, 0xA300, 0xA300, 0xA300, 0xAB00, 0xAB00, 0xAB00, 0xA300, 0xAB00, 0xA300, 0xA300, 0xA300, 0xAB41, 0x9B65, 0x5A43, 0x1000,
  0x0800, 0x0001, 0x0001, 0x0001, 0x0001, 0x0001, 0x0001, 0x0001, 0x0001, 0x0001, 0x0001, 0x0004, 0x00D1, 0x09DC, 0x0000, 0x0000,
  0x0000, 0x0000, 0x19D7, 0x006D, 0x0004, 0x0001, 0x0001, 0x0001, 0x0001, 0x0001, 0x0001, 0x0001, 0x0001, 0x0001, 0x0001, 0x0800,
  0x3060, 0xD54B, 0xE58A, 0xE528, 0xE567, 0xDD69, 0xE507, 0xE507, 0xE507, 0xE506, 0xE506, 0xE506, 0xDCE5, 0xE506, 0xE506, 0xCC65,
  0x4120, 0x2020, 0x6A42, 0xFF14, 0xCD8B, 0x9BE8, 0x7AC3, 0x08E1, 0xEEEB, 0xEF0E, 0xEF0E, 0x5A00, 0x08E1, 0x0060, 0x41A1, 0xA3E2,
  0xEF0E, 0xEF0E, 0xEEEB, 0xEF0E, 0x7AC3, 0x0060, 0x5160, 0xC50D, 0xDD2A, 0xDD08, 0xE567, 0xDCE6, 0xE566, 0xE567, 0xE567, 0xE566,
  0xE568, 0xE567, 0xE566, 0xED88, 0xE567, 0xE568, 0xE568, 0xED88, 0xE568, 0xE566, 0xE567, 0xE507, 0xE505, 0xDCE6, 0xDCE5, 0xDCE5,
  0xDCE5, 0xDCE5, 0xDCE5, 0xE505, 0xE566, 0xE566, 0xED88, 0xED88, 0xED87, 0xED88, 0xE567, 0xED88, 0xED88, 0xED88, 0xED88, 0xED88,
  0xED88, 0xED88, 0xE589, 0xE567, 0xE589, 0xE568, 0xDCE6, 0xBBC2, 0xC404, 0xB382, 0xAB40, 0xAB41, 0xAB41, 0xA302, 0xAB41, 0xA301,
  0xAB41, 0xAB41, 0xAB41, 0xAB41, 0xAB42, 0xAB42, 0xAB42, 0xAB42, 0xB383, 0xB3E5, 0xB3E5, 0xB427, 0xA323, 0xB427, 0xE631, 0xFF37,
  0xFF16, 0xFF16, 0xF737, 0xF738, 0xF738, 0xF738, 0xEF37, 0xFF37, 0xFF37, 0xFF16, 0xCD6E, 0x9B87, 0x9B65, 0xB386, 0xA363, 0xA323,
  0xA302, 0xA302, 0xA302, 0xA302, 0xA302, 0xA323, 0xA323, 0xA323, 0xAB43, 0xA323, 0xA323, 0xAB43, 0x9B65, 0x9B65, 0x9B65, 0x9346,
  0x9BE8, 0xC50D, 0xE631, 0xFF16, 0xFF16, 0xF737, 0xF737, 0xF737, 0xF737, 0xF738, 0xF738, 0xEF37, 0xF737, 0xF737, 0xF737, 0xFF16,
  0xFF16, 0xFF16, 0xFF14, 0xEE70, 0xE5AB, 0xCCE9, 0xD4E7, 0xD4E7, 0xD485, 0xD4E7, 0xD485, 0xDCA4, 0xD485, 0xD444, 0xB382, 0xB340,
  0xAB00, 0xAB00, 0xAB00, 0xAB00, 0xAB00, 0xAB00, 0xAB00, 0xAB00, 0xAB00, 0xAB00, 0xAB00, 0xAB00, 0xA300, 0xAB00, 0xAB00, 0xA300,
  0xAB00, 0xA300, 0xA300, 0xA300, 0xAB00, 0xA300, 0xAB00, 0xA300, 0xA300, 0xAB41, 0xA300, 0xAB41, 0xAB41, 0x9B65, 0x9303, 0x2080,
  0x0800, 0x0800, 0x0001, 0x0001, 0x0001, 0x0001, 0x0001, 0x0001, 0x0001, 0x0001, 0x0001, 0x0004, 0x006D, 0x11DA, 0x0000, 0x0000,
  0x0000, 0x0000, 0x0177, 0x004A, 0x0002, 0x0001, 0x0001, 0x0001, 0x0001, 0x0001, 0x0001, 0x0001, 0x0001, 0x0001, 0x0001, 0x0800,
  0x5A01, 0xDD8D, 0xDD2A, 0xE589, 0xE567, 0xE567, 0xE507, 0xE507, 0xE507, 0xE507, 0xE506, 0xE506, 0xD485, 0xE566, 0xD444, 0xAB41,
  0x2020, 0x3060, 0xCD6E, 0xFF15, 0x9BE8, 0x0060, 0x0060, 0x5A00, 0xD5EE, 0xEF0E, 0x9BE5, 0x08E1, 0x9BE5, 0xB4EB, 0x7AA1, 0x08E1,
  0xA3E2, 0xEEEB, 0xEF0E, 0xD5EE, 0x28E0, 0x2080, 0x9B65, 0xEE70, 0xCCE9, 0xE567, 0xE507, 0xE566, 0xE507, 0xE507, 0xE567, 0xE507,
  0xE566, 0xE568, 0xE568, 0xED88, 0xE568, 0xE566, 0xED88, 0xED88, 0xED88, 0xE568, 0xE566, 0xE566, 0xE507, 0xE505, 0xE507, 0xDCE5,
  0xDCE5, 0xDCE5, 0xE505, 0xE507, 0xE567, 0xED88, 0xED87, 0xED87, 0xED88, 0xE567, 0xE567, 0xED88, 0xED88, 0xED88, 0xED86, 0xED88,
  0xED88, 0xED88, 0xED88, 0xE589, 0xED88, 0xE589, 0xE589, 0xE507, 0xD4E7, 0xC404, 0xB382, 0xB382, 0xAB40, 0xB382, 0xAB41, 0xAB41,
  0xAB41, 0xAB43, 0xAB41, 0xAB41, 0xA301, 0xAB41, 0xAB42, 0xAB42, 0xB3E5, 0xDD08, 0xD54B, 0xCC69, 0xB427, 0xCD6E, 0xFED5, 0xFF16,
  0xFF16, 0xF737, 0xF738, 0xF738, 0xF738, 0xF758, 0xF737, 0xFF37, 0xFF16, 0xE5D0, 0xB46A, 0x9B65, 0x9B65, 0xA363, 0xA363, 0xA323,
  0xA302, 0xA302, 0xA302, 0xA302, 0xA302, 0xAB42, 0xA301, 0xAB43, 0xA301, 0xA323, 0xAB43, 0xA323, 0xAB43, 0x9B65, 0x9B65, 0x9B65,
  0x9B87, 0x9BE8, 0xB4EB, 0xE5D0, 0xFED5, 0xFF37, 0xFF37, 0xF737, 0xF737, 0xF738, 0xEF38, 0xEF38, 0xEF37, 0xEF37, 0xF737, 0xF737,
  0xF737, 0xFF16, 0xFF15, 0xFF14, 0xF692, 0xE5EE, 0xDD08, 0xD4E7, 0xD4E7, 0xD4E7, 0xDCE5, 0xD485, 0xD485, 0xD444, 0xBBC2, 0xAB41,
  0xAB00, 0xAB00, 0xAB00, 0xAB00, 0xAB00, 0xAB00, 0xAB00, 0xAB00, 0xAB00, 0xAB00, 0xA300, 0xAB00, 0xAB00, 0xA300, 0xA300, 0xA300,
  0xAB00, 0xA300, 0xAB00, 0xA300, 0xA300, 0xA300, 0xAB00, 0xAB00, 0xAB00, 0xA301, 0xAB41, 0xAB41, 0x9AE1, 0xA363, 0x9346, 0x3100,
  0x0800, 0x0001, 0x0001, 0x0001, 0x0001, 0x0001, 0x0001, 0x0001, 0x0001, 0x0001, 0x0001, 0x0002, 0x006D, 0x0177, 0x0000, 0x0000,
  0x0000, 0x09DC, 0x1193, 0x0027, 0x0002, 0x0001, 0x0001, 0x0001, 0x0001, 0x0001, 0x0001, 0x0001, 0x0001, 0x0001, 0x0800, 0x1000,
  0x9B87, 0xD54B, 0xDD69, 0xE528, 0xE567, 0xDCE5, 0xDCE6, 0xE567, 0xE507, 0xE506, 0xE506, 0xE506, 0xE506, 0xE528, 0xC402, 0x3060,
  0x2020, 0x5160, 0xC50D, 0xEE93, 0xF758, 0xB46A, 0x28E0, 0x41A1, 0xCD8B, 0xEEEB, 0x41A1, 0x41A1, 0xEF0E, 0xEF0E, 0xEF0E, 0x5A00,
  0x29C4, 0xD5EE, 0xEE93, 0x7AA1, 0x0060, 0x4120, 0xB46A, 0xE58A, 0xDD08, 0xE507, 0xDCE6, 0xE566, 0xE507, 0xE507, 0xE506, 0xE566,
  0xE566, 0xE566, 0xE568, 0xE566, 0xE568, 0xED88, 0xED88, 0xED88, 0xED88, 0xED88, 0xE568, 0xE566, 0xE567, 0xE528, 0xE507, 0xE507,
  0xE505, 0xDCE6, 0xE507, 0xE566, 0xED88, 0xED87, 0xED88, 0xED88, 0xED88, 0xED88, 0xE567, 0xE589, 0xE567, 0xE567, 0xE568, 0xE589,
  0xED88, 0xED88, 0xED88, 0xE589, 0xED88, 0xE589, 0xE589, 0xE568, 0xE568, 0xE507, 0xCC65, 0xBBC2, 0xBBC2, 0xC404, 0xC404, 0xB382,
  0xB382, 0xAB40, 0xAB41, 0xAB43, 0xB382, 0xAB41, 0xAB42, 0xB383, 0xD4E7, 0xDD8D, 0xE5EE, 0xD54B, 0xDD8D, 0xF6B3, 0xFF16, 0xFF37,
  0xFF37, 0xF737, 0xF737, 0xF738, 0xF738, 0xF737, 0xEEF6, 0xFF16, 0xFF15, 0xCCEB, 0x9B87, 0x9B65, 0xA363, 0xA363, 0xA323, 0xA302,
  0xA302, 0xA302, 0xA302, 0xA302, 0xA302, 0xA302, 0xA302, 0xA301, 0xA323, 0xAB21, 0xA323, 0xAB43, 0xA323, 0xA323, 0x9B65, 0x9B65,
  0xB386, 0xB386, 0x9B87, 0x9BE8, 0xCD6E, 0xF6B3, 0xFF37, 0xFF37, 0xF737, 0xF737, 0xF738, 0xEF38, 0xEF38, 0xEF37, 0xF738, 0xEF37,
  0xF737, 0xF737, 0xFF16, 0xFF15, 0xFF14, 0xFEF2, 0xEE10, 0xDD69, 0xDD2A, 0xD4E7, 0xD4E7, 0xD485, 0xD485, 0xC404, 0xC402, 0xAB41,
  0xAB00, 0xAB00, 0xAB00, 0xAB00, 0xAB00, 0xAB00, 0xAB00, 0xAB00, 0xA300, 0xAB00, 0xA300, 0xA300, 0xAB00, 0xA300, 0xAB00, 0xAB00,
  0xAB00, 0xA300, 0xAB00, 0xAB00, 0xA300, 0xAB00, 0xA300, 0xAB00, 0xAB00, 0xAB00, 0xAB41, 0xAB41, 0xA300, 0xAB41, 0x9303, 0x7AC3,
  0x0800, 0x0800, 0x0001, 0x0001, 0x0001, 0x0001, 0x0001, 0x0001, 0x0001, 0x0001, 0x0001, 0x0002, 0x004A, 0x1193, 0x09DC, 0x0000,
  0x0000, 0x09DC, 0x006D, 0x0004, 0x0001, 0x0001, 0x0001, 0x0001, 0x0001, 0x0001, 0x0001, 0x0001, 0x0001, 0x0001, 0x0800, 0x2080,
  0xB46A, 0xE5AB, 0xDD69, 0xE528, 0xE567, 0xDCE6, 0xE507, 0xE505, 0xE507, 0xE506, 0xE507, 0xE507, 0xE506, 0xDCE5, 0xDCA4, 0x9AE1,
  0x2020, 0x1000, 0x4120, 0x9BE8, 0xEE71, 0xFF14, 0xCD8B, 0xA3E2, 0xEEEB, 0xD5EE, 0x08E1, 0x7AC3, 0xEF0E, 0xEF0E, 0xEF37, 0xA3E2,
  0x08E1, 0xEE70, 0xB4EB, 0x0060, 0x2020, 0xB427, 0xCD8B, 0xE528, 0xE507, 0xE566, 0xDCE6, 0xE507, 0xE507, 0xE505, 0xE506, 0xE528,
  0xE528, 0xE566, 0xE567, 0xE566, 0xED88, 0xED88, 0xED88, 0xED88, 0xED88, 0xED88, 0xED88, 0xE568, 0xE566, 0xE568, 0xE567, 0xE506,
  0xE507, 0xE566, 0xE567, 0xE567, 0xED87, 0xE568, 0xED88, 0xED88, 0xED88, 0xED88, 0xE589, 0xED88, 0xE589, 0xE589, 0xE568, 0xED88,
  0xE567, 0xE589, 0xE567, 0xE589, 0xED88, 0xE568, 0xE568, 0xE568, 0xE589, 0xE568, 0xE567, 0xDCE6, 0xE507, 0xE567, 0xE507, 0xCC65,
  0xC404, 0xB382, 0xB382, 0xC404, 0xD444, 0xC404, 0xC404, 0xCC87, 0xD54B, 0xE58A, 0xDD8D, 0xEE10, 0xF6B3, 0xFF15, 0xFF16, 0xFF37,
  0xFF37, 0xF738, 0xF737, 0xF738, 0xF737, 0xF737, 0xFF16, 0xFF16, 0xCD6E, 0x9BE8, 0x9B65, 0xA363, 0xA363, 0xA323, 0xA302, 0xA302,
  0xA302, 0xA301, 0xA301, 0xA301, 0xA302, 0xA301, 0xA301, 0xA301, 0xA301, 0xA302, 0xA302, 0xA302, 0xAB43, 0xAB43, 0xAB43, 0x9B65,
  0xA363, 0x9346, 0xB386, 0x9B65, 0x9B87, 0xC50D, 0xE631, 0xEEF6, 0xFF37, 0xF737, 0xF738, 0xF738, 0xEF38, 0xEF38, 0xEF38, 0xEF38,
  0xF758, 0xF758, 0xFF37, 0xFF16, 0xFF16, 0xFF14, 0xFEF2, 0xEE10, 0xE5EE, 0xDD2A, 0xCC87, 0xD4E7, 0xCC87, 0xC402, 0xAB43, 0xB340,
  0xAB00, 0xAB00, 0xAB00, 0xAB00, 0xAB00, 0xA300, 0xA300, 0xAB00, 0xA300, 0xA300, 0xAB00, 0xA300, 0xA300, 0xA300, 0xA300, 0xAB00,
  0xA300, 0xA300, 0xAB00, 0xAB00, 0xAB00, 0xAB00, 0xA300, 0xAB00, 0xAB00, 0xA300, 0xAB00, 0xAB00, 0xAB40, 0xAB41, 0xA302, 0x7AC3,
  0x1000, 0x0800, 0x0001, 0x0001, 0x0001, 0x0001, 0x0001, 0x0001, 0x0001, 0x0001, 0x0001, 0x0001, 0x0027, 0x00D1, 0x09DC, 0x0000,
  0x0000, 0x11DA, 0x090D, 0x0002, 0x0001, 0x0001, 0x0001, 0x0001, 0x0001, 0x0001, 0x0001, 0x0001, 0x0001, 0x0001, 0x0800, 0x41A1,
  0xD54B, 0xDD2A, 0xE528, 0xE589, 0xDCE6, 0xDCE6, 0xE505, 0xDCE5, 0xE507, 0xE506, 0xE506, 0xE506, 0xE506, 0xDCE5, 0xE507, 0xDCE6,
  0x9B65, 0x4120, 0x1000, 0x1860, 0x41A1, 0xB4EB, 0xEF0E, 0xFF14, 0xEF0E, 0xEEEB, 0x29C4, 0x7AA1, 0xEF0E, 0xFF14, 0xCD8B, 0x08E1,
  0x7AC3, 0xCDF1, 0x3100, 0x0800, 0x7AC3, 0xDD8D, 0xDD2A, 0xE528, 0xE507, 0xDCE6, 0xE507, 0xE507, 0xE507, 0xE507, 0xE507, 0xE506,
  0xE506, 0xE506, 0xE567, 0xE567, 0xE566, 0xE568, 0xED88, 0xED88, 0xED88, 0xED88, 0xED87, 0xED88, 0xE568, 0xE568, 0xE567, 0xE567,
  0xE567, 0xE567, 0xE567, 0xE567, 0xE568, 0xED88, 0xE589, 0xED88, 0xE589, 0xE589, 0xE589, 0xE567, 0xE528, 0xE589, 0xE589, 0xE589,
  0xE589, 0xED88, 0xE589, 0xE589, 0xE589, 0xED88, 0xED88, 0xE568, 0xE568, 0xE568, 0xE568, 0xE589, 0xE589, 0xE568, 0xE589, 0xE568,
  0xE567, 0xD4E7, 0xDCE5, 0xE528, 0xE528, 0xE528, 0xCCE9, 0xE58A, 0xE5AB, 0xD54B, 0xDD8D, 0xF692, 0xFED5, 0xFF16, 0xFF37, 0xF737,
  0xF738, 0xF737, 0xF738, 0xF737, 0xF737, 0xFF16, 0xFF37, 0xF692, 0x9BE8, 0x9B65, 0xA363, 0xA363, 0xA323, 0xA302, 0xA302, 0xA302,
  0xA301, 0xA301, 0xA301, 0xA301, 0xA301, 0xA301, 0xA301, 0xA302, 0xA301, 0xA302, 0xA302, 0xA302, 0xA302, 0xAB43, 0xA323, 0xA323,
  0xB383, 0xA323, 0xA363, 0x9B65, 0x9B65, 0x9346, 0xCC6B, 0xE631, 0xFED5, 0xFF16, 0xFF37, 0xF737, 0xF737, 0xF737, 0xF737, 0xEF38,
  0xE758, 0xFF37, 0xF758, 0xF737, 0xFF16, 0xFF16, 0xFF15, 0xFF14, 0xFEF2, 0xEE10, 0xDDAB, 0xCC69, 0xCC65, 0xB383, 0xAB43, 0xAB41,
  0xA301, 0xAB41, 0xA301, 0xAB00, 0xAB00, 0xA300, 0xAB00, 0xAB00, 0xA300, 0xA300, 0xAB00, 0xAB00, 0xA300, 0xA300, 0xAB00, 0xAB00,
  0xA300, 0xAB00, 0xAB00, 0xA300, 0xAB00, 0xAB00, 0xA300, 0xAB00, 0xAB00, 0xAB00, 0xAB00, 0xAB00, 0xAB40, 0xA300, 0xAB42, 0xA363,
  0x2080, 0x0800, 0x0001, 0x0001, 0x0001, 0x0001, 0x0001, 0x0001, 0x0001, 0x0001, 0x0001, 0x0001, 0x0004, 0x006D, 0x11DA, 0x0000,
  0x0000, 0x19D7, 0x004A, 0x0002, 0x0001, 0x0001, 0x0001, 0x0001, 0x0001, 0x0001, 0x0001, 0x0001, 0x0001, 0x0800, 0x1000, 0x5A43,
  0xDD8D, 0xE528, 0xE507, 0xDCE6, 0xE506, 0xE507, 0xDCE5, 0xE507, 0xE505, 0xE506, 0xE506, 0xE506, 0xD485, 0xE505, 0xE507, 0xE507,
  0xD54B, 0xCC69, 0x7AC3, 0x3060, 0x0001, 0x08E1, 0x7AC3, 0xCD8B, 0xEF0E, 0xEF0E, 0x9BE5, 0x08E1, 0x62E6, 0x7B06, 0x08E1, 0x28E0,
  0xCDF1, 0x7B06, 0x0001, 0x4120, 0xB46A, 0xE5AB, 0xDD2A, 0xE507, 0xE507, 0xE506, 0xE506, 0xE507, 0xE507, 0xE505, 0xE507, 0xE506,
  0xE506, 0xE506, 0xE566, 0xE567, 0xE566, 0xE568, 0xED87, 0xED88, 0xE566, 0xED88, 0xED88, 0xED88, 0xED88, 0xE568, 0xED88, 0xED88,
  0xE589, 0xE567, 0xED88, 0xED88, 0xED88, 0xED88, 0xED88, 0xE589, 0xE589, 0xE589, 0xE589, 0xE589, 0xE589, 0xE589, 0xE589, 0xE567,
  0xE589, 0xE567, 0xE589, 0xE567, 0xED88, 0xE589, 0xED88, 0xED88, 0xED88, 0xED88, 0xE589, 0xE589, 0xE589, 0xE589, 0xE589, 0xE589,
  0xE589, 0xE568, 0xE528, 0xE589, 0xE58A, 0xE58A, 0xE589, 0xE58A, 0xE5EE, 0xDD8D, 0xE5D0, 0xFED4, 0xFF16, 0xFF37, 0xFF37, 0xF738,
  0xF737, 0xF737, 0xF737, 0xF737, 0xFF37, 0xFF37, 0xFED4, 0xCCEB, 0x9B65, 0xA323, 0xA323, 0xA323, 0xA302, 0xA302, 0xA302, 0xA301,
  0xA301, 0xA301, 0xA301, 0xA301, 0xA301, 0xA301, 0xA301, 0xA301, 0xA302, 0xA302, 0xA301, 0xA301, 0xA302, 0xA302, 0xA302, 0xA302,
  0xA302, 0xA323, 0xA323, 0xA363, 0xA363, 0x9B65, 0x9B87, 0xB46A, 0xE5D0, 0xFED5, 0xFF37, 0xFF37, 0xF737, 0xF737, 0xF737, 0xF737,
  0xF737, 0xF758, 0xEF37, 0xF738, 0xFF37, 0xFF37, 0xFF16, 0xFF16, 0xFF15, 0xFED4, 0xF692, 0xDD8D, 0xCC87, 0xB383, 0xB383, 0xAB42,
  0xA301, 0xAB41, 0xAB41, 0xAB00, 0xA301, 0xAB00, 0xAB00, 0xAB00, 0xAB00, 0xA300, 0xAB00, 0xAB00, 0xA301, 0xA300, 0xAB00, 0xA300,
  0xA300, 0xAB00, 0xAB41, 0xA300, 0xA300, 0xAB00, 0xA300, 0xA301, 0xAB00, 0xA301, 0xB340, 0xAB00, 0xAB00, 0xA300, 0xAB41, 0xA363,
  0x51C3, 0x0800, 0x0800, 0x0001, 0x0001, 0x0001, 0x0001, 0x0001, 0x0001, 0x0001, 0x0001, 0x0001, 0x0002, 0x004A, 0x11DA, 0x0000,
  0x09DC, 0x0177, 0x0027, 0x0001, 0x0001, 0x0001, 0x0001, 0x0001, 0x0001, 0x0001, 0x0001, 0x0001, 0x0001, 0x0800, 0x1000, 0x9346,
  0xDD2A, 0xE507, 0xE507, 0xE507, 0xDCE6, 0xE505, 0xE505, 0xE505, 0xE505, 0xE506, 0xE505, 0xE506, 0xE505, 0xE507, 0xE505, 0xDCE6,
  0xE528, 0xDD2A, 0xCCEB, 0xB427, 0x5A01, 0x1000, 0x0060, 0x41A1, 0x7349, 0xEF0E, 0xE758, 0x9BE5, 0x41A1, 0x08E1, 0x41A1, 0xB4EB,
  0xCDF1, 0x28E0, 0x1000, 0x7AC3, 0xCCEB, 0xDD2A, 0xE507, 0xE507, 0xE507, 0xE506, 0xE506, 0xE506, 0xE506, 0xE506, 0xE506, 0xE506,
  0xE507, 0xE507, 0xE507, 0xE528, 0xE566, 0xE566, 0xE566, 0xED88, 0xE528, 0xED87, 0xE566, 0xED88, 0xED88, 0xED88, 0xE568, 0xED88,
  0xED88, 0xED88, 0xED88, 0xED88, 0xED88, 0xE589, 0xED88, 0xE589, 0xE589, 0xE589, 0xE5AB, 0xDD2A, 0xDD2A, 0xE58A, 0xE58A, 0xE58A,
  0xE589, 0xE589, 0xE589, 0xE589, 0xE589, 0xED88, 0xE589, 0xED88, 0xED88, 0xED88, 0xED88, 0xED88, 0xE589, 0xED88, 0xED88, 0xED88,
  0xE589, 0xE589, 0xE589, 0xE589, 0xE589, 0xE58A, 0xE58A, 0xE5AB, 0xDD8D, 0xDD8D, 0xE631, 0xFED4, 0xFF37, 0xFF37, 0xF738, 0xF738,
  0xF737, 0xF737, 0xF737, 0xF737, 0xFF16, 0xFF16, 0xE5D0, 0x9BE8, 0xA363, 0xA323, 0xAB42, 0xA302, 0xA302, 0xA301, 0xA301, 0xA301,
  0xA301, 0xA301, 0xA301, 0xA301, 0xA301, 0xA301, 0xA301, 0xA301, 0xA301, 0xA301, 0xA301, 0xA302, 0xA302, 0xA302, 0xA302, 0xA302,
  0xA302, 0xA302, 0xA302, 0xAB43, 0xB383, 0xB386, 0xB427, 0xCC69, 0xCCEB, 0xCD6E, 0xE631, 0xFED4, 0xFF16, 0xFF16, 0xF737, 0xF737,
  0xEF37, 0xF758, 0xEF37, 0xF758, 0xF758, 0xF758, 0xFF37, 0xFF37, 0xFF16, 0xFF15, 0xFF15, 0xFF14, 0xF692, 0xCCEB, 0xB3E5, 0xB383,
  0xAB43, 0xA302, 0xA300, 0xA301, 0xA301, 0xAB00, 0xA302, 0xAB00, 0xAB00, 0xA300, 0xA301, 0xAB00, 0xAB00, 0xA300, 0xA300, 0xA301,
  0xAB40, 0xA301, 0xAB00, 0xA300, 0xAB40, 0xAB40, 0xA301, 0xAB40, 0xAB00, 0xAB41, 0xAB00, 0xAB00, 0xAB40, 0xAB00, 0xAB41, 0xA363,
  0x6A42, 0x1000, 0x0800, 0x0001, 0x0001, 0x0001, 0x0001, 0x0001, 0x0001, 0x0001, 0x0001, 0x0001, 0x0002, 0x004A, 0x0177, 0x09DC,
  0x09DC, 0x1193, 0x0004, 0x0001, 0x0001, 0x0001, 0x0001, 0x0001, 0x0001, 0x0001, 0x0001, 0x0001, 0x0800, 0x0800, 0x2080, 0xB46A,
  0xDD2A, 0xE506, 0xE506, 0xE507, 0xE505, 0xE506, 0xE505, 0xE505, 0xE505, 0xE505, 0xE505, 0xE505, 0xE505, 0xE505, 0xE505, 0xDCE6,
  0xDCE6, 0xE507, 0xDD2A, 0xCCEB, 0xCCEB, 0x7B06, 0x2080, 0x0001, 0x0060, 0x5A22, 0xD5EE, 0xEEF6, 0xEE71, 0xD5EE, 0xEE93, 0xF758,
  0x51C3, 0x1000, 0x5160, 0xB4EB, 0xD54B, 0xDD08, 0xE507, 0xE507, 0xE506, 0xE506, 0xE506, 0xE506, 0xE506, 0xE505, 0xE505, 0xE507,
  0xE505, 0xE507, 0xE505, 0xE506, 0xE506, 0xE567, 0xE507, 0xE566, 0xE507, 0xE566, 0xE568, 0xE566, 0xE568, 0xED88, 0xE566, 0xE568,
  0xED88, 0xED88, 0xE589, 0xE567, 0xED88, 0xE589, 0xE589, 0xE589, 0xDD69, 0xE5AB, 0xCCE9, 0x7AA1, 0x6A20, 0xBC25, 0xDD2A, 0xDDAB,
  0xE5AB, 0xE589, 0xDD69, 0xE589, 0xE589, 0xE589, 0xE589, 0xED88, 0xED88, 0xED88, 0xED88, 0xE589, 0xED88, 0xED88, 0xE567, 0xE589,
  0xED88, 0xED88, 0xE589, 0xE589, 0xE589, 0xE58A, 0xE5AB, 0xDD8D, 0xDD8D, 0xF692, 0xFED4, 0xFF16, 0xFF37, 0xFF37, 0xF738, 0xF738,
  0xF737, 0xF737, 0xF737, 0xF737, 0xFF16, 0xF6B3, 0xCCEB, 0xB386, 0xB427, 0xB383, 0xAB42, 0xA302, 0xA301, 0xA301, 0xA301, 0xA301,
  0xA301, 0xA301, 0xA301, 0xAAE0, 0xA301, 0xA301, 0xA301, 0xA301, 0xA301, 0xA301, 0xA301, 0xA301, 0xA302, 0xA302, 0xA301, 0xA302,
  0xA302, 0xA302, 0xA302, 0xAB42, 0xAB42, 0xB383, 0xD4E7, 0xDD2A, 0xCCEB, 0xDD2A, 0xD54B, 0xE5D0, 0xF692, 0xF716, 0xF716, 0xF737,
  0xF737, 0xEF37, 0xEF37, 0xF758, 0xE758, 0xF758, 0xF758, 0xF738, 0xF737, 0xFF37, 0xFF16, 0xFF16, 0xFF15, 0xE631, 0xD54B, 0xB427,
  0xB383, 0xA323, 0xAB42, 0xA302, 0xA301, 0xA301, 0xAB00, 0xA301, 0xA301, 0xAB41, 0xA301, 0xAB41, 0xAB00, 0xA300, 0xAB41, 0xAB00,
  0xA300, 0xAB00, 0xAB41, 0xAB00, 0xA301, 0xAB40, 0xAB40, 0xAB00, 0xAB41, 0xAB00, 0xAB00, 0xA300, 0xAB41, 0xAB40, 0xAB41, 0xA302,
  0x7AC3, 0x1000, 0x0800, 0x0001, 0x0001, 0x0001, 0x0001, 0x0001, 0x0001, 0x0001, 0x0001, 0x0001, 0x0001, 0x0004, 0x1193, 0x11DA,
  0x11DA, 0x00D1, 0x0004, 0x0001, 0x0001, 0x0001, 0x0001, 0x0001, 0x0001, 0x0001, 0x0001, 0x0001, 0x0800, 0x0800, 0x3100, 0xCCEB,
  0xE528, 0xE507, 0xE507, 0xE505, 0xE505, 0xE507, 0xE505, 0xE505, 0xE505, 0xE505, 0xE505, 0xE505, 0xE505, 0xDCE5, 0xE505, 0xE505,
  0xE505, 0xDCE6, 0xDD69, 0xDD2A, 0xD54B, 0xD54B, 0xB46A, 0x6A20, 0x28E0, 0x0800, 0x28E0, 0x9346, 0xC675, 0xEEF6, 0xEF37, 0x9C2B,
  0x1000, 0x2020, 0xB46A, 0xD54B, 0xCCE9, 0xDCE6, 0xE507, 0xE506, 0xE506, 0xE506, 0xE506, 0xE506, 0xE507, 0xE505, 0xE507, 0xE505,
  0xE507, 0xE505, 0xE507, 0xE505, 0xE507, 0xE507, 0xE528, 0xE506, 0xE505, 0xE507, 0xE528, 0xE567, 0xE566, 0xE568, 0xE568, 0xED88,
  0xED88, 0xED88, 0xED88, 0xED88, 0xED88, 0xE589, 0xE589, 0xE589, 0xDDAB, 0xE5EE, 0x9303, 0x2020, 0x1000, 0x5160, 0x9B65, 0xCCEB,
  0xCD8B, 0xE5AB, 0xE58A, 0xE58A, 0xE589, 0xED88, 0xE589, 0xE589, 0xED88, 0xE589, 0xED88, 0xED88, 0xED88, 0xED88, 0xED88, 0xE567,
  0xED88, 0xE589, 0xE589, 0xE589, 0xE58A, 0xE58A, 0xE5AB, 0xDD8D, 0xEE10, 0xFED4, 0xFF16, 0xFF37, 0xFF37, 0xF738, 0xF738, 0xF738,
  0xF737, 0xF737, 0xF737, 0xFF15, 0xFF15, 0xE5D0, 0xB4EB, 0xB427, 0xCC65, 0xC404, 0xAB41, 0xAB41, 0xAB41, 0xA301, 0xA301, 0xA301,
  0xA300, 0xAAE0, 0xA301, 0xAAE0, 0xAAE0, 0xA301, 0xA301, 0xA301, 0xA301, 0xA301, 0xA301, 0xA301, 0xA302, 0xA302, 0xA301, 0xA301,
  0xA301, 0xA301, 0xAB21, 0xAB41, 0xAB43, 0xC404, 0xCC87, 0xE528, 0xDD2A, 0xDD2A, 0xD54B, 0xD54B, 0xE5D0, 0xF692, 0xFF14, 0xFF15,
  0xFF15, 0xFF16, 0xFF37, 0xEF37, 0xFF79, 0xF758, 0xF758, 0xF738, 0xF737, 0xF737, 0xFF37, 0xFF16, 0xFF16, 0xFF15, 0xF692, 0xDD8D,
  0xCCEB, 0xBC25, 0x9B65, 0xAB42, 0xAB42, 0xAB42, 0xA301, 0xAB42, 0xAB41, 0xAB41, 0xAB41, 0xAB41, 0xA300, 0xAB41, 0xA300, 0xA300,
  0xA300, 0xAB40, 0xAB41, 0xAB41, 0xAB41, 0xAB00, 0xA301, 0xAB40, 0xAB00, 0xAB00, 0xA300, 0xAB41, 0xAB41, 0xAB40, 0xAB00, 0xA302,
  0x9303, 0x2080, 0x1000, 0x0001, 0x0001, 0x0001, 0x0001, 0x0001, 0x0001, 0x0001, 0x0001, 0x0001, 0x0001, 0x0004, 0x00D1, 0x19D7,
  0x19D7, 0x006D, 0x0002, 0x0001, 0x0001, 0x0001, 0x0001, 0x0001, 0x0001, 0x0001, 0x0001, 0x0001, 0x0800, 0x0800, 0x5A22, 0xDDAB,
  0xE507, 0xE505, 0xE507, 0xE505, 0xE505, 0xE505, 0xE505, 0xE505, 0xE505, 0xE505, 0xE505, 0xE505, 0xE505, 0xE505, 0xE505, 0xE505,
  0xE505, 0xE507, 0xDCE6, 0xE507, 0xDD08, 0xDD2A, 0xD54B, 0xCD6E, 0x9BE5, 0x5160, 0x0001, 0x0060, 0x28E0, 0x9C2B, 0xC50D, 0x4120,
  0x1000, 0x7AC3, 0xCCEB, 0xD54B, 0xCCE9, 0xE507, 0xE507, 0xE506, 0xE506, 0xE506, 0xE506, 0xE506, 0xE506, 0xE507, 0xE505, 0xE507,
  0xE507, 0xE507, 0xE505, 0xE507, 0xE505, 0xE507, 0xE506, 0xE506, 0xE507, 0xE507, 0xE507, 0xE506, 0xE567, 0xE566, 0xE566, 0xE568,
  0xED88, 0xE567, 0xED88, 0xED88, 0xE589, 0xE589, 0xE589, 0xDD2A, 0xE5EE, 0xB427, 0x4120, 0x2020, 0x2020, 0x4120, 0x5A22, 0x7AC3,
  0x9B65, 0xB46A, 0xDD69, 0xDDAB, 0xE589, 0xE589, 0xED88, 0xE589, 0xED88, 0xED88, 0xED88, 0xED86, 0xED88, 0xED88, 0xED88, 0xED88,
  0xE567, 0xE589, 0xE589, 0xE589, 0xE58A, 0xE5AB, 0xDDAB, 0xE5EE, 0xEE71, 0xFF15, 0xFF37, 0xFF37, 0xF738, 0xF739, 0xF739, 0xF739,
  0xF737, 0xF737, 0xFF15, 0xFF15, 0xF692, 0xCD6E, 0xDD2A, 0xCC87, 0xCCE9, 0xD485, 0xBBC2, 0xAB41, 0xB320, 0xAB00, 0xA301, 0xAB00,
  0xA301, 0xAAE0, 0xA301, 0xA301, 0xAAE0, 0xA301, 0xAAE0, 0xAAE0, 0xA302, 0xA301, 0xA301, 0xA301, 0xA302, 0xA300, 0xA302, 0xA301,
  0xA302, 0xA301, 0xAB00, 0xAB41, 0xBBC2, 0xD485, 0xE528, 0xE528, 0xE528, 0xDD08, 0xE528, 0xDDAB, 0xCD8B, 0xDD8D, 0xF692, 0xFED4,
  0xFF14, 0xFF16, 0xFF79, 0xEF37, 0xEF37, 0xF758, 0xF758, 0xF738, 0xF758, 0xF738, 0xFF37, 0xFF18, 0xFF37, 0xFF37, 0xFF15, 0xF6B3,
  0xF692, 0xD54B, 0xCC87, 0x9B65, 0xAB42, 0xAB42, 0xAB42, 0xAB42, 0xAB41, 0xAB41, 0xAB41, 0xAB41, 0xAB40, 0xAB41, 0xAB40, 0xAB40,
  0xAB40, 0xAB40, 0xAB40, 0xAB41, 0xAB00, 0xAB00, 0xAB00, 0xAB40, 0xAB00, 0xAB00, 0xAB41, 0xAB00, 0xAB40, 0xAB41, 0xAB41, 0xA302,
  0x9346, 0x3100, 0x1000, 0x0800, 0x0001, 0x0001, 0x0001, 0x0001, 0x0001, 0x0001, 0x0001, 0x0001, 0x0001, 0x0002, 0x090D, 0x19D7,
  0x1193, 0x006D, 0x0002, 0x0001, 0x0001, 0x0001, 0x0001, 0x0001, 0x0001, 0x0001, 0x0001, 0x0001, 0x0800, 0x0800, 0x7AC3, 0xCD8B,
  0xDCE6, 0xE507, 0xE4E4, 0xE505, 0xE507, 0xE505, 0xE505, 0xE505, 0xE505, 0xE505, 0xE505, 0xE505, 0xE505, 0xE505, 0xE505, 0xE505,
  0xE505, 0xE505, 0xE507, 0xDCE6, 0xDCE6, 0xE528, 0xDD2A, 0xDD2A, 0xDD8D, 0xCCEB, 0x9B87, 0x3060, 0x0800, 0x3060, 0x2080, 0x1000,
  0x4120, 0xCCEB, 0xCCEB, 0xDD2A, 0xE528, 0xE507, 0xE507, 0xE506, 0xE506, 0xE506, 0xE506, 0xE506, 0xE506, 0xE505, 0xE507, 0xE505,
  0xE507, 0xE505, 0xE507, 0xE505, 0xE507, 0xE505, 0xE507, 0xE505, 0xE507, 0xE507, 0xE505, 0xE566, 0xE507, 0xE567, 0xE567, 0xE567,
  0xE567, 0xE566, 0xE589, 0xED88, 0xE589, 0xE589, 0xE58A, 0xE5AB, 0xDD8D, 0x5A01, 0x3060, 0x3060, 0x3060, 0x41A1, 0x51C3, 0x5160,
  0x5A00, 0x5A00, 0x9B65, 0xDD2A, 0xDDAB, 0xE589, 0xED88, 0xED88, 0xE567, 0xE567, 0xED88, 0xED88, 0xED88, 0xED88, 0xED88, 0xE589,
  0xE567, 0xE589, 0xE589, 0xE589, 0xE5AB, 0xDDAB, 0xE5EE, 0xEE70, 0xFF15, 0xFF16, 0xFF37, 0xF738, 0xF738, 0xF739, 0xF739, 0xF738,
  0xF737, 0xFF16, 0xFF15, 0xFED4, 0xE5EE, 0xD54B, 0xDD2A, 0xDD08, 0xDCE6, 0xDCE6, 0xDCE6, 0xD444, 0xAB41, 0xB320, 0xAB00, 0xA301,
  0xAB00, 0xA301, 0xA300, 0xA301, 0xAAE0, 0xA301, 0xA301, 0xA301, 0xAAE0, 0xA302, 0xA301, 0xA301, 0xA301, 0xA301, 0xA301, 0xA301,
  0xA301, 0xAB40, 0xA301, 0xB382, 0xD443, 0xE507, 0xE507, 0xE528, 0xE506, 0xE528, 0xE528, 0xE528, 0xDD2A, 0xCD8B, 0xE5EE, 0xEE70,
  0xEE10, 0xFEF2, 0xFF14, 0xFF15, 0xFF16, 0xEF37, 0xEF37, 0xEF37, 0xF737, 0xF737, 0xF738, 0xF758, 0xFF37, 0xFF37, 0xFF16, 0xFF15,
  0xFED4, 0xFED4, 0xE5EE, 0xCC69, 0xB3E5, 0x9B65, 0xB382, 0xAB42, 0xAB42, 0xAB41, 0xAB41, 0xAB41, 0xAB41, 0xA300, 0xAB40, 0xAB40,
  0xAB40, 0xA300, 0xAB40, 0xAB40, 0xAB40, 0xAB00, 0xAB00, 0xAB00, 0xAB00, 0xAB40, 0xAB41, 0xAB40, 0xAB00, 0xAB00, 0xAB41, 0xAB42,
  0xA363, 0x41A1, 0x1000, 0x0001, 0x0001, 0x0001, 0x0001, 0x0001, 0x0001, 0x0001, 0x0001, 0x0001, 0x0001, 0x0002, 0x006D, 0x19D7,
  0x1193, 0x004A, 0x0001, 0x0001, 0x0001, 0x0001, 0x0001, 0x0001, 0x0001, 0x0001, 0x0001, 0x0001, 0x0800, 0x0800, 0x9303, 0xD54B,
  0xE507, 0xE505, 0xE505, 0xE505, 0xE505, 0xE505, 0xE505, 0xE505, 0xE505, 0xE505, 0xE505, 0xE505, 0xE505, 0xE505, 0xE505, 0xE505,
  0xE505, 0xE505, 0xE505, 0xE505, 0xDCE6, 0xDCE6, 0xE507, 0xDD2A, 0xDD2A, 0xDD8D, 0xDD8D, 0xB46A, 0x6A42, 0x2020, 0x1000, 0x2020,
  0xB427, 0xCD8B, 0xDD69, 0xDD69, 0xE528, 0xE507, 0xE507, 0xE506, 0xE506, 0xE506, 0xE506, 0xE506, 0xE506, 0xE507, 0xE505, 0xE507,
  0xE507, 0xE505, 0xE507, 0xE505, 0xE507, 0xE507, 0xE507, 0xE507, 0xE505, 0xE507, 0xE507, 0xE505, 0xE507, 0xE507, 0xE566, 0xE567,
  0xE567, 0xED88, 0xED88, 0xED88, 0xE589, 0xE568, 0xDDAB, 0xE5EE, 0x9346, 0x3060, 0x3060, 0x28E0, 0x3060, 0x51E5, 0x51E5, 0x41A1,
  0x51C3, 0x5160, 0x41A1, 0x9BE5, 0xDDAB, 0xDD69, 0xE589, 0xED88, 0xED88, 0xED88, 0xE567, 0xED88, 0xED88, 0xED88, 0xED88, 0xE589,
  0xE589, 0xE589, 0xE589, 0xE58A, 0xDDAB, 0xE5AB, 0xEE70, 0xFEF2, 0xFF16, 0xFF37, 0xF737, 0xF738, 0xF738, 0xF739, 0xF739, 0xF738,
  0xF737, 0xFF15, 0xFF15, 0xEE70, 0xD54B, 0xDD2A, 0xDD08, 0xDD08, 0xDCE6, 0xE506, 0xE506, 0xE506, 0xD444, 0xC402, 0xAB41, 0xB320,
  0xAB00, 0xAB00, 0xA301, 0xAAE0, 0xA302, 0xAAE0, 0xA301, 0xA301, 0xA301, 0xA301, 0xA301, 0xA301, 0xA302, 0xA302, 0xAB00, 0xA301,
  0xA301, 0xAB41, 0xAB41, 0xC402, 0xD485, 0xE506, 0xE506, 0xE506, 0xE506, 0xE506, 0xE507, 0xE528, 0xE528, 0xDD2A, 0xDD2A, 0xE5AB,
  0xCD8B, 0xD5EE, 0xF692, 0xFF14, 0xFF16, 0xFF37, 0xFF37, 0xF737, 0xF737, 0xF737, 0xF738, 0xF758, 0xF738, 0xEF37, 0xFF37, 0xFF16,
  0xFF15, 0xFF15, 0xFED4, 0xF692, 0xD54B, 0xB427, 0xB3E5, 0xA323, 0xAB42, 0xAB42, 0xAB41, 0xAB41, 0xAB41, 0xAB40, 0xA300, 0xAB40,
  0xAB40, 0xAB40, 0xAB40, 0xAB00, 0xAB40, 0xAB40, 0xAB00, 0xAB00, 0xAB00, 0xAB00, 0xAB40, 0xAB00, 0xAB00, 0xAB00, 0xAB40, 0xAB42,
  0x9B65, 0x6A42, 0x1000, 0x0800, 0x0001, 0x0001, 0x0001, 0x0001, 0x0001, 0x0001, 0x0001, 0x0001, 0x0001, 0x0002, 0x004A, 0x1193,
  0x1170, 0x0027, 0x0001, 0x0001, 0x0001, 0x0001, 0x0001, 0x0001, 0x0001, 0x0001, 0x0001, 0x0001, 0x0800, 0x1000, 0x9BE8, 0xDD2A,
  0xE507, 0xE505, 0xE505, 0xE505, 0xE505, 0xE505, 0xE505, 0xE505, 0xE505, 0xE505, 0xE505, 0xE505, 0xE505, 0xE505, 0xE505, 0xE505,
  0xE505, 0xE505, 0xE505, 0xE507, 0xE505, 0xE507, 0xE507, 0xE528, 0xE528, 0xDD69, 0xDDAB, 0xD54B, 0xDD8D, 0x9B65, 0x4120, 0x5A00,
  0xD54B, 0xDD69, 0xDD2A, 0xE507, 0xE507, 0xE507, 0xE505, 0xE505, 0xE506, 0xE506, 0xE506, 0xE506, 0xE506, 0xE505, 0xE507, 0xE505,
  0xE507, 0xE507, 0xE507, 0xE505, 0xE507, 0xE507, 0xE505, 0xE507, 0xE507, 0xE507, 0xE505, 0xE507, 0xE507, 0xE566, 0xE507, 0xE567,
  0xE567, 0xE567, 0xE567, 0xE528, 0xE589, 0xDDAB, 0xDD8D, 0xCCEB, 0x4120, 0x3060, 0x3060, 0x28E0, 0x41E7, 0x72A9, 0x6308, 0x41E7,
  0x5A43, 0x51C3, 0x3060, 0x5160, 0xB427, 0xDDAB, 0xE58A, 0xE589, 0xE589, 0xE567, 0xE567, 0xED88, 0xED88, 0xED88, 0xE589, 0xED88,
  0xE589, 0xE589, 0xE58A, 0xE5AB, 0xDDAB, 0xE5EE, 0xFEF2, 0xFF15, 0xFF16, 0xF737, 0xF738, 0xF738, 0xF739, 0xF739, 0xF739, 0xF738,
  0xFF37, 0xFED4, 0xE631, 0xDD8D, 0xDD2A, 0xDD2A, 0xE528, 0xDCE6, 0xE506, 0xE506, 0xE506, 0xE506, 0xE506, 0xD485, 0xC402, 0xBBC2,
  0xAB00, 0xAB00, 0xAB00, 0xA301, 0xA301, 0xA301, 0xAAE0, 0xA301, 0xA301, 0xA301, 0xA301, 0xA301, 0xA302, 0xAB00, 0xA301, 0xAB00,
  0xAB41, 0xAB41, 0xBBC2, 0xD485, 0xE506, 0xE506, 0xE506, 0xE507, 0xE505, 0xE506, 0xE507, 0xE507, 0xE507, 0xE507, 0xDD2A, 0xDD2A,
  0xDD2A, 0xDDAB, 0xE5EE, 0xE631, 0xFF14, 0xFF16, 0xFF16, 0xFF37, 0xF737, 0xF737, 0xF737, 0xF758, 0xF738, 0xFF37, 0xFF37, 0xFF37,
  0xFF37, 0xFF16, 0xFF16, 0xFF15, 0xFED4, 0xE5EE, 0xCC69, 0xB3E5, 0xA3E2, 0xA323, 0xB382, 0xAB41, 0xAB41, 0xAB40, 0xAB40, 0xA300,
  0xAB40, 0xA300, 0xAB40, 0xAB40, 0xAB40, 0xAB00, 0xA301, 0xAB40, 0xAB00, 0xAB40, 0xAB40, 0xAB00, 0xAB40, 0xAB00, 0xAB00, 0xAB42,
  0x9B65, 0x7B06, 0x0800, 0x0800, 0x0001, 0x0001, 0x0001, 0x0001, 0x0001, 0x0001, 0x0001, 0x0001, 0x0001, 0x0002, 0x0027, 0x1170,
  0x090D, 0x0027, 0x0001, 0x0001, 0x0001, 0x0001, 0x0001, 0x0001, 0x0001, 0x0001, 0x0001, 0x0001, 0x0800, 0x2080, 0xB427, 0xCCE9,
  0xDCE6, 0xE505, 0xE505, 0xE505, 0xE506, 0xE505, 0xE505, 0xE505, 0xE505, 0xE505, 0xE505, 0xE505, 0xE505, 0xE505, 0xDCE5, 0xE505,
  0xE505, 0xE505, 0xE505, 0xE505, 0xE507, 0xE505, 0xE507, 0xE507, 0xE507, 0xE528, 0xE528, 0xDD2A, 0xDD2A, 0xDD2A, 0xCC65, 0xCCE9,
  0xE528, 0xE528, 0xE507, 0xE507, 0xE507, 0xE507, 0xE505, 0xE507, 0xE505, 0xE505, 0xE505, 0xE505, 0xE507, 0xE505, 0xE507, 0xE505,
  0xE507, 0xE505, 0xE507, 0xE505, 0xE507, 0xE505, 0xE507, 0xE505, 0xE507, 0xE505, 0xE507, 0xE507, 0xE505, 0xE507, 0xE507, 0xE566,
  0xE567, 0xE567, 0xE589, 0xE589, 0xE568, 0xD54B, 0xDD8D, 0x6A42, 0x2020, 0x3100, 0x2080, 0x3944, 0x5B2B, 0x5A89, 0x41E7, 0x72A9,
  0x5A89, 0x69C6, 0x51C3, 0x2080, 0x5A00, 0xDD2A, 0xE58A, 0xE589, 0xE589, 0xE567, 0xE589, 0xED88, 0xED88, 0xED88, 0xE589, 0xE589,
  0xE589, 0xE589, 0xE5AB, 0xDDAB, 0xE5EE, 0xF692, 0xFEF2, 0xFF16, 0xFF37, 0xF737, 0xF738, 0xEF38, 0xF739, 0xEF38, 0xEF38, 0xF738,
  0xFF16, 0xF692, 0xD5EE, 0xD54B, 0xDD2A, 0xE528, 0xE507, 0xE507, 0xE506, 0xE505, 0xE505, 0xE505, 0xE506, 0xDCA4, 0xE506, 0xCC65,
  0xBBC1, 0xAB41, 0xAB00, 0xA300, 0xAB00, 0xA301, 0xA301, 0xAAE0, 0xA301, 0xAAE0, 0xA302, 0xA301, 0xAB00, 0xA302, 0xA301, 0xA301,
  0xAB41, 0xB382, 0xD444, 0xDCE6, 0xE506, 0xE505, 0xE505, 0xE505, 0xE505, 0xE505, 0xE507, 0xE507, 0xE507, 0xE507, 0xE507, 0xE568,
  0xE568, 0xDD2A, 0xDDAB, 0xDD8D, 0xEE10, 0xFED4, 0xFF16, 0xFF16, 0xFF37, 0xFF37, 0xF737, 0xF738, 0xF758, 0xF738, 0xF738, 0xF737,
  0xFF37, 0xFF37, 0xFF37, 0xFF16, 0xFF15, 0xFF14, 0xEE10, 0xD54B, 0xCC87, 0xB3E5, 0xAB42, 0xAB42, 0xAB41, 0xAB41, 0xAB41, 0xAB40,
  0xAB40, 0xAB40, 0xA300, 0xAB41, 0xAB40, 0xAB40, 0xAB00, 0xAB41, 0xAB00, 0xAB40, 0xAB40, 0xAB00, 0xAB00, 0xAB00, 0xAB00, 0xAB42,
  0x9B65, 0x7B69, 0x1000, 0x0001, 0x0001, 0x0001, 0x0001, 0x0001, 0x0001, 0x0001, 0x0001, 0x0001, 0x0001, 0x0001, 0x0027, 0x1170,
  0x004A, 0x0004, 0x0001, 0x0001, 0x0001, 0x0001, 0x0001, 0x0001, 0x0001, 0x0001, 0x0001, 0x0001, 0x1000, 0x2080, 0xB427, 0xDD08,
  0xDCE6, 0xE505, 0xE507, 0xE505, 0xE505, 0xE505, 0xE505, 0xE505, 0xE505, 0xE505, 0xE505, 0xE505, 0xE505, 0xE505, 0xE505, 0xE505,
  0xE505, 0xE505, 0xE507, 0xE507, 0xE505, 0xE507, 0xE507, 0xE507, 0xE507, 0xE507, 0xE507, 0xE507, 0xE528, 0xDD08, 0xE528, 0xE568,
  0xE528, 0xE567, 0xE507, 0xDCE6, 0xE566, 0xE505, 0xE507, 0xE505, 0xE507, 0xE505, 0xE507, 0xE505, 0xE505, 0xE507, 0xE505, 0xE507,
  0xE505, 0xE507, 0xE505, 0xE507, 0xE507, 0xE507, 0xE507, 0xE507, 0xE507, 0xE507, 0xE505, 0xE507, 0xE507, 0xE507, 0xE507, 0xE507,
  0xE507, 0xE567, 0xE567, 0xE568, 0xDDAB, 0xD54B, 0xB46A, 0x3100, 0x3060, 0x3922, 0x2080, 0x41E7, 0x734C, 0x41E7, 0x1860, 0x3944,
  0x5A89, 0x7349, 0x5A66, 0x4120, 0x3060, 0x8B02, 0xE58A, 0xDD69, 0xE589, 0xE567, 0xED88, 0xED88, 0xED88, 0xE589, 0xED88, 0xE589,
  0xE589, 0xE58A, 0xE5AB, 0xDDAB, 0xEE10, 0xFEF2, 0xFF16, 0xFF16, 0xEF37, 0xF738, 0xF738, 0xF739, 0xEF38, 0xF738, 0xF738, 0xFF37,
  0xFF16, 0xF692, 0xDD8D, 0xDD2A, 0xDD2A, 0xE507, 0xE507, 0xE507, 0xE505, 0xE505, 0xE505, 0xE505, 0xE506, 0xDCA4, 0xDCE6, 0xDCA4,
  0xE506, 0xD444, 0xC404, 0xB340, 0xA300, 0xA300, 0xA300, 0xA301, 0xA301, 0xA301, 0xA301, 0xAB00, 0xA302, 0xA300, 0xAB00, 0xA301,
  0xAB41, 0xBBC2, 0xD444, 0xE505, 0xE506, 0xE505, 0xE505, 0xE505, 0xE505, 0xE505, 0xE505, 0xE505, 0xE507, 0xE507, 0xE507, 0xE528,
  0xE568, 0xE568, 0xDD2A, 0xDDAB, 0xDD8D, 0xEE10, 0xF6B3, 0xFF15, 0xFF37, 0xFF37, 0xFF37, 0xFF37, 0xF737, 0xF737, 0xF737, 0xF738,
  0xF737, 0xFF37, 0xFF37, 0xFF37, 0xFF15, 0xFF15, 0xFED4, 0xEE70, 0xEE70, 0xCD8B, 0xBC25, 0xB3E5, 0xAB41, 0xAB41, 0xAB41, 0xAB41,
  0xAB40, 0xAB41, 0xAB40, 0xAB00, 0xAB00, 0xAB00, 0xA301, 0xAB41, 0xAB41, 0xAB40, 0xAB41, 0xAB40, 0xAB41, 0xAB41, 0xB3E5, 0xB427,
  0xD54B, 0xCD6E, 0x28E0, 0x0800, 0x0001, 0x0001, 0x0001, 0x0001, 0x0001, 0x0001, 0x0001, 0x0001, 0x0001, 0x0001, 0x0004, 0x090D,
  0x10E9, 0x0004, 0x0001, 0x0001, 0x0001, 0x0001, 0x0001, 0x0001, 0x0001, 0x0001, 0x0001, 0x0001, 0x0800, 0x4120, 0xCCE9, 0xD4E7,
  0xDCE6, 0xE505, 0xE505, 0xE505, 0xE505, 0xE505, 0xE505, 0xE505, 0xE505, 0xE505, 0xE505, 0xE505, 0xE505, 0xE505, 0xE505, 0xE505,
  0xE507, 0xE505, 0xE507, 0xE505, 0xE507, 0xE507, 0xE507, 0xE505, 0xE507, 0xE505, 0xE507, 0xDCE6, 0xDCE6, 0xDCE6, 0xD4E7, 0xE507,
  0xE507, 0xDCE6, 0xE566, 0xDCE6, 0xE505, 0xE507, 0xE505, 0xE566, 0xE505, 0xE505, 0xE505, 0xE507, 0xE505, 0xE505, 0xE507, 0xE505,
  0xE507, 0xE507, 0xE507, 0xE507, 0xE505, 0xE507, 0xE505, 0xE507, 0xE505, 0xE507, 0xE505, 0xE507, 0xE507, 0xE507, 0xE507, 0xE505,
  0xE507, 0xE567, 0xE528, 0xE528, 0xDDAB, 0xCCEB, 0x6A20, 0x2020, 0x3060, 0x3922, 0x31A7, 0x734C, 0x734C, 0x2124, 0x0002, 0x31A7,
  0x31A7, 0x3944, 0x72A9, 0x6AC6, 0x3060, 0x6A20, 0xDD2A, 0xE589, 0xE528, 0xE589, 0xE589, 0xE567, 0xE589, 0xED88, 0xE589, 0xE589,
  0xE58A, 0xE5AB, 0xE5AB, 0xE5EE, 0xEE70, 0xFED4, 0xFF16, 0xFF37, 0xF758, 0xF738, 0xF739, 0xEF38, 0xEF38, 0xF738, 0xF737, 0xFF37,
  0xF6B3, 0xE5D0, 0xD54B, 0xDD2A, 0xE528, 0xE528, 0xDCE6, 0xE505, 0xE505, 0xE505, 0xE505, 0xE505, 0xE505, 0xE505, 0xE505, 0xE505,
  0xE505, 0xDCE5, 0xD485, 0xD443, 0xB382, 0xAB40, 0xA300, 0xAB00, 0xAB00, 0xA301, 0xAB00, 0xA301, 0xA300, 0xA300, 0xA300, 0xA300,
  0xB382, 0xD444, 0xDCE5, 0xE505, 0xE505, 0xE505, 0xE505, 0xE505, 0xE505, 0xE545, 0xE505, 0xE505, 0xE505, 0xE507, 0xE507, 0xE507,
  0xE568, 0xE528, 0xE528, 0xDD2A, 0xDD2A, 0xD54B, 0xCD6E, 0xE5D0, 0xF6B3, 0xFF16, 0xFF37, 0xFF37, 0xF737, 0xF737, 0xF737, 0xF738,
  0xF738, 0xF738, 0xF737, 0xFF37, 0xFF16, 0xFF15, 0xFED4, 0xFED4, 0xFED4, 0xF692, 0xE5EE, 0xCCE9, 0xA3E2, 0xAB42, 0xAB41, 0xAB41,
  0xAB41, 0xAB41, 0xAB40, 0xAB41, 0xAB41, 0xAB21, 0xAB41, 0xAB21, 0xAB00, 0xAB41, 0xAB41, 0xAB41, 0xA3E2, 0x9B65, 0xCCE9, 0xCD6E,
  0xFED4, 0xEE93, 0x51C3, 0x0800, 0x0001, 0x0001, 0x0001, 0x0001, 0x0001, 0x0001, 0x0001, 0x0001, 0x0001, 0x0001, 0x0004, 0x004A,
  0x0027, 0x0002, 0x0001, 0x0001, 0x0001, 0x0001, 0x0001, 0x0001, 0x0001, 0x0001, 0x0001, 0x0001, 0x0800, 0x51C3, 0xDD2A, 0xD4E7,
  0xDCE6, 0xE505, 0xE505, 0xE505, 0xE505, 0xE505, 0xE505, 0xE505, 0xE505, 0xE505, 0xE505, 0xE505, 0xE505, 0xE505, 0xE505, 0xE505,
  0xE505, 0xE507, 0xE507, 0xE507, 0xE507, 0xE505, 0xE507, 0xE505, 0xE507, 0xE505, 0xE505, 0xE507, 0xE545, 0xDCE6, 0xE507, 0xDCE6,
  0xE566, 0xDCE6, 0xE566, 0xE507, 0xDCE5, 0xDCE5, 0xE507, 0xE507, 0xE507, 0xE505, 0xE507, 0xE505, 0xE507, 0xE505, 0xE507, 0xE507,
  0xE505, 0xE507, 0xE507, 0xE505, 0xE507, 0xE507, 0xE507, 0xE505, 0xE507, 0xE505, 0xE507, 0xE507, 0xE507, 0xE507, 0xE507, 0xE507,
  0xE507, 0xE507, 0xE528, 0xDD2A, 0xD54B, 0x9303, 0x3060, 0x2080, 0x2080, 0x3922, 0x5A89, 0x5B2B, 0x5A89, 0x41E7, 0x31A7, 0x41E7,
  0x1000, 0x1000, 0x72A9, 0x5A43, 0x5160, 0xB427, 0xDD2A, 0xDD69, 0xED88, 0xE567, 0xE589, 0xE567, 0xE589, 0xE589, 0xE589, 0xE589,
  0xE58A, 0xE5AB, 0xE5EE, 0xEE70, 0xFED4, 0xFF15, 0xFF16, 0xEF37, 0xFF37, 0xEF37, 0xE758, 0xF738, 0xF737, 0xF737, 0xFF37, 0xFF15,
  0xE631, 0xDD8D, 0xDDAB, 0xDD2A, 0xE528, 0xE507, 0xE507, 0xE505, 0xE505, 0xE505, 0xE505, 0xE505, 0xE505, 0xE505, 0xE505, 0xE505,
  0xE505, 0xE505, 0xE505, 0xE506, 0xD485, 0xC402, 0xAB41, 0xAB00, 0xAB00, 0xAB00, 0xA301, 0xAB00, 0xA300, 0xA300, 0xA300, 0xAB00,
  0xC402, 0xDCA4, 0xE507, 0xE505, 0xE505, 0xE505, 0xE505, 0xE545, 0xE4E4, 0xE545, 0xE4E4, 0xE545, 0xE505, 0xE505, 0xE507, 0xE507,
  0xE507, 0xE507, 0xE528, 0xDD2A, 0xCCE9, 0xCCE9, 0xB427, 0xB427, 0xCD6E, 0xEE93, 0xFF16, 0xFF37, 0xFF37, 0xFF37, 0xF737, 0xF737,
  0xF738, 0xF737, 0xF738, 0xF738, 0xF737, 0xFF16, 0xFF15, 0xFED4, 0xFF14, 0xFEF2, 0xFEF2, 0xEE10, 0xE58A, 0xCC87, 0xA3E2, 0xAB42,
  0xAB41, 0xAB41, 0xAB41, 0xAB41, 0xB340, 0xB382, 0xB382, 0xAB43, 0xC402, 0xB383, 0xAB41, 0xB382, 0xB3E5, 0xB427, 0xD5EE, 0xFED4,
  0xFF15, 0xFF16, 0x6AC6, 0x0001, 0x0001, 0x0001, 0x0001, 0x0001, 0x0001, 0x0001, 0x0001, 0x0001, 0x0001, 0x0001, 0x0004, 0x0027,
  0x0004, 0x0002, 0x0001, 0x0001, 0x0001, 0x0001, 0x0001, 0x0001, 0x0001, 0x0001, 0x0001, 0x0001, 0x0800, 0x5A22, 0xDD2A, 0xDCE6,
  0xDCE6, 0xE507, 0xE505, 0xE505, 0xE507, 0xE505, 0xE505, 0xE505, 0xE505, 0xE505, 0xE505, 0xE505, 0xE505, 0xE505, 0xE505, 0xE505,
  0xE507, 0xE505, 0xE507, 0xE507, 0xE507, 0xE507, 0xE507, 0xE505, 0xE505, 0xE505, 0xE505, 0xE505, 0xE505, 0xE505, 0xE505, 0xE507,
  0xE505, 0xE507, 0xE505, 0xE507, 0xD444, 0xCC22, 0xDCE5, 0xDCE6, 0xE507, 0xE507, 0xE505, 0xE507, 0xE505, 0xE507, 0xE505, 0xE507,
  0xE507, 0xE507, 0xE507, 0xE507, 0xE507, 0xE505, 0xE507, 0xE507, 0xE507, 0xE507, 0xE507, 0xE505, 0xE507, 0xE507, 0xE507, 0xE507,
  0xE507, 0xE507, 0xE528, 0xE5AB, 0xB427, 0x4120, 0x2020, 0x3060, 0x28E0, 0x41E7, 0x5B2B, 0x41E7, 0x0004, 0x31A7, 0x734C, 0x41E7,
  0x1860, 0x49C4, 0x72A9, 0x5160, 0x9303, 0xDD8D, 0xE58A, 0xDD69, 0xDD69, 0xE589, 0xE567, 0xE589, 0xE567, 0xE589, 0xE589, 0xE58A,
  0xE5AB, 0xE5AB, 0xE5EE, 0xF692, 0xFF15, 0xFF16, 0xFF37, 0xEF37, 0xEF37, 0xEF37, 0xEF37, 0xEF37, 0xEF37, 0xFF16, 0xFF15, 0xF6B3,
  0xDD8D, 0xCD8B, 0xDD08, 0xDD08, 0xE528, 0xE507, 0xE507, 0xE505, 0xE505, 0xE505, 0xE505, 0xE505, 0xE4E4, 0xE4E4, 0xE4E4, 0xE505,
  0xE4E4, 0xE505, 0xE505, 0xE505, 0xE506, 0xE505, 0xD444, 0xBBC2, 0xB380, 0xAB00, 0xA300, 0xAB00, 0xAB00, 0xAB40, 0xAB40, 0xB382,
  0xD444, 0xE505, 0xE505, 0xE505, 0xE505, 0xE545, 0xE4E4, 0xE4E4, 0xE545, 0xE505, 0xE4E4, 0xE4E4, 0xE545, 0xE505, 0xE505, 0xE507,
  0xE507, 0xE507, 0xE507, 0xE507, 0xDD08, 0xCC87, 0xB3E5, 0x9B87, 0xB427, 0xB4EB, 0xE631, 0xFF16, 0xFF37, 0xFF37, 0xF737, 0xF737,
  0xF737, 0xF738, 0xF738, 0xF758, 0xF737, 0xF737, 0xF737, 0xFF15, 0xF716, 0xFF14, 0xFED4, 0xFEF2, 0xEE70, 0xE58A, 0xD4E7, 0xC404,
  0xB383, 0xAB43, 0xB340, 0xB382, 0xB340, 0xB382, 0xB383, 0xCC65, 0xDD08, 0xCC87, 0xA3E2, 0xCC87, 0xCD8B, 0xEE10, 0xFF14, 0xFF16,
  0xFED4, 0xFF79, 0x7B69, 0x0001, 0x0001, 0x0001, 0x0001, 0x0001, 0x0001, 0x0001, 0x0001, 0x0001, 0x0001, 0x0001, 0x0002, 0x0004,
  0x0004, 0x0002, 0x0001, 0x0001, 0x0001, 0x0001, 0x0001, 0x0001, 0x0001, 0x0001, 0x0001, 0x0800, 0x0800, 0x7B06, 0xDD2A, 0xDCE6,
  0xE507, 0xE507, 0xE507, 0xE505, 0xE505, 0xE505, 0xE505, 0xE505, 0xE505, 0xE505, 0xE505, 0xE505, 0xE505, 0xE505, 0xE505, 0xE505,
  0xE505, 0xE507, 0xE507, 0xE507, 0xE505, 0xE507, 0xE505, 0xE507, 0xE505, 0xE505, 0xE505, 0xE505, 0xE505, 0xE505, 0xE505, 0xE505,
  0xE507, 0xE507, 0xE507, 0xDCE5, 0xBBC2, 0xB382, 0xBBC1, 0xCC65, 0xDCE5, 0xE507, 0xE507, 0xE507, 0xE505, 0xE507, 0xE507, 0xE505,
  0xE507, 0xE505, 0xE507, 0xE507, 0xE507, 0xE507, 0xE505, 0xE507, 0xE505, 0xE507, 0xE505, 0xE507, 0xE507, 0xE507, 0xE507, 0xE507,
  0xE507, 0xE528, 0xDD2A, 0xCCEB, 0x6A20, 0x2020, 0x3060, 0x3060, 0x2102, 0x72A9, 0x5B2B, 0x2124, 0x0001, 0x31A7, 0x5A89, 0x41E7,
  0x51E5, 0x734C, 0x4120, 0x5A22, 0xD54B, 0xD54B, 0xE5AB, 0xE589, 0xED88, 0xE589, 0xE589, 0xE589, 0xE589, 0xE589, 0xE589, 0xE58A,
  0xE5AB, 0xE5EE, 0xEE71, 0xFEF2, 0xFF16, 0xFF79, 0xFF79, 0xFF16, 0xF758, 0xFF16, 0xEF37, 0xEF37, 0xFF16, 0xF737, 0xEE93, 0xE5D0,
  0xDD8D, 0xCCEB, 0xE528, 0xE528, 0xE507, 0xE507, 0xE507, 0xE505, 0xE507, 0xE505, 0xE505, 0xE505, 0xE4E4, 0xE4E4, 0xE4E4, 0xE4E4,
  0xE4E4, 0xE505, 0xE505, 0xE505, 0xE505, 0xE506, 0xE506, 0xD485, 0xC402, 0xB382, 0xAB40, 0xAB00, 0xAB00, 0xAB40, 0xB380, 0xC402,
  0xE506, 0xE506, 0xE505, 0xE4E4, 0xE4E4, 0xE4E4, 0xE545, 0xE4E4, 0xE4E4, 0xE545, 0xE4E4, 0xE545, 0xE545, 0xE4E4, 0xE505, 0xE505,
  0xE505, 0xE507, 0xE507, 0xDCE6, 0xCC65, 0xB3E5, 0xB383, 0xB386, 0x9B65, 0x9B65, 0xB46A, 0xCD6E, 0xFED4, 0xFF37, 0xFF37, 0xF737,
  0xF737, 0xF738, 0xF738, 0xF738, 0xF758, 0xF737, 0xF737, 0xF737, 0xF716, 0xFF15, 0xFF14, 0xFEF2, 0xEE70, 0xEE70, 0xD54B, 0xCCE9,
  0xCC65, 0xC402, 0xB383, 0xB340, 0xAB43, 0xB382, 0xD485, 0xD54B, 0xE5AB, 0xE58A, 0xD54B, 0xE5EE, 0xFEF2, 0xFF15, 0xFF15, 0xFF16,
  0xFED5, 0xFF37, 0xA4AF, 0x1000, 0x0001, 0x0800, 0x0001, 0x0001, 0x0001, 0x0001, 0x0001, 0x0001, 0x0001, 0x0001, 0x0002, 0x0004,
  0x0004, 0x0002, 0x0001, 0x0001, 0x0001, 0x0001, 0x0001, 0x0001, 0x0001, 0x0001, 0x0001, 0x0800, 0x1000, 0x9B87, 0xD54B, 0xD4E7,
  0xE506, 0xE506, 0xE507, 0xE505, 0xE505, 0xE505, 0xE505, 0xE505, 0xE505, 0xE505, 0xE505, 0xE505, 0xE505, 0xE505, 0xE505, 0xE507,
  0xE505, 0xE507, 0xE507, 0xE507, 0xE507, 0xE507, 0xE505, 0xE505, 0xE505, 0xE505, 0xE505, 0xE505, 0xE505, 0xE505, 0xE505, 0xE507,
  0xE507, 0xE506, 0xE506, 0xCC65, 0xB382, 0xA300, 0xAB40, 0xB382, 0xC404, 0xDCE5, 0xE507, 0xE507, 0xE507, 0xE507, 0xE507, 0xE507,
  0xE507, 0xE507, 0xE505, 0xE507, 0xE505, 0xE507, 0xE507, 0xE507, 0xE507, 0xE507, 0xE507, 0xE507, 0xE505, 0xE507, 0xE507, 0xE507,
  0xE528, 0xE568, 0xD54B, 0x9B65, 0x3060, 0x3060, 0x3060, 0x28E0, 0x5A89, 0x5B2B, 0x5A89, 0x2124, 0x3944, 0x5B2B, 0x2102, 0x3060,
  0x72A9, 0x72A9, 0x4120, 0x9BE8, 0xE5D0, 0xE5AB, 0xE5AB, 0xE528, 0xDD69, 0xE589, 0xE589, 0xE589, 0xE589, 0xE589, 0xE589, 0xE5AB,
  0xE5AB, 0xEE71, 0xFF14, 0xFF15, 0xEF37, 0xFF15, 0xEF37, 0xEF37, 0xEF37, 0xEF37, 0xEF37, 0xEF37, 0xFF79, 0xFF79, 0xE631, 0xC50D,
  0xD54B, 0xE58A, 0xE528, 0xE507, 0xE507, 0xE507, 0xE505, 0xE507, 0xE505, 0xE505, 0xE505, 0xE505, 0xE4E4, 0xE4E4, 0xE4E4, 0xE4E4,
  0xE4E4, 0xE4E4, 0xE505, 0xE4E4, 0xE505, 0xE4E4, 0xE505, 0xE505, 0xDCE5, 0xD444, 0xC402, 0xB380, 0xAB00, 0xAB00, 0xB382, 0xDCA3,
  0xE505, 0xE505, 0xE4E4, 0xE505, 0xE545, 0xE4E4, 0xE4E4, 0xE545, 0xE4E4, 0xE4E4, 0xE545, 0xE545, 0xE4E4, 0xE545, 0xE505, 0xE505,
  0xE505, 0xE505, 0xE507, 0xD485, 0xBBC2, 0xB382, 0xA323, 0xB383, 0xB386, 0x9B65, 0x9B65, 0x9BE8, 0xC50D, 0xEE93, 0xFF16, 0xFF18,
  0xFF37, 0xF738, 0xF738, 0xF758, 0xF738, 0xF738, 0xF737, 0xF737, 0xF737, 0xF737, 0xF716, 0xFED4, 0xFED4, 0xF692, 0xE5EE, 0xE58A,
  0xE58A, 0xE507, 0xD444, 0xB382, 0xC402, 0xBC25, 0xE58A, 0xE5AB, 0xE5EE, 0xE5EE, 0xF692, 0xEE93, 0xFF14, 0xFF15, 0xFF15, 0xFF16,
  0xFF37, 0xFF79, 0xA4AF, 0x1000, 0x0800, 0x0001, 0x0800, 0x0001, 0x0001, 0x0001, 0x0001, 0x0001, 0x0001, 0x0001, 0x0001, 0x0004,
  0x0002, 0x0002, 0x0001, 0x0001, 0x0001, 0x0001, 0x0001, 0x0001, 0x0001, 0x0001, 0x0001, 0x0001, 0x1000, 0xB46A, 0xCCEB, 0xE528,
  0xE507, 0xE506, 0xE507, 0xE506, 0xE507, 0xE505, 0xE505, 0xE505, 0xE505, 0xE505, 0xE505, 0xE505, 0xDCE5, 0xE505, 0xE505, 0xE505,
  0xE507, 0xE505, 0xE507, 0xE507, 0xE505, 0xE505, 0xE505, 0xE505, 0xE505, 0xE505, 0xE505, 0xE505, 0xE505, 0xE505, 0xE505, 0xE507,
  0xE507, 0xE528, 0xD444, 0xB382, 0xAB41, 0xAB41, 0xA301, 0xAB40, 0xAB41, 0xB382, 0xD485, 0xDCE6, 0xE507, 0xE507, 0xE507, 0xE507,
  0xE507, 0xE507, 0xE507, 0xE507, 0xE507, 0xE507, 0xE507, 0xE505, 0xE507, 0xE507, 0xE505, 0xE507, 0xE507, 0xE505, 0xE507, 0xE507,
  0xDD2A, 0xD54B, 0xCC69, 0x5160, 0x3060, 0x3060, 0x3100, 0x3944, 0x5B2B, 0x41E7, 0x2124, 0x3944, 0x5B2B, 0x5A89, 0x1000, 0x2124,
  0x72A9, 0x4120, 0x7B06, 0xDD8D, 0xDD8D, 0xE5AB, 0xE58A, 0xE589, 0xE589, 0xE589, 0xE589, 0xE589, 0xE589, 0xE58A, 0xE58A, 0xE5AB,
  0xEE70, 0xFEF2, 0xFF16, 0xFF37, 0xFF16, 0xF758, 0xF758, 0xFF79, 0xFF79, 0xE758, 0xEF37, 0xEEF6, 0x840B, 0x5A66, 0x4120, 0x2020,
  0x5160, 0xD485, 0xE528, 0xE507, 0xE507, 0xE507, 0xE505, 0xE507, 0xE507, 0xE507, 0xE507, 0xE505, 0xE505, 0xE505, 0xE505, 0xE505,
  0xE505, 0xE505, 0xE505, 0xE505, 0xE4E4, 0xE4E4, 0xE505, 0xE505, 0xE505, 0xE505, 0xD485, 0xD444, 0xBBC1, 0xB380, 0xC402, 0xDCC4,
  0xE505, 0xE4E4, 0xE4E4, 0xE4E4, 0xE4E4, 0xE4E4, 0xE545, 0xE4E4, 0xE545, 0xE4E4, 0xE4E4, 0xE4E4, 0xE4E4, 0xE4E4, 0xE545, 0xE505,
  0xE505, 0xE505, 0xD444, 0xCC22, 0xB382, 0xAB41, 0xAB42, 0xAB42, 0xA3E2, 0xA323, 0xA363, 0x9B65, 0x9BE8, 0xCCEB, 0xE5D0, 0xFF16,
  0xFF37, 0xFF37, 0xF738, 0xF738, 0xF738, 0xF738, 0xF738, 0xF737, 0xF737, 0xF737, 0xF737, 0xFF15, 0xFF15, 0xFED4, 0xEE10, 0xE5AB,
  0xE58A, 0xE58A, 0xE528, 0xD485, 0xCC87, 0xDD2A, 0xE5AB, 0xEE10, 0xF692, 0xFED4, 0xFF14, 0xFF15, 0xF716, 0xFF15, 0xEF37, 0xFF15,
  0xFF16, 0xFF79, 0xBCF0, 0x2020, 0x0001, 0x0001, 0x0001, 0x0001, 0x0001, 0x0001, 0x0001, 0x0001, 0x0001, 0x0001, 0x0001, 0x0002,
  0x0002, 0x0002, 0x0001, 0x0001, 0x0001, 0x0001, 0x0001, 0x0001, 0x0001, 0x0001, 0x0001, 0x0800, 0x2020, 0x9BE8, 0xCCE9, 0xE528,
  0xDCE6, 0xE506, 0xE506, 0xE505, 0xE507, 0xE505, 0xE505, 0xE505, 0xE505, 0xE505, 0xE507, 0xE505, 0xE505, 0xE505, 0xE507, 0xE505,
  0xE507, 0xE507, 0xE505, 0xE507, 0xE505, 0xE505, 0xE505, 0xE505, 0xE505, 0xE505, 0xE545, 0xDCC4, 0xE505, 0xE507, 0xE507, 0xE507,
  0xE506, 0xE506, 0xB383, 0xAB41, 0xB320, 0xAB41, 0xA302, 0xAB41, 0xAB41, 0xAB41, 0xB382, 0xD444, 0xD485, 0xE507, 0xE507, 0xE507,
  0xE507, 0xE507, 0xE507, 0xE507, 0xE507, 0xE507, 0xE507, 0xE507, 0xE507, 0xE507, 0xE507, 0xE505, 0xE507, 0xE507, 0xE507, 0xE507,
  0xE58A, 0xDD2A, 0x7AC3, 0x2020, 0x3060, 0x3100, 0x2124, 0x5A89, 0x5B2B, 0x0001, 0x0001, 0x41E7, 0x5A89, 0x41E7, 0x3944, 0x69C6,
  0x51E5, 0x5160, 0xCC6B, 0xDD8D, 0xDD8D, 0xE58A, 0xE589, 0xE589, 0xE589, 0xE589, 0xE589, 0xE589, 0xE589, 0xE58A, 0xE5AB, 0xE5AB,
  0xF6B3, 0xFF15, 0xFF16, 0xFF79, 0xFF79, 0xFF79, 0xE758, 0xB5B1, 0xA550, 0x7349, 0x28E0, 0x28E0, 0x1000, 0x0800, 0x1000, 0x2020,
  0x2020, 0x4120, 0xDCE6, 0xE589, 0xE506, 0xE505, 0xE507, 0xE505, 0xDCE6, 0xE567, 0xDCE6, 0xE566, 0xDCE6, 0xE505, 0xE505, 0xE505,
  0xE505, 0xE505, 0xE505, 0xE505, 0xE4E4, 0xE4E4, 0xE4E4, 0xE505, 0xE505, 0xE505, 0xE505, 0xDCC4, 0xDCA3, 0xD444, 0xDCA3, 0xE505,
  0xE505, 0xE4E4, 0xE4E4, 0xE4E4, 0xE4E4, 0xE4E4, 0xE4E4, 0xE4E4, 0xE4E4, 0xE545, 0xE4E4, 0xE545, 0xE545, 0xE4E4, 0xE4E4, 0xE545,
  0xE505, 0xDCC4, 0xC402, 0xB380, 0xAB40, 0xAB41, 0xAB41, 0xAB42, 0xA302, 0xA323, 0xA323, 0xA363, 0xB386, 0x9B87, 0xB46A, 0xCD6E,
  0xEE93, 0xFF37, 0xFF79, 0xFF37, 0xF738, 0xF738, 0xF738, 0xF738, 0xF737, 0xF738, 0xF737, 0xFF16, 0xFF15, 0xFF14, 0xF692, 0xEE10,
  0xE5AB, 0xE58A, 0xE5AB, 0xE58A, 0xDD2A, 0xE5EE, 0xEE70, 0xEE71, 0xFF14, 0xF716, 0xEF37, 0xFF15, 0xF737, 0xFF15, 0xFF15, 0xFF15,
  0xFF15, 0xFF79, 0xB5B1, 0x2080, 0x0001, 0x0800, 0x0800, 0x0001, 0x0001, 0x0001, 0x0001, 0x0001, 0x0001, 0x0001, 0x0001, 0x0001,
  0x0001, 0x0001, 0x0001, 0x0001, 0x0001, 0x0001, 0x0001, 0x0001, 0x0001, 0x0001, 0x0001, 0x0800, 0x2020, 0xB46A, 0xD54B, 0xE507,
  0xDCE6, 0xE506, 0xE506, 0xE506, 0xE505, 0xE505, 0xE505, 0xE505, 0xE505, 0xE505, 0xE505, 0xE505, 0xE505, 0xE505, 0xE505, 0xE507,
  0xE506, 0xE507, 0xE505, 0xE507, 0xE507, 0xE505, 0xE505, 0xE505, 0xE505, 0xDCC4, 0xE545, 0xE505, 0xE505, 0xE505, 0xE507, 0xE507,
  0xE507, 0xCC65, 0xB382, 0xA301, 0xA301, 0xAB42, 0xA302, 0xA302, 0xAB41, 0xAB41, 0xAB41, 0xAB41, 0xB382, 0xC404, 0xD485, 0xDCE6,
  0xE506, 0xE507, 0xE507, 0xE507, 0xE507, 0xE507, 0xE507, 0xE507, 0xE507, 0xE507, 0xE505, 0xE507, 0xE507, 0xE507, 0xE507, 0xE528,
  0xD54B, 0xB427, 0x4120, 0x2020, 0x3060, 0x28E0, 0x3944, 0x5B2B, 0x5A89, 0x1860, 0x0001, 0x5A89, 0x31A7, 0x3944, 0x5A89, 0x936B,
  0x5160, 0x7AC3, 0xCD6E, 0xDD8D, 0xE58A, 0xE58A, 0xE568, 0xE589, 0xE589, 0xE589, 0xE589, 0xE589, 0xE58A, 0xE5AB, 0xEE70, 0xEE70,
  0xFED4, 0xFF37, 0xFF79, 0xEEF6, 0xCDF1, 0x734C, 0x49C4, 0x0060, 0x1860, 0x0001, 0x0800, 0x0800, 0x0001, 0x1000, 0x1000, 0x2020,
  0x2020, 0x2020, 0x6A20, 0xE568, 0xE528, 0xDD69, 0xDD69, 0xE568, 0xDD69, 0xDD69, 0xE528, 0xE567, 0xE507, 0xDCE6, 0xE507, 0xE507,
  0xE505, 0xE505, 0xE505, 0xE505, 0xE4E4, 0xE505, 0xE545, 0xE4E4, 0xE4E4, 0xE4E4, 0xE505, 0xDCC4, 0xDCC4, 0xDCC4, 0xDCE5, 0xDCC4,
  0xE4E4, 0xE545, 0xE4E4, 0xE545, 0xE4E4, 0xE4E4, 0xE4E4, 0xE4E4, 0xE545, 0xE4E4, 0xE545, 0xE505, 0xE545, 0xE4E4, 0xE545, 0xE545,
  0xE506, 0xE545, 0xC402, 0xAB40, 0xAB40, 0xAB40, 0xA302, 0xA300, 0xAB41, 0xAB42, 0xA323, 0xA323, 0xA363, 0xB386, 0x9B65, 0x9B87,
  0x9BE8, 0xCD6E, 0xE676, 0xFF37, 0xFF37, 0xF738, 0xF738, 0xF738, 0xF738, 0xF738, 0xF737, 0xF737, 0xF737, 0xFF14, 0xFED4, 0xEE70,
  0xEE10, 0xE5AB, 0xE5AB, 0xE5AB, 0xDD8D, 0xEE70, 0xFF14, 0xFF15, 0xEEF6, 0xFF15, 0xEF37, 0xF737, 0xFF16, 0xEF37, 0xFF15, 0xFF15,
  0xF716, 0xFF15, 0xDE75, 0x28E0, 0x0800, 0x0800, 0x0001, 0x0001, 0x0001, 0x0001, 0x0001, 0x0001, 0x0001, 0x0001, 0x0001, 0x0001,
  0x0001, 0x0001, 0x0001, 0x0001, 0x0001, 0x0001, 0x0001, 0x0001, 0x0001, 0x0001, 0x0001, 0x0001, 0x2020, 0xB46A, 0xDD2A, 0xE528,
  0xE507, 0xE506, 0xE506, 0xE505, 0xE505, 0xDCE5, 0xE505, 0xE505, 0xE505, 0xE505, 0xE505, 0xE505, 0xE505, 0xE505, 0xE507, 0xE505,
  0xE507, 0xE505, 0xE507, 0xE505, 0xE507, 0xE505, 0xE505, 0xE505, 0xE505, 0xE505, 0xE505, 0xE505, 0xE505, 0xE505, 0xE507, 0xE506,
  0xD485, 0xC402, 0xA301, 0xAB41, 0xA301, 0xA302, 0xA302, 0xA301, 0xA302, 0xAB42, 0xA301, 0xAB41, 0xAB41, 0xAB43, 0xB382, 0xC404,
  0xD485, 0xE507, 0xE507, 0xE507, 0xE507, 0xE507, 0xE507, 0xE507, 0xE507, 0xE507, 0xE507, 0xE507, 0xE507, 0xE507, 0xE507, 0xDD2A,
  0xCCEB, 0x6A42, 0x2020, 0x3060, 0x28E0, 0x2124, 0x6308, 0x5B2B, 0x5A89, 0x31A7, 0x41E7, 0x41E7, 0x0001, 0x2080, 0x72A9, 0x69C6,
  0x5A01, 0xB46A, 0xDD8D, 0xD54B, 0xE58A, 0xE568, 0xE58A, 0xE528, 0xE589, 0xE589, 0xE589, 0xE58A, 0xE5AB, 0xE5EE, 0xF692, 0xFF15,
  0xFF16, 0xDE75, 0x7B69, 0x49C4, 0x0001, 0x0001, 0x0001, 0x0001, 0x0001, 0x0001, 0x0001, 0x2102, 0x49C4, 0x734C, 0xBD53, 0x7349,
  0x0800, 0x1000, 0x6A20, 0xDD8D, 0xDDAB, 0xE5EE, 0xE5EE, 0xEE10, 0xE5AB, 0xDDAB, 0xDD2A, 0xDD2A, 0xDCE6, 0xE528, 0xE507, 0xDCE6,
  0xE507, 0xE507, 0xE505, 0xE505, 0xE505, 0xE4E4, 0xE4E4, 0xE505, 0xE4E4, 0xE4E4, 0xE4E4, 0xE4E4, 0xE4E4, 0xDCC4, 0xDCC4, 0xDCC4,
  0xE4E4, 0xE4E4, 0xE4E4, 0xE4E4, 0xE4E4, 0xE4E4, 0xE545, 0xE4E4, 0xE4E4, 0xE505, 0xE505, 0xE505, 0xE4E4, 0xE4E4, 0xE4E4, 0xE505,
  0xE505, 0xD443, 0xB380, 0xAB40, 0xAB40, 0xAB40, 0xAB40, 0xAB41, 0xA302, 0xA302, 0xAB42, 0xA323, 0xA363, 0x9B65, 0x9BE5, 0x9BE5,
  0x9B87, 0x9BE8, 0xC50D, 0xEE93, 0xEEF6, 0xFF18, 0xFF18, 0xFF18, 0xF738, 0xF737, 0xF737, 0xF737, 0xF737, 0xF716, 0xFF14, 0xFEF2,
  0xEE71, 0xEE70, 0xEE10, 0xE5D0, 0xEE71, 0xFED5, 0xEF37, 0xEF37, 0xFF15, 0xEF37, 0xEF37, 0xFF16, 0xEF37, 0xFF16, 0xEF37, 0xFF14,
  0xFF15, 0xEF37, 0xDE75, 0x28E0, 0x0800, 0x0001, 0x0800, 0x0001, 0x0001, 0x0001, 0x0001, 0x0001, 0x0001, 0x0001, 0x0001, 0x0001,
  0x0001, 0x0001, 0x0001, 0x0001, 0x0001, 0x0001, 0x0001, 0x0001, 0x0001, 0x0001, 0x0001, 0x0001, 0x3060, 0xB46A, 0xDD08, 0xDD08,
  0xE506, 0xE506, 0xE506, 0xE506, 0xE505, 0xDCE5, 0xE505, 0xE505, 0xE505, 0xE505, 0xE505, 0xE505, 0xE505, 0xE505, 0xE505, 0xE507,
  0xE505, 0xE505, 0xE507, 0xE507, 0xE505, 0xE505, 0xE505, 0xE505, 0xE505, 0xE505, 0xE505, 0xE505, 0xE505, 0xE507, 0xE507, 0xE528,
  0xCC65, 0xAB43, 0xA301, 0xA301, 0xAB43, 0xA301, 0xA302, 0xA301, 0xA302, 0xA302, 0xAB42, 0xA302, 0xAB41, 0xAB41, 0xAB41, 0xAB43,
  0xC402, 0xD485, 0xE507, 0xE528, 0xE507, 0xE507, 0xE507, 0xE507, 0xE507, 0xE507, 0xE506, 0xE507, 0xE507, 0xE507, 0xDD08, 0xDDAB,
  0x9303, 0x3060, 0x2080, 0x28E0, 0x28E0, 0x41E7, 0x734C, 0x31A7, 0x0002, 0x31A7, 0x5B2B, 0x41E7, 0x1860, 0x31A7, 0x72A9, 0x3100,
  0x9B87, 0xDD8D, 0xDDAB, 0xE58A, 0xE528, 0xE568, 0xE568, 0xE528, 0xE589, 0xE568, 0xE58A, 0xE5AB, 0xE5EE, 0xEE70, 0xFF37, 0xCD6E,
  0x6AC6, 0x2080, 0x0800, 0x0001, 0x0001, 0x0001, 0x0001, 0x1860, 0x41E7, 0x734C, 0xBD53, 0xD699, 0xFFFF, 0xFFFF, 0xF77D, 0x49C4,
  0x0800, 0x1000, 0x9B87, 0xFEF2, 0xEE71, 0xF692, 0xFEF2, 0xFEF2, 0xF692, 0xEE70, 0xE5EE, 0xE5AB, 0xDD2A, 0xDD2A, 0xDD69, 0xE528,
  0xE567, 0xE507, 0xE507, 0xE507, 0xE505, 0xE505, 0xE505, 0xE505, 0xE505, 0xE4E4, 0xE505, 0xE545, 0xE4E4, 0xE545, 0xDCC4, 0xE545,
  0xDCC3, 0xE4E4, 0xE4E4, 0xE545, 0xE4E4, 0xE505, 0xE506, 0xE505, 0xE505, 0xE4E4, 0xE505, 0xE506, 0xE545, 0xE545, 0xE4E4, 0xE505,
  0xE545, 0xD443, 0xBBC1, 0xB380, 0xAB40, 0xAB00, 0xAB40, 0xAB00, 0xAB40, 0xA301, 0xAB42, 0xAB42, 0xA323, 0xA323, 0xB386, 0xB386,
  0x9B65, 0x9B65, 0x9BE8, 0xCC6B, 0xDE75, 0xFF37, 0xFF18, 0xFF18, 0xF737, 0xF738, 0xF738, 0xF737, 0xF737, 0xF716, 0xFF15, 0xFF15,
  0xFF14, 0xEE71, 0xEE93, 0xFF14, 0xEEF6, 0xFF15, 0xFF16, 0xFF16, 0xEF37, 0xEF37, 0xEF37, 0xFF37, 0xFF37, 0xEF37, 0xFF15, 0xF758,
  0xFF14, 0xFF79, 0xEEF6, 0x3100, 0x0001, 0x0001, 0x0001, 0x0001, 0x0001, 0x0001, 0x0001, 0x0001, 0x0001, 0x0001, 0x0001, 0x0001,
  0x0001, 0x0001, 0x0001, 0x0001, 0x0001, 0x0001, 0x0001, 0x0001, 0x0001, 0x0001, 0x0001, 0x0800, 0x3100, 0xCC6B, 0xDD2A, 0xE528,
  0xE506, 0xE506, 0xE506, 0xE505, 0xE505, 0xE505, 0xE505, 0xE505, 0xE505, 0xE505, 0xE505, 0xE505, 0xE505, 0xE505, 0xE505, 0xE505,
  0xE507, 0xE505, 0xE505, 0xE505, 0xE505, 0xE505, 0xE505, 0xE505, 0xE505, 0xE505, 0xE505, 0xE505, 0xE505, 0xE507, 0xE507, 0xDCE6,
  0xB382, 0xAB41, 0xAB42, 0xA302, 0xA302, 0xA301, 0xA302, 0xA301, 0xA302, 0xA302, 0xA301, 0xAB42, 0xA301, 0xAB41, 0xAB41, 0xAB41,
  0xAB43, 0xC404, 0xCC65, 0xE507, 0xE528, 0xE528, 0xE528, 0xE528, 0xE506, 0xE507, 0xE507, 0xE507, 0xE507, 0xD4E7, 0xDD2A, 0xD54B,
  0x3100, 0x2020, 0x28E0, 0x2080, 0x31A7, 0x734C, 0x5A89, 0x08E1, 0x0002, 0x41E7, 0x41E7, 0x5A89, 0x41E7, 0x72A9, 0x51C3, 0x5160,
  0xCD6E, 0xD54B, 0xDD2A, 0xDD2A, 0xE528, 0xE528, 0xE568, 0xE568, 0xE589, 0xE568, 0xE58A, 0xE5AB, 0xEE10, 0xFED4, 0x9C2B, 0x2080,
  0x0001, 0x0001, 0x0001, 0x0001, 0x2102, 0x5A89, 0x94AE, 0xBDD7, 0xFFFF, 0xFFFF, 0xFFFF, 0xFFFF, 0xFFFF, 0xFFFF, 0xD699, 0x2020,
  0x0800, 0x0800, 0xCDF1, 0xFF14, 0xF716, 0xFF15, 0xFF15, 0xFF15, 0xFF15, 0xFED4, 0xFED4, 0xF692, 0xE5EE, 0xDDAB, 0xDD2A, 0xDD69,
  0xDD69, 0xE528, 0xE507, 0xDCE6, 0xE507, 0xE505, 0xE505, 0xE505, 0xE505, 0xE505, 0xE505, 0xDCC4, 0xE545, 0xE4E4, 0xE545, 0xDCC3,
  0xDCE5, 0xE4E4, 0xE545, 0xE4E4, 0xDCC4, 0xDCA3, 0xE4E4, 0xE505, 0xE506, 0xE4E4, 0xE4E4, 0xE545, 0xE4E4, 0xE4E4, 0xE545, 0xE4E4,
  0xE4E4, 0xE545, 0xD443, 0xCC22, 0xB380, 0xAB00, 0xAB00, 0xAB00, 0xAB00, 0xAB41, 0xA301, 0xAB41, 0xAB42, 0xAB43, 0xA323, 0xA363,
  0xB386, 0xB386, 0x9346, 0x9BE8, 0xC50D, 0xE676, 0xFF37, 0xFED9, 0xF737, 0xFF18, 0xF738, 0xFF18, 0xF737, 0xF737, 0xEF37, 0xFF15,
  0xFF16, 0xF716, 0xFF15, 0xEF37, 0xFF15, 0xEF37, 0xEF37, 0xEF37, 0xEF37, 0xEF37, 0xEF37, 0xFF37, 0xF758, 0xEF37, 0xFF16, 0xFF15,
  0xFF15, 0xFF79, 0xEEF6, 0x3944, 0x0001, 0x0001, 0x0001, 0x0001, 0x0001, 0x0001, 0x0001, 0x0001, 0x0001, 0x0001, 0x0001, 0x0001,
  0x0001, 0x0001, 0x0001, 0x0001, 0x0001, 0x0001, 0x0001, 0x0001, 0x0001, 0x0001, 0x0001, 0x0800, 0x3060, 0xB46A, 0xDD2A, 0xDCE6,
  0xE507, 0xE506, 0xE506, 0xE505, 0xE506, 0xE505, 0xE505, 0xE505, 0xE505, 0xE506, 0xE505, 0xE505, 0xE505, 0xE505, 0xE507, 0xE505,
  0xE505, 0xE505, 0xE505, 0xE505, 0xE505, 0xE545, 0xE505, 0xE4E4, 0xE505, 0xE505, 0xE505, 0xE506, 0xE506, 0xE507, 0xE507, 0xD444,
  0xA301, 0xA302, 0xAB42, 0xAB42, 0xA301, 0xA302, 0xA302, 0xA302, 0xA301, 0xA301, 0xA302, 0xA301, 0xAB42, 0xA301, 0xAB41, 0xAB41,
  0xAB43, 0xAB43, 0xBBC2, 0xC404, 0xD485, 0xE528, 0xE528, 0xE507, 0xE528, 0xE506, 0xE507, 0xE507, 0xE507, 0xDD08, 0xCCEB, 0x7AC3,
  0x2020, 0x3060, 0x28E0, 0x2124, 0x5B2B, 0x5B2B, 0x31A7, 0x2124, 0x5A89, 0x41E7, 0x0002, 0x2102, 0x72A9, 0x72A9, 0x4120, 0x9BE8,
  0xDD8D, 0xCCEB, 0xE528, 0xE528, 0xDCE6, 0xE528, 0xE528, 0xE568, 0xE568, 0xD54B, 0xDDAB, 0xE5D0, 0xFED4, 0x7B69, 0x1000, 0x0001,
  0x0001, 0x0800, 0x2124, 0x8C4E, 0xE758, 0xFFFF, 0xFFFF, 0xFFFF, 0xFFFF, 0xFFFF, 0xFFFF, 0xFFFF, 0xFFFF, 0xFFFF, 0x734C, 0x0001,
  0x0001, 0x4120, 0xC675, 0xF716, 0xF716, 0xFF16, 0xFF16, 0xFF16, 0xFF16, 0xFF15, 0xFF14, 0xFF14, 0xFEF2, 0xEE70, 0xEE10, 0xE5AB,
  0xE5AB, 0xDD2A, 0xDD2A, 0xE507, 0xE507, 0xE507, 0xDCE6, 0xE507, 0xE507, 0xE505, 0xE507, 0xE505, 0xE505, 0xE545, 0xDCC4, 0xE545,
  0xDCC3, 0xDCC4, 0xE4E4, 0xE505, 0xDCC4, 0xC402, 0xC402, 0xD443, 0xDCA3, 0xE505, 0xE505, 0xE4E4, 0xE505, 0xE506, 0xE4E4, 0xE545,
  0xE4E4, 0xE545, 0xE4E4, 0xE4E4, 0xD443, 0xB380, 0xB340, 0xAB40, 0xAB40, 0xAB00, 0xAB41, 0xA301, 0xAB42, 0xAB42, 0xAB43, 0xA323,
  0xA363, 0xB386, 0x9B65, 0x9B87, 0xB46A, 0xBCF0, 0xFED5, 0xFF37, 0xFF37, 0xF6F7, 0xFF18, 0xF758, 0xF737, 0xF737, 0xFF16, 0xFF16,
  0xFF16, 0xF758, 0xF758, 0xFF15, 0xEF37, 0xF758, 0xF758, 0xFF16, 0xEF37, 0xF758, 0xEF37, 0xF758, 0xFF37, 0xEF37, 0xFF15, 0xFF15,
  0xFF15, 0xFF15, 0xF716, 0x4120, 0x0001, 0x0001, 0x0001, 0x0001, 0x0001, 0x0001, 0x0001, 0x0001, 0x0001, 0x0001, 0x0001, 0x0001,
  0x0001, 0x0001, 0x0001, 0x0001, 0x0001, 0x0001, 0x0001, 0x0001, 0x0001, 0x0001, 0x0001, 0x0800, 0x41A1, 0xCCEB, 0xCCE9, 0xDCE6,
  0xDCE6, 0xE506, 0xE506, 0xE506, 0xE505, 0xE505, 0xE505, 0xE505, 0xE505, 0xDCC4, 0xE506, 0xE506, 0xE505, 0xE505, 0xE505, 0xE507,
  0xE505, 0xE505, 0xE505, 0xE505, 0xE505, 0xE505, 0xE505, 0xE505, 0xE505, 0xE505, 0xE505, 0xE506, 0xE506, 0xE507, 0xCC65, 0xB383,
  0xAB21, 0xAB43, 0xA301, 0xA302, 0xAB42, 0xA302, 0xA301, 0xA301, 0xA301, 0xA301, 0xA301, 0xA302, 0xA301, 0xA301, 0xA301, 0xAB43,
  0xAB41, 0xAB41, 0xAB43, 0xB382, 0xC404, 0xD485, 0xDCE6, 0xE506, 0xE506, 0xE506, 0xE507, 0xE507, 0xDCE6, 0xDD2A, 0xB3E5, 0x4120,
  0x2020, 0x3100, 0x2102, 0x5A89, 0x5B2B, 0x41E7, 0x08E1, 0x31A7, 0x5B2B, 0x41E7, 0x0060, 0x3922, 0x5A89, 0x4120, 0x5A43, 0xE5D0,
  0xDD2A, 0xE528, 0xE528, 0xE528, 0xE528, 0xE567, 0xE528, 0xE528, 0xE568, 0xDDAB, 0xDD8D, 0xFED5, 0xA42E, 0x1000, 0x0001, 0x0001,
  0x2124, 0x8C4E, 0xF77D, 0xFFFF, 0xFFFF, 0xFFFF, 0xFFFF, 0xFFFF, 0xFFFF, 0xFFFF, 0xFFFF, 0xFFFF, 0xFFFF, 0xF77D, 0x42A8, 0x0001,
  0x0001, 0x7349, 0xEF37, 0xF737, 0xEF37, 0xEF37, 0xEF37, 0xF737, 0xF737, 0xF737, 0xFF16, 0xFF15, 0xFF15, 0xFF14, 0xFEF2, 0xEE70,
  0xF692, 0xE5EE, 0xE5AB, 0xE58A, 0xDD2A, 0xE507, 0xE507, 0xE507, 0xE507, 0xE507, 0xE505, 0xE505, 0xE505, 0xE505, 0xDCE5, 0xE545,
  0xDCC4, 0xDCE5, 0xE4E4, 0xDCE5, 0xD443, 0xB380, 0xAB40, 0xB380, 0xB380, 0xCC22, 0xE4E4, 0xE505, 0xE505, 0xE4E4, 0xE4E4, 0xE4E4,
  0xE4E4, 0xE4E4, 0xE506, 0xE506, 0xE506, 0xDCA4, 0xCC22, 0xB382, 0xB340, 0xAB40, 0xAB00, 0xAB41, 0xA301, 0xAB41, 0xAB42, 0xAB42,
  0xA323, 0xA363, 0xA363, 0xB386, 0x9B87, 0xB46A, 0xE5D0, 0xFF37, 0xFED9, 0xFF37, 0xF738, 0xF738, 0xF738, 0xF737, 0xEF37, 0xEF37,
  0xFF16, 0xF758, 0xF758, 0xEF37, 0xEF37, 0xF758, 0xEF37, 0xEF37, 0xEF37, 0xEF37, 0xF758, 0xF758, 0xFF37, 0xFF37, 0xFF15, 0xFF14,
  0xFF14, 0xFF14, 0xEE71, 0x3922, 0x0001, 0x0001, 0x0001, 0x0001, 0x0001, 0x0001, 0x0001, 0x0001, 0x0001, 0x0001, 0x0001, 0x0001,
  0x0001, 0x0001, 0x0001, 0x0001, 0x0001, 0x0001, 0x0001, 0x0001, 0x0001, 0x0001, 0x0001, 0x0800, 0x41A1, 0xCCEB, 0xDD08, 0xDCE6,
  0xDCE6, 0xE506, 0xE506, 0xE505, 0xE506, 0xE505, 0xE505, 0xE505, 0xE505, 0xE505, 0xE505, 0xE506, 0xE505, 0xE506, 0xE505, 0xE505,
  0xE507, 0xE505, 0xE505, 0xE505, 0xE505, 0xE505, 0xE505, 0xE505, 0xE505, 0xE505, 0xE506, 0xE506, 0xE507, 0xD485, 0xC402, 0xA301,
  0xA301, 0xAB43, 0xAB21, 0xA302, 0xA302, 0xA302, 0xA302, 0xA301, 0xA301, 0xA301, 0xAB42, 0xA301, 0xA301, 0xAB21, 0xA301, 0xA301,
  0xAB42, 0xAB42, 0xAB41, 0xA301, 0xAB43, 0xB382, 0xCC22, 0xD485, 0xDCE6, 0xE507, 0xE506, 0xE507, 0xDD08, 0xD4E7, 0x6A20, 0x1000,
  0x3060, 0x28E0, 0x41E7, 0x5B2B, 0x5A89, 0x0060, 0x0004, 0x41E7, 0x5B2B, 0x31A7, 0x51E5, 0x72A9, 0x51C3, 0x4120, 0xB46A, 0xD54B,
  0xDD2A, 0xE528, 0xDCE6, 0xE528, 0xE528, 0xE507, 0xE507, 0xE528, 0xCD8B, 0xDD8D, 0xE631, 0xCDF1, 0x3922, 0x0001, 0x0001, 0x41E7,
  0xD699, 0xFFFF, 0xFFFF, 0xFFFF, 0xFFFF, 0xFFFF, 0xFFFF, 0xFFFF, 0xFFFF, 0xFFFF, 0xFFFF, 0xFFFF, 0xFFFF, 0xD699, 0x1860, 0x0001,
  0x1860, 0xD5F4, 0xFF79, 0xEF37, 0xF737, 0xF737, 0xF737, 0xF737, 0xF737, 0xF737, 0xF737, 0xF737, 0xFF15, 0xFF16, 0xFF14, 0xFF14,
  0xFEF2, 0xFEF2, 0xF692, 0xE5EE, 0xE5AB, 0xDD2A, 0xDD69, 0xE528, 0xE528, 0xE567, 0xE507, 0xE566, 0xDCE6, 0xE505, 0xE505, 0xDCC4,
  0xE505, 0xE505, 0xDCE5, 0xDCA3, 0xB380, 0xAB40, 0xAB40, 0xA300, 0xA300, 0xB340, 0xCC22, 0xDCA4, 0xE505, 0xE506, 0xE506, 0xE4E4,
  0xE506, 0xE4E4, 0xE4E4, 0xE4E4, 0xE506, 0xE506, 0xE505, 0xC402, 0xC402, 0xB382, 0xB340, 0xAB40, 0xAB41, 0xAB41, 0xAB41, 0xAB42,
  0xAB42, 0xAB42, 0xA363, 0xB386, 0x9B65, 0x9B87, 0xC50D, 0xEE93, 0xFF18, 0xFF37, 0xF738, 0xF738, 0xF738, 0xF737, 0xEF37, 0xEF37,
  0xF758, 0xFF16, 0xF758, 0xF758, 0xF758, 0xF758, 0xF758, 0xF758, 0xF758, 0xF758, 0xF758, 0xFF79, 0xF737, 0xFF15, 0xFF14, 0xEF0E,
  0xEF0E, 0xEE70, 0xCDF1, 0x41A1, 0x0001, 0x0001, 0x0001, 0x0001, 0x0001, 0x0001, 0x0001, 0x0001, 0x0001, 0x0001, 0x0001, 0x0001,
  0x0001, 0x0001, 0x0001, 0x0001, 0x0001, 0x0001, 0x0001, 0x0001, 0x0001, 0x0001, 0x0001, 0x0800, 0x41A1, 0xB46A, 0xCC87, 0xE528,
  0xDCE6, 0xE506, 0xE505, 0xE506, 0xE505, 0xDCE5, 0xE505, 0xE506, 0xE505, 0xE505, 0xE506, 0xE506, 0xE506, 0xE506, 0xE505, 0xE505,
  0xE505, 0xE505, 0xE505, 0xE505, 0xE505, 0xE505, 0xE505, 0xE505, 0xE505, 0xE505, 0xE506, 0xE507, 0xD485, 0xC404, 0xAB41, 0xA301,
  0xAB43, 0xA301, 0xA302, 0xA301, 0xA302, 0xA302, 0xA301, 0xA301, 0xAB21, 0xA301, 0xA301, 0xA301, 0xA301, 0xA301, 0xAB21, 0xAB21,
  0xA302, 0xAB42, 0xAB21, 0xAB21, 0xB340, 0xB382, 0xB340, 0xC402, 0xDCE6, 0xE507, 0xE506, 0xE507, 0xE528, 0xB427, 0x5160, 0x1000,
  0x2080, 0x3922, 0x5B2B, 0x734C, 0x31A7, 0x2102, 0x31A7, 0x31A7, 0x2102, 0x2102, 0x41E7, 0x72A9, 0x4120, 0x9B87, 0xE5D0, 0xD54B,
  0xDD08, 0xE528, 0xE507, 0xE507, 0xE507, 0xE507, 0xE567, 0xE589, 0xE5AB, 0xEE71, 0xF737, 0x7B69, 0x0800, 0x0001, 0x2124, 0xD699,
  0xFFFF, 0xFFFF, 0xFFFF, 0xFFFF, 0xFFFF, 0xFFFF, 0xFFFF, 0xFFFF, 0xFFFF, 0xFFFF, 0xFFFF, 0xFFFF, 0xFFFF, 0xA550, 0x0001, 0x0001,
  0x4A24, 0xFF79, 0xF739, 0xEEF6, 0xEF37, 0xEF37, 0xF758, 0xF758, 0xF758, 0xF758, 0xEF37, 0xF737, 0xEF37, 0xFF16, 0xFF16, 0xFF15,
  0xFF15, 0xFF14, 0xFF14, 0xFEF2, 0xFEF2, 0xEE10, 0xE5AB, 0xDD2A, 0xE58A, 0xDD2A, 0xDCE6, 0xDD69, 0xE505, 0xDCE6, 0xE545, 0xE505,
  0xDCE6, 0xE505, 0xDCE5, 0xC402, 0xAB40, 0xAB40, 0xAB40, 0xAB00, 0xA300, 0xAB00, 0xAB40, 0xBBC1, 0xD443, 0xE4E4, 0xE505, 0xE505,
  0xE506, 0xE4E4, 0xE506, 0xE4E4, 0xE4E4, 0xE505, 0xE507, 0xE4E4, 0xD485, 0xD444, 0xBBC2, 0xB340, 0xAB41, 0xAB40, 0xAB41, 0xAB41,
  0xAB41, 0xAB42, 0xA323, 0xA323, 0xB386, 0x9BE5, 0x9BE8, 0xCD71, 0xFED5, 0xFF79, 0xF737, 0xF737, 0xF738, 0xF737, 0xF758, 0xEF37,
  0xF758, 0xEF37, 0xF758, 0xEF37, 0xF758, 0xE758, 0xF758, 0xF758, 0xF758, 0xF758, 0xF737, 0xF737, 0xFF16, 0xFF14, 0xEE70, 0xE5EE,
  0xE5AB, 0xE5EE, 0xD5EE, 0x4120, 0x0001, 0x0001, 0x0001, 0x0001, 0x0001, 0x0001, 0x0001, 0x0001, 0x0001, 0x0001, 0x0001, 0x0001,
  0x0001, 0x0001, 0x0001, 0x0001, 0x0001, 0x0001, 0x0001, 0x0001, 0x0001, 0x0001, 0x0001, 0x0800, 0x41A1, 0xB46A, 0xCCE9, 0xE507,
  0xE506, 0xE506, 0xE506, 0xE507, 0xE505, 0xE506, 0xE505, 0xE505, 0xE505, 0xE505, 0xE506, 0xE506, 0xE506, 0xE506, 0xE507, 0xE505,
  0xE507, 0xE505, 0xE505, 0xE505, 0xE505, 0xE505, 0xE505, 0xE505, 0xE505, 0xDCE6, 0xE506, 0xE507, 0xD485, 0xB383, 0xAB21, 0xA301,
  0xA301, 0xA301, 0xA302, 0xA302, 0xA302, 0xA302, 0xA302, 0xA301, 0xA301, 0xAB42, 0xA301, 0xA301, 0xA301, 0xA301, 0xA301, 0xAB21,
  0xAB42, 0xAB21, 0xAB42, 0xAB42, 0xAB21, 0xB340, 0xB340, 0xC402, 0xE507, 0xE507, 0xE507, 0xE507, 0xE528, 0xD54B, 0x9303, 0x2020,
  0x2020, 0x3944, 0x5B2B, 0x734C, 0x31A7, 0x31A7, 0x5B2B, 0x3944, 0x0001, 0x28E0, 0x7349, 0x5A43, 0x41A1, 0xB46A, 0xEE70, 0xE58A,
  0xCC87, 0xE528, 0xE528, 0xE507, 0xE567, 0xE567, 0xE528, 0xDD2A, 0xCD6E, 0xEE93, 0xF6F7, 0x49C4, 0x0001, 0x0001, 0x8C4E, 0xFFFF,
  0xFFFF, 0xFFFF, 0xFFFF, 0xFFFF, 0xFFFF, 0xFFFF, 0xFFFF, 0xFFFF, 0xFFFF, 0xFFFF, 0xFFFF, 0xFFFF, 0xF77D, 0x2102, 0x0001, 0x0001,
  0x8C4E, 0xF739, 0xFF79, 0xFF79, 0xF758, 0xEF37, 0xEF37, 0xF758, 0xF758, 0xEF37, 0xEF37, 0xEF37, 0xEF37, 0xEF37, 0xF737, 0xFF16,
  0xFF16, 0xFF15, 0xFF15, 0xFF15, 0xFEF2, 0xFEF2, 0xF692, 0xEE70, 0xE5EE, 0xE5EE, 0xE58A, 0xDD69, 0xDD69, 0xE567, 0xDD69, 0xE507,
  0xE567, 0xE507, 0xCC65, 0xBBC1, 0xA300, 0xA300, 0xAB40, 0xA300, 0xA300, 0xA300, 0xA300, 0xAB00, 0xB340, 0xC402, 0xDCA4, 0xDCC4,
  0xE505, 0xE505, 0xE506, 0xE4E4, 0xE505, 0xE505, 0xE4E4, 0xE505, 0xE506, 0xE505, 0xD444, 0xBBC2, 0xAB41, 0xB340, 0xAB41, 0xAB41,
  0xAB41, 0xAB42, 0xAB42, 0xA323, 0x9B65, 0xB386, 0x9BE5, 0xB46A, 0xCD71, 0xFF16, 0xFF79, 0xEF37, 0xF738, 0xF758, 0xEF37, 0xF758,
  0xF758, 0xEF37, 0xF758, 0xF758, 0xEF37, 0xEF37, 0xF758, 0xEF37, 0xEF37, 0xFF37, 0xFF37, 0xFF15, 0xF6B3, 0xEE70, 0xE5EE, 0xE58A,
  0xE5AB, 0xE5EE, 0xD5EE, 0x4120, 0x0001, 0x0001, 0x0001, 0x0001, 0x0001, 0x0001, 0x0001, 0x0001, 0x0001, 0x0001, 0x0001, 0x0001,
  0x0001, 0x0001, 0x0001, 0x0001, 0x0001, 0x0001, 0x0001, 0x0001, 0x0001, 0x0001, 0x0001, 0x0800, 0x5160, 0xB46A, 0xCCE9, 0xE507,
  0xE507, 0xE506, 0xE506, 0xE506, 0xE505, 0xE506, 0xE505, 0xDCE5, 0xE505, 0xE505, 0xE506, 0xE505, 0xE506, 0xE507, 0xE505, 0xE507,
  0xE505, 0xE505, 0xE505, 0xE505, 0xE505, 0xE505, 0xE505, 0xE505, 0xE505, 0xE506, 0xE506, 0xD485, 0xCC65, 0xB340, 0xAB00, 0xA302,
  0xA301, 0xA302, 0xA302, 0xA302, 0xA302, 0xA302, 0xA301, 0xA302, 0xA301, 0xA301, 0xA301, 0xA301, 0xA301, 0xA301, 0xAB21, 0xA302,
  0xAB21, 0xAB42, 0xAB42, 0xAB42, 0xAB21, 0xAB41, 0xB382, 0xD444, 0xE528, 0xE566, 0xE507, 0xE528, 0xE528, 0xE5AB, 0xB427, 0x3060,
  0x28E0, 0x7349, 0x734C, 0x31A7, 0x08E1, 0x2102, 0x41E7, 0x41E7, 0x28E0, 0x41E7, 0x6AC6, 0x41A1, 0x7B06, 0xEE10, 0xE5AB, 0xDD2A,
  0xE528, 0xE528, 0xE506, 0xE507, 0xE568, 0xE528, 0xE58A, 0xDDAB, 0xE631, 0xEEF6, 0xD5F4, 0x2080, 0x0001, 0x1860, 0xD699, 0xFFFF,
  0xFFFF, 0xFFFF, 0xFFFF, 0xFFFF, 0xFFFF, 0xFFFF, 0xFFFF, 0xFFFF, 0xFFFF, 0xFFFF, 0xFFFF, 0xFFFF, 0xBDD7, 0x0060, 0x0001, 0x1860,
  0xB5B1, 0xFF79, 0xF758, 0xEF37, 0xFF37, 0xFF37, 0xEF37, 0xEF37, 0xEF37, 0xEF37, 0xEF37, 0xEF37, 0xEF37, 0xEF37, 0xEF37, 0xEF37,
  0xFF37, 0xEF37, 0xFF15, 0xFF16, 0xFF15, 0xFF14, 0xFEF2, 0xFEF2, 0xFEF2, 0xFEF2, 0xEE70, 0xE5AB, 0xDDAB, 0xDD2A, 0xDD2A, 0xD4E7,
  0xDD69, 0xCC65, 0xBBC2, 0xAB42, 0xAB40, 0xA300, 0xA300, 0xA300, 0xA300, 0xA300, 0xAB00, 0xAB00, 0xAB00, 0xB320, 0xBBC1, 0xC402,
  0xD443, 0xDCA4, 0xE4E4, 0xE505, 0xE505, 0xE505, 0xE505, 0xE505, 0xE505, 0xE505, 0xE506, 0xDCA4, 0xBBC2, 0xAB41, 0xAB40, 0xAB41,
  0xAB41, 0xAB42, 0xAB42, 0xAB43, 0xAB43, 0x9B65, 0x9B87, 0x9B87, 0xC50D, 0xEEF6, 0xFF79, 0xEF37, 0xEF37, 0xEF38, 0xEF38, 0xEF38,
  0xF738, 0xEF38, 0xEF38, 0xF738, 0xE758, 0xF758, 0xF758, 0xEF37, 0xFF37, 0xFF37, 0xFF16, 0xF692, 0xEE10, 0xE5EE, 0xE58A, 0xE58A,
  0xE589, 0xDDAB, 0xCD6E, 0x3100, 0x0001, 0x0001, 0x0001, 0x0001, 0x0001, 0x0001, 0x0001, 0x0001, 0x0001, 0x0001, 0x0001, 0x0001,
  0x0001, 0x0001, 0x0001, 0x0001, 0x0001, 0x0001, 0x0001, 0x0001, 0x0001, 0x0001, 0x0001, 0x0800, 0x3100, 0xB46A, 0xCC87, 0xDCE6,
  0xE507, 0xE507, 0xE506, 0xE506, 0xE506, 0xE505, 0xE505, 0xE505, 0xE505, 0xE505, 0xE506, 0xE506, 0xE506, 0xE507, 0xE505, 0xE507,
  0xE505, 0xE505, 0xE505, 0xE505, 0xE505, 0xE505, 0xE505, 0xE505, 0xE505, 0xE507, 0xE506, 0xCC65, 0xB382, 0xAB41, 0xA301, 0xA301,
  0xA302, 0xA302, 0xA302, 0xAB42, 0xA302, 0xA302, 0xA302, 0xA301, 0xA301, 0xA302, 0xA302, 0xA301, 0xAB42, 0xA302, 0xA302, 0xA302,
  0xA302, 0xAB42, 0xAB42, 0xAB43, 0xB320, 0xAB41, 0xC402, 0xDCE6, 0xE528, 0xE528, 0xE507, 0xE528, 0xE528, 0xD54B, 0xCCEB, 0x9303,
  0x3060, 0x5223, 0x5A66, 0x2102, 0x0001, 0x0001, 0x1860, 0x41E7, 0x5A89, 0x6AC6, 0x3922, 0x6A42, 0xC50D, 0xE5AB, 0xDD2A, 0xE528,
  0xE528, 0xE506, 0xE528, 0xE507, 0xE567, 0xDD69, 0xE5AB, 0xCDF1, 0xFED4, 0xEF37, 0xB5B1, 0x0800, 0x0001, 0x31A7, 0xF77D, 0xFFFF,
  0xFFFF, 0xFFFF, 0xFFFF, 0xFFFF, 0xFFFF, 0xFFFF, 0xFFFF, 0xFFFF, 0xFFFF, 0xFFFF, 0xFFFF, 0xFFFF, 0x6308, 0x0001, 0x0001, 0x5A66,
  0xD699, 0xF738, 0xEEF6, 0xEEF6, 0xF716, 0xFF16, 0xFF37, 0xEF37, 0xFF37, 0xEF37, 0xEF37, 0xEF37, 0xF758, 0xF758, 0xEF37, 0xFF37,
  0xEF37, 0xFF37, 0xEF37, 0xEF37, 0xFF15, 0xFF16, 0xFF16, 0xFF15, 0xFF15, 0xFEF2, 0xFF14, 0xFEF2, 0xEE70, 0xE5EE, 0xDDAB, 0xDD2A,
  0xCCE9, 0xB3E5, 0xA363, 0xA363, 0xB382, 0xAB42, 0x9AE1, 0xAB40, 0xA302, 0xA300, 0xAB40, 0xAB40, 0xAB40, 0xAB00, 0xB320, 0xB320,
  0xB340, 0xC402, 0xD443, 0xDCA4, 0xE505, 0xE505, 0xE505, 0xE505, 0xE4E4, 0xE505, 0xE505, 0xE506, 0xD485, 0xBBC1, 0xAB41, 0xAB41,
  0xAB43, 0xAB42, 0xAB43, 0xAB43, 0xA363, 0x9B65, 0x9B87, 0x9BE8, 0xCD71, 0xFF37, 0xFF79, 0xEF37, 0xEF37, 0xEF38, 0xEF37, 0xEF37,
  0xF738, 0xE758, 0xF738, 0xF758, 0xF738, 0xF758, 0xEF37, 0xFF37, 0xF716, 0xFED4, 0xE631, 0xE5EE, 0xDD8D, 0xE58A, 0xE589, 0xE589,
  0xE589, 0xE58A, 0xCD6E, 0x3100, 0x0001, 0x0001, 0x0001, 0x0001, 0x0001, 0x0001, 0x0001, 0x0001, 0x0001, 0x0001, 0x0001, 0x0001,
  0x0001, 0x0001, 0x0001, 0x0001, 0x0001, 0x0001, 0x0001, 0x0001, 0x0001, 0x0001, 0x0001, 0x0800, 0x3060, 0xB427, 0xB427, 0xD4E7,
  0xE507, 0xE507, 0xE506, 0xE506, 0xE506, 0xE505, 0xE505, 0xE505, 0xE505, 0xE505, 0xE506, 0xE506, 0xE507, 0xE505, 0xE507, 0xE505,
  0xE505, 0xE505, 0xE505, 0xE505, 0xE505, 0xE505, 0xE505, 0xE505, 0xE505, 0xE507, 0xD485, 0xBBC2, 0xB320, 0xA301, 0xA301, 0xA302,
  0xA302, 0xA302, 0xA302, 0xA302, 0xA302, 0xA302, 0xA302, 0xA302, 0xA301, 0xA302, 0xAB42, 0xA302, 0xA302, 0xA302, 0xA302, 0xA302,
  0xA302, 0xA302, 0xAB21, 0xAB41, 0xAB41, 0xB383, 0xDCA4, 0xE528, 0xE507, 0xE566, 0xE507, 0xE528, 0xE528, 0xE528, 0xDDAB, 0xCCEB,
  0x7B69, 0x51C3, 0x2080, 0x0001, 0x0001, 0x0800, 0x0800, 0x3922, 0x7349, 0x51C3, 0x5A01, 0xCC6B, 0xE5EE, 0xDD2A, 0xE528, 0xE528,
  0xE506, 0xE566, 0xE507, 0xE568, 0xE528, 0xDD2A, 0xD5EE, 0xE631, 0xF716, 0xFF79, 0xCD71, 0x0001, 0x0001, 0x31A7, 0xF77D, 0xFFFF,
  0xFFFF, 0xFFFF, 0xFFFF, 0xFFFF, 0xFFFF, 0xFFFF, 0xFFFF, 0xFFFF, 0xFFFF, 0xFFFF, 0xFFFF, 0xD699, 0x0002, 0x0001, 0x0001, 0xA4AF,
  0xF739, 0xF6F7, 0xF737, 0xFF15, 0xFF15, 0xFF16, 0xFF16, 0xFF16, 0xF758, 0xFF37, 0xEF37, 0xEF37, 0xEF37, 0xF758, 0xEF37, 0xF758,
  0xEF37, 0xEF37, 0xEF37, 0xFF37, 0xEF37, 0xEF37, 0xFF16, 0xFF37, 0xFF16, 0xFF37, 0xFF16, 0xFF15, 0xFED4, 0xFEF2, 0xE631, 0xDD8D,
  0xDD8D, 0xB46A, 0xB386, 0x9B65, 0xA363, 0xA323, 0xA363, 0xAB42, 0xA302, 0xA302, 0xA300, 0xAB41, 0xAB41, 0xB340, 0xAB00, 0xB320,
  0xB320, 0xB320, 0xB382, 0xD443, 0xDCA4, 0xE505, 0xE505, 0xE4E4, 0xDCC4, 0xE4E4, 0xE505, 0xE505, 0xE506, 0xC404, 0xB340, 0xAB40,
  0xAB43, 0xAB43, 0xAB43, 0xB383, 0x9B65, 0xB3E5, 0xCCEB, 0xE631, 0xFF16, 0xFF79, 0xF737, 0xF758, 0xF738, 0xEF37, 0xEF37, 0xEF37,
  0xF758, 0xF758, 0xEF38, 0xEF38, 0xF758, 0xF758, 0xFF37, 0xF737, 0xEE71, 0xEE10, 0xDD8D, 0xDDAB, 0xE58A, 0xE589, 0xE589, 0xE589,
  0xE567, 0xDD69, 0xCD6E, 0x3100, 0x0001, 0x0001, 0x0001, 0x0001, 0x0001, 0x0001, 0x0001, 0x0001, 0x0001, 0x0001, 0x0001, 0x0001,
  0x0001, 0x0001, 0x0001, 0x0001, 0x0001, 0x0001, 0x0001, 0x0001, 0x0001, 0x0001, 0x0001, 0x0800, 0x2080, 0x9303, 0xA302, 0xA300,
  0xD485, 0xE506, 0xE507, 0xE506, 0xE506, 0xE505, 0xE505, 0xE505, 0xE505, 0xDCE5, 0xE506, 0xDCE6, 0xDCE6, 0xE507, 0xE505, 0xE507,
  0xE505, 0xE505, 0xE505, 0xE505, 0xE545, 0xE505, 0xE505, 0xE505, 0xE566, 0xE506, 0xD444, 0xAB41, 0xAB00, 0xA301, 0xA301, 0xA302,
  0xA301, 0xA302, 0xA302, 0xA302, 0xA302, 0xA302, 0xA302, 0xA302, 0xA302, 0xA302, 0xA302, 0xA302, 0xA302, 0xA302, 0xA302, 0xA301,
  0xAB42, 0xAB42, 0xAB43, 0xAB41, 0xB382, 0xD485, 0xE528, 0xE528, 0xE507, 0xE528, 0xE507, 0xE568, 0xE568, 0xDD2A, 0xDD2A, 0xD54B,
  0xDD8D, 0x9BE8, 0x5A43, 0x2080, 0x0800, 0x0001, 0x3060, 0x72A9, 0x51E5, 0x5160, 0x9B87, 0xDD8D, 0xDD2A, 0xE528, 0xE507, 0xE528,
  0xE506, 0xED88, 0xE568, 0xE589, 0xE5AB, 0xE5EE, 0xEE71, 0xFED4, 0xFF16, 0xFF79, 0xB5B1, 0x1860, 0x0001, 0x2124, 0xD699, 0xFFFF,
  0xFFFF, 0xFFFF, 0xFFFF, 0xFFFF, 0xFFFF, 0xFFFF, 0xFFFF, 0xFFFF, 0xFFFF, 0xFFFF, 0xFFFF, 0x8C4E, 0x0001, 0x0001, 0x28E0, 0xF739,
  0xEE97, 0xFF79, 0xFF15, 0xFED4, 0xFED4, 0xEE93, 0xFED4, 0xEE93, 0xF716, 0xFF16, 0xFF37, 0xFF37, 0xF737, 0xF737, 0xF737, 0xF737,
  0xF737, 0xF737, 0xF758, 0xEF37, 0xEF37, 0xFF37, 0xF737, 0xF738, 0xEF37, 0xFF37, 0xFF16, 0xFF16, 0xFF16, 0xFF15, 0xFF15, 0xF6B3,
  0xF6B3, 0xE5D0, 0xCCEB, 0xB427, 0xA363, 0xA363, 0xA363, 0xA323, 0xAB43, 0xAB42, 0xA302, 0xA302, 0xA300, 0xAB41, 0xAB41, 0xAB00,
  0xAB40, 0xB340, 0xB320, 0xAB41, 0xC402, 0xDCA4, 0xE505, 0xE505, 0xE505, 0xE505, 0xDCE5, 0xDCE5, 0xE506, 0xD444, 0xB382, 0xAB42,
  0xB382, 0xAB43, 0xA363, 0x9B65, 0xCC69, 0xE5D0, 0xFED4, 0xFF37, 0xFF79, 0xFF37, 0xF758, 0xF758, 0xF758, 0xF738, 0xEF37, 0xF737,
  0xF758, 0xEF37, 0xF758, 0xF737, 0xFF37, 0xFF37, 0xFF16, 0xEE71, 0xEE10, 0xDDAB, 0xE5AB, 0xE58A, 0xE589, 0xE589, 0xED88, 0xE567,
  0xED88, 0xE589, 0xCD8B, 0x28E0, 0x0001, 0x0001, 0x0001, 0x0001, 0x0001, 0x0001, 0x0001, 0x0001, 0x0001, 0x0001, 0x0001, 0x0001,
  0x0001, 0x0001, 0x0001, 0x0001, 0x0001, 0x0001, 0x0001, 0x0001, 0x0001, 0x0001, 0x0001, 0x0800, 0x2020, 0x9346, 0x9AE1, 0xAB40,
  0xB382, 0xD444, 0xDCE6, 0xE506, 0xE506, 0xE505, 0xE505, 0xE505, 0xDCE5, 0xE506, 0xDCE6, 0xE507, 0xDCE6, 0xE507, 0xE505, 0xE505,
  0xE507, 0xE505, 0xE505, 0xE4E4, 0xE4E4, 0xE505, 0xE505, 0xE505, 0xE507, 0xD444, 0xB382, 0xAB00, 0xA301, 0xAB41, 0xA301, 0xA302,
  0xA302, 0xA302, 0xA302, 0xA302, 0xA302, 0xA302, 0xA302, 0xA302, 0xA302, 0xA302, 0xA302, 0xA302, 0xA302, 0xA302, 0xA302, 0xA302,
  0xA302, 0xA301, 0xB382, 0xB382, 0xD444, 0xCC87, 0xE566, 0xE528, 0xE566, 0xE528, 0xE568, 0xE568, 0xE528, 0xE528, 0xDD69, 0xDD2A,
  0xCD8B, 0xDD8D, 0xCCEB, 0x9B87, 0x3100, 0x1000, 0x4120, 0x72A9, 0x4120, 0x9303, 0xC50D, 0xD54B, 0xDD08, 0xE528, 0xE507, 0xE506,
  0xE507, 0xED88, 0xE528, 0xDD2A, 0xE5AB, 0xEE71, 0xEE93, 0xFF15, 0xEF37, 0xFF79, 0xE676, 0x2124, 0x0001, 0x0800, 0xBDD7, 0xFFFF,
  0xFFFF, 0xFFFF, 0xFFFF, 0xFFFF, 0xFFFF, 0xFFFF, 0xFFFF, 0xFFFF, 0xFFFF, 0xFFFF, 0xF77D, 0x2080, 0x0001, 0x0001, 0x9C2E, 0xFED9,
  0xF738, 0xE676, 0xEE71, 0xE5D0, 0xEE10, 0xE5D0, 0xD5EE, 0xD5EE, 0xCD6E, 0xEE93, 0xFF16, 0xFF79, 0xFF16, 0xEF37, 0xFF37, 0xF737,
  0xF737, 0xF738, 0xF758, 0xF758, 0xF758, 0xF758, 0xF758, 0xF758, 0xF758, 0xF738, 0xF758, 0xEF37, 0xFF37, 0xFF16, 0xFF16, 0xFF16,
  0xFF16, 0xFF15, 0xFED4, 0xE631, 0xCCEB, 0x9BE8, 0x9B65, 0xB383, 0xA363, 0xA363, 0xA323, 0xA302, 0xA302, 0xA300, 0xA301, 0xAB41,
  0xAB41, 0xA301, 0xB340, 0xAB00, 0xB340, 0xBBC1, 0xD444, 0xDCC4, 0xE505, 0xDCE5, 0xE505, 0xDCE5, 0xE507, 0xDCE6, 0xC404, 0xBBC2,
  0xB386, 0xA363, 0x9B65, 0xB46A, 0xF692, 0xFF16, 0xFF37, 0xFF37, 0xFF37, 0xEF37, 0xF758, 0xF758, 0xF758, 0xF737, 0xF738, 0xEF37,
  0xF737, 0xF737, 0xF737, 0xFF37, 0xF737, 0xFED4, 0xEE71, 0xE5D0, 0xDDAB, 0xDDAB, 0xE589, 0xE589, 0xE589, 0xED88, 0xED88, 0xED88,
  0xED86, 0xE58A, 0xCCEB, 0x2080, 0x0001, 0x0001, 0x0001, 0x0001, 0x0001, 0x0001, 0x0001, 0x0001, 0x0001, 0x0001, 0x0001, 0x0001,
  0x0001, 0x0001, 0x0001, 0x0001, 0x0001, 0x0001, 0x0001, 0x0001, 0x0001, 0x0001, 0x0001, 0x0800, 0x2020, 0x9303, 0x9303, 0xA300,
  0xAB41, 0xAB41, 0xD444, 0xDCE6, 0xDCE6, 0xE505, 0xE506, 0xDCE5, 0xE507, 0xDCE6, 0xE528, 0xCCE9, 0xE528, 0xE507, 0xE507, 0xDCE6,
  0xE505, 0xE505, 0xE505, 0xE545, 0xE4E4, 0xE505, 0xE505, 0xE507, 0xDCA4, 0xB382, 0xAB00, 0xA301, 0xA301, 0xA301, 0xA302, 0xA302,
  0xA302, 0xA302, 0xA302, 0xA302, 0xA302, 0xA302, 0xA302, 0xA302, 0xA302, 0xA302, 0xA302, 0xA302, 0xA302, 0xAB42, 0xA302, 0xA302,
  0xA302, 0xAB43, 0xB382, 0xC404, 0xD485, 0xE528, 0xE528, 0xE528, 0xE528, 0xE568, 0xE568, 0xE589, 0xE589, 0xDD2A, 0xDD2A, 0xE58A,
  0xDD2A, 0xDD2A, 0xCCEB, 0xCD6E, 0xB46A, 0x7B06, 0x5160, 0x3060, 0x5160, 0xCC69, 0xD54B, 0xE528, 0xE528, 0xE507, 0xE528, 0xE568,
  0xE568, 0xE528, 0xE58A, 0xD54B, 0xE5D0, 0xE631, 0xFF14, 0xFF16, 0xFF15, 0xEF37, 0xFF79, 0x6308, 0x0001, 0x0001, 0x5A89, 0xF77D,
  0xFFFF, 0xFFFF, 0xFFFF, 0xFFFF, 0xFFFF, 0xFFFF, 0xFFFF, 0xFFFF, 0xFFFF, 0xFFFF, 0x734C, 0x0001, 0x1000, 0x28E0, 0xDE75, 0xE676,
  0xFED5, 0xCD6E, 0xCD6E, 0xDDAB, 0xCD8B, 0xD54B, 0xD54B, 0xCD6E, 0xB427, 0xB46A, 0xCD6E, 0xEE93, 0xFF16, 0xFF37, 0xFF37, 0xFF37,
  0xFF37, 0xF737, 0xF737, 0xF737, 0xF738, 0xF758, 0xF758, 0xF758, 0xF738, 0xF738, 0xF758, 0xF737, 0xF737, 0xF737, 0xFF37, 0xFF37,
  0xFF37, 0xFF37, 0xFF37, 0xFF16, 0xFED5, 0xEE10, 0xC50D, 0xB46A, 0xB427, 0xA323, 0xA363, 0xA323, 0xAB42, 0xA323, 0xAB42, 0xAB42,
  0xAB42, 0xAB41, 0xA301, 0xAB41, 0xB340, 0xB380, 0xBBC1, 0xD444, 0xDCC4, 0xE505, 0xDCE6, 0xE507, 0xE507, 0xE507, 0xCC87, 0xB3E5,
  0xB386, 0xB427, 0xC50D, 0xF692, 0xFF37, 0xFF16, 0xFF16, 0xFF37, 0xFF37, 0xF758, 0xF758, 0xF758, 0xF737, 0xF738, 0xEF37, 0xF737,
  0xF737, 0xFF16, 0xFF16, 0xFED5, 0xEE71, 0xE631, 0xDD8D, 0xDDAB, 0xE5AB, 0xE589, 0xE589, 0xE567, 0xED88, 0xED86, 0xED86, 0xED88,
  0xED86, 0xE58A, 0xB46A, 0x2080, 0x0001, 0x0001, 0x0001, 0x0001, 0x0001, 0x0001, 0x0001, 0x0001, 0x0001, 0x0001, 0x0001, 0x0001,
  0x0001, 0x0001, 0x0001, 0x0001, 0x0001, 0x0001, 0x0001, 0x0001, 0x0001, 0x0001, 0x0001, 0x0800, 0x2020, 0x7AC3, 0xA302, 0xAB40,
  0xA302, 0xAB00, 0xAB41, 0xD443, 0xDCE6, 0xDCE6, 0xE506, 0xDCE6, 0xE507, 0xDD2A, 0xAB42, 0x9AE1, 0xCC87, 0xDD2A, 0xE507, 0xDCE6,
  0xE507, 0xE505, 0xE505, 0xE4E4, 0xE4E4, 0xE505, 0xE506, 0xE506, 0xC404, 0xAB00, 0xA301, 0xAB41, 0xA302, 0xA302, 0xAB42, 0xA302,
  0xA302, 0xA302, 0xA302, 0xA302, 0xA302, 0xA302, 0xA302, 0xA302, 0xA302, 0xA302, 0xA302, 0xA302, 0xA302, 0xA302, 0xA302, 0xAB43,
  0xAB43, 0xAB43, 0xB382, 0xD485, 0xE528, 0xE528, 0xE528, 0xE528, 0xE568, 0xE568, 0xE58A, 0xE5AB, 0xE5EE, 0xE5EE, 0xE58A, 0xE58A,
  0xDD2A, 0xDD08, 0xDD2A, 0xDD2A, 0xE5AB, 0xDD8D, 0xB427, 0x7AA1, 0x9B65, 0xDD08, 0xDD2A, 0xE528, 0xE528, 0xE528, 0xE528, 0xE568,
  0xE58A, 0xE5AB, 0xDD8D, 0xEE10, 0xEE71, 0xFF14, 0xFF16, 0xFF16, 0xF716, 0xEEF6, 0xF758, 0xBDF3, 0x1860, 0x0001, 0x0001, 0x8C4E,
  0xFFFF, 0xFFFF, 0xFFFF, 0xFFFF, 0xFFFF, 0xFFFF, 0xFFFF, 0xFFFF, 0xFFFF, 0xBCD1, 0x0001, 0x0001, 0x0800, 0x840B, 0xEE93, 0xCD6E,
  0xCD6E, 0xB4EB, 0xDD2A, 0xCCEB, 0xDD2A, 0xD54B, 0xDD2A, 0xD54B, 0x9B65, 0x9BE5, 0x9BE8, 0xB46A, 0xCD6E, 0xE631, 0xFED5, 0xFF37,
  0xFF37, 0xFF37, 0xFF37, 0xEF37, 0xFF37, 0xF737, 0xF738, 0xF738, 0xF738, 0xF738, 0xF758, 0xF738, 0xF738, 0xF758, 0xF738, 0xF738,
  0xFF18, 0xFF37, 0xFF37, 0xFF37, 0xFF37, 0xFF37, 0xFED5, 0xF692, 0xCD6E, 0xCC6B, 0x9BE5, 0x9B65, 0xA323, 0xA323, 0xA323, 0xAB43,
  0xAB42, 0xAB42, 0xAB42, 0xAB41, 0xAB41, 0xAB41, 0xBBC1, 0xD444, 0xE505, 0xDCE6, 0xE507, 0xDCE6, 0xE528, 0xE568, 0xCCE9, 0xCC87,
  0xCC69, 0xE631, 0xFF16, 0xFF79, 0xFF37, 0xFF16, 0xFF37, 0xFF37, 0xF758, 0xF758, 0xF738, 0xF738, 0xF738, 0xF737, 0xF737, 0xF737,
  0xFF16, 0xFF16, 0xF6B3, 0xEE71, 0xEE10, 0xE5EE, 0xDDAB, 0xE58A, 0xE589, 0xE589, 0xED88, 0xED88, 0xED86, 0xED88, 0xED86, 0xED88,
  0xED86, 0xE58A, 0x9BE8, 0x2080, 0x0001, 0x0001, 0x0001, 0x0001, 0x0001, 0x0001, 0x0001, 0x0001, 0x0001, 0x0001, 0x0001, 0x0002,
  0x0001, 0x0001, 0x0001, 0x0001, 0x0001, 0x0001, 0x0001, 0x0001, 0x0001, 0x0001, 0x0001, 0x0001, 0x1000, 0x7AC3, 0x9303, 0x9AE1,
  0xA300, 0xAB00, 0xB382, 0xD444, 0xDCE6, 0xE506, 0xDCE6, 0xE507, 0xDD2A, 0xB427, 0x4120, 0x1000, 0x4120, 0x9B65, 0xDDAB, 0xE58A,
  0xE528, 0xE507, 0xE507, 0xE505, 0xE505, 0xE505, 0xE506, 0xE506, 0xAB00, 0xAB00, 0xA302, 0xA301, 0xA301, 0xA302, 0xA302, 0xAB42,
  0xA301, 0xA302, 0xA302, 0xA302, 0xA302, 0xA302, 0xA302, 0xA302, 0xA302, 0xA302, 0xA302, 0xA302, 0xA302, 0xA302, 0xA302, 0xA302,
  0xAB41, 0xAB43, 0xC402, 0xD485, 0xE528, 0xE528, 0xE528, 0xE568, 0xE568, 0xE58A, 0xE58A, 0xE5AB, 0xEE70, 0xEE70, 0xEE70, 0xE5AB,
  0xDD8D, 0xE58A, 0xDD2A, 0xDD2A, 0xDD2A, 0xDDAB, 0xD54B, 0xDD2A, 0xDD08, 0xDD2A, 0xE528, 0xE528, 0xE528, 0xE507, 0xE528, 0xE528,
  0xD54B, 0xE5AB, 0xDD8D, 0xF692, 0xFED4, 0xFF16, 0xFF16, 0xFF16, 0xF737, 0xEF37, 0xF758, 0xF739, 0x7349, 0x0001, 0x0001, 0x1860,
  0x8C4E, 0xF77D, 0xFFFF, 0xFFFF, 0xFFFF, 0xFFFF, 0xFFFF, 0xF77D, 0xBD53, 0x2102, 0x0001, 0x0800, 0x3922, 0xE5D0, 0xD5EE, 0xCCEB,
  0xCD6E, 0xDD2A, 0xDD2A, 0xDD2A, 0xDD2A, 0xDD2A, 0xCCE9, 0xB427, 0xB383, 0x9B65, 0x9B65, 0x9B65, 0x9346, 0x9B87, 0xB46A, 0xC50D,
  0xEE71, 0xFED5, 0xFF16, 0xFF37, 0xFF37, 0xFF37, 0xFF37, 0xF738, 0xF737, 0xF738, 0xF738, 0xF738, 0xF738, 0xF758, 0xF738, 0xF758,
  0xF737, 0xF737, 0xF737, 0xFF37, 0xFF37, 0xFF16, 0xFF16, 0xFF16, 0xFF16, 0xFED5, 0xF692, 0xCD6E, 0xB427, 0xB386, 0xB386, 0xA363,
  0xA363, 0xB383, 0xA323, 0xAB43, 0xAB42, 0xB382, 0xBBC2, 0xDCE5, 0xE507, 0xE507, 0xE507, 0xE528, 0xDD69, 0xD54B, 0xD54B, 0xD54B,
  0xF692, 0xFF16, 0xFF37, 0xFF37, 0xFF37, 0xFF37, 0xFF37, 0xFF79, 0xEF37, 0xFF79, 0xF737, 0xF737, 0xF737, 0xFF37, 0xFF37, 0xFF16,
  0xFF15, 0xF692, 0xEE10, 0xE5EE, 0xE5EE, 0xE5AB, 0xE58A, 0xE589, 0xE589, 0xE567, 0xE567, 0xED88, 0xED86, 0xED88, 0xED86, 0xED86,
  0xED88, 0xE58A, 0xB46A, 0x1860, 0x0001, 0x0001, 0x0001, 0x0001, 0x0001, 0x0001, 0x0001, 0x0001, 0x0001, 0x0001, 0x0001, 0x0002,
  0x0001, 0x0001, 0x0001, 0x0001, 0x0001, 0x0001, 0x0001, 0x0001, 0x0001, 0x0001, 0x0001, 0x0001, 0x1000, 0x7AC3, 0xA363, 0x9AE1,
  0xA302, 0xAB41, 0xD444, 0xD485, 0xE506, 0xD485, 0xE507, 0xDD08, 0xDD2A, 0x5A00, 0x1000, 0x2020, 0x0800, 0x1000, 0x5160, 0xCC87,
  0xDD2A, 0xE568, 0xE507, 0xE507, 0xE505, 0xE505, 0xE506, 0xCC65, 0xAB00, 0xA301, 0xA301, 0xA302, 0xAB42, 0xA302, 0xA302, 0xA302,
  0xA302, 0xA302, 0xA302, 0xA302, 0xA302, 0xA302, 0xA302, 0xA302, 0xA302, 0xA302, 0xA302, 0xA302, 0xA302, 0xA302, 0xAB42, 0xAB42,
  0xAB41, 0xB383, 0xCC65, 0xE528, 0xE528, 0xE528, 0xE528, 0xE568, 0xE568, 0xD54B, 0xE5AB, 0xEE70, 0xFEF2, 0xFEF2, 0xFEF2, 0xF692,
  0xEE70, 0xE5EE, 0xE58A, 0xDD69, 0xDD2A, 0xE507, 0xE528, 0xE58A, 0xE528, 0xE528, 0xE528, 0xE528, 0xE507, 0xE528, 0xE568, 0xD54B,
  0xD54B, 0xDD8D, 0xE631, 0xF6B3, 0xF737, 0xFF15, 0xFF37, 0xFF16, 0xEF37, 0xEF37, 0xF737, 0xFF79, 0xD699, 0x5A66, 0x0001, 0x0001,
  0x0001, 0x41E7, 0xA550, 0xD699, 0xD699, 0xD699, 0xBDD7, 0x5A89, 0x1000, 0x0001, 0x0001, 0x2080, 0xB4EB, 0xCDF1, 0xCCEB, 0xCD8B,
  0xDD2A, 0xDD08, 0xDD08, 0xDD08, 0xDD08, 0xE528, 0xCC87, 0xB383, 0xA323, 0xA323, 0xA363, 0x9B65, 0x9B65, 0x9346, 0x9346, 0x9B87,
  0xB427, 0xB46A, 0xE5D0, 0xE631, 0xE676, 0xFF37, 0xFF79, 0xFF37, 0xFF37, 0xF737, 0xF738, 0xF738, 0xF738, 0xF738, 0xF758, 0xF758,
  0xF758, 0xF758, 0xF758, 0xF737, 0xF737, 0xF737, 0xFF16, 0xFF16, 0xFF37, 0xFF37, 0xFF37, 0xFF15, 0xF6B3, 0xE5D0, 0xCCEB, 0xB427,
  0xB427, 0x9B65, 0xB383, 0xA363, 0xB383, 0xB383, 0xCC65, 0xDD69, 0xE528, 0xDD08, 0xE528, 0xDD69, 0xE5AB, 0xE5AB, 0xEE70, 0xEE10,
  0xFF16, 0xFF16, 0xFF37, 0xFF37, 0xFF37, 0xFF79, 0xEF37, 0xEF37, 0xEF37, 0xEF37, 0xF758, 0xEF37, 0xF737, 0xFF16, 0xFF16, 0xFED4,
  0xE631, 0xE5EE, 0xDDAB, 0xDDAB, 0xE58A, 0xE589, 0xE589, 0xE589, 0xE567, 0xE589, 0xE567, 0xED86, 0xED86, 0xED86, 0xE567, 0xED86,
  0xED88, 0xE589, 0xB427, 0x0800, 0x0001, 0x0001, 0x0001, 0x0001, 0x0001, 0x0001, 0x0001, 0x0001, 0x0001, 0x0001, 0x0001, 0x0002,
  0x0002, 0x0001, 0x0001, 0x0001, 0x0001, 0x0001, 0x0001, 0x0001, 0x0001, 0x0001, 0x0001, 0x0001, 0x1000, 0x6A42, 0x9B65, 0x9AE1,
  0xAB41, 0xC402, 0xD485, 0xE507, 0xE506, 0xDCE6, 0xDD08, 0xDD2A, 0xA363, 0x2080, 0x2080, 0xB4EB, 0x7B06, 0x2080, 0x1000, 0x2020,
  0x6A20, 0xB427, 0xDD2A, 0xE528, 0xE528, 0xE507, 0xD485, 0xD444, 0xA301, 0xAB41, 0xA301, 0xA301, 0xA302, 0xAB21, 0xA302, 0xAB42,
  0xA302, 0xA302, 0xA302, 0xA302, 0xA302, 0xA302, 0xA302, 0xA302, 0xA302, 0xA302, 0xAB42, 0xA302, 0xA302, 0xA302, 0xAB42, 0xA302,
  0xAB43, 0xC404, 0xE507, 0xE528, 0xE507, 0xE528, 0xE528, 0xE568, 0xE58A, 0xE5AB, 0xEE10, 0xFEF2, 0xFF14, 0xFF15, 0xFED4, 0xFED4,
  0xFED4, 0xF692, 0xEE10, 0xE58A, 0xDD2A, 0xDD69, 0xDD2A, 0xE528, 0xE528, 0xE528, 0xE528, 0xE528, 0xE507, 0xE528, 0xE58A, 0xD54B,
  0xD54B, 0xEE10, 0xF6B3, 0xFF15, 0xFF16, 0xFF16, 0xF737, 0xF737, 0xEF37, 0xEF37, 0xFF37, 0xEF37, 0xF739, 0xDE75, 0x42A8, 0x0001,
  0x0001, 0x0001, 0x0001, 0x0060, 0x1860, 0x1860, 0x1000, 0x0001, 0x0001, 0x0001, 0x2080, 0x9C2B, 0xE631, 0xCD6E, 0xDD2A, 0xDD2A,
  0xDD69, 0xE528, 0xE528, 0xDCE6, 0xDD2A, 0xDD08, 0xC404, 0xAB43, 0xAB42, 0xA323, 0xAB43, 0xA323, 0x9B65, 0xB383, 0x9B65, 0x9B65,
  0x9B65, 0x9346, 0x9BE8, 0xB46A, 0xCCEB, 0xEE93, 0xFED5, 0xFF37, 0xFF37, 0xFF37, 0xFF37, 0xFF37, 0xF738, 0xF737, 0xF738, 0xF758,
  0xF758, 0xF758, 0xF758, 0xF737, 0xF737, 0xF737, 0xF737, 0xF737, 0xFF16, 0xFF37, 0xFF16, 0xFF37, 0xFF16, 0xFF15, 0xFED5, 0xF692,
  0xCD6E, 0xCC69, 0xB427, 0xB386, 0xA363, 0xCC87, 0xDD2A, 0xE58A, 0xDD2A, 0xDD2A, 0xDDAB, 0xDD8D, 0xEE10, 0xEE70, 0xFED4, 0xFF16,
  0xFF16, 0xFF16, 0xF737, 0xFF37, 0xF758, 0xEF37, 0xFF79, 0xF737, 0xF737, 0xF737, 0xFF37, 0xFF16, 0xFF16, 0xFED5, 0xFED4, 0xEE71,
  0xE5EE, 0xDDAB, 0xE5AB, 0xE589, 0xE589, 0xE589, 0xE567, 0xE567, 0xED88, 0xED86, 0xED88, 0xED86, 0xED88, 0xED86, 0xED86, 0xED88,
  0xED88, 0xE58A, 0x9BE5, 0x0800, 0x0800, 0x0001, 0x0001, 0x0001, 0x0001, 0x0001, 0x0001, 0x0001, 0x0001, 0x0001, 0x0001, 0x0004,
  0x0002, 0x0001, 0x0001, 0x0001, 0x0001, 0x0001, 0x0001, 0x0001, 0x0001, 0x0001, 0x0001, 0x0001, 0x1000, 0x51C3, 0x9B65, 0xA323,
  0xBBC2, 0xD485, 0xE528, 0xE506, 0xDCE6, 0xD4E7, 0xE58A, 0xCCE9, 0x3060, 0x0800, 0x7AC3, 0xFED5, 0xEE93, 0xB4EB, 0x5A22, 0x1000,
  0x1000, 0x3060, 0x9B65, 0xD54B, 0xDD2A, 0xDD08, 0xBC25, 0xAB43, 0xAB41, 0xA301, 0xA301, 0xAB41, 0xA301, 0xA302, 0xA301, 0xA302,
  0xA302, 0xA302, 0xA302, 0xA302, 0xA302, 0xA302, 0xA302, 0xA302, 0xA302, 0xA302, 0xA302, 0xA302, 0xA302, 0xAB42, 0xA301, 0xA301,
  0xC402, 0xCC87, 0xE528, 0xE507, 0xE507, 0xE568, 0xE528, 0xE58A, 0xD54B, 0xE5EE, 0xF692, 0xFF14, 0xFF16, 0xFF16, 0xFF16, 0xFF37,
  0xFF16, 0xFF14, 0xFEF2, 0xEE70, 0xE5AB, 0xE58A, 0xE528, 0xE528, 0xE507, 0xE507, 0xE528, 0xE528, 0xE528, 0xE528, 0xD54B, 0xE5AB,
  0xE631, 0xF6B3, 0xFF15, 0xFF16, 0xFF37, 0xF737, 0xF737, 0xFF37, 0xEF37, 0xF737, 0xEF37, 0xF758, 0xEF38, 0xF739, 0xD699, 0x7349,
  0x0060, 0x0001, 0x0001, 0x0001, 0x0001, 0x0001, 0x0001, 0x0001, 0x1000, 0x51C3, 0xBCF0, 0xEE93, 0xCD6E, 0xCCEB, 0xDD2A, 0xDD69,
  0xE528, 0xE507, 0xE507, 0xDD08, 0xE507, 0xC404, 0xB383, 0xA301, 0xAB42, 0xAB42, 0xA302, 0xA302, 0xAB43, 0xA323, 0xB383, 0xA323,
  0xA363, 0x9B65, 0x9B65, 0x9B65, 0x9B87, 0xB46A, 0xC50D, 0xE631, 0xE676, 0xFF16, 0xFF37, 0xFF37, 0xFF37, 0xFF37, 0xF737, 0xF758,
  0xF758, 0xF737, 0xEF37, 0xF758, 0xEF37, 0xF737, 0xF737, 0xF737, 0xF737, 0xF737, 0xFF37, 0xFF37, 0xFF16, 0xFF37, 0xFF37, 0xFF16,
  0xFED4, 0xF692, 0xE5D0, 0xCCEB, 0xB46A, 0xCCEB, 0xD54B, 0xD54B, 0xD54B, 0xD54B, 0xE5EE, 0xEE70, 0xFEF2, 0xFED4, 0xFF16, 0xFF37,
  0xFF37, 0xF737, 0xFF18, 0xF758, 0xF758, 0xF738, 0xEF37, 0xF738, 0xF737, 0xF737, 0xFF16, 0xFF16, 0xFED4, 0xEE71, 0xEE70, 0xE5EE,
  0xE5AB, 0xE58A, 0xE589, 0xE589, 0xE567, 0xED88, 0xED86, 0xED88, 0xED86, 0xED86, 0xED86, 0xED86, 0xED86, 0xED86, 0xED86, 0xED86,
  0xED88, 0xE58A, 0x7B06, 0x0001, 0x0800, 0x0001, 0x0001, 0x0001, 0x0001, 0x0001, 0x0001, 0x0001, 0x0001, 0x0001, 0x0001, 0x0004,
  0x0004, 0x0001, 0x0001, 0x0001, 0x0001, 0x0001, 0x0001, 0x0001, 0x0001, 0x0001, 0x0001, 0x0001, 0x1000, 0x41A1, 0x9303, 0xA323,
  0xCC65, 0xE507, 0xE507, 0xDCE6, 0xDCE6, 0xE528, 0xD54B, 0x6A20, 0x1000, 0x3100, 0xCDF1, 0xFEF2, 0xFEF2, 0xFF14, 0xCDF1, 0xB46A,
  0x41A1, 0x1000, 0x2020, 0x6A20, 0xB386, 0xB427, 0xB3E5, 0xA302, 0xAB43, 0xAB42, 0xAB42, 0xA302, 0xA301, 0xA301, 0xA302, 0xA302,
  0xA302, 0xA302, 0xA302, 0xA302, 0xA302, 0xA302, 0xA302, 0xA302, 0xA302, 0xAB42, 0xA302, 0xAB42, 0xA302, 0xA302, 0xA301, 0xAB43,
  0xCC65, 0xE507, 0xE528, 0xE507, 0xE507, 0xE528, 0xE568, 0xE58A, 0xDD8D, 0xEE70, 0xFF14, 0xFF16, 0xFF16, 0xFF37, 0xF737, 0xFF37,
  0xFF37, 0xFF16, 0xFF14, 0xFED4, 0xF692, 0xEE10, 0xE58A, 0xE568, 0xE528, 0xE507, 0xE507, 0xE528, 0xE528, 0xDDAB, 0xCCEB, 0xDD8D,
  0xFF15, 0xFF15, 0xFF16, 0xEF37, 0xFF16, 0xFF37, 0xFF37, 0xFF37, 0xEF37, 0xEF37, 0xF737, 0xEF37, 0xE758, 0xF739, 0xF77D, 0xFF79,
  0xBDF3, 0x734C, 0x41E7, 0x2102, 0x1860, 0x1860, 0x3922, 0x62E6, 0xA42E, 0xDE75, 0xEE93, 0xE5D0, 0xCD8B, 0xDD2A, 0xDD69, 0xE528,
  0xE507, 0xE507, 0xE507, 0xE507, 0xE528, 0xB382, 0xAB41, 0xAB41, 0xA301, 0xA302, 0xA302, 0xAB42, 0xA323, 0xAB43, 0xA323, 0xA323,
  0xAB43, 0xAB43, 0xA363, 0xA363, 0x9B65, 0x9B65, 0x9B87, 0xB46A, 0xCCEB, 0xE5D0, 0xF6B3, 0xFF16, 0xFF37, 0xFF37, 0xFF37, 0xEF37,
  0xEF37, 0xF737, 0xF737, 0xEF37, 0xF738, 0xE758, 0xF737, 0xF737, 0xF737, 0xF737, 0xEF37, 0xEF37, 0xFF37, 0xFF37, 0xFF37, 0xFF37,
  0xFF16, 0xFF16, 0xFED5, 0xF6B3, 0xEE10, 0xEE10, 0xDD8D, 0xE5D0, 0xE5D0, 0xEE10, 0xE631, 0xFF14, 0xFF15, 0xFF16, 0xFF16, 0xFF37,
  0xF737, 0xFF79, 0xF737, 0xF738, 0xF738, 0xF738, 0xF737, 0xF737, 0xFF37, 0xFF16, 0xFF15, 0xFED4, 0xE631, 0xEE10, 0xDD8D, 0xE5AB,
  0xE589, 0xE589, 0xE589, 0xE567, 0xE567, 0xED88, 0xED86, 0xED86, 0xED86, 0xED86, 0xED86, 0xED86, 0xED86, 0xED86, 0xED86, 0xE567,
  0xE567, 0xE5AB, 0x6A42, 0x0001, 0x0800, 0x0001, 0x0001, 0x0001, 0x0001, 0x0001, 0x0001, 0x0001, 0x0001, 0x0001, 0x0001, 0x0027,
  0x0027, 0x0001, 0x0001, 0x0001, 0x0001, 0x0001, 0x0001, 0x0001, 0x0001, 0x0001, 0x0001, 0x0001, 0x1000, 0x3100, 0x9B87, 0xB3E5,
  0xE528, 0xE507, 0xDCE6, 0xDCE6, 0xE528, 0xDDAB, 0xB386, 0x2020, 0x1000, 0x9BE8, 0xFF14, 0xD5EE, 0xB4EB, 0xCD8B, 0xEF0E, 0xFF14,
  0xD5EE, 0x7B06, 0x1000, 0x1000, 0x3060, 0x6A42, 0x9303, 0xA363, 0xA363, 0xA323, 0xAB42, 0xA302, 0xA302, 0xA302, 0xA301, 0xA302,
  0xA302, 0xA302, 0xA302, 0xA302, 0xA302, 0xA323, 0xA302, 0xA302, 0xAB43, 0xA302, 0xA302, 0xA302, 0xA302, 0xAB42, 0xAB21, 0xB382,
  0xCC87, 0xE528, 0xE507, 0xE507, 0xE528, 0xE528, 0xE568, 0xDDAB, 0xEE70, 0xF6B3, 0xFF15, 0xFF16, 0xF737, 0xF738, 0xF738, 0xF738,
  0xF737, 0xF737, 0xFF16, 0xFF15, 0xFEF2, 0xFEF2, 0xEE70, 0xE5AB, 0xE58A, 0xE528, 0xE568, 0xDD2A, 0xDD2A, 0xD54B, 0xE5D0, 0xE631,
  0xFF16, 0xFF16, 0xFF16, 0xFF16, 0xEF37, 0xFF37, 0xEF37, 0xFF37, 0xFF79, 0xEF37, 0xF758, 0xEF37, 0xE758, 0xE758, 0xEF37, 0xF739,
  0xF77D, 0xFF79, 0xE758, 0xD699, 0xDE75, 0xDE75, 0xEE97, 0xF739, 0xFF79, 0xEE93, 0xCD6E, 0xCCEB, 0xDD2A, 0xDD08, 0xE528, 0xE567,
  0xE507, 0xE507, 0xE507, 0xE507, 0xCC65, 0xA301, 0xA301, 0xAB41, 0xA301, 0xA301, 0xA301, 0xAB42, 0xA302, 0xA302, 0xA302, 0xA302,
  0xA302, 0xAB43, 0xAB43, 0xAB43, 0xA363, 0x9B65, 0x9B65, 0xB386, 0x9B87, 0xB46A, 0xCC6B, 0xCDF1, 0xF692, 0xFF15, 0xFF16, 0xFF37,
  0xFF37, 0xF737, 0xF738, 0xF738, 0xF738, 0xF758, 0xEF37, 0xF758, 0xF758, 0xF758, 0xF758, 0xF758, 0xF758, 0xF738, 0xF737, 0xF737,
  0xFF37, 0xFF37, 0xFF16, 0xFF16, 0xFF16, 0xFED4, 0xFED4, 0xF692, 0xF6B3, 0xFED4, 0xF716, 0xFF15, 0xFF37, 0xFF37, 0xFF37, 0xF738,
  0xF758, 0xF737, 0xF738, 0xF738, 0xF758, 0xF738, 0xF737, 0xFF37, 0xFF16, 0xFF15, 0xFED4, 0xEE10, 0xE5EE, 0xE5AB, 0xE58A, 0xE589,
  0xE589, 0xED88, 0xED86, 0xED88, 0xED86, 0xED86, 0xED86, 0xED86, 0xED86, 0xED86, 0xED86, 0xED86, 0xED86, 0xED86, 0xED86, 0xE567,
  0xE589, 0xE58A, 0x5A22, 0x0001, 0x0800, 0x0001, 0x0001, 0x0001, 0x0800, 0x0001, 0x0001, 0x0001, 0x0001, 0x0001, 0x0002, 0x10E9,
  0x10E9, 0x0002, 0x0001, 0x0001, 0x0001, 0x0001, 0x0001, 0x0001, 0x0001, 0x0001, 0x0001, 0x0001, 0x0800, 0x3060, 0xB46A, 0xCCEB,
  0xE528, 0xE507, 0xE507, 0xDD08, 0xD54B, 0xCC69, 0x4120, 0x1000, 0x6A42, 0xEE93, 0x9BE5, 0x41A1, 0x08E1, 0xA3E2, 0xEF0E, 0xEF0E,
  0xFEF2, 0xFEF2, 0x9BE8, 0x3060, 0x1000, 0x2020, 0x5160, 0x6A42, 0x9B65, 0x9B65, 0xA323, 0xA302, 0xA302, 0xA302, 0xA302, 0xA302,
  0xA302, 0xA302, 0xA302, 0xA302, 0xA302, 0xA302, 0xA302, 0xAB43, 0xA302, 0xA302, 0xAB42, 0xA302, 0xAB43, 0xA301, 0xAB43, 0xD444,
  0xE528, 0xE528, 0xE507, 0xE507, 0xE528, 0xE528, 0xE58A, 0xE5AB, 0xF692, 0xFF14, 0xFF16, 0xF737, 0xF737, 0xF738, 0xF738, 0xEF38,
  0xF737, 0xF737, 0xFF16, 0xFF16, 0xFF15, 0xFF14, 0xFED4, 0xEE70, 0xE5EE, 0xE5AB, 0xE58A, 0xDD2A, 0xD54B, 0xDD8D, 0xEE10, 0xFED5,
  0xFF16, 0xF737, 0xF737, 0xEF37, 0xFF37, 0xF758, 0xEF37, 0xEF37, 0xF737, 0xEF37, 0xEF37, 0xEF37, 0xE758, 0xE758, 0xEF38, 0xEF38,
  0xE758, 0xF739, 0xF739, 0xFF79, 0xF77D, 0xFF79, 0xFF79, 0xE676, 0xE631, 0xCD6E, 0xCD6E, 0xDD2A, 0xDD69, 0xE528, 0xE567, 0xE507,
  0xDCE6, 0xE507, 0xE507, 0xD485, 0xC404, 0xAB21, 0xAB41, 0xA301, 0xAB41, 0xA301, 0xAB41, 0xA302, 0xA302, 0xA302, 0xAB43, 0xAB43,
  0xA302, 0xA302, 0xAB43, 0xA323, 0xAB43, 0xAB43, 0x9B65, 0x9B65, 0x9B65, 0x9B65, 0x9B65, 0xB427, 0xB46A, 0xCD6E, 0xEE71, 0xFED4,
  0xF737, 0xFF16, 0xFF37, 0xF737, 0xF737, 0xF737, 0xF737, 0xF737, 0xF758, 0xF758, 0xEF37, 0xF758, 0xF758, 0xF758, 0xF738, 0xF737,
  0xF737, 0xFF37, 0xFF16, 0xFF16, 0xFF16, 0xFF16, 0xFF16, 0xFF16, 0xFF16, 0xFF16, 0xFF16, 0xF737, 0xFF37, 0xEF37, 0xFF18, 0xF737,
  0xF738, 0xEF37, 0xEF37, 0xF738, 0xFF37, 0xFF37, 0xFF37, 0xFF16, 0xFED4, 0xEE71, 0xEE10, 0xE5AB, 0xE5AB, 0xE5AB, 0xE589, 0xE589,
  0xE567, 0xED86, 0xED86, 0xED86, 0xED86, 0xED86, 0xED86, 0xED86, 0xED86, 0xED86, 0xED86, 0xED86, 0xED86, 0xED86, 0xED86, 0xE567,
  0xED88, 0xCD8B, 0x3100, 0x0800, 0x0800, 0x0001, 0x0001, 0x0001, 0x0001, 0x0001, 0x0001, 0x0001, 0x0001, 0x0001, 0x0002, 0x10E9,
  0x10E9, 0x0004, 0x0001, 0x0001, 0x0001, 0x0001, 0x0001, 0x0001, 0x0001, 0x0001, 0x0001, 0x0001, 0x0800, 0x2080, 0xB46A, 0xE5AB,
  0xE528, 0xE507, 0xDCE6, 0xE58A, 0xD54B, 0x6A42, 0x1000, 0x5160, 0xCDF1, 0xFF14, 0x9BE8, 0x3100, 0x3100, 0xCD8B, 0xEEEB, 0xEEEB,
  0xEF0E, 0xEF0E, 0xEE71, 0xD5EE, 0x7B06, 0x3060, 0x1000, 0x2020, 0x5160, 0x8B02, 0x9303, 0xA323, 0xA323, 0xA302, 0xA302, 0xA302,
  0xA302, 0xA301, 0xA302, 0xA302, 0xA302, 0xA302, 0xA302, 0xA302, 0xAB42, 0xAB43, 0xA302, 0xAB43, 0xAB43, 0xAB41, 0xC402, 0xCC87,
  0xE528, 0xE528, 0xE506, 0xE507, 0xE528, 0xE528, 0xD54B, 0xEE70, 0xFED4, 0xFF15, 0xFF16, 0xF737, 0xF737, 0xF738, 0xE758, 0xF738,
  0xF758, 0xF737, 0xF737, 0xF737, 0xFF15, 0xFF15, 0xFF14, 0xFED4, 0xF692, 0xEE70, 0xE5AB, 0xD54B, 0xCCEB, 0xE5D0, 0xEE71, 0xFF16,
  0xF737, 0xFF37, 0xF737, 0xF737, 0xF737, 0xF758, 0xEF37, 0xEF37, 0xF758, 0xF758, 0xF758, 0xE758, 0xF758, 0xEF38, 0xE758, 0xF738,
  0xF758, 0xF758, 0xF739, 0xEF38, 0xF737, 0xF737, 0xE676, 0xEE93, 0xD5EE, 0xCD6E, 0xDDAB, 0xDD2A, 0xE528, 0xE567, 0xDCE6, 0xDCE6,
  0xD485, 0xD444, 0xCC65, 0xC404, 0xB382, 0xA301, 0xA301, 0xAB41, 0xA301, 0xAB41, 0xA302, 0xA301, 0xA301, 0xAB41, 0xA302, 0xAB43,
  0xAB43, 0xA302, 0xA302, 0xAB43, 0xAB43, 0xAB43, 0xAB43, 0xAB43, 0xB383, 0x9B65, 0xA363, 0x9B65, 0x9303, 0x9BE5, 0xC50D, 0xCD6E,
  0xE631, 0xFED4, 0xFED5, 0xFF16, 0xFF16, 0xF737, 0xFF37, 0xF737, 0xF737, 0xF737, 0xEF37, 0xF758, 0xF758, 0xF738, 0xF738, 0xF738,
  0xF738, 0xF737, 0xF737, 0xFF37, 0xFF37, 0xFF16, 0xEF37, 0xFF37, 0xFF37, 0xFF37, 0xFF37, 0xF737, 0xF738, 0xF758, 0xF758, 0xF758,
  0xF758, 0xF758, 0xFF79, 0xFF37, 0xFF37, 0xFF37, 0xFF16, 0xFED4, 0xE631, 0xEE70, 0xDDAB, 0xDDAB, 0xE58A, 0xE589, 0xE589, 0xE567,
  0xED88, 0xED86, 0xED86, 0xED86, 0xED86, 0xED86, 0xED86, 0xED86, 0xED86, 0xED86, 0xED86, 0xED86, 0xED86, 0xED86, 0xED86, 0xE567,
  0xED88, 0xCCE9, 0x2080, 0x0800, 0x0001, 0x0001, 0x0001, 0x0001, 0x0001, 0x0001, 0x0001, 0x0001, 0x0001, 0x0001, 0x0004, 0x10E9,
  0x090D, 0x0027, 0x0001, 0x0001, 0x0001, 0x0001, 0x0001, 0x0001, 0x0001, 0x0001, 0x0001, 0x0001, 0x0001, 0x1000, 0x9BE8, 0xCCEB,
  0xE528, 0xE507, 0xD4E7, 0xE5AB, 0xCC6B, 0x4120, 0x0800, 0x9346, 0xFEF2, 0xFF14, 0xD5EE, 0x08E1, 0x7AA1, 0xEEEB, 0xEEEB, 0xEF0E,
  0xA3E2, 0x5A22, 0xD5EE, 0xF758, 0xFF14, 0xC50D, 0x5A22, 0x3060, 0x2020, 0x3060, 0x5A00, 0xA323, 0xA323, 0xA302, 0xA302, 0xA302,
  0xA302, 0xA302, 0xA302, 0xA302, 0xA302, 0xA302, 0xAB42, 0xA302, 0xA302, 0xAB42, 0xAB43, 0xAB43, 0xAB43, 0xAB43, 0xCC65, 0xE528,
  0xE528, 0xE507, 0xE507, 0xE507, 0xE528, 0xE528, 0xE58A, 0xE5EE, 0xF692, 0xFED4, 0xFF16, 0xFF37, 0xF737, 0xF737, 0xF738, 0xF738,
  0xF758, 0xF738, 0xEF37, 0xF737, 0xF737, 0xFF16, 0xFF16, 0xFF15, 0xFF15, 0xFED4, 0xF6B3, 0xE631, 0xE631, 0xEE71, 0xFED5, 0xF737,
  0xF737, 0xEF37, 0xEF37, 0xEF37, 0xEF37, 0xEF37, 0xF758, 0xF758, 0xF758, 0xF758, 0xF737, 0xF738, 0xEF38, 0xF738, 0xF738, 0xE758,
  0xEF38, 0xF758, 0xF738, 0xF737, 0xFF37, 0xFF16, 0xEE93, 0xEE10, 0xCD6E, 0xDD2A, 0xDD69, 0xE528, 0xE567, 0xE507, 0xDCE6, 0xE506,
  0xD444, 0xBBC1, 0xB382, 0xB382, 0xAB41, 0xAB41, 0xA301, 0xAB41, 0xA301, 0xA301, 0xA302, 0xA301, 0xAB41, 0xA302, 0xA301, 0xAB42,
  0xA302, 0xAB43, 0xAB42, 0xA302, 0xA302, 0xAB43, 0xA302, 0xAB43, 0xA323, 0xB383, 0x9B65, 0xA363, 0xB386, 0x9BE5, 0xCC69, 0xDDAB,
  0xCCEB, 0xCD8B, 0xE5D0, 0xE631, 0xF6B3, 0xFED5, 0xFF15, 0xFF16, 0xFF16, 0xFF16, 0xEF37, 0xFF37, 0xF738, 0xF738, 0xF738, 0xF738,
  0xF758, 0xF738, 0xF737, 0xF737, 0xF737, 0xF737, 0xF737, 0xEF37, 0xFF37, 0xF737, 0xF737, 0xEF37, 0xF738, 0xE758, 0xF737, 0xF738,
  0xFF79, 0xFF37, 0xFF37, 0xFF37, 0xFED5, 0xF6B3, 0xEE71, 0xEE70, 0xD5EE, 0xE5AB, 0xE5AB, 0xE58A, 0xE589, 0xE589, 0xE589, 0xED88,
  0xED86, 0xED86, 0xED86, 0xED86, 0xED86, 0xED86, 0xED86, 0xED86, 0xED86, 0xED86, 0xED86, 0xED86, 0xED86, 0xED86, 0xED86, 0xE567,
  0xE589, 0xB46A, 0x1000, 0x0800, 0x0001, 0x0001, 0x0001, 0x0001, 0x0001, 0x0001, 0x0001, 0x0001, 0x0001, 0x0001, 0x0027, 0x090D,
  0x1170, 0x0027, 0x0001, 0x0001, 0x0001, 0x0001, 0x0001, 0x0001, 0x0001, 0x0001, 0x0001, 0x0001, 0x0001, 0x1000, 0x9B87, 0xCCEB,
  0xE528, 0xE507, 0xDD69, 0xD54B, 0x9346, 0x1000, 0x4120, 0xEE93, 0xFF15, 0xD5EE, 0x41A1, 0x3100, 0xEEEB, 0xEF0E, 0xEF0E, 0xEEC6,
  0x08E1, 0x0060, 0x41A1, 0xB4EB, 0xEF0E, 0xEF37, 0xEE93, 0x9C2B, 0x4120, 0x1000, 0x3060, 0x7AA1, 0x9B65, 0xA302, 0xA302, 0xA302,
  0xA302, 0xA302, 0xA302, 0xA302, 0xA302, 0xA302, 0xA302, 0xAB43, 0xAB42, 0xAB42, 0xAB42, 0xA301, 0xAB43, 0xC402, 0xE507, 0xE528,
  0xE528, 0xE507, 0xE507, 0xE507, 0xE528, 0xE528, 0xE58A, 0xE5EE, 0xE5D0, 0xF692, 0xFED5, 0xFF16, 0xFF37, 0xFF37, 0xF737, 0xF738,
  0xF758, 0xEF38, 0xEF38, 0xEF38, 0xF738, 0xF758, 0xF737, 0xFF37, 0xFF37, 0xFF16, 0xFF16, 0xFF16, 0xFF37, 0xFF37, 0xF737, 0xF737,
  0xF737, 0xF737, 0xFF79, 0xEF37, 0xEF37, 0xF758, 0xF758, 0xF758, 0xF758, 0xF738, 0xF758, 0xE758, 0xEF37, 0xF737, 0xEF38, 0xEF37,
  0xF737, 0xF737, 0xF737, 0xF737, 0xFF16, 0xF6B3, 0xEE10, 0xE5EE, 0xDD2A, 0xCCE9, 0xDD69, 0xE566, 0xDCE6, 0xE507, 0xE507, 0xD485,
  0xC402, 0xAB40, 0xAB40, 0xAB40, 0xAB41, 0xAB41, 0xA301, 0xAB41, 0xA302, 0xA301, 0xAB41, 0xA302, 0xA302, 0xAB41, 0xA302, 0xAB42,
  0xA302, 0xAB42, 0xA302, 0xAB42, 0xA302, 0xA302, 0xAB42, 0xA302, 0xAB43, 0xA323, 0xAB43, 0xA323, 0xB3E5, 0xBC25, 0xCCE9, 0xDD2A,
  0xDD2A, 0xDD2A, 0xCCEB, 0xDD8D, 0xE5D0, 0xF692, 0xF6B3, 0xFF14, 0xFF15, 0xFF16, 0xFF37, 0xFF37, 0xF737, 0xF737, 0xF737, 0xF738,
  0xF738, 0xF738, 0xF737, 0xEF37, 0xEF37, 0xEF37, 0xF737, 0xF758, 0xEF37, 0xF758, 0xF738, 0xF758, 0xF758, 0xF758, 0xF758, 0xEF37,
  0xFF37, 0xFF37, 0xFF16, 0xFED5, 0xEE71, 0xEE10, 0xDD8D, 0xE5AB, 0xE5AB, 0xE58A, 0xE589, 0xE589, 0xE589, 0xED88, 0xED88, 0xED86,
  0xED88, 0xED86, 0xED86, 0xED86, 0xED86, 0xED86, 0xED86, 0xED86, 0xED86, 0xED86, 0xED86, 0xED86, 0xED86, 0xED86, 0xED86, 0xE567,
  0xE589, 0x9BE5, 0x1000, 0x0001, 0x0001, 0x0001, 0x0001, 0x0001, 0x0001, 0x0001, 0x0001, 0x0001, 0x0001, 0x0001, 0x0027, 0x1170,
  0x1170, 0x004A, 0x0002, 0x0001, 0x0001, 0x0001, 0x0001, 0x0001, 0x0001, 0x0001, 0x0001, 0x0001, 0x0001, 0x0800, 0x9B87, 0xD54B,
  0xDD2A, 0xE528, 0xE5AB, 0xB427, 0x3060, 0x2020, 0x9C2B, 0xFF14, 0xFEF2, 0x7AC3, 0x08E1, 0x9BE5, 0xEF0E, 0xEF0E, 0xEEEB, 0x41A1,
  0x41A1, 0xB46A, 0x5A22, 0x0060, 0x5A43, 0xD5EE, 0xFF14, 0xD5F4, 0x5160, 0x1000, 0x4120, 0x9303, 0xAB43, 0xA323, 0xA302, 0xA302,
  0xA302, 0xA302, 0xA302, 0xA302, 0xA302, 0xAB42, 0xA302, 0xAB42, 0xAB42, 0xAB42, 0xAB41, 0xAB43, 0xB383, 0xD485, 0xE528, 0xE507,
  0xE507, 0xE507, 0xE507, 0xE528, 0xE507, 0xE528, 0xDD2A, 0xE58A, 0xDD8D, 0xE5EE, 0xF692, 0xFED5, 0xFF16, 0xFF37, 0xFF37, 0xF738,
  0xF738, 0xF738, 0xF738, 0xF758, 0xF758, 0xF738, 0xF758, 0xF737, 0xFF37, 0xFF37, 0xFF37, 0xFF37, 0xFF37, 0xFF37, 0xF737, 0xF737,
  0xF737, 0xEF37, 0xFF37, 0xF737, 0xF758, 0xF758, 0xF758, 0xF737, 0xF737, 0xEF37, 0xF737, 0xEF37, 0xF737, 0xF738, 0xF737, 0xEF37,
  0xF737, 0xF737, 0xFF37, 0xFF16, 0xFED4, 0xE631, 0xE5EE, 0xCD8B, 0xDD2A, 0xDD69, 0xE566, 0xE567, 0xDCE6, 0xE505, 0xDCE5, 0xD444,
  0xBBC1, 0xAB40, 0xAB40, 0xAB41, 0xAB41, 0xA300, 0xA302, 0xAB00, 0xAB41, 0xA302, 0xA301, 0xAB41, 0xA301, 0xAB42, 0xA302, 0xA302,
  0xAB42, 0xAB42, 0xAB42, 0xAB42, 0xAB42, 0xAB42, 0xAB42, 0xA302, 0xA302, 0xAB42, 0xAB42, 0xB383, 0xB383, 0xCC65, 0xDD2A, 0xDD2A,
  0xDD69, 0xDD2A, 0xDDAB, 0xDDAB, 0xD54B, 0xDD8D, 0xEE10, 0xF692, 0xF692, 0xFED4, 0xFF15, 0xFF16, 0xFF37, 0xFF37, 0xFF37, 0xF737,
  0xF737, 0xF737, 0xF737, 0xEF37, 0xEF37, 0xEF37, 0xEF37, 0xF738, 0xF758, 0xF738, 0xF758, 0xF738, 0xF758, 0xF758, 0xF737, 0xFF37,
  0xFF16, 0xFF15, 0xFED4, 0xF692, 0xEE10, 0xE5AB, 0xDDAB, 0xE5AB, 0xE589, 0xE589, 0xE589, 0xE589, 0xED88, 0xED88, 0xED88, 0xED86,
  0xED86, 0xED86, 0xED86, 0xED86, 0xED86, 0xED86, 0xED86, 0xED86, 0xED86, 0xED86, 0xED86, 0xED86, 0xED86, 0xED86, 0xED86, 0xE567,
  0xE5AB, 0x9303, 0x0001, 0x0001, 0x0001, 0x0001, 0x0001, 0x0001, 0x0001, 0x0001, 0x0001, 0x0001, 0x0001, 0x0002, 0x004A, 0x1193,
  0x1193, 0x004A, 0x0002, 0x0001, 0x0001, 0x0001, 0x0001, 0x0001, 0x0001, 0x0001, 0x0001, 0x0001, 0x0001, 0x0800, 0x7AC3, 0xCCEB,
  0xE528, 0xDD2A, 0xCD8B, 0x5160, 0x0800, 0x7AC3, 0xFF14, 0xFF15, 0xB4EB, 0x08E1, 0x7AA1, 0xEF0E, 0xEEEB, 0xEEEB, 0x7AC3, 0x08E1,
  0x5A43, 0xD5EE, 0xC675, 0x9303, 0x08E1, 0x7AC3, 0xCDF1, 0x9BE8, 0x1000, 0x2020, 0x6A42, 0x9B87, 0xA323, 0xA323, 0xA302, 0xA302,
  0xA302, 0xA302, 0xA301, 0xA302, 0xA302, 0xA302, 0xAB42, 0xA302, 0xAB42, 0xAB43, 0xAB41, 0xB382, 0xCC65, 0xE528, 0xE528, 0xE507,
  0xE507, 0xE507, 0xE507, 0xE507, 0xE528, 0xE528, 0xE528, 0xE58A, 0xDD2A, 0xDD8D, 0xDD8D, 0xE631, 0xFED4, 0xFF16, 0xFF37, 0xFF37,
  0xFF79, 0xF737, 0xF758, 0xF739, 0xF738, 0xF758, 0xF738, 0xF737, 0xF737, 0xFF37, 0xFF37, 0xF737, 0xF737, 0xF737, 0xF737, 0xF737,
  0xF737, 0xF737, 0xF737, 0xF737, 0xEF37, 0xEF37, 0xF758, 0xEF37, 0xF738, 0xF737, 0xF737, 0xEF37, 0xF737, 0xF737, 0xF737, 0xF737,
  0xF737, 0xFF37, 0xFF16, 0xFF15, 0xEE71, 0xE5D0, 0xDDAB, 0xDDAB, 0xED88, 0xE567, 0xDCE6, 0xDCA4, 0xE505, 0xE507, 0xDCA4, 0xC402,
  0xB382, 0xAB40, 0xAB41, 0xAB41, 0xAB40, 0xAB41, 0xA300, 0xA301, 0xA302, 0xAB00, 0xA301, 0xA301, 0xA302, 0xA301, 0xAB43, 0xAB21,
  0xAB42, 0xAB42, 0xAB42, 0xA302, 0xA302, 0xAB21, 0xAB42, 0xAB21, 0xAB42, 0xAB42, 0xAB42, 0xB383, 0xC404, 0xD485, 0xDCE6, 0xE507,
  0xE528, 0xE568, 0xDD69, 0xD54B, 0xE58A, 0xDD8D, 0xE5AB, 0xE5EE, 0xE5EE, 0xEE10, 0xEE71, 0xF6B3, 0xFF15, 0xFF16, 0xFF37, 0xFF37,
  0xFF37, 0xF737, 0xF737, 0xEF37, 0xEF37, 0xEF37, 0xEF37, 0xEF37, 0xF737, 0xF758, 0xF758, 0xF758, 0xF758, 0xFF37, 0xFF37, 0xFF16,
  0xFED4, 0xE631, 0xEE10, 0xE5EE, 0xE5AB, 0xE5AB, 0xE589, 0xE589, 0xE589, 0xE589, 0xE567, 0xED88, 0xED88, 0xED86, 0xED88, 0xED86,
  0xED86, 0xED86, 0xED86, 0xED86, 0xED86, 0xED86, 0xED86, 0xED86, 0xED86, 0xED86, 0xED86, 0xED86, 0xED86, 0xED86, 0xED86, 0xE589,
  0xE5AB, 0x6A42, 0x0001, 0x0800, 0x0001, 0x0001, 0x0001, 0x0001, 0x0001, 0x0001, 0x0001, 0x0001, 0x0001, 0x0002, 0x004A, 0x19D7,
  0x19D7, 0x090D, 0x0002, 0x0001, 0x0001, 0x0001, 0x0001, 0x0001, 0x0001, 0x0001, 0x0001, 0x0001, 0x0800, 0x0001, 0x5160, 0xCCEB,
  0xDDAB, 0xD54B, 0x7AC3, 0x1000, 0x3060, 0xCD6E, 0xD5EE, 0xEE70, 0x7AA1, 0x08E1, 0xDD69, 0xEEEB, 0xEEEB, 0xCCE9, 0x08E1, 0x0060,
  0x28E0, 0x28E0, 0x7B06, 0xEF0E, 0xCDF1, 0xD5EE, 0xA550, 0x2080, 0x1000, 0x51C3, 0x9B87, 0xA323, 0xA323, 0xA323, 0xA302, 0xA302,
  0xA302, 0xA302, 0xA302, 0xA302, 0xA302, 0xA302, 0xA302, 0xAB42, 0xAB42, 0xAB42, 0xAB43, 0xC404, 0xDCE6, 0xE528, 0xE528, 0xE507,
  0xE507, 0xE507, 0xE507, 0xE507, 0xE507, 0xE528, 0xE528, 0xE528, 0xE58A, 0xD54B, 0xE5AB, 0xDD8D, 0xE5D0, 0xEE71, 0xFED4, 0xFF16,
  0xFF16, 0xFF37, 0xF738, 0xF758, 0xF738, 0xF738, 0xF737, 0xFF37, 0xFF37, 0xEF37, 0xEF37, 0xF737, 0xF737, 0xF758, 0xF737, 0xF758,
  0xEF37, 0xF737, 0xF737, 0xEF37, 0xF737, 0xEF37, 0xEF37, 0xEF37, 0xF737, 0xF737, 0xF737, 0xF738, 0xF737, 0xF737, 0xF737, 0xF737,
  0xFF37, 0xFF16, 0xFF16, 0xF6B3, 0xEE10, 0xE5EE, 0xDD8D, 0xE589, 0xED88, 0xE566, 0xE566, 0xE507, 0xE505, 0xE505, 0xD485, 0xC402,
  0xB380, 0xAB40, 0xAB40, 0xAB40, 0xAB41, 0xAB41, 0xA302, 0xAB00, 0xAB00, 0xA301, 0xA301, 0xA301, 0xAB21, 0xAB41, 0xA301, 0xAB43,
  0xAB21, 0xA301, 0xAB42, 0xAB21, 0xAB21, 0xAB21, 0xA301, 0xA301, 0xAB43, 0xAB41, 0xAB43, 0xBBC2, 0xD485, 0xE528, 0xE507, 0xE507,
  0xE507, 0xE528, 0xE528, 0xE568, 0xE58A, 0xE58A, 0xE5AB, 0xDD8D, 0xE5AB, 0xE5AB, 0xDD8D, 0xEE10, 0xE631, 0xFED4, 0xFF15, 0xFF16,
  0xFF16, 0xFF16, 0xF737, 0xF737, 0xF737, 0xF737, 0xF737, 0xF737, 0xF737, 0xF737, 0xFF37, 0xFF37, 0xFF37, 0xFF16, 0xFF16, 0xFF14,
  0xEE10, 0xE5EE, 0xDDAB, 0xE5AB, 0xE58A, 0xE589, 0xE589, 0xE589, 0xE567, 0xED88, 0xED88, 0xED86, 0xED88, 0xED86, 0xED88, 0xED86,
  0xED86, 0xED86, 0xED86, 0xED86, 0xED86, 0xED86, 0xED86, 0xED86, 0xED86, 0xED86, 0xED86, 0xED86, 0xED86, 0xED86, 0xED86, 0xE589,
  0xDD8D, 0x41A1, 0x0800, 0x0001, 0x0001, 0x0001, 0x0001, 0x0001, 0x0001, 0x0001, 0x0001, 0x0001, 0x0001, 0x0002, 0x006D, 0x19D7,
  0x19D7, 0x00D1, 0x0004, 0x0001, 0x0001, 0x0001, 0x0001, 0x0001, 0x0001, 0x0001, 0x0001, 0x0001, 0x0001, 0x0001, 0x3060, 0xB46A,
  0xDD8D, 0xB46A, 0x3060, 0x0800, 0x9C2B, 0xEEF6, 0x7AC3, 0x08E1, 0x0060, 0xCCE9, 0xEEEB, 0xEEC8, 0xEEEB, 0xEEC6, 0xA3E2, 0x9BE8,
  0xD5EE, 0x7AC3, 0x08E1, 0x9BE8, 0xFF14, 0xEE71, 0x5A43, 0x0001, 0x3100, 0x9346, 0x9B65, 0x9303, 0xA323, 0xA302, 0xA302, 0xA302,
  0xA301, 0xA302, 0xA302, 0xA302, 0xA302, 0xA302, 0xA302, 0xA302, 0xAB43, 0xAB43, 0xB382, 0xD485, 0xE528, 0xE507, 0xE507, 0xE507,
  0xE507, 0xE507, 0xE507, 0xE507, 0xE507, 0xE528, 0xE528, 0xE528, 0xE528, 0xE58A, 0xDD2A, 0xD54B, 0xD54B, 0xDD8D, 0xE631, 0xF6B3,
  0xFED4, 0xFF37, 0xFF37, 0xFF18, 0xFF37, 0xF737, 0xFF37, 0xFF37, 0xFF37, 0xFF37, 0xEF37, 0xF737, 0xF737, 0xF737, 0xEF37, 0xF738,
  0xF758, 0xF737, 0xF737, 0xEF37, 0xF737, 0xF738, 0xF737, 0xF738, 0xF737, 0xEF37, 0xF737, 0xF738, 0xF737, 0xF737, 0xF737, 0xFF37,
  0xFF37, 0xFF16, 0xEE93, 0xE5D0, 0xE5EE, 0xE5EE, 0xE58A, 0xE589, 0xE567, 0xED86, 0xE545, 0xE545, 0xE507, 0xE505, 0xDCE6, 0xD444,
  0xC402, 0xB382, 0xAB40, 0xAB40, 0xAB41, 0xAB41, 0xAB00, 0xA301, 0xA301, 0xA301, 0xAB21, 0xAB21, 0xA301, 0xAB43, 0xAB21, 0xAB21,
  0xAB42, 0xAB42, 0xAB21, 0xA302, 0xAB21, 0xAB21, 0xAB21, 0xAB41, 0xAB21, 0xAB41, 0xB382, 0xC404, 0xDCE6, 0xE507, 0xE507, 0xE507,
  0xE567, 0xE567, 0xE568, 0xE568, 0xE568, 0xE589, 0xE58A, 0xE58A, 0xE5AB, 0xDDAB, 0xDD8D, 0xDDAB, 0xDD8D, 0xEE10, 0xF692, 0xFED4,
  0xFED4, 0xFF14, 0xF716, 0xF716, 0xF716, 0xF737, 0xF737, 0xF737, 0xFF16, 0xFF16, 0xFF16, 0xFF16, 0xFF16, 0xFF15, 0xFF14, 0xEE71,
  0xE5EE, 0xE5AB, 0xE58A, 0xE589, 0xE589, 0xE589, 0xE567, 0xED88, 0xED88, 0xED86, 0xED88, 0xED86, 0xED86, 0xED86, 0xED86, 0xED86,
  0xED86, 0xED86, 0xED86, 0xED86, 0xED86, 0xED86, 0xED86, 0xED86, 0xED86, 0xED86, 0xED86, 0xED86, 0xED86, 0xED86, 0xED86, 0xED88,
  0xB4EB, 0x2080, 0x0800, 0x0001, 0x0001, 0x0001, 0x0001, 0x0001, 0x0001, 0x0001, 0x0001, 0x0001, 0x0001, 0x0002, 0x00D1, 0x19D7,
  0x11DA, 0x1193, 0x0004, 0x0001, 0x0001, 0x0001, 0x0001, 0x0001, 0x0001, 0x0001, 0x0001, 0x0001, 0x0001, 0x0800, 0x2020, 0x9B87,
  0xB46A, 0x5160, 0x0800, 0x51C3, 0xEE93, 0xF758, 0xB46A, 0x28E0, 0x0001, 0x5A00, 0xEEC8, 0xEEEB, 0xEEEB, 0xEEC8, 0xEEEB, 0xEF0E,
  0xEF0E, 0xEF0E, 0x08E1, 0x5A43, 0xFF14, 0x840B, 0x1860, 0x2020, 0x6A42, 0x9B87, 0x9303, 0xA323, 0x9AE1, 0xA302, 0xA302, 0xA301,
  0xA301, 0xA301, 0xA302, 0xA302, 0xA302, 0xA302, 0xA302, 0xAB42, 0xAB41, 0xB382, 0xCC65, 0xE507, 0xE528, 0xE507, 0xE507, 0xE507,
  0xE507, 0xE507, 0xE507, 0xE507, 0xE507, 0xE507, 0xE528, 0xE528, 0xE528, 0xE528, 0xE528, 0xDD2A, 0xD54B, 0xD54B, 0xDD8D, 0xE5D0,
  0xEE10, 0xF6B3, 0xFF15, 0xFF16, 0xFF37, 0xFF37, 0xFF37, 0xFF37, 0xF738, 0xF738, 0xEF37, 0xF737, 0xF738, 0xF738, 0xF758, 0xF737,
  0xF738, 0xF738, 0xF737, 0xF737, 0xF737, 0xF758, 0xF738, 0xF738, 0xF737, 0xF737, 0xF737, 0xF738, 0xEF37, 0xF737, 0xFF37, 0xFF37,
  0xFF16, 0xEE93, 0xE5D0, 0xE5EE, 0xDD8D, 0xE58A, 0xE58A, 0xE589, 0xE567, 0xED86, 0xE566, 0xE566, 0xE566, 0xE507, 0xE505, 0xDCE6,
  0xD444, 0xCC22, 0xBBC1, 0xAB41, 0xAB40, 0xAB40, 0xAB41, 0xAB00, 0xAB00, 0xAB41, 0xA301, 0xAB21, 0xAB21, 0xAB21, 0xAB21, 0xAB21,
  0xAB21, 0xA301, 0xAB21, 0xAB21, 0xAB21, 0xAB21, 0xAB21, 0xAB21, 0xAB41, 0xB382, 0xBBC2, 0xD485, 0xE506, 0xE507, 0xE507, 0xE506,
  0xE528, 0xE566, 0xE568, 0xE568, 0xE568, 0xE568, 0xE589, 0xE589, 0xE589, 0xE58A, 0xE58A, 0xE5AB, 0xE5AB, 0xE5AB, 0xD5EE, 0xE5EE,
  0xEE10, 0xEE71, 0xEE71, 0xFF14, 0xFF14, 0xFF15, 0xFF15, 0xFF15, 0xFF15, 0xFF15, 0xFF15, 0xFF14, 0xFED4, 0xFEF2, 0xEE10, 0xE5EE,
  0xE5AB, 0xE58A, 0xE589, 0xE589, 0xE567, 0xE567, 0xE567, 0xED88, 0xED86, 0xED88, 0xED86, 0xED88, 0xED86, 0xED88, 0xED88, 0xED86,
  0xED86, 0xED86, 0xED86, 0xED86, 0xED86, 0xED86, 0xED86, 0xED86, 0xED86, 0xED86, 0xED86, 0xED86, 0xED86, 0xED86, 0xED86, 0xDD69,
  0x9BE8, 0x0060, 0x0001, 0x0001, 0x0001, 0x0001, 0x0001, 0x0001, 0x0001, 0x0001, 0x0001, 0x0001, 0x0001, 0x0004, 0x00D1, 0x11DA,
  0x09DC, 0x1193, 0x0027, 0x0001, 0x0001, 0x0001, 0x0001, 0x0001, 0x0001, 0x0001, 0x0001, 0x0001, 0x0001, 0x0800, 0x1000, 0x9346,
  0xB46A, 0x4120, 0x1000, 0x2080, 0x7349, 0xCDF1, 0xF758, 0xEE71, 0x9BE5, 0x5A22, 0xEEC8, 0xD4E7, 0xA3E2, 0xEEC6, 0xEEEB, 0xEEEB,
  0xEF0E, 0xEF0E, 0x08E1, 0x7AC3, 0xEE71, 0x28E0, 0x0800, 0x4120, 0x9346, 0x9303, 0x9303, 0x9AE1, 0xA323, 0xA302, 0xA302, 0xA301,
  0xA301, 0xA301, 0xA301, 0xA302, 0xA302, 0xA302, 0xA302, 0xAB42, 0xAB43, 0xC402, 0xCC87, 0xE528, 0xE507, 0xE507, 0xE507, 0xE507,
  0xE507, 0xE507, 0xE507, 0xE507, 0xE507, 0xE507, 0xE528, 0xE528, 0xE507, 0xE528, 0xE528, 0xE528, 0xE528, 0xDD2A, 0xD54B, 0xE5AB,
  0xD54B, 0xE5D0, 0xE631, 0xFF14, 0xFF16, 0xFF37, 0xFF37, 0xF758, 0xF737, 0xFF18, 0xF758, 0xF738, 0xF758, 0xF738, 0xF758, 0xF738,
  0xF737, 0xF737, 0xF737, 0xF738, 0xEF37, 0xF737, 0xF738, 0xF738, 0xF738, 0xF738, 0xF758, 0xEF37, 0xF737, 0xF737, 0xF737, 0xFF37,
  0xFED4, 0xEE10, 0xE5EE, 0xDD8D, 0xE5AB, 0xE58A, 0xE589, 0xED88, 0xED88, 0xED86, 0xE566, 0xE566, 0xE566, 0xE507, 0xE507, 0xE505,
  0xE507, 0xE505, 0xCC65, 0xC402, 0xB382, 0xAB40, 0xAB41, 0xAB41, 0xAB00, 0xA301, 0xB320, 0xA301, 0xAB21, 0xAB21, 0xAB21, 0xA301,
  0xAB21, 0xAB21, 0xAB21, 0xAB21, 0xAB21, 0xB320, 0xA301, 0xAB00, 0xAB40, 0xB382, 0xD444, 0xE507, 0xE507, 0xE507, 0xE506, 0xE505,
  0xE566, 0xE567, 0xED87, 0xED88, 0xED88, 0xED88, 0xE568, 0xE589, 0xE568, 0xE589, 0xE589, 0xE58A, 0xE58A, 0xDDAB, 0xE5AB, 0xDDAB,
  0xDD8D, 0xDD8D, 0xE5EE, 0xEE10, 0xEE71, 0xFEF2, 0xFF14, 0xFF14, 0xFF14, 0xEE71, 0xFEF2, 0xF692, 0xEE71, 0xE5EE, 0xE5EE, 0xE5AB,
  0xE589, 0xE589, 0xE589, 0xE567, 0xED88, 0xED88, 0xED88, 0xED86, 0xED88, 0xED86, 0xED86, 0xED86, 0xED88, 0xED86, 0xED86, 0xED86,
  0xED86, 0xED86, 0xED86, 0xED86, 0xED86, 0xED86, 0xED86, 0xED86, 0xED86, 0xED86, 0xED86, 0xED86, 0xED86, 0xED86, 0xE567, 0xE5AB,
  0x7B06, 0x0001, 0x0001, 0x0001, 0x0001, 0x0001, 0x0001, 0x0001, 0x0001, 0x0001, 0x0001, 0x0001, 0x0001, 0x0027, 0x1193, 0x11DA,
  0x09DC, 0x0177, 0x004A, 0x0002, 0x0001, 0x0001, 0x0001, 0x0001, 0x0001, 0x0001, 0x0001, 0x0001, 0x0001, 0x0800, 0x1000, 0x51C3,
  0xC50D, 0xB46A, 0x5160, 0x0800, 0x0800, 0x41A1, 0xB4EB, 0xEEF6, 0xFEF2, 0xEF0E, 0xEEEB, 0xA3E2, 0x29C4, 0xEEE4, 0xEEEB, 0xEF0E,
  0xEF0E, 0x7AC3, 0x28E0, 0xB5B1, 0x7B06, 0x0001, 0x3060, 0x7B06, 0x9346, 0xA323, 0xA323, 0xA302, 0xA302, 0xA302, 0xA302, 0xA301,
  0xA301, 0xA301, 0xA301, 0xA302, 0xA301, 0xA301, 0xA301, 0xA301, 0xAB43, 0xD444, 0xCC87, 0xE507, 0xE507, 0xE507, 0xE507, 0xE507,
  0xE507, 0xE507, 0xE507, 0xE507, 0xE507, 0xE507, 0xE507, 0xE507, 0xE507, 0xE507, 0xE528, 0xE528, 0xE528, 0xE528, 0xE568, 0xDDAB,
  0xDDAB, 0xD54B, 0xDD8D, 0xEE10, 0xF6B3, 0xF716, 0xFF16, 0xFF79, 0xF737, 0xF737, 0xEF37, 0xF758, 0xF738, 0xEF37, 0xEF37, 0xF737,
  0xF737, 0xF737, 0xF737, 0xF737, 0xF738, 0xF737, 0xF738, 0xF738, 0xF737, 0xF737, 0xEF37, 0xF737, 0xF737, 0xF737, 0xFF37, 0xFF16,
  0xEE71, 0xE5D0, 0xE5EE, 0xE5AB, 0xE58A, 0xE589, 0xE589, 0xED88, 0xED86, 0xED86, 0xE566, 0xE566, 0xE566, 0xE566, 0xE507, 0xE505,
  0xE566, 0xDCE6, 0xDCE6, 0xD4E7, 0xD444, 0xBBC2, 0xB382, 0xA300, 0xAB40, 0xAB41, 0xAB00, 0xA301, 0xAB21, 0xAB21, 0xAB21, 0xA301,
  0xAB21, 0xAB21, 0xA301, 0xA301, 0xB320, 0xAB41, 0xB320, 0xAB00, 0xAB00, 0xB382, 0xD485, 0xE507, 0xE507, 0xE505, 0xE507, 0xE566,
  0xE566, 0xE566, 0xE568, 0xED87, 0xED87, 0xE568, 0xE566, 0xED88, 0xE589, 0xE589, 0xE589, 0xE589, 0xE589, 0xE58A, 0xE58A, 0xE5AB,
  0xE58A, 0xE5AB, 0xDDAB, 0xDDAB, 0xE5EE, 0xDDAB, 0xE5EE, 0xE5EE, 0xDDAB, 0xDD8D, 0xE5AB, 0xE5AB, 0xE5AB, 0xE5AB, 0xE58A, 0xE58A,
  0xED88, 0xE589, 0xE567, 0xED88, 0xED86, 0xED86, 0xED88, 0xE567, 0xED88, 0xED86, 0xED86, 0xED88, 0xED86, 0xED86, 0xED86, 0xED86,
  0xED86, 0xED86, 0xED86, 0xED86, 0xED86, 0xED86, 0xED86, 0xED86, 0xED86, 0xED86, 0xED86, 0xED86, 0xED86, 0xED86, 0xE567, 0xDDAB,
  0x41A1, 0x0001, 0x0001, 0x0001, 0x0001, 0x0001, 0x0001, 0x0001, 0x0001, 0x0001, 0x0001, 0x0001, 0x0001, 0x004A, 0x19D7, 0x09DC,
  0x0000, 0x11DA, 0x004A, 0x0002, 0x0001, 0x0001, 0x0001, 0x0001, 0x0001, 0x0001, 0x0001, 0x0001, 0x0001, 0x0001, 0x0800, 0x4120,
  0xCD6E, 0xD54B, 0xB427, 0x7AC3, 0x5160, 0x0800, 0x1860, 0x7B06, 0xB4EB, 0xEF0E, 0xEF0E, 0xEEEB, 0x08E1, 0x29C4, 0xA3E2, 0xEEC6,
  0x4A24, 0x08E1, 0x9BE8, 0xA550, 0x1000, 0x1000, 0x6A42, 0x9B87, 0x9B65, 0xA323, 0xA302, 0xA302, 0xA302, 0xA300, 0xA300, 0xA301,
  0xA301, 0xA301, 0xA301, 0xA302, 0xA301, 0xA302, 0xA301, 0xAB41, 0xB382, 0xCC65, 0xE528, 0xE528, 0xE507, 0xE507, 0xE506, 0xE507,
  0xE507, 0xE507, 0xE507, 0xE507, 0xE507, 0xE507, 0xE507, 0xE507, 0xE507, 0xE507, 0xE507, 0xE507, 0xE528, 0xE528, 0xE528, 0xE528,
  0xE528, 0xDD2A, 0xDD2A, 0xD54B, 0xE5D0, 0xEE71, 0xFF37, 0xF737, 0xF737, 0xFF37, 0xF758, 0xEF37, 0xF737, 0xF737, 0xF737, 0xEF37,
  0xF737, 0xF738, 0xF737, 0xF738, 0xF737, 0xF738, 0xF738, 0xF737, 0xF737, 0xEF37, 0xF737, 0xF737, 0xF737, 0xFF37, 0xFF16, 0xF6B3,
  0xEE10, 0xDD8D, 0xE5AB, 0xE58A, 0xE589, 0xE589, 0xED88, 0xED88, 0xED88, 0xED86, 0xED88, 0xE566, 0xE567, 0xE566, 0xE566, 0xDCE6,
  0xE566, 0xDCE6, 0xE566, 0xDCE6, 0xDCE6, 0xDCE5, 0xC404, 0xBBC2, 0xB382, 0xAB40, 0xAB41, 0xAB41, 0xAB21, 0xAB21, 0xAB21, 0xAB21,
  0xAB21, 0xB320, 0xAB21, 0xAB00, 0xAB00, 0xB340, 0xB340, 0xAB41, 0xB382, 0xD444, 0xDCE5, 0xE528, 0xE505, 0xE505, 0xE566, 0xE566,
  0xE566, 0xE566, 0xED87, 0xED87, 0xED87, 0xED88, 0xE589, 0xED88, 0xED88, 0xED88, 0xE567, 0xE589, 0xE589, 0xED88, 0xE589, 0xE589,
  0xE589, 0xE589, 0xE589, 0xE58A, 0xE58A, 0xE58A, 0xE58A, 0xE58A, 0xE58A, 0xE58A, 0xE58A, 0xE58A, 0xE589, 0xE589, 0xE589, 0xED88,
  0xED88, 0xED88, 0xE567, 0xED88, 0xED88, 0xED86, 0xED88, 0xED88, 0xED86, 0xED88, 0xED86, 0xED86, 0xED88, 0xED86, 0xED86, 0xED86,
  0xED86, 0xED86, 0xED86, 0xED86, 0xED86, 0xED86, 0xED86, 0xED86, 0xED86, 0xED86, 0xED86, 0xED86, 0xED86, 0xED88, 0xE589, 0xCCE9,
  0x2080, 0x0001, 0x0001, 0x0001, 0x0001, 0x0001, 0x0001, 0x0001, 0x0001, 0x0001, 0x0001, 0x0001, 0x0002, 0x090D, 0x11DA, 0x09DC,
  0x0000, 0x11DA, 0x090D, 0x0004, 0x0001, 0x0001, 0x0001, 0x0001, 0x0001, 0x0001, 0x0001, 0x0001, 0x0001, 0x0001, 0x1000, 0x1000,
  0xB46A, 0xDD8D, 0xE5EE, 0xD54B, 0xB46A, 0x6A42, 0x2080, 0x0800, 0x28E0, 0x7349, 0xEF0E, 0xEF0E, 0xB4EB, 0x29C4, 0x08E1, 0x08E1,
  0x08E1, 0x9BE5, 0xC675, 0x5160, 0x1000, 0x5160, 0x9B87, 0x9303, 0xA323, 0xA323, 0xA302, 0xA302, 0xA301, 0xA302, 0xA302, 0xAAE0,
  0xA301, 0xA301, 0xA302, 0xA301, 0xA301, 0xA301, 0xAB41, 0xB382, 0xC404, 0xE507, 0xE528, 0xE506, 0xE507, 0xE506, 0xE507, 0xE507,
  0xE507, 0xE505, 0xE507, 0xE505, 0xE507, 0xE507, 0xE507, 0xE507, 0xE507, 0xE507, 0xE507, 0xE528, 0xE528, 0xE528, 0xE528, 0xE528,
  0xE528, 0xDD2A, 0xDD2A, 0xD54B, 0xE5D0, 0xEE71, 0xFF37, 0xF737, 0xF758, 0xF758, 0xF737, 0xF737, 0xF737, 0xF737, 0xF737, 0xF737,
  0xF737, 0xF737, 0xF758, 0xF737, 0xF737, 0xF737, 0xF738, 0xF738, 0xF737, 0xF737, 0xF737, 0xF737, 0xF737, 0xFF16, 0xFF15, 0xE631,
  0xDD8D, 0xE5AB, 0xE5AB, 0xE589, 0xE589, 0xE589, 0xED88, 0xED86, 0xED88, 0xED86, 0xED88, 0xED86, 0xED88, 0xED88, 0xE566, 0xE566,
  0xE567, 0xE566, 0xE566, 0xDCE6, 0xDCE6, 0xDCE6, 0xDCE6, 0xDCE5, 0xC404, 0xBBC2, 0xB340, 0xAB41, 0xB340, 0xAB00, 0xA301, 0xAB41,
  0xAB00, 0xA301, 0xAB00, 0xAB00, 0xAB00, 0xB382, 0xB382, 0xC402, 0xD485, 0xE506, 0xE506, 0xE505, 0xE506, 0xE566, 0xE566, 0xE566,
  0xE567, 0xE566, 0xED87, 0xED87, 0xED88, 0xED88, 0xED87, 0xED88, 0xED87, 0xED86, 0xED88, 0xED88, 0xED88, 0xE589, 0xED88, 0xED88,
  0xED88, 0xED88, 0xED88, 0xE589, 0xE589, 0xE589, 0xE589, 0xE589, 0xE589, 0xE589, 0xE589, 0xE589, 0xE589, 0xED88, 0xED88, 0xED88,
  0xED88, 0xE567, 0xED88, 0xED86, 0xED88, 0xED86, 0xED86, 0xED88, 0xED88, 0xED86, 0xED86, 0xED86, 0xED86, 0xED86, 0xED86, 0xED88,
  0xED86, 0xED86, 0xED88, 0xED86, 0xED86, 0xED86, 0xED86, 0xED86, 0xED86, 0xED86, 0xED88, 0xED86, 0xED87, 0xED86, 0xE589, 0x9BE8,
  0x2020, 0x0001, 0x0001, 0x0001, 0x0001, 0x0001, 0x0001, 0x0001, 0x0001, 0x0001, 0x0001, 0x0001, 0x0004, 0x1170, 0x11DA, 0x0000,
  0x0000, 0x09DC, 0x1193, 0x0004, 0x0001, 0x0001, 0x0001, 0x0001, 0x0001, 0x0001, 0x0001, 0x0001, 0x0001, 0x0001, 0x0800, 0x1000,
  0x9346, 0xDDAB, 0xDD2A, 0xCCE9, 0xCD8B, 0xD54B, 0x9BE8, 0x4120, 0x1000, 0x0060, 0x41A1, 0xB4EB, 0xC675, 0xEF0E, 0x9BE8, 0x9BE5,
  0x9D70, 0xEE93, 0x7B69, 0x1000, 0x3060, 0x7B06, 0xB427, 0xA323, 0xA302, 0xA302, 0xA302, 0xAAE0, 0xA302, 0xA302, 0xA302, 0xA302,
  0xA302, 0xA302, 0xA301, 0xA302, 0xA301, 0xA301, 0xAB43, 0xD444, 0xCC87, 0xE528, 0xE507, 0xE507, 0xE506, 0xE507, 0xE507, 0xE507,
  0xE507, 0xE505, 0xE506, 0xE507, 0xE507, 0xE507, 0xE507, 0xE507, 0xE507, 0xE507, 0xE507, 0xE506, 0xE566, 0xE528, 0xE528, 0xE528,
  0xE507, 0xE528, 0xDD2A, 0xDD8D, 0xEE70, 0xFED5, 0xF737, 0xF758, 0xEF37, 0xEF37, 0xE758, 0xEF37, 0xF758, 0xF737, 0xF737, 0xF737,
  0xF737, 0xF737, 0xF737, 0xF737, 0xF738, 0xF758, 0xF758, 0xF738, 0xF737, 0xF737, 0xF737, 0xFF37, 0xFF37, 0xFED5, 0xE631, 0xE5EE,
  0xDDAB, 0xE5AB, 0xE589, 0xE589, 0xE589, 0xE589, 0xED88, 0xED88, 0xED88, 0xED88, 0xED88, 0xED88, 0xED88, 0xED88, 0xE567, 0xE567,
  0xE567, 0xE566, 0xE567, 0xDCE6, 0xE566, 0xDCE6, 0xE566, 0xDCE6, 0xDCE6, 0xD444, 0xC404, 0xBBC2, 0xB340, 0xAB40, 0xAB40, 0xAB00,
  0xA301, 0xB340, 0xAB00, 0xAB00, 0xB340, 0xBBC2, 0xC402, 0xD485, 0xE506, 0xE506, 0xE505, 0xE506, 0xE507, 0xE506, 0xE566, 0xE566,
  0xE566, 0xE566, 0xED88, 0xED87, 0xED88, 0xED86, 0xE567, 0xED88, 0xED88, 0xED87, 0xED88, 0xED86, 0xED88, 0xED86, 0xED88, 0xED86,
  0xED88, 0xED88, 0xED88, 0xED88, 0xED88, 0xED88, 0xED88, 0xE589, 0xED88, 0xE589, 0xED88, 0xED88, 0xED88, 0xED88, 0xED88, 0xED88,
  0xED88, 0xED88, 0xED86, 0xED88, 0xED88, 0xED86, 0xED86, 0xED88, 0xED86, 0xED88, 0xED86, 0xED88, 0xED86, 0xED88, 0xED86, 0xED86,
  0xED86, 0xED86, 0xED86, 0xED88, 0xED86, 0xED88, 0xED86, 0xED86, 0xED86, 0xED86, 0xED86, 0xED88, 0xED87, 0xED88, 0xE58A, 0x7AC3,
  0x0060, 0x0001, 0x0001, 0x0001, 0x0001, 0x0001, 0x0001, 0x0001, 0x0001, 0x0001, 0x0001, 0x0001, 0x0027, 0x1193, 0x09DC, 0x0000,
  0x0000, 0x09DC, 0x1193, 0x004A, 0x0002, 0x0001, 0x0001, 0x0001, 0x0001, 0x0001, 0x0001, 0x0001, 0x0001, 0x0001, 0x0800, 0x1000,
  0x5160, 0xD54B, 0xE58A, 0xE568, 0xDD2A, 0xDD2A, 0xD54B, 0x9BE5, 0x9B87, 0x3100, 0x0001, 0x1860, 0x5A00, 0xA550, 0xEEF6, 0xEE93,
  0xF758, 0xCDF1, 0x28E0, 0x1000, 0x5A01, 0x9303, 0x9303, 0xA323, 0xA302, 0xA302, 0xA302, 0xA302, 0xA301, 0xA302, 0xA301, 0xA301,
  0xA301, 0xA302, 0xA302, 0xA301, 0xA301, 0xAB41, 0xB382, 0xD485, 0xE528, 0xE528, 0xE506, 0xE506, 0xE507, 0xE507, 0xE507, 0xE505,
  0xE507, 0xE507, 0xE507, 0xE507, 0xE507, 0xE507, 0xE507, 0xE507, 0xE507, 0xE507, 0xE507, 0xE528, 0xE507, 0xE566, 0xE528, 0xE528,
  0xE528, 0xDD2A, 0xD54B, 0xEE10, 0xF6B3, 0xFF15, 0xF737, 0xF758, 0xF758, 0xEF37, 0xEF37, 0xF737, 0xF737, 0xF737, 0xF737, 0xF737,
  0xEF37, 0xF737, 0xF737, 0xF737, 0xF737, 0xEF37, 0xEF37, 0xEF37, 0xF737, 0xF737, 0xF737, 0xFF16, 0xFED5, 0xEE71, 0xEE10, 0xE5EE,
  0xE5AB, 0xE58A, 0xE589, 0xE589, 0xED88, 0xED88, 0xE589, 0xED88, 0xED88, 0xED88, 0xED88, 0xED86, 0xED88, 0xE567, 0xE567, 0xE567,
  0xE567, 0xE567, 0xE566, 0xE567, 0xE566, 0xDCE6, 0xDCE6, 0xE566, 0xDCE6, 0xDCE6, 0xE505, 0xD485, 0xC404, 0xB380, 0xAB40, 0xAB40,
  0xAB00, 0xAB00, 0xAB40, 0xAB40, 0xB340, 0xC402, 0xDCA4, 0xE506, 0xE506, 0xE506, 0xE506, 0xE506, 0xE505, 0xE566, 0xE566, 0xE566,
  0xE567, 0xED86, 0xED88, 0xED86, 0xED88, 0xED88, 0xED88, 0xED88, 0xED88, 0xED88, 0xED88, 0xED88, 0xED88, 0xED88, 0xED86, 0xED88,
  0xED88, 0xED88, 0xED88, 0xED88, 0xED88, 0xED86, 0xED88, 0xED88, 0xE589, 0xED88, 0xE589, 0xED88, 0xED88, 0xED88, 0xED88, 0xED88,
  0xED86, 0xED88, 0xED88, 0xED86, 0xED88, 0xED86, 0xED88, 0xED88, 0xED86, 0xED88, 0xED86, 0xED86, 0xED86, 0xED86, 0xED86, 0xED86,
  0xED86, 0xED86, 0xED86, 0xED86, 0xED86, 0xED86, 0xED88, 0xED88, 0xED86, 0xED88, 0xED87, 0xED86, 0xED87, 0xED88, 0xDDAB, 0x41A1,
  0x0800, 0x0001, 0x0001, 0x0001, 0x0001, 0x0001, 0x0001, 0x0001, 0x0001, 0x0001, 0x0001, 0x0002, 0x004A, 0x19D7, 0x09DC, 0x0000,
  0x0000, 0x09DC, 0x19D7, 0x006D, 0x0002, 0x0001, 0x0001, 0x0001, 0x0001, 0x0001, 0x0001, 0x0001, 0x0001, 0x0001, 0x0001, 0x1000,
  0x4120, 0xCC69, 0xDD2A, 0xE567, 0xE528, 0xDCE6, 0xCCE9, 0xD54B, 0xD54B, 0xB46A, 0x5A01, 0x1000, 0x0001, 0x3100, 0x9C2B, 0xFF14,
  0xEF37, 0x5A43, 0x0800, 0x3060, 0x7B06, 0x9B65, 0xA323, 0xA302, 0xA302, 0xA301, 0xA302, 0xA302, 0xA302, 0xA302, 0xA302, 0xA302,
  0xA302, 0xA302, 0xA301, 0xA301, 0xA301, 0xAB43, 0xC402, 0xE507, 0xE507, 0xE507, 0xE506, 0xE507, 0xE506, 0xE507, 0xE505, 0xE507,
  0xE507, 0xE507, 0xE507, 0xE505, 0xE507, 0xE505, 0xE507, 0xE505, 0xE507, 0xE507, 0xE507, 0xE506, 0xE507, 0xE528, 0xE528, 0xE528,
  0xE528, 0xD54B, 0xE5AB, 0xF692, 0xFED4, 0xFF37, 0xF737, 0xF758, 0xF758, 0xEF37, 0xF758, 0xEF37, 0xF758, 0xF737, 0xF758, 0xF737,
  0xEF37, 0xEF37, 0xF737, 0xEF37, 0xEF37, 0xEF37, 0xF737, 0xF738, 0xF737, 0xF737, 0xFF16, 0xFF15, 0xEE71, 0xEE10, 0xD5EE, 0xDD8D,
  0xE5AB, 0xE589, 0xE589, 0xED88, 0xED88, 0xE589, 0xED88, 0xE589, 0xED88, 0xED88, 0xED86, 0xED88, 0xED86, 0xE567, 0xE567, 0xE567,
  0xE567, 0xE567, 0xE566, 0xE566, 0xE567, 0xE566, 0xE567, 0xDCE6, 0xE507, 0xDCE6, 0xE507, 0xE507, 0xDCE5, 0xC404, 0xB382, 0xAB40,
  0xAB40, 0xAB40, 0xAB00, 0xAB40, 0xBBC1, 0xDCA4, 0xE506, 0xE506, 0xE505, 0xE505, 0xE505, 0xE545, 0xE566, 0xE566, 0xE566, 0xE566,
  0xED86, 0xED86, 0xED86, 0xED88, 0xED86, 0xED86, 0xED88, 0xED86, 0xED88, 0xED86, 0xED88, 0xED88, 0xED88, 0xED88, 0xED88, 0xED88,
  0xED88, 0xED86, 0xED88, 0xED86, 0xED88, 0xED86, 0xED86, 0xED88, 0xED88, 0xED88, 0xED88, 0xED86, 0xED88, 0xED88, 0xED86, 0xED88,
  0xED88, 0xED86, 0xED88, 0xED88, 0xED86, 0xED88, 0xED88, 0xED86, 0xED86, 0xED86, 0xED86, 0xED86, 0xED86, 0xED86, 0xED86, 0xED86,
  0xED86, 0xED86, 0xED88, 0xED86, 0xED88, 0xED86, 0xED86, 0xE566, 0xED88, 0xED86, 0xED86, 0xED87, 0xED86, 0xE589, 0xCCE9, 0x2080,
  0x0001, 0x0001, 0x0001, 0x0001, 0x0001, 0x0001, 0x0001, 0x0001, 0x0001, 0x0001, 0x0001, 0x0004, 0x006D, 0x11DA, 0x09DC, 0x0000,
  0x0000, 0x09DC, 0x11DA, 0x00D1, 0x0004, 0x0001, 0x0001, 0x0001, 0x0001, 0x0001, 0x0001, 0x0001, 0x0001, 0x0001, 0x0001, 0x1000,
  0x2020, 0x9B65, 0xCCE9, 0xE507, 0xE507, 0xDCE6, 0xDD08, 0xDD08, 0xDD2A, 0xD54B, 0xB46A, 0x6A42, 0x3060, 0x0060, 0x2020, 0x62E6,
  0x9BE8, 0x2080, 0x2020, 0x5A01, 0x9B65, 0x9303, 0xA323, 0xA301, 0xA302, 0xA302, 0xA302, 0xA302, 0xA302, 0xA302, 0xA302, 0xA302,
  0xA302, 0xA302, 0xA301, 0xA301, 0xAB41, 0xC402, 0xD485, 0xE507, 0xE507, 0xE507, 0xE506, 0xE507, 0xE506, 0xE507, 0xE507, 0xE505,
  0xE507, 0xE506, 0xE507, 0xE507, 0xE507, 0xE505, 0xE507, 0xE507, 0xE507, 0xE507, 0xE507, 0xE528, 0xE528, 0xE528, 0xE528, 0xE568,
  0xD54B, 0xE5EE, 0xE631, 0xFED4, 0xFF16, 0xFF37, 0xEF37, 0xF758, 0xEF37, 0xF737, 0xEF37, 0xEF37, 0xF758, 0xF737, 0xEF37, 0xF737,
  0xF737, 0xEF37, 0xEF37, 0xEF37, 0xEF37, 0xEF37, 0xF737, 0xF737, 0xFF37, 0xFF16, 0xFF16, 0xFED4, 0xEE10, 0xD5EE, 0xE58A, 0xE5AB,
  0xE589, 0xE589, 0xE589, 0xED88, 0xE589, 0xED88, 0xED88, 0xED88, 0xED88, 0xED88, 0xED88, 0xED88, 0xED88, 0xE567, 0xE567, 0xE567,
  0xE567, 0xED86, 0xE567, 0xE566, 0xE567, 0xE567, 0xE567, 0xE567, 0xE567, 0xE566, 0xDCE6, 0xE507, 0xE507, 0xDCE5, 0xD444, 0xBBC2,
  0xBBC1, 0xB380, 0xAB40, 0xB340, 0xC402, 0xDCC4, 0xE505, 0xE505, 0xE505, 0xE505, 0xE505, 0xE545, 0xE566, 0xE566, 0xE566, 0xE566,
  0xED86, 0xED88, 0xED86, 0xED86, 0xED88, 0xED86, 0xED88, 0xED86, 0xED86, 0xED88, 0xED88, 0xED86, 0xED88, 0xED88, 0xED86, 0xED88,
  0xED88, 0xED88, 0xED88, 0xED88, 0xED86, 0xED88, 0xED86, 0xED88, 0xED86, 0xED88, 0xED88, 0xED88, 0xED86, 0xED88, 0xED86, 0xED86,
  0xED88, 0xED86, 0xE567, 0xED86, 0xED88, 0xED86, 0xED86, 0xED88, 0xED86, 0xED86, 0xED86, 0xED86, 0xED86, 0xED86, 0xED86, 0xED86,
  0xED88, 0xED86, 0xED86, 0xED86, 0xED86, 0xED86, 0xED86, 0xED86, 0xED88, 0xED87, 0xED86, 0xED86, 0xED88, 0xE589, 0x9BE5, 0x1000,
  0x0001, 0x0001, 0x0001, 0x0001, 0x0001, 0x0001, 0x0001, 0x0001, 0x0001, 0x0001, 0x0001, 0x0004, 0x00D1, 0x09DC, 0x0000, 0x0000,
  0x0000, 0x09DC, 0x11DA, 0x1193, 0x0027, 0x0001, 0x0001, 0x0001, 0x0001, 0x0001, 0x0001, 0x0001, 0x0001, 0x0001, 0x0001, 0x0800,
  0x1000, 0x7AC3, 0xDD08, 0xE507, 0xDCE6, 0xDCE6, 0xDCE6, 0xDCE6, 0xDD08, 0xB427, 0xB386, 0x9346, 0x9346, 0x5160, 0x1000, 0x0001,
  0x1000, 0x1000, 0x5160, 0x9346, 0x9B65, 0xA323, 0xA302, 0xAB43, 0xA301, 0xA302, 0xA302, 0xA302, 0xA302, 0xA302, 0xA302, 0xA302,
  0xA302, 0xA301, 0xAB21, 0xAB21, 0xB383, 0xD485, 0xE507, 0xE507, 0xE506, 0xE506, 0xE506, 0xE507, 0xE506, 0xE507, 0xE505, 0xE507,
  0xE505, 0xE507, 0xE507, 0xE507, 0xE507, 0xE507, 0xE507, 0xE507, 0xE507, 0xE507, 0xE507, 0xE507, 0xE528, 0xE528, 0xE568, 0xE58A,
  0xE5AB, 0xEE10, 0xFED4, 0xFF16, 0xFF37, 0xFF37, 0xF737, 0xF737, 0xF737, 0xEF37, 0xF737, 0xF738, 0xF737, 0xF738, 0xF737, 0xEF37,
  0xEF37, 0xEF37, 0xF737, 0xEF37, 0xEF37, 0xEF37, 0xF737, 0xFF37, 0xFF16, 0xFF16, 0xFED4, 0xE631, 0xE5EE, 0xE5EE, 0xE5AB, 0xE58A,
  0xE589, 0xE589, 0xE567, 0xE589, 0xED88, 0xED88, 0xED88, 0xED88, 0xED88, 0xED88, 0xED88, 0xED88, 0xED86, 0xED88, 0xED86, 0xE567,
  0xE567, 0xE567, 0xE567, 0xE567, 0xED86, 0xE567, 0xE567, 0xE567, 0xE567, 0xE567, 0xE566, 0xE507, 0xE505, 0xDCE6, 0xDCE5, 0xDCE5,
  0xD444, 0xCC22, 0xBBC1, 0xC402, 0xDCA3, 0xE505, 0xE505, 0xE505, 0xE505, 0xE505, 0xE505, 0xE566, 0xE566, 0xE566, 0xED86, 0xED86,
  0xED86, 0xED88, 0xED86, 0xED86, 0xED86, 0xED86, 0xED86, 0xED88, 0xED86, 0xED86, 0xED88, 0xED88, 0xED88, 0xED86, 0xED88, 0xED88,
  0xED86, 0xED88, 0xED86, 0xED86, 0xED88, 0xED86, 0xED88, 0xED88, 0xED88, 0xED88, 0xED88, 0xED88, 0xED86, 0xED86, 0xED88, 0xED86,
  0xED86, 0xED88, 0xE567, 0xED88, 0xED86, 0xED88, 0xED86, 0xED86, 0xED86, 0xED86, 0xED86, 0xED88, 0xED86, 0xED86, 0xED88, 0xED86,
  0xED86, 0xED86, 0xED86, 0xED86, 0xED86, 0xED86, 0xED86, 0xED86, 0xED86, 0xED87, 0xED86, 0xE545, 0xED88, 0xDDAB, 0x7AC3, 0x0001,
  0x0800, 0x0001, 0x0001, 0x0001, 0x0001, 0x0001, 0x0001, 0x0001, 0x0001, 0x0001, 0x0001, 0x0027, 0x0177, 0x09DC, 0x0000, 0x0000,
  0x0000, 0x0000, 0x09DC, 0x0177, 0x0027, 0x0002, 0x0001, 0x0001, 0x0001, 0x0001, 0x0001, 0x0001, 0x0001, 0x0001, 0x0001, 0x0800,
  0x1000, 0x3060, 0xCC69, 0xDD08, 0xD4E7, 0xE507, 0xE528, 0xDCE6, 0xD4E7, 0xCC65, 0x9B65, 0xA323, 0x9346, 0x7AC3, 0x6A42, 0x4120,
  0x2020, 0x3060, 0x9303, 0x9346, 0x9303, 0xA302, 0xA302, 0xA302, 0xA302, 0xA302, 0xA302, 0xA302, 0xA302, 0xA301, 0xA302, 0xA302,
  0xA302, 0xA302, 0xAB21, 0xAB41, 0xC402, 0xD485, 0xE507, 0xE506, 0xE507, 0xE506, 0xDCE5, 0xE507, 0xE506, 0xE506, 0xE507, 0xE505,
  0xE507, 0xE507, 0xE507, 0xE505, 0xE507, 0xE507, 0xE507, 0xE507, 0xE507, 0xE507, 0xE507, 0xE507, 0xE507, 0xE528, 0xDD2A, 0xDDAB,
  0xEE10, 0xF692, 0xFF16, 0xFF37, 0xFF37, 0xF737, 0xF758, 0xEF37, 0xF737, 0xF737, 0xF737, 0xF737, 0xF737, 0xF737, 0xF737, 0xF737,
  0xEF37, 0xF737, 0xF737, 0xF737, 0xF737, 0xF737, 0xFF37, 0xFF37, 0xFF16, 0xF6B3, 0xEE10, 0xEE10, 0xE5EE, 0xE5AB, 0xE58A, 0xE589,
  0xE589, 0xE589, 0xED88, 0xED88, 0xED88, 0xED88, 0xE589, 0xED88, 0xED88, 0xED88, 0xE566, 0xED88, 0xED86, 0xE567, 0xED86, 0xED86,
  0xE567, 0xE567, 0xED86, 0xED86, 0xE567, 0xE567, 0xE567, 0xE567, 0xE567, 0xE567, 0xE566, 0xE566, 0xE507, 0xE505, 0xE507, 0xE505,
  0xE507, 0xDCC4, 0xD444, 0xDCA3, 0xDCC4, 0xE505, 0xE505, 0xE505, 0xE505, 0xE505, 0xE566, 0xE566, 0xE566, 0xED86, 0xED86, 0xED88,
  0xED86, 0xED86, 0xED88, 0xED88, 0xED86, 0xED88, 0xED88, 0xED86, 0xED88, 0xED86, 0xED86, 0xED88, 0xED86, 0xED88, 0xED86, 0xED88,
  0xED88, 0xED86, 0xED88, 0xED86, 0xED88, 0xED86, 0xED88, 0xED88, 0xED88, 0xED86, 0xED88, 0xED88, 0xED86, 0xED86, 0xED86, 0xED86,
  0xED86, 0xED86, 0xED88, 0xED86, 0xED86, 0xED86, 0xE566, 0xED86, 0xED86, 0xED86, 0xED86, 0xED86, 0xED86, 0xED86, 0xED86, 0xED86,
  0xED86, 0xED86, 0xED86, 0xED86, 0xED86, 0xED86, 0xED86, 0xED88, 0xED86, 0xED87, 0xED86, 0xED86, 0xED88, 0xDD2A, 0x28E0, 0x0001,
  0x0001, 0x0001, 0x0001, 0x0001, 0x0001, 0x0001, 0x0001, 0x0001, 0x0001, 0x0001, 0x0002, 0x004A, 0x19D7, 0x0000, 0x0000, 0x0000,
  0x0000, 0x0000, 0x0000, 0x19D7, 0x004A, 0x0002, 0x0001, 0x0001, 0x0001, 0x0001, 0x0001, 0x0001, 0x0001, 0x0001, 0x0001, 0x0800,
  0x1000, 0x1000, 0x9B65, 0xDDAB, 0xCCE9, 0xE507, 0xE528, 0xDCE6, 0xD485, 0xBBC2, 0xA323, 0xA363, 0x9303, 0xA323, 0x9346, 0x7AC3,
  0x6A42, 0x6A42, 0xAB43, 0x9B65, 0xA302, 0x9AE1, 0xA302, 0xA301, 0xA301, 0xA301, 0xA302, 0xA301, 0xA302, 0xA302, 0xA302, 0xA301,
  0xA302, 0xAB21, 0xAB21, 0xB383, 0xD485, 0xE507, 0xE507, 0xE506, 0xE507, 0xE507, 0xE505, 0xE505, 0xE507, 0xE507, 0xE505, 0xE505,
  0xE505, 0xE507, 0xE505, 0xE507, 0xE507, 0xE507, 0xE507, 0xE507, 0xE507, 0xE507, 0xE507, 0xE507, 0xE528, 0xE58A, 0xDDAB, 0xDD8D,
  0xF6B3, 0xFF14, 0xFF16, 0xFF37, 0xFF37, 0xF738, 0xF758, 0xF737, 0xF738, 0xEF37, 0xF737, 0xEF37, 0xF737, 0xF738, 0xF737, 0xF738,
  0xEF37, 0xEF37, 0xF737, 0xF738, 0xF737, 0xF737, 0xFF16, 0xFF16, 0xFED4, 0xE631, 0xD5EE, 0xDD8D, 0xE5AB, 0xE5AB, 0xE58A, 0xE589,
  0xED88, 0xE589, 0xE589, 0xED88, 0xED88, 0xED88, 0xED88, 0xED88, 0xED86, 0xED86, 0xED88, 0xED86, 0xED86, 0xE567, 0xE567, 0xE567,
  0xED86, 0xE567, 0xED86, 0xED86, 0xED86, 0xE567, 0xE567, 0xED86, 0xE567, 0xE567, 0xE566, 0xE567, 0xE566, 0xE507, 0xE505, 0xE507,
  0xE505, 0xE507, 0xE505, 0xE505, 0xE505, 0xE505, 0xE505, 0xE505, 0xE505, 0xE505, 0xE566, 0xE566, 0xED86, 0xED86, 0xED88, 0xED88,
  0xED86, 0xED86, 0xED86, 0xED88, 0xED88, 0xED88, 0xED86, 0xED86, 0xED86, 0xED88, 0xED86, 0xED86, 0xED88, 0xED86, 0xED88, 0xED86,
  0xED86, 0xED88, 0xED86, 0xED88, 0xED88, 0xED88, 0xED86, 0xED88, 0xED86, 0xED88, 0xED86, 0xED86, 0xED86, 0xED86, 0xED86, 0xED86,
  0xED86, 0xED86, 0xED86, 0xED86, 0xED86, 0xED86, 0xED86, 0xED86, 0xED86, 0xED86, 0xED86, 0xED86, 0xED86, 0xED86, 0xED86, 0xED86,
  0xED86, 0xED86, 0xED86, 0xED86, 0xED86, 0xED86, 0xED86, 0xED86, 0xED88, 0xED87, 0xE545, 0xED88, 0xE589, 0x9BE5, 0x0800, 0x0800,
  0x0001, 0x0001, 0x0001, 0x0001, 0x0001, 0x0001, 0x0001, 0x0001, 0x0001, 0x0001, 0x0004, 0x090D, 0x11DA, 0x0000, 0x0000, 0x0000,
  0x0000, 0x0000, 0x0000, 0x11DA, 0x1170, 0x0004, 0x0001, 0x0001, 0x0001, 0x0001, 0x0001, 0x0001, 0x0001, 0x0001, 0x0001, 0x0800,
  0x1000, 0x1000, 0x7AC3, 0xD54B, 0xCCE9, 0xDD2A, 0xD4E7, 0xCC65, 0xC404, 0xB382, 0xAB42, 0xA302, 0xA323, 0x9303, 0xA323, 0xA323,
  0x9B65, 0xA323, 0xA323, 0xA323, 0x9AE1, 0xA302, 0xA302, 0xA301, 0xA301, 0xAAE0, 0xA302, 0xA302, 0xA302, 0xA302, 0xA302, 0xA302,
  0xAB42, 0xAB21, 0xB382, 0xD444, 0xCC87, 0xE528, 0xE507, 0xE506, 0xE507, 0xE505, 0xE507, 0xE505, 0xE505, 0xE507, 0xE505, 0xE507,
  0xE507, 0xE507, 0xE507, 0xE505, 0xE507, 0xE507, 0xE507, 0xE507, 0xE507, 0xE507, 0xE507, 0xE528, 0xE568, 0xDDAB, 0xE5AB, 0xE5D0,
  0xFF14, 0xFF16, 0xFF16, 0xFF37, 0xF738, 0xF758, 0xF737, 0xEF37, 0xF737, 0xF738, 0xEF37, 0xF737, 0xF737, 0xF737, 0xF738, 0xF737,
  0xEF37, 0xF737, 0xF737, 0xF737, 0xF737, 0xF737, 0xFF16, 0xFF16, 0xEE71, 0xE5D0, 0xE5EE, 0xE5AB, 0xE5AB, 0xE58A, 0xE589, 0xED88,
  0xED88, 0xE589, 0xED88, 0xE589, 0xED88, 0xED88, 0xED88, 0xE567, 0xED88, 0xED86, 0xED86, 0xED88, 0xE567, 0xED88, 0xED86, 0xE567,
  0xE567, 0xE567, 0xE567, 0xE567, 0xE567, 0xE567, 0xED88, 0xE567, 0xED88, 0xE567, 0xED88, 0xE567, 0xE567, 0xE566, 0xE566, 0xE505,
  0xE505, 0xE505, 0xE505, 0xE505, 0xE505, 0xE505, 0xE505, 0xE566, 0xE505, 0xE566, 0xE566, 0xED86, 0xED88, 0xED86, 0xED86, 0xED87,
  0xED86, 0xED88, 0xED86, 0xED86, 0xED88, 0xED86, 0xED88, 0xED88, 0xED86, 0xED88, 0xED88, 0xED86, 0xED88, 0xED86, 0xED88, 0xED88,
  0xED86, 0xED88, 0xED88, 0xED86, 0xED88, 0xED86, 0xED88, 0xED86, 0xED88, 0xED88, 0xED86, 0xED86, 0xED86, 0xED86, 0xED86, 0xED86,
  0xED86, 0xED86, 0xED86, 0xED86, 0xED86, 0xED86, 0xED86, 0xED86, 0xED88, 0xED86, 0xED86, 0xED88, 0xED86, 0xED86, 0xED86, 0xED88,
  0xED86, 0xED88, 0xED86, 0xED86, 0xED86, 0xED86, 0xED86, 0xED86, 0xED86, 0xED86, 0xED86, 0xED88, 0xDDAB, 0x5A01, 0x0001, 0x0800,
  0x0001, 0x0001, 0x0001, 0x0001, 0x0001, 0x0001, 0x0001, 0x0001, 0x0001, 0x0002, 0x0027, 0x00D1, 0x11DA, 0x0000, 0x0000, 0x0000,
  0x0000, 0x0000, 0x0000, 0x09DC, 0x1193, 0x0027, 0x0002, 0x0001, 0x0001, 0x0001, 0x0001, 0x0001, 0x0001, 0x0001, 0x0001, 0x0800,
  0x0800, 0x0800, 0x3100, 0xB46A, 0xDD2A, 0xDD69, 0xDD2A, 0xCC65, 0xBBC2, 0xA302, 0xA302, 0xA302, 0xA302, 0xA302, 0xA323, 0xA323,
  0xA323, 0xA323, 0xA323, 0xA302, 0xA301, 0xA302, 0xA302, 0xA302, 0xA302, 0xA302, 0xA302, 0xA302, 0xA302, 0xA302, 0xA302, 0xA302,
  0xAB21, 0xAB21, 0xC404, 0xDCE6, 0xE507, 0xE506, 0xE507, 0xE507, 0xE505, 0xE507, 0xE505, 0xE507, 0xE507, 0xE505, 0xE507, 0xE505,
  0xE507, 0xE507, 0xE507, 0xE505, 0xE507, 0xE507, 0xE507, 0xE507, 0xE507, 0xE507, 0xE528, 0xE528, 0xDD2A, 0xD54B, 0xEE10, 0xF692,
  0xFF15, 0xFF16, 0xFF37, 0xF738, 0xF758, 0xF758, 0xEF37, 0xEF37, 0xF737, 0xF738, 0xEF37, 0xF737, 0xF738, 0xEF37, 0xF737, 0xF738,
  0xEF37, 0xF737, 0xF737, 0xF737, 0xF737, 0xFF16, 0xFF37, 0xFED5, 0xEE10, 0xDD8D, 0xDDAB, 0xE5AB, 0xE58A, 0xE589, 0xE589, 0xE589,
  0xE589, 0xE589, 0xED88, 0xED88, 0xED88, 0xED88, 0xED88, 0xE567, 0xED88, 0xED86, 0xED86, 0xED86, 0xED86, 0xED86, 0xE567, 0xE567,
  0xE567, 0xED88, 0xED86, 0xED86, 0xED86, 0xED86, 0xE566, 0xED86, 0xE566, 0xE567, 0xED88, 0xE566, 0xE566, 0xED88, 0xE566, 0xE566,
  0xE505, 0xE505, 0xE505, 0xE505, 0xE505, 0xE505, 0xE505, 0xE505, 0xE566, 0xE566, 0xED86, 0xED88, 0xED86, 0xED88, 0xED86, 0xED88,
  0xED86, 0xED86, 0xED86, 0xED86, 0xED86, 0xED88, 0xED86, 0xED88, 0xED88, 0xED86, 0xED86, 0xED88, 0xED86, 0xED86, 0xED88, 0xED88,
  0xED86, 0xED88, 0xED86, 0xED86, 0xED86, 0xED88, 0xED86, 0xED86, 0xED88, 0xED86, 0xED86, 0xED86, 0xED86, 0xED86, 0xED86, 0xED86,
  0xED86, 0xED86, 0xED86, 0xED86, 0xED86, 0xED86, 0xED86, 0xED86, 0xED86, 0xED86, 0xED86, 0xED86, 0xED86, 0xED86, 0xED86, 0xED86,
  0xED86, 0xED86, 0xED86, 0xED86, 0xED86, 0xED86, 0xED86, 0xED86, 0xED86, 0xED86, 0xE567, 0xE58A, 0xCCE9, 0x28E0, 0x0001, 0x0800,
  0x0001, 0x0001, 0x0001, 0x0001, 0x0001, 0x0001, 0x0001, 0x0001, 0x0001, 0x0002, 0x004A, 0x0177, 0x09DC, 0x0000, 0x0000, 0x0000,
  0x0000, 0x0000, 0x0000, 0x09DC, 0x19D7, 0x006D, 0x0002, 0x0001, 0x0001, 0x0001, 0x0001, 0x0001, 0x0001, 0x0001, 0x0001, 0x0001,
  0x0800, 0x1000, 0x2020, 0x9303, 0xCD6E, 0xD54B, 0xD4E7, 0xBBC2, 0xAB42, 0x9AE1, 0xA302, 0xA302, 0xA302, 0xA302, 0xA302, 0xA302,
  0xA302, 0xA302, 0xA301, 0xA302, 0xA302, 0xA302, 0xA302, 0xA302, 0xA301, 0xA301, 0xA302, 0xA301, 0xA302, 0xA301, 0xAB42, 0xAB21,
  0xAB21, 0xB383, 0xD485, 0xE507, 0xE507, 0xE506, 0xE507, 0xE505, 0xE507, 0xE505, 0xE507, 0xE507, 0xE505, 0xE507, 0xE507, 0xE507,
  0xE507, 0xE507, 0xE505, 0xE507, 0xE507, 0xE507, 0xE507, 0xE507, 0xE507, 0xE528, 0xE528, 0xE568, 0xE5AB, 0xE5EE, 0xF692, 0xFF15,
  0xFF16, 0xF737, 0xF737, 0xF737, 0xF737, 0xF738, 0xF737, 0xEF37, 0xF737, 0xEF37, 0xF737, 0xF737, 0xF737, 0xEF37, 0xF737, 0xF737,
  0xF737, 0xF737, 0xF737, 0xF737, 0xFF37, 0xFF37, 0xFED5, 0xF692, 0xD5EE, 0xE5EE, 0xE5AB, 0xE58A, 0xE58A, 0xE589, 0xED88, 0xE589,
  0xED88, 0xED88, 0xE589, 0xED88, 0xED88, 0xED88, 0xED88, 0xED88, 0xED88, 0xED88, 0xED86, 0xE567, 0xED86, 0xE567, 0xE567, 0xE567,
  0xED88, 0xED86, 0xE567, 0xE567, 0xED88, 0xE567, 0xE567, 0xED88, 0xED86, 0xE567, 0xED86, 0xED88, 0xED88, 0xE566, 0xE566, 0xE566,
  0xE566, 0xE566, 0xE505, 0xE505, 0xE505, 0xE505, 0xE505, 0xE545, 0xE566, 0xE566, 0xE566, 0xED86, 0xED88, 0xED86, 0xED86, 0xED86,
  0xED88, 0xED88, 0xED88, 0xED86, 0xED88, 0xED86, 0xED88, 0xED86, 0xED86, 0xED86, 0xED86, 0xED88, 0xED88, 0xED88, 0xED86, 0xED88,
  0xED86, 0xED88, 0xED86, 0xED88, 0xED86, 0xED88, 0xED88, 0xED88, 0xED86, 0xED88, 0xED86, 0xED86, 0xED86, 0xED86, 0xED86, 0xED88,
  0xED86, 0xED86, 0xED88, 0xED86, 0xED86, 0xED86, 0xED86, 0xED86, 0xED88, 0xED86, 0xED86, 0xED86, 0xED86, 0xED86, 0xED86, 0xED86,
  0xED86, 0xED86, 0xED86, 0xED86, 0xED86, 0xED86, 0xED86, 0xE545, 0xED86, 0xE566, 0xE567, 0xCD8B, 0x9303, 0x0800, 0x0800, 0x0800,
  0x0001, 0x0001, 0x0001, 0x0001, 0x0001, 0x0001, 0x0001, 0x0001, 0x0001, 0x0004, 0x090D, 0x19D7, 0x0000, 0x0000, 0x0000, 0x0000,
  0x0000, 0x0000, 0x0000, 0x0000, 0x11DA, 0x00D1, 0x0004, 0x0001, 0x0001, 0x0001, 0x0001, 0x0001, 0x0001, 0x0001, 0x0001, 0x0001,
  0x0800, 0x0800, 0x1000, 0x6A42, 0xCCEB, 0xDD2A, 0xBC25, 0xAB41, 0xAB41, 0xA300, 0xA302, 0xA301, 0xA302, 0xA302, 0xA302, 0xA301,
  0xA302, 0xA301, 0xA301, 0xA302, 0xA301, 0xA301, 0xA302, 0xA302, 0xA302, 0xA302, 0xA302, 0xAAE0, 0xA302, 0xA301, 0xAB21, 0xAB42,
  0xB382, 0xD444, 0xE507, 0xE507, 0xE507, 0xE505, 0xE507, 0xE505, 0xE506, 0xE505, 0xE507, 0xE505, 0xE507, 0xE505, 0xE507, 0xE507,
  0xE505, 0xE507, 0xE505, 0xE507, 0xE505, 0xE507, 0xE507, 0xE507, 0xE528, 0xE528, 0xE528, 0xE58A, 0xDD8D, 0xEE70, 0xFED4, 0xFF16,
  0xEF37, 0xEF37, 0xFF37, 0xF737, 0xF737, 0xF737, 0xF737, 0xF737, 0xF737, 0xF737, 0xF737, 0xEF37, 0xEF37, 0xF737, 0xF737, 0xF758,
  0xF737, 0xF737, 0xF737, 0xFF37, 0xFF16, 0xFF15, 0xF692, 0xEE10, 0xE5EE, 0xE5AB, 0xE58A, 0xE58A, 0xE589, 0xE589, 0xED88, 0xED88,
  0xED88, 0xED88, 0xE567, 0xED88, 0xED88, 0xE589, 0xED88, 0xED88, 0xED86, 0xED88, 0xED86, 0xED86, 0xE567, 0xED86, 0xED86, 0xE567,
  0xED86, 0xE567, 0xE567, 0xED88, 0xED86, 0xE567, 0xED88, 0xED86, 0xE567, 0xE567, 0xED88, 0xED86, 0xED86, 0xED87, 0xE566, 0xED87,
  0xE566, 0xE566, 0xE566, 0xE566, 0xE505, 0xE505, 0xE545, 0xE566, 0xE566, 0xED86, 0xED86, 0xED86, 0xED86, 0xED86, 0xED88, 0xED86,
  0xED86, 0xED88, 0xED86, 0xED88, 0xED86, 0xED88, 0xED86, 0xED88, 0xED86, 0xED88, 0xED88, 0xED86, 0xED88, 0xED88, 0xED88, 0xED86,
  0xED88, 0xED86, 0xED88, 0xED86, 0xED88, 0xED86, 0xED86, 0xED86, 0xED86, 0xED86, 0xED86, 0xED86, 0xED88, 0xED86, 0xED86, 0xED86,
  0xED86, 0xED86, 0xED86, 0xED86, 0xED86, 0xED86, 0xED86, 0xED86, 0xED86, 0xED86, 0xED86, 0xED86, 0xED86, 0xED86, 0xED86, 0xED86,
  0xED86, 0xED86, 0xED86, 0xED86, 0xED86, 0xED86, 0xED86, 0xED86, 0xE567, 0xE589, 0xBC25, 0x8B02, 0x41A1, 0x0001, 0x0800, 0x0001,
  0x0001, 0x0001, 0x0001, 0x0001, 0x0001, 0x0001, 0x0001, 0x0001, 0x0001, 0x0004, 0x00D1, 0x09DC, 0x0000, 0x0000, 0x0000, 0x0000,
  0x0000, 0x0000, 0x0000, 0x0000, 0x09DC, 0x1193, 0x0027, 0x0001, 0x0001, 0x0001, 0x0001, 0x0001, 0x0001, 0x0001, 0x0001, 0x0001,
  0x0001, 0x1000, 0x1000, 0x3060, 0xCCEB, 0xB46A, 0xAB42, 0xAB41, 0x9AE1, 0xA300, 0xA301, 0xA301, 0xA301, 0xA302, 0xA302, 0xA301,
  0xA301, 0xA301, 0xA301, 0xA302, 0xA302, 0xA302, 0xA302, 0xA302, 0xA302, 0xA302, 0xA301, 0xA302, 0xA301, 0xAB21, 0xA301, 0xAB21,
  0xC402, 0xD485, 0xE528, 0xE507, 0xE506, 0xE505, 0xE505, 0xE507, 0xE506, 0xE507, 0xE505, 0xE507, 0xE507, 0xE505, 0xE507, 0xE505,
  0xE507, 0xE507, 0xE507, 0xE507, 0xE507, 0xE507, 0xE507, 0xE528, 0xE528, 0xE568, 0xD54B, 0xD54B, 0xEE70, 0xFED4, 0xFF15, 0xFF16,
  0xFF37, 0xF737, 0xEF37, 0xF737, 0xF737, 0xF738, 0xF758, 0xEF37, 0xF737, 0xEF37, 0xF737, 0xF737, 0xF737, 0xF737, 0xF737, 0xEF37,
  0xF737, 0xF737, 0xFF37, 0xFF37, 0xFF15, 0xEE93, 0xEE10, 0xE5EE, 0xE5AB, 0xE5AB, 0xE58A, 0xE589, 0xE589, 0xE589, 0xED88, 0xE589,
  0xED88, 0xE589, 0xE589, 0xE589, 0xED88, 0xE567, 0xED88, 0xE567, 0xE567, 0xE567, 0xE567, 0xE567, 0xE567, 0xE567, 0xED88, 0xED86,
  0xE567, 0xE567, 0xED88, 0xED86, 0xE567, 0xE567, 0xE567, 0xE567, 0xE567, 0xED86, 0xED86, 0xE567, 0xED88, 0xED86, 0xED87, 0xE566,
  0xE566, 0xE566, 0xE566, 0xE566, 0xE566, 0xE505, 0xE566, 0xE566, 0xE566, 0xED86, 0xED86, 0xED86, 0xED86, 0xED86, 0xED86, 0xED88,
  0xED86, 0xED86, 0xED86, 0xED88, 0xED88, 0xED86, 0xED88, 0xED86, 0xED88, 0xED86, 0xED88, 0xED86, 0xED88, 0xED86, 0xED88, 0xED88,
  0xED86, 0xED88, 0xED86, 0xED88, 0xED86, 0xED86, 0xED86, 0xED86, 0xED86, 0xED88, 0xED86, 0xED86, 0xED86, 0xED86, 0xED88, 0xED86,
  0xED86, 0xED86, 0xED86, 0xED86, 0xED86, 0xED86, 0xED86, 0xED86, 0xED86, 0xED86, 0xED86, 0xED88, 0xED86, 0xED88, 0xED86, 0xED86,
  0xED86, 0xED86, 0xED86, 0xED86, 0xE566, 0xED86, 0xED86, 0xE567, 0xD4E7, 0xD4E7, 0x7AA1, 0x41A1, 0x0060, 0x0800, 0x0800, 0x0001,
  0x0001, 0x0001, 0x0001, 0x0001, 0x0001, 0x0001, 0x0001, 0x0001, 0x0002, 0x004A, 0x0177, 0x09DC, 0x0000, 0x0000, 0x0000, 0x0000,
  0x0000, 0x0000, 0x0000, 0x0000, 0x09DC, 0x19D7, 0x004A, 0x0002, 0x0001, 0x0001, 0x0001, 0x0001, 0x0001, 0x0001, 0x0001, 0x0001,
  0x0001, 0x0800, 0x0800, 0x2080, 0x7B06, 0xB3E5, 0xA363, 0xAB41, 0xA302, 0xA301, 0xA301, 0xA301, 0xA301, 0xA302, 0xA302, 0xA301,
  0xA302, 0xA301, 0xA301, 0xA301, 0xA301, 0xA302, 0xA302, 0xA302, 0xA302, 0xA302, 0xA302, 0xA301, 0xA301, 0xAB42, 0xAB21, 0xB382,
  0xCC65, 0xE507, 0xE507, 0xE506, 0xE506, 0xE507, 0xE507, 0xE505, 0xE507, 0xE507, 0xE507, 0xE505, 0xE507, 0xE505, 0xE507, 0xE505,
  0xE507, 0xE505, 0xE507, 0xE505, 0xE507, 0xE507, 0xE507, 0xE528, 0xE568, 0xD54B, 0xE58A, 0xEE70, 0xF6B3, 0xFF15, 0xFF16, 0xEF37,
  0xEF37, 0xF737, 0xF737, 0xEF37, 0xF737, 0xF738, 0xEF37, 0xEF37, 0xEF37, 0xF737, 0xEF37, 0xF737, 0xEF37, 0xF737, 0xF737, 0xF737,
  0xF737, 0xFF37, 0xFF37, 0xFF15, 0xF6B3, 0xEE10, 0xD5EE, 0xE5AB, 0xE5AB, 0xE58A, 0xE589, 0xE589, 0xE589, 0xED88, 0xE589, 0xE589,
  0xED88, 0xE589, 0xE567, 0xED88, 0xE567, 0xED88, 0xED86, 0xED88, 0xED86, 0xE567, 0xE567, 0xE567, 0xE567, 0xED86, 0xED88, 0xED86,
  0xE567, 0xE567, 0xE567, 0xE567, 0xE567, 0xE567, 0xED88, 0xED86, 0xE567, 0xED86, 0xE567, 0xED86, 0xED86, 0xED88, 0xED86, 0xE566,
  0xED88, 0xE566, 0xE566, 0xE567, 0xE566, 0xE566, 0xE566, 0xE566, 0xE566, 0xED86, 0xED86, 0xED86, 0xED86, 0xED86, 0xED86, 0xED86,
  0xED88, 0xED88, 0xED88, 0xED86, 0xED88, 0xED88, 0xED88, 0xED86, 0xED88, 0xED86, 0xED88, 0xED86, 0xED88, 0xED88, 0xED88, 0xED86,
  0xED88, 0xED86, 0xED88, 0xED86, 0xED88, 0xED86, 0xED88, 0xED88, 0xED88, 0xED86, 0xED88, 0xED88, 0xED86, 0xED86, 0xED86, 0xED88,
  0xED86, 0xED86, 0xED88, 0xED86, 0xED86, 0xED86, 0xED86, 0xED86, 0xED86, 0xED86, 0xED86, 0xED86, 0xED86, 0xED86, 0xED86, 0xED86,
  0xED86, 0xED86, 0xED86, 0xED86, 0xE567, 0xE567, 0xE567, 0xE567, 0xA3E2, 0x7AA1, 0x7AA1, 0x28E0, 0x0800, 0x0800, 0x0001, 0x0001,
  0x0001, 0x0001, 0x0001, 0x0001, 0x0001, 0x0001, 0x0001, 0x0001, 0x0004, 0x090D, 0x11DA, 0x0000, 0x0000, 0x0000, 0x0000, 0x0000,
  0x0000, 0x0000, 0x0000, 0x0000, 0x0000, 0x11DA, 0x090D, 0x0004, 0x0001, 0x0001, 0x0001, 0x0001, 0x0001, 0x0001, 0x0001, 0x0001,
  0x0001, 0x0800, 0x0800, 0x0800, 0x3060, 0x7B06, 0xA302, 0x9AE1, 0xA300, 0xA302, 0xA300, 0xA302, 0xA301, 0xA302, 0xA301, 0xA302,
  0xA301, 0xA301, 0xA302, 0xA301, 0xA302, 0xA302, 0xA301, 0xA301, 0xA302, 0xA301, 0xA301, 0xA302, 0xAB42, 0xAB21, 0xAB41, 0xB383,
  0xE506, 0xE507, 0xE507, 0xE506, 0xE505, 0xE505, 0xE505, 0xE507, 0xE507, 0xE505, 0xE507, 0xE507, 0xE507, 0xE507, 0xE505, 0xE507,
  0xE507, 0xE507, 0xE507, 0xE507, 0xE507, 0xE507, 0xE507, 0xE528, 0xE58A, 0xD54B, 0xE5EE, 0xF692, 0xFED4, 0xFF16, 0xFF16, 0xFF37,
  0xF737, 0xEF37, 0xEF37, 0xF737, 0xF737, 0xF737, 0xF737, 0xF738, 0xF737, 0xEF37, 0xF737, 0xF737, 0xEF37, 0xF737, 0xF737, 0xF737,
  0xF737, 0xFF16, 0xFF16, 0xFF15, 0xF692, 0xEE10, 0xE5EE, 0xE5AB, 0xE58A, 0xE58A, 0xE589, 0xED88, 0xED88, 0xED88, 0xE589, 0xE567,
  0xED88, 0xE567, 0xED88, 0xED88, 0xED86, 0xED88, 0xED86, 0xED86, 0xED88, 0xED86, 0xED86, 0xED86, 0xED86, 0xE567, 0xE567, 0xE567,
  0xE567, 0xE567, 0xE567, 0xE567, 0xE567, 0xED88, 0xED86, 0xE567, 0xE567, 0xE567, 0xED86, 0xE567, 0xE567, 0xED86, 0xED88, 0xED88,
  0xED86, 0xE567, 0xE566, 0xE566, 0xE566, 0xE566, 0xE566, 0xED87, 0xED87, 0xED86, 0xED86, 0xED86, 0xED86, 0xED88, 0xED86, 0xED86,
  0xED86, 0xED86, 0xED86, 0xED86, 0xED88, 0xED88, 0xED88, 0xED88, 0xED86, 0xED88, 0xED86, 0xED88, 0xED86, 0xED88, 0xED86, 0xED86,
  0xED86, 0xED86, 0xED86, 0xED88, 0xED88, 0xED88, 0xED86, 0xED88, 0xED86, 0xED86, 0xED86, 0xED88, 0xED88, 0xED86, 0xED86, 0xED86,
  0xED88, 0xED86, 0xED86, 0xED86, 0xED86, 0xED86, 0xED86, 0xED86, 0xED86, 0xED86, 0xED86, 0xED86, 0xED86, 0xED86, 0xED86, 0xED86,
  0xED86, 0xED88, 0xED86, 0xE567, 0xE567, 0xED88, 0xD4E7, 0xA3E2, 0x7AA1, 0x5A00, 0x5A22, 0x3100, 0x0800, 0x0800, 0x0001, 0x0001,
  0x0001, 0x0001, 0x0001, 0x0001, 0x0001, 0x0001, 0x0001, 0x0001, 0x0027, 0x1170, 0x09DC, 0x0000, 0x0000, 0x0000, 0x0000, 0x0000,
  0x0000, 0x0000, 0x0000, 0x0000, 0x0000, 0x09DC, 0x1193, 0x0027, 0x0002, 0x0001, 0x0001, 0x0001, 0x0001, 0x0001, 0x0001, 0x0001,
  0x0001, 0x0001, 0x0800, 0x0800, 0x2020, 0x6A42, 0xA323, 0x9AE1, 0x9AE1, 0xA300, 0xA301, 0x9AE1, 0xA302, 0xA302, 0xA301, 0xA302,
  0xA301, 0xA302, 0xA302, 0xA301, 0xA302, 0xA302, 0xA300, 0xA302, 0xA302, 0xA302, 0xA302, 0xA302, 0xAB43, 0xAB41, 0xAB43, 0xC402,
  0xE507, 0xE507, 0xE507, 0xE506, 0xE506, 0xE507, 0xE505, 0xE507, 0xE505, 0xE507, 0xE507, 0xE505, 0xE507, 0xE505, 0xE507, 0xE507,
  0xE505, 0xE507, 0xE505, 0xE507, 0xE507, 0xE528, 0xE528, 0xE528, 0xE58A, 0xDD8D, 0xEE70, 0xFED4, 0xFF16, 0xFF16, 0xEF37, 0xEF37,
  0xEF37, 0xEF37, 0xF737, 0xEF37, 0xF737, 0xF738, 0xEF37, 0xF737, 0xEF37, 0xF737, 0xEF37, 0xF737, 0xF737, 0xF737, 0xF737, 0xF737,
  0xFF16, 0xFF16, 0xFF15, 0xF692, 0xEE10, 0xDD8D, 0xE5AB, 0xE5AB, 0xE58A, 0xE589, 0xE589, 0xE589, 0xED88, 0xED88, 0xED88, 0xE567,
  0xED88, 0xED88, 0xED86, 0xED88, 0xED86, 0xED86, 0xED86, 0xED86, 0xED86, 0xED86, 0xED86, 0xED86, 0xED86, 0xED86, 0xED86, 0xE567,
  0xE567, 0xE567, 0xE567, 0xE567, 0xE567, 0xE567, 0xE567, 0xE567, 0xED88, 0xED86, 0xE567, 0xED86, 0xED86, 0xED88, 0xED86, 0xED88,
  0xED88, 0xED86, 0xE567, 0xE566, 0xE566, 0xE566, 0xED86, 0xED87, 0xED86, 0xED86, 0xED86, 0xED86, 0xED86, 0xED86, 0xED88, 0xED86,
  0xED86, 0xED86, 0xED88, 0xED88, 0xED88, 0xED88, 0xED86, 0xED86, 0xED88, 0xED88, 0xED88, 0xED88, 0xED88, 0xED88, 0xED88, 0xED86,
  0xED86, 0xED88, 0xED86, 0xE567, 0xED86, 0xED86, 0xED86, 0xED86, 0xED88, 0xED86, 0xED86, 0xED86, 0xED86, 0xED86, 0xED86, 0xED86,
  0xED86, 0xED86, 0xED86, 0xED86, 0xED86, 0xED86, 0xED86, 0xED86, 0xED86, 0xED86, 0xED86, 0xED86, 0xED86, 0xED86, 0xED88, 0xED86,
  0xED88, 0xED86, 0xE567, 0xE589, 0xED88, 0xD4E7, 0xA3E2, 0x6A20, 0x6A20, 0x5A22, 0x49C4, 0x1860, 0x0800, 0x0800, 0x0001, 0x0001,
  0x0001, 0x0001, 0x0001, 0x0001, 0x0001, 0x0001, 0x0001, 0x0002, 0x0027, 0x19D7, 0x09DC, 0x0000, 0x0000, 0x0000, 0x0000, 0x0000,
  0x0000, 0x0000, 0x0000, 0x0000, 0x0000, 0x09DC, 0x19D7, 0x090D, 0x0002, 0x0001, 0x0001, 0x0001, 0x0001, 0x0001, 0x0001, 0x0001,
  0x0001, 0x0001, 0x0800, 0x0800, 0x1000, 0x3060, 0x8B02, 0x9AE1, 0x9AE1, 0x9AE1, 0xA301, 0xA300, 0xA302, 0xA302, 0xA301, 0xA302,
  0xA302, 0xA302, 0xA302, 0xA302, 0xA301, 0xA300, 0xA302, 0xA302, 0xA302, 0xA302, 0xA301, 0xA302, 0xAB21, 0xAB41, 0xB382, 0xCC65,
  0xE528, 0xE506, 0xE507, 0xE506, 0xE507, 0xE507, 0xE507, 0xE507, 0xE507, 0xE507, 0xE507, 0xE507, 0xE505, 0xE507, 0xE507, 0xE505,
  0xE507, 0xE507, 0xE507, 0xE507, 0xE528, 0xE528, 0xDD69, 0xD54B, 0xE5AB, 0xEE70, 0xF6B3, 0xFF15, 0xFF16, 0xFF37, 0xF737, 0xEF37,
  0xEF37, 0xEF37, 0xF737, 0xF737, 0xF737, 0xEF37, 0xEF37, 0xEF37, 0xEF37, 0xF737, 0xEF37, 0xF737, 0xF737, 0xF737, 0xF737, 0xFF37,
  0xFF16, 0xFF15, 0xF6B3, 0xEE10, 0xDD8D, 0xE5AB, 0xE5AB, 0xE58A, 0xE58A, 0xE589, 0xED88, 0xED88, 0xE589, 0xED88, 0xED88, 0xED88,
  0xED86, 0xED88, 0xED86, 0xED88, 0xED88, 0xED88, 0xED86, 0xED88, 0xED86, 0xED88, 0xED86, 0xED86, 0xED86, 0xED86, 0xED86, 0xE567,
  0xE567, 0xE567, 0xED88, 0xED86, 0xE567, 0xE567, 0xED88, 0xED86, 0xE567, 0xE567, 0xED88, 0xE567, 0xE567, 0xED86, 0xE567, 0xE567,
  0xE567, 0xED88, 0xED86, 0xED87, 0xED86, 0xED86, 0xED86, 0xED86, 0xED86, 0xED88, 0xED86, 0xED86, 0xED86, 0xED86, 0xED86, 0xED88,
  0xED86, 0xED86, 0xED88, 0xED86, 0xED88, 0xED88, 0xED86, 0xED88, 0xED88, 0xED86, 0xE567, 0xED88, 0xED86, 0xED88, 0xED86, 0xED88,
  0xED86, 0xED88, 0xED86, 0xED88, 0xED86, 0xED88, 0xED86, 0xED86, 0xED86, 0xED86, 0xED86, 0xED88, 0xED86, 0xED88, 0xED88, 0xED86,
  0xED86, 0xED86, 0xED86, 0xED86, 0xED86, 0xED86, 0xED86, 0xED86, 0xED86, 0xED86, 0xED86, 0xED86, 0xED86, 0xED86, 0xED86, 0xED88,
  0xED86, 0xE589, 0xE589, 0xE567, 0xD4E7, 0x8B02, 0x7AA1, 0x5A01, 0x5A22, 0x51C3, 0x3100, 0x0800, 0x0001, 0x0001, 0x0001, 0x0001,
  0x0001, 0x0001, 0x0001, 0x0001, 0x0001, 0x0001, 0x0001, 0x0004, 0x090D, 0x11DA, 0x09DC, 0x0000, 0x0000, 0x0000, 0x0000, 0x0000,
  0x0000, 0x0000, 0x0000, 0x0000, 0x0000, 0x0000, 0x11DA, 0x1193, 0x0004, 0x0001, 0x0001, 0x0001, 0x0001, 0x0001, 0x0001, 0x0001,
  0x0001, 0x0001, 0x0001, 0x0800, 0x1000, 0x2020, 0x6A42, 0xA323, 0xA302, 0x9AE1, 0xA301, 0xA300, 0xA300, 0xA302, 0xA300, 0xA302,
  0xA301, 0xA302, 0xA302, 0xA302, 0xA302, 0xA301, 0xA302, 0xA300, 0xA302, 0xA302, 0xA301, 0xAB21, 0xAB41, 0xB383, 0xD485, 0xE507,
  0xE507, 0xE506, 0xE506, 0xE507, 0xE507, 0xE505, 0xE507, 0xE505, 0xE505, 0xE507, 0xE505, 0xE507, 0xE507, 0xE507, 0xE506, 0xE507,
  0xE507, 0xE507, 0xE507, 0xE507, 0xE568, 0xE528, 0xDDAB, 0xDDAB, 0xEE10, 0xF6B3, 0xFF15, 0xFF16, 0xFF37, 0xEF37, 0xF737, 0xF737,
  0xF738, 0xEF37, 0xF737, 0xEF37, 0xEF37, 0xEF37, 0xEF37, 0xEF37, 0xF737, 0xEF37, 0xF737, 0xF738, 0xF737, 0xF737, 0xFF37, 0xFF16,
  0xFF16, 0xFED4, 0xEE10, 0xD5EE, 0xE5AB, 0xE5AB, 0xE58A, 0xE589, 0xE589, 0xED88, 0xED88, 0xED88, 0xED88, 0xED88, 0xED88, 0xED88,
  0xED86, 0xED88, 0xED88, 0xED86, 0xED88, 0xED86, 0xE567, 0xED86, 0xED88, 0xED86, 0xE567, 0xE567, 0xED86, 0xE567, 0xED86, 0xE567,
  0xE567, 0xED88, 0xED86, 0xE567, 0xE567, 0xED86, 0xED86, 0xE567, 0xED86, 0xE567, 0xE567, 0xE567, 0xE567, 0xED88, 0xED86, 0xED88,
  0xED86, 0xED86, 0xED86, 0xED86, 0xED86, 0xED86, 0xED86, 0xED86, 0xED86, 0xED86, 0xED86, 0xED86, 0xED86, 0xED88, 0xED86, 0xED86,
  0xED88, 0xED86, 0xED86, 0xED88, 0xED86, 0xED86, 0xED88, 0xED86, 0xED88, 0xED86, 0xED88, 0xED86, 0xED88, 0xED86, 0xED88, 0xED86,
  0xED88, 0xED86, 0xED88, 0xED86, 0xED86, 0xED86, 0xED88, 0xED86, 0xED86, 0xED86, 0xED86, 0xED86, 0xED86, 0xED86, 0xED86, 0xED88,
  0xED86, 0xED86, 0xED86, 0xED86, 0xED86, 0xED86, 0xED86, 0xED86, 0xED86, 0xED86, 0xED86, 0xED86, 0xED86, 0xED86, 0xED86, 0xE567,
  0xE567, 0xE567, 0xE567, 0xB427, 0xA363, 0x7AA1, 0x5A01, 0x5A22, 0x5A43, 0x3100, 0x1860, 0x0001, 0x0001, 0x0001, 0x0001, 0x0001,
  0x0001, 0x0001, 0x0001, 0x0001, 0x0001, 0x0001, 0x0001, 0x0027, 0x1193, 0x11DA, 0x0000, 0x0000, 0x0000, 0x0000, 0x0000, 0x0000,
  0x0000, 0x0000, 0x0000, 0x0000, 0x0000, 0x0000, 0x09DC, 0x0177, 0x004A, 0x0001, 0x0001, 0x0001, 0x0001, 0x0001, 0x0001, 0x0001,
  0x0001, 0x0001, 0x0001, 0x0001, 0x0800, 0x1000, 0x5160, 0x9303, 0xA302, 0x9AE1, 0xA302, 0xA300, 0xA302, 0xA300, 0xA302, 0xA300,
  0xA302, 0xA301, 0xA302, 0xA302, 0xA302, 0xA302, 0xA302, 0xA302, 0xA302, 0xA302, 0xA301, 0xAB21, 0xB382, 0xD444, 0xDCE6, 0xE507,
  0xE507, 0xE507, 0xE506, 0xE507, 0xE505, 0xE507, 0xE507, 0xE505, 0xE507, 0xE505, 0xE507, 0xE505, 0xE506, 0xE528, 0xE507, 0xE507,
  0xE507, 0xE507, 0xE507, 0xE528, 0xE58A, 0xDD2A, 0xD54B, 0xDD8D, 0xF6B3, 0xFF15, 0xFF16, 0xFF37, 0xF737, 0xF737, 0xF737, 0xEF37,
  0xF737, 0xF737, 0xF737, 0xF737, 0xEF37, 0xEF37, 0xF737, 0xF737, 0xF758, 0xF737, 0xF737, 0xF737, 0xF737, 0xF737, 0xFF16, 0xFF16,
  0xFED4, 0xEE10, 0xE5EE, 0xE5AB, 0xE5AB, 0xE5AB, 0xE589, 0xE589, 0xE589, 0xED88, 0xE589, 0xED88, 0xED88, 0xED86, 0xED88, 0xED88,
  0xED88, 0xED88, 0xED88, 0xED88, 0xED88, 0xE567, 0xED88, 0xE567, 0xE567, 0xE567, 0xE567, 0xE567, 0xE567, 0xE567, 0xE567, 0xE567,
  0xE567, 0xE567, 0xE567, 0xE567, 0xED88, 0xED86, 0xE567, 0xE567, 0xED86, 0xE567, 0xED88, 0xED86, 0xE567, 0xED88, 0xED86, 0xED86,
  0xE567, 0xED88, 0xED86, 0xED86, 0xED86, 0xED86, 0xED86, 0xED86, 0xED86, 0xED86, 0xED88, 0xED86, 0xED88, 0xED86, 0xED86, 0xED86,
  0xED86, 0xED88, 0xED86, 0xED86, 0xED86, 0xED86, 0xED86, 0xED86, 0xED86, 0xED86, 0xED86, 0xED88, 0xED86, 0xED86, 0xED86, 0xED88,
  0xE567, 0xED88, 0xED86, 0xED86, 0xE567, 0xED86, 0xED86, 0xED86, 0xED86, 0xED86, 0xED86, 0xED86, 0xED86, 0xED86, 0xED86, 0xED86,
  0xED86, 0xED88, 0xED86, 0xED88, 0xED86, 0xED86, 0xED88, 0xED86, 0xED86, 0xED86, 0xED86, 0xED86, 0xED86, 0xED88, 0xED88, 0xED88,
  0xE589, 0xE528, 0xBC25, 0x8B02, 0x6A20, 0x5A01, 0x5A01, 0x5A43, 0x49C4, 0x28E0, 0x0800, 0x0001, 0x0001, 0x0001, 0x0001, 0x0001,
  0x0001, 0x0001, 0x0001, 0x0001, 0x0001, 0x0001, 0x0002, 0x090D, 0x19D7, 0x0000, 0x0000, 0x0000, 0x0000, 0x0000, 0x0000, 0x0000,
  0x0000, 0x0000, 0x0000, 0x0000, 0x0000, 0x0000, 0x0000, 0x11DA, 0x090D, 0x0004, 0x0001, 0x0001, 0x0001, 0x0001, 0x0001, 0x0001,
  0x0001, 0x0001, 0x0001, 0x0001, 0x0800, 0x0800, 0x2080, 0x6A42, 0xA302, 0xA302, 0xA300, 0xA302, 0xA300, 0xA302, 0xA302, 0xA301,
  0xA302, 0xA302, 0xA300, 0xA302, 0xA301, 0xA302, 0xA302, 0xA302, 0xA300, 0xA301, 0xA301, 0xAB41, 0xC402, 0xD485, 0xE507, 0xE507,
  0xE506, 0xE505, 0xE507, 0xE507, 0xE507, 0xE505, 0xE507, 0xE507, 0xE505, 0xE507, 0xE505, 0xE507, 0xE507, 0xE507, 0xE507, 0xE507,
  0xE507, 0xE507, 0xE528, 0xDD2A, 0xE58A, 0xE5AB, 0xDD8D, 0xF692, 0xFF15, 0xFF16, 0xFF16, 0xF737, 0xF737, 0xF737, 0xF737, 0xF738,
  0xF737, 0xF737, 0xF737, 0xF738, 0xF737, 0xF738, 0xEF37, 0xF737, 0xF737, 0xF737, 0xF737, 0xF737, 0xF737, 0xFF37, 0xFF37, 0xFF15,
  0xE631, 0xE5EE, 0xE5EE, 0xE5AB, 0xE58A, 0xE58A, 0xE589, 0xE589, 0xE589, 0xED88, 0xED88, 0xED86, 0xED88, 0xED88, 0xED88, 0xED88,
  0xED88, 0xED86, 0xED88, 0xE567, 0xED88, 0xE567, 0xE567, 0xE567, 0xE589, 0xE567, 0xE589, 0xE567, 0xE567, 0xE567, 0xE567, 0xE567,
  0xE589, 0xE567, 0xE567, 0xED88, 0xED86, 0xED88, 0xED86, 0xED88, 0xED86, 0xED88, 0xED86, 0xED86, 0xED86, 0xED86, 0xED88, 0xED86,
  0xED86, 0xED86, 0xED86, 0xED86, 0xED86, 0xED86, 0xED86, 0xED86, 0xED88, 0xED86, 0xED86, 0xED88, 0xED86, 0xED86, 0xED86, 0xED88,
  0xED86, 0xED86, 0xED88, 0xED86, 0xED86, 0xED86, 0xED86, 0xED86, 0xED86, 0xED86, 0xED86, 0xED86, 0xED86, 0xED88, 0xED86, 0xED86,
  0xED88, 0xE567, 0xED86, 0xED86, 0xED88, 0xED86, 0xED88, 0xED86, 0xED86, 0xED86, 0xED86, 0xED86, 0xED86, 0xED86, 0xED86, 0xED86,
  0xED86, 0xED86, 0xED86, 0xED86, 0xED88, 0xED86, 0xED86, 0xED86, 0xED86, 0xED86, 0xED86, 0xED88, 0xED86, 0xE566, 0xE567, 0xED88,
  0xDD69, 0xBC25, 0x8B02, 0x7AA1, 0x5A01, 0x6A20, 0x5A22, 0x5A43, 0x41A1, 0x1860, 0x0800, 0x0001, 0x0001, 0x0001, 0x0001, 0x0001,
  0x0001, 0x0001, 0x0001, 0x0001, 0x0001, 0x0001, 0x0004, 0x1193, 0x11DA, 0x0000, 0x0000, 0x0000, 0x0000, 0x0000, 0x0000, 0x0000,
  0x0000, 0x0000, 0x0000, 0x0000, 0x0000, 0x0000, 0x0000, 0x09DC, 0x1193, 0x0027, 0x0002, 0x0001, 0x0001, 0x0001, 0x0001, 0x0001,
  0x0001, 0x0001, 0x0001, 0x0001, 0x0800, 0x0800, 0x1000, 0x5160, 0xA363, 0x9AE1, 0xA302, 0x9AE1, 0xA300, 0xA300, 0xA302, 0xA300,
  0xA302, 0xA300, 0xA302, 0xA302, 0xA302, 0xA302, 0xA302, 0xA302, 0xA301, 0xA301, 0xA301, 0xB383, 0xD485, 0xE528, 0xE528, 0xE505,
  0xE506, 0xE507, 0xE507, 0xE505, 0xE507, 0xE507, 0xE507, 0xE505, 0xE507, 0xE505, 0xE507, 0xE507, 0xE507, 0xE507, 0xE507, 0xE507,
  0xE507, 0xE528, 0xE528, 0xE568, 0xD54B, 0xDD8D, 0xF692, 0xFED4, 0xFF16, 0xFF16, 0xF737, 0xF737, 0xF737, 0xF738, 0xEF37, 0xF737,
  0xF737, 0xF737, 0xEF37, 0xF737, 0xF738, 0xF737, 0xEF37, 0xF737, 0xF737, 0xF737, 0xF737, 0xF737, 0xF737, 0xFF16, 0xFF16, 0xF6B3,
  0xE5EE, 0xDD8D, 0xE5AB, 0xE5AB, 0xE589, 0xE589, 0xE589, 0xE589, 0xE589, 0xED88, 0xED88, 0xE567, 0xED88, 0xED88, 0xED88, 0xED88,
  0xED88, 0xE589, 0xE589, 0xED88, 0xE589, 0xE589, 0xE589, 0xE589, 0xE589, 0xE589, 0xE589, 0xE589, 0xE589, 0xE589, 0xE589, 0xE589,
  0xE589, 0xE58A, 0xE589, 0xE589, 0xE589, 0xE589, 0xE567, 0xED86, 0xED86, 0xED86, 0xE567, 0xE567, 0xE567, 0xE567, 0xE567, 0xE567,
  0xE567, 0xE567, 0xE567, 0xE567, 0xED86, 0xED86, 0xE567, 0xED86, 0xED86, 0xE567, 0xED86, 0xED86, 0xED88, 0xED86, 0xED88, 0xED86,
  0xED86, 0xED86, 0xED86, 0xED88, 0xED86, 0xED88, 0xED86, 0xED86, 0xED86, 0xED88, 0xED86, 0xED86, 0xED86, 0xED86, 0xE567, 0xED88,
  0xED86, 0xE567, 0xE567, 0xED86, 0xE567, 0xED88, 0xED86, 0xED86, 0xED86, 0xED86, 0xED86, 0xED86, 0xED86, 0xED86, 0xED86, 0xED86,
  0xED86, 0xED86, 0xED86, 0xED86, 0xED86, 0xED86, 0xED86, 0xED86, 0xED86, 0xED86, 0xED88, 0xED86, 0xE567, 0xE567, 0xE567, 0xE567,
  0xBC25, 0x7AA1, 0x6A20, 0x5A01, 0x5A00, 0x5A22, 0x5A43, 0x49C4, 0x1860, 0x0800, 0x0001, 0x0001, 0x0001, 0x0001, 0x0001, 0x0001,
  0x0001, 0x0001, 0x0001, 0x0001, 0x0001, 0x0002, 0x004A, 0x19D7, 0x09DC, 0x0000, 0x0000, 0x0000, 0x0000, 0x0000, 0x0000, 0x0000,
  0x0000, 0x0000, 0x0000, 0x0000, 0x0000, 0x0000, 0x0000, 0x0000, 0x19D7, 0x090D, 0x0002, 0x0001, 0x0001, 0x0001, 0x0001, 0x0001,
  0x0001, 0x0001, 0x0001, 0x0001, 0x0001, 0x0800, 0x0800, 0x2020, 0x7AA1, 0xA323, 0xA302, 0x9AE1, 0xA300, 0xA301, 0xA300, 0xA302,
  0xA302, 0xA300, 0xA302, 0xA300, 0xA302, 0xA302, 0xA302, 0xA302, 0xAB00, 0xAB41, 0xB382, 0xCC65, 0xE507, 0xE506, 0xE506, 0xE506,
  0xE506, 0xE507, 0xE507, 0xE505, 0xE507, 0xE505, 0xE507, 0xE507, 0xE506, 0xE506, 0xE507, 0xE507, 0xE507, 0xE507, 0xE507, 0xE507,
  0xE528, 0xE528, 0xDD2A, 0xD54B, 0xE5EE, 0xEE10, 0xF6B3, 0xFF16, 0xFF16, 0xFF37, 0xFF37, 0xF737, 0xEF37, 0xF737, 0xF737, 0xF737,
  0xF737, 0xEF37, 0xEF37, 0xF737, 0xF738, 0xF737, 0xF737, 0xF738, 0xF758, 0xF758, 0xF737, 0xF737, 0xFF16, 0xFF16, 0xF6B3, 0xEE10,
  0xE5EE, 0xDD8D, 0xE58A, 0xE58A, 0xE589, 0xE589, 0xE589, 0xED88, 0xED86, 0xED88, 0xED88, 0xED88, 0xED88, 0xED88, 0xED88, 0xE589,
  0xE589, 0xE589, 0xE589, 0xDDAB, 0xE589, 0xDD69, 0xDD2A, 0xD4E7, 0xCCE9, 0xBC25, 0xBC25, 0xD4E7, 0xBC25, 0xBC25, 0xD4E7, 0xB427,
  0xA3E2, 0xBC25, 0xCCE9, 0xDD2A, 0xDD69, 0xE589, 0xE589, 0xED88, 0xE567, 0xE567, 0xE567, 0xE567, 0xE567, 0xE567, 0xE567, 0xED88,
  0xE567, 0xED88, 0xED88, 0xE567, 0xE567, 0xE567, 0xE567, 0xED88, 0xED86, 0xED88, 0xED88, 0xED86, 0xED86, 0xED86, 0xED86, 0xED86,
  0xED86, 0xED86, 0xED86, 0xED86, 0xED86, 0xED86, 0xED86, 0xED86, 0xED86, 0xED86, 0xED86, 0xED86, 0xED86, 0xE567, 0xED86, 0xE567,
  0xED88, 0xE567, 0xE567, 0xE566, 0xE567, 0xED86, 0xED86, 0xED86, 0xED86, 0xED86, 0xED86, 0xED86, 0xED86, 0xED86, 0xED86, 0xED86,
  0xED86, 0xED86, 0xED86, 0xED86, 0xED86, 0xED86, 0xED86, 0xED86, 0xED86, 0xED86, 0xED88, 0xED88, 0xE567, 0xED88, 0xDD69, 0xBC25,
  0x7AA1, 0x7AA1, 0x5A00, 0x5A22, 0x5A22, 0x5A43, 0x51E5, 0x3922, 0x0060, 0x0800, 0x0001, 0x0001, 0x0001, 0x0001, 0x0001, 0x0001,
  0x0001, 0x0001, 0x0001, 0x0001, 0x0001, 0x0004, 0x1170, 0x11DA, 0x09DC, 0x0000, 0x0000, 0x0000, 0x0000, 0x0000, 0x0000, 0x0000,
  0x0000, 0x0000, 0x0000, 0x0000, 0x0000, 0x0000, 0x0000, 0x0000, 0x11DA, 0x1193, 0x0027, 0x0001, 0x0001, 0x0001, 0x0001, 0x0001,
  0x0001, 0x0001, 0x0001, 0x0001, 0x0001, 0x0001, 0x0800, 0x1000, 0x5160, 0x9303, 0x9AE1, 0x9AE1, 0x9AE1, 0xA301, 0xA300, 0xA300,
  0xA302, 0xA302, 0xA300, 0xA302, 0xA302, 0xA302, 0xA300, 0xA302, 0xAB00, 0xAB42, 0xC402, 0xCC65, 0xE506, 0xE507, 0xE506, 0xE506,
  0xE505, 0xE507, 0xE505, 0xE507, 0xE507, 0xE507, 0xE507, 0xE507, 0xE507, 0xE528, 0xE507, 0xE507, 0xE507, 0xE507, 0xE507, 0xE507,
  0xE528, 0xE528, 0xDD2A, 0xDD2A, 0xDD8D, 0xE631, 0xFED4, 0xFF16, 0xFF16, 0xF737, 0xFF37, 0xF758, 0xEF37, 0xF737, 0xF737, 0xF737,
  0xF737, 0xF737, 0xF737, 0xF737, 0xF737, 0xF738, 0xF737, 0xF737, 0xF737, 0xF737, 0xF737, 0xF737, 0xFF16, 0xFED4, 0xE631, 0xE5EE,
  0xDD8D, 0xE58A, 0xE58A, 0xE589, 0xE589, 0xE589, 0xED88, 0xED88, 0xED88, 0xED88, 0xED88, 0xED88, 0xED88, 0xE589, 0xDD69, 0xE589,
  0xDDAB, 0xDD69, 0xDDAB, 0xD4E7, 0xB3E5, 0x9BE5, 0xA3E2, 0xA363, 0x9B65, 0x8B02, 0x6A20, 0x5A00, 0x6A20, 0x7AA1, 0x6A20, 0x6A20,
  0x5A00, 0x6A20, 0x5A00, 0x6A20, 0x7AA1, 0x9AE1, 0xA363, 0xB3E5, 0xBC25, 0xD4E7, 0xDD69, 0xDD69, 0xE589, 0xE589, 0xE589, 0xE589,
  0xE589, 0xED88, 0xED88, 0xED88, 0xED88, 0xE567, 0xE567, 0xE567, 0xED88, 0xED88, 0xED86, 0xE567, 0xE567, 0xED88, 0xED86, 0xE567,
  0xED88, 0xED86, 0xE567, 0xED88, 0xED86, 0xE567, 0xED88, 0xED86, 0xED88, 0xED86, 0xED88, 0xED86, 0xE567, 0xE567, 0xE567, 0xE567,
  0xED88, 0xE589, 0xE566, 0xE567, 0xE567, 0xE567, 0xE567, 0xED88, 0xED86, 0xED86, 0xED86, 0xED86, 0xED86, 0xED86, 0xED86, 0xED86,
  0xED86, 0xED86, 0xED86, 0xED86, 0xED86, 0xED86, 0xED88, 0xED86, 0xED86, 0xED86, 0xED88, 0xE567, 0xED88, 0xDD69, 0xD4E7, 0x8B02,
  0x7AA1, 0x5A01, 0x5160, 0x5160, 0x5223, 0x5A43, 0x5A66, 0x2080, 0x1860, 0x0800, 0x0001, 0x0001, 0x0001, 0x0001, 0x0001, 0x0001,
  0x0001, 0x0001, 0x0001, 0x0001, 0x0001, 0x0027, 0x19D7, 0x11DA, 0x0000, 0x0000, 0x0000, 0x0000, 0x0000, 0x0000, 0x0000, 0x0000,
  0x0000, 0x0000, 0x0000, 0x0000, 0x0000, 0x0000, 0x0000, 0x0000, 0x09DC, 0x19D7, 0x004A, 0x0002, 0x0001, 0x0001, 0x0001, 0x0001,
  0x0001, 0x0001, 0x0001, 0x0001, 0x0001, 0x0001, 0x0800, 0x0800, 0x2020, 0x7AC3, 0x9B65, 0x9AE1, 0x9AE1, 0xA302, 0xA300, 0xA302,
  0xA302, 0xA301, 0xA302, 0xA302, 0xA300, 0xA302, 0xA302, 0xA300, 0xA302, 0xB382, 0xD444, 0xDCE6, 0xE507, 0xE506, 0xE506, 0xE505,
  0xE507, 0xE505, 0xE507, 0xE507, 0xE507, 0xE507, 0xE507, 0xE507, 0xE507, 0xE506, 0xE507, 0xE507, 0xE507, 0xE507, 0xE507, 0xE507,
  0xE528, 0xE528, 0xDD2A, 0xE5EE, 0xEE10, 0xF6B3, 0xFF15, 0xFF37, 0xFF37, 0xF737, 0xF738, 0xF737, 0xF758, 0xEF37, 0xF737, 0xEF37,
  0xF737, 0xF758, 0xF737, 0xEF37, 0xEF37, 0xF737, 0xEF37, 0xEF37, 0xF737, 0xF737, 0xF737, 0xFF16, 0xFED5, 0xEE71, 0xE5D0, 0xDD8D,
  0xE58A, 0xE58A, 0xE589, 0xE589, 0xE589, 0xE589, 0xED88, 0xED88, 0xED88, 0xED88, 0xED88, 0xED88, 0xE589, 0xE589, 0xE5AB, 0xDDAB,
  0xD4E7, 0xB3E5, 0x9BE5, 0x7AA1, 0x6A20, 0x6A20, 0x6A20, 0x5A00, 0x5A00, 0x5A00, 0x5A00, 0x5A01, 0x5A01, 0x5A01, 0x5A01, 0x6A20,
  0x5A01, 0x5A01, 0x5A00, 0x5160, 0x5A00, 0x5160, 0x6A20, 0x6A20, 0x7AA1, 0x8B02, 0xA363, 0x9BE5, 0xD4E7, 0xDD69, 0xDD2A, 0xDD69,
  0xDD69, 0xDD69, 0xDDAB, 0xE589, 0xE589, 0xED88, 0xED88, 0xE589, 0xE567, 0xE567, 0xE589, 0xE567, 0xE567, 0xE567, 0xE567, 0xE567,
  0xED86, 0xE567, 0xED88, 0xED86, 0xED88, 0xED88, 0xED86, 0xED88, 0xED86, 0xE567, 0xE567, 0xED88, 0xED88, 0xED88, 0xED88, 0xED88,
  0xE589, 0xE589, 0xE589, 0xE589, 0xE567, 0xE567, 0xED88, 0xED86, 0xE567, 0xED86, 0xED86, 0xED86, 0xED86, 0xED86, 0xED86, 0xED86,
  0xED86, 0xED86, 0xED86, 0xED86, 0xED86, 0xED86, 0xE566, 0xE567, 0xED86, 0xE567, 0xE567, 0xED88, 0xED88, 0xBC25, 0x8B02, 0x7AA1,
  0x41A1, 0x5A00, 0x5A01, 0x5A22, 0x5A43, 0x51E5, 0x49C4, 0x0800, 0x0001, 0x0001, 0x0001, 0x0001, 0x0001, 0x0001, 0x0001, 0x0001,
  0x0001, 0x0001, 0x0001, 0x0001, 0x0002, 0x090D, 0x11DA, 0x0000, 0x0000, 0x0000, 0x0000, 0x0000, 0x0000, 0x0000, 0x0000, 0x0000,
  0x0000, 0x0000, 0x0000, 0x0000, 0x0000, 0x0000, 0x0000, 0x0000, 0x0000, 0x11DA, 0x1170, 0x0027, 0x0001, 0x0001, 0x0001, 0x0001,
  0x0001, 0x0001, 0x0001, 0x0001, 0x0001, 0x0001, 0x0001, 0x0800, 0x1000, 0x5160, 0x9346, 0xA323, 0xA302, 0xA300, 0xA302, 0xA301,
  0x9AE1, 0xA302, 0xA302, 0xA302, 0xA302, 0xA300, 0xA302, 0xA300, 0xAB41, 0xC402, 0xD485, 0xDCE6, 0xE507, 0xE506, 0xE506, 0xE506,
  0xE505, 0xE505, 0xE507, 0xE507, 0xE505, 0xE507, 0xE506, 0xE507, 0xE507, 0xE507, 0xE507, 0xE507, 0xE507, 0xE507, 0xE507, 0xE528,
  0xE528, 0xDD2A, 0xDD8D, 0xEE70, 0xFED4, 0xFED5, 0xFF16, 0xFF37, 0xF737, 0xF737, 0xF737, 0xF737, 0xEF37, 0xF737, 0xEF37, 0xF737,
  0xF737, 0xF737, 0xEF37, 0xF737, 0xEF37, 0xF737, 0xF737, 0xF737, 0xF737, 0xF737, 0xFF16, 0xFF15, 0xEE71, 0xE5D0, 0xE5EE, 0xE5AB,
  0xE5AB, 0xE589, 0xE589, 0xE589, 0xE589, 0xED88, 0xED88, 0xED88, 0xED88, 0xED88, 0xED88, 0xE589, 0xE58A, 0xDDAB, 0xDD2A, 0xBC25,
  0x9303, 0x7AA1, 0x5A00, 0x5160, 0x5A00, 0x5A00, 0x5A01, 0x5A01, 0x5A01, 0x5A22, 0x5A22, 0x5A01, 0x5A01, 0x5A01, 0x51C3, 0x5A01,
  0x5A01, 0x5A01, 0x5A01, 0x5A01, 0x5A01, 0x5A00, 0x5A01, 0x5A00, 0x5A01, 0x5A01, 0x5A00, 0x6A20, 0x7AA1, 0x8B02, 0xA3E2, 0x9BE5,
  0xA363, 0xBC25, 0xCC87, 0xDD69, 0xCCE9, 0xDD69, 0xDDAB, 0xE589, 0xE58A, 0xE58A, 0xE589, 0xE589, 0xE589, 0xED88, 0xED88, 0xE589,
  0xE567, 0xE567, 0xE567, 0xE567, 0xE567, 0xE567, 0xED88, 0xE567, 0xE589, 0xED88, 0xED88, 0xE589, 0xE589, 0xE589, 0xE589, 0xDD69,
  0xCC65, 0xD4E7, 0xCCE9, 0xE589, 0xE589, 0xE589, 0xED88, 0xED88, 0xED88, 0xED88, 0xED88, 0xED86, 0xE567, 0xED88, 0xED88, 0xED88,
  0xE567, 0xE567, 0xED86, 0xED88, 0xE567, 0xE567, 0xE567, 0xE567, 0xE589, 0xE567, 0xE528, 0xDD69, 0xBC25, 0x8B02, 0x7AA1, 0x5A00,
  0x5A01, 0x5A22, 0x6A42, 0x5223, 0x5A66, 0x5A66, 0x28E0, 0x0800, 0x0001, 0x0001, 0x0001, 0x0001, 0x0001, 0x0001, 0x0001, 0x0001,
  0x0001, 0x0001, 0x0001, 0x0001, 0x0027, 0x1193, 0x11DA, 0x0000, 0x0000, 0x0000, 0x0000, 0x0000, 0x0000, 0x0000, 0x0000, 0x0000,
  0x0000, 0x0000, 0x0000, 0x0000, 0x0000, 0x0000, 0x0000, 0x0000, 0x0000, 0x09DC, 0x1193, 0x006D, 0x0002, 0x0001, 0x0001, 0x0001,
  0x0001, 0x0001, 0x0001, 0x0001, 0x0001, 0x0001, 0x0001, 0x0800, 0x0800, 0x2020, 0x7AC3, 0xA323, 0x9AE1, 0xA302, 0xA300, 0xA302,
  0xA302, 0xA302, 0xA302, 0xA302, 0xA302, 0xA302, 0xA302, 0xA301, 0xBBC2, 0xD485, 0xE507, 0xE507, 0xDCE6, 0xE506, 0xE506, 0xE505,
  0xE507, 0xE507, 0xE505, 0xE507, 0xE507, 0xE507, 0xE507, 0xE507, 0xE507, 0xE528, 0xE507, 0xE507, 0xE507, 0xE507, 0xE507, 0xE528,
  0xDD2A, 0xDD8D, 0xEE70, 0xF6B3, 0xFED5, 0xFF16, 0xF737, 0xF737, 0xF737, 0xF737, 0xF737, 0xF737, 0xF737, 0xF737, 0xEF37, 0xF758,
  0xEF37, 0xF737, 0xF737, 0xF737, 0xF758, 0xF758, 0xF737, 0xF737, 0xF737, 0xFF16, 0xFF15, 0xEE71, 0xE5D0, 0xE5EE, 0xDD8D, 0xE58A,
  0xE58A, 0xE589, 0xE589, 0xED88, 0xED88, 0xED88, 0xED88, 0xED88, 0xED88, 0xED88, 0xE589, 0xE589, 0xDDAB, 0xB3E5, 0xA3E2, 0x6A20,
  0x5A01, 0x5160, 0x5160, 0x5A01, 0x5160, 0x5A22, 0x5A22, 0x5A43, 0x5A43, 0x5A22, 0x51C3, 0x51C3, 0x51C3, 0x5A22, 0x5223, 0x51C3,
  0x5A22, 0x51C3, 0x5A01, 0x5A22, 0x5A22, 0x5A22, 0x5A22, 0x5A01, 0x5A01, 0x5A01, 0x5A01, 0x5A01, 0x5A01, 0x5A01, 0x5A00, 0x6A20,
  0x5A00, 0x7AA1, 0x7AA1, 0x7AA1, 0xA363, 0x9BE5, 0xD4E7, 0xDD2A, 0xD4E7, 0xDD08, 0xDD69, 0xE589, 0xE58A, 0xE58A, 0xE589, 0xE589,
  0xE589, 0xE589, 0xE589, 0xED88, 0xED88, 0xE589, 0xE589, 0xE589, 0xED88, 0xE589, 0xE58A, 0xE589, 0xDD69, 0xD4E7, 0xBC25, 0x9BE5,
  0x9AE1, 0x8B02, 0xAB41, 0x9BE5, 0xCCE9, 0xE58A, 0xE589, 0xE589, 0xE589, 0xE589, 0xE567, 0xE567, 0xE567, 0xED88, 0xE567, 0xED88,
  0xED86, 0xE567, 0xED88, 0xE567, 0xED88, 0xE589, 0xE589, 0xE589, 0xE528, 0xDD69, 0xD4E7, 0xB427, 0x8B02, 0x6A20, 0x5A01, 0x5A01,
  0x5A01, 0x5A43, 0x5223, 0x49C4, 0x49C4, 0x4A24, 0x0060, 0x0800, 0x0001, 0x0001, 0x0001, 0x0001, 0x0001, 0x0001, 0x0001, 0x0001,
  0x0001, 0x0001, 0x0001, 0x0002, 0x090D, 0x19D7, 0x09DC, 0x0000, 0x0000, 0x0000, 0x0000, 0x0000, 0x0000, 0x0000, 0x0000, 0x0000,
  0x0000, 0x0000, 0x0000, 0x0000, 0x0000, 0x0000, 0x0000, 0x0000, 0x0000, 0x09DC, 0x11DA, 0x1170, 0x0027, 0x0001, 0x0001, 0x0001,
  0x0001, 0x0001, 0x0001, 0x0001, 0x0001, 0x0001, 0x0001, 0x1860, 0x0800, 0x1000, 0x4120, 0xA363, 0xA302, 0x9AE1, 0xA302, 0xA302,
  0xA300, 0xA302, 0xA302, 0xA302, 0xA302, 0xA302, 0xA300, 0xAB43, 0xD444, 0xE507, 0xE528, 0xE506, 0xE506, 0xE506, 0xE507, 0xE505,
  0xE507, 0xE505, 0xE507, 0xE507, 0xE507, 0xE507, 0xE507, 0xE507, 0xE507, 0xE507, 0xE507, 0xE507, 0xE507, 0xE507, 0xE528, 0xDD2A,
  0xDD2A, 0xEE10, 0xF692, 0xFED4, 0xFF16, 0xF737, 0xF737, 0xF737, 0xF737, 0xF737, 0xF737, 0xF738, 0xEF37, 0xF737, 0xF737, 0xF758,
  0xF737, 0xF738, 0xF737, 0xEF37, 0xEF37, 0xF737, 0xF737, 0xF737, 0xFF16, 0xFF15, 0xEE71, 0xE5D0, 0xDD8D, 0xE5AB, 0xE58A, 0xE58A,
  0xE589, 0xE589, 0xE589, 0xE589, 0xED88, 0xED88, 0xED88, 0xE589, 0xE589, 0xE589, 0xE58A, 0xDDAB, 0x9BE5, 0x6A20, 0x5A01, 0x5A01,
  0x5A01, 0x5A01, 0x5A01, 0x5160, 0x5A22, 0x51C3, 0x5A22, 0x5223, 0x51C3, 0x5223, 0x5A22, 0x5223, 0x5223, 0x5A43, 0x5A43, 0x5223,
  0x51C3, 0x5223, 0x5223, 0x5223, 0x5A22, 0x41A1, 0x5A43, 0x5A22, 0x5A22, 0x5A22, 0x5A01, 0x5A22, 0x6A20, 0x5A01, 0x5A00, 0x5A00,
  0x5A01, 0x5A00, 0x5A00, 0x5A01, 0x5A01, 0x6A20, 0x7AA1, 0x8B02, 0x7AA1, 0x9AE1, 0xA3E2, 0xB427, 0xBC25, 0xCCE9, 0xDD69, 0xDDAB,
  0xDD69, 0xE58A, 0xE58A, 0xE5AB, 0xE58A, 0xE58A, 0xE589, 0xDD69, 0xDD2A, 0xCCE9, 0xD4E7, 0xB427, 0xA3E2, 0x8B02, 0x7AA1, 0x6A20,
  0x7AA1, 0x6A20, 0x5A00, 0x6A20, 0x9303, 0xBC25, 0xCCE9, 0xDD69, 0xDD69, 0xE589, 0xE589, 0xE589, 0xE589, 0xE589, 0xE589, 0xE589,
  0xE589, 0xE589, 0xE589, 0xE589, 0xE589, 0xE528, 0xDD69, 0xCCE9, 0xBC25, 0x9BE5, 0xA363, 0x7AA1, 0x7AA1, 0x5A01, 0x6A20, 0x5A01,
  0x5223, 0x5A43, 0x49C4, 0x4A24, 0x6308, 0x3944, 0x0001, 0x0001, 0x0001, 0x0001, 0x0001, 0x0001, 0x0001, 0x0001, 0x0001, 0x0001,
  0x0001, 0x0001, 0x0001, 0x0027, 0x1193, 0x11DA, 0x0000, 0x0000, 0x0000, 0x0000, 0x0000, 0x0000, 0x0000, 0x0000, 0x0000, 0x0000,
  0x0000, 0x0000, 0x0000, 0x0000, 0x0000, 0x0000, 0x0000, 0x0000, 0x0000, 0x0000, 0x09DC, 0x0177, 0x004A, 0x0002, 0x0001, 0x0001,
  0x0001, 0x0001, 0x0001, 0x0001, 0x0001, 0x0001, 0x0001, 0x0001, 0x0800, 0x0800, 0x2020, 0x6A42, 0xAB42, 0x9AE1, 0xA302, 0xA302,
  0xA302, 0xA300, 0xA302, 0xA302, 0xA302, 0xA302, 0xA301, 0xC402, 0xD485, 0xE507, 0xE506, 0xE528, 0xE507, 0xE507, 0xE505, 0xE507,
  0xE505, 0xE507, 0xE507, 0xE507, 0xE505, 0xE507, 0xE505, 0xE507, 0xE507, 0xE507, 0xE507, 0xE507, 0xE507, 0xE528, 0xDD08, 0xDD2A,
  0xE5EE, 0xF692, 0xFED4, 0xFF16, 0xFF16, 0xF737, 0xF737, 0xF737, 0xF737, 0xF758, 0xF737, 0xEF37, 0xF737, 0xF738, 0xEF37, 0xEF37,
  0xF737, 0xF738, 0xF758, 0xF758, 0xF737, 0xF737, 0xF737, 0xFF37, 0xFF15, 0xEE93, 0xEE10, 0xE5EE, 0xE5EE, 0xE5AB, 0xE58A, 0xE58A,
  0xE589, 0xE589, 0xED88, 0xED88, 0xED88, 0xED88, 0xE589, 0xE589, 0xE589, 0xE58A, 0xE58A, 0xB427, 0x7AA1, 0x5A00, 0x5A00, 0x5A00,
  0x5A01, 0x5A01, 0x5A22, 0x5A22, 0x51C3, 0x41A1, 0x51C3, 0x49C4, 0x41A1, 0x4A24, 0x5223, 0x5A66, 0x5A66, 0x6AC6, 0x5A66, 0x6AC6,
  0x6308, 0x7349, 0x7B69, 0x7349, 0x7349, 0x7349, 0x62E6, 0x62E6, 0x5A43, 0x5A43, 0x5A43, 0x41A1, 0x5A22, 0x5A22, 0x5A22, 0x5A22,
  0x5A01, 0x5A01, 0x41A1, 0x5A01, 0x5A01, 0x5A00, 0x5A00, 0x5A01, 0x5160, 0x6A20, 0x6A20, 0x6A20, 0x7AA1, 0x8B02, 0x8B02, 0x9BE5,
  0xA3E2, 0xB3E5, 0xCC87, 0xD4E7, 0xCD8B, 0xD4E7, 0xCC87, 0xB427, 0xA3E2, 0x8B02, 0x7AA1, 0x7AA1, 0x6A20, 0x6A20, 0x6A20, 0x6A20,
  0x6A20, 0x6A42, 0x6A20, 0x6A20, 0x5A00, 0x6A20, 0x8B02, 0x9BE5, 0xBC25, 0xCCE9, 0xE58A, 0xDD69, 0xE589, 0xE589, 0xE589, 0xDD69,
  0xE589, 0xDD69, 0xD4E7, 0xCCE9, 0xCC87, 0xBC25, 0xB3E5, 0xA363, 0x7AA1, 0x6A20, 0x6A20, 0x5A01, 0x5160, 0x5A22, 0x5A22, 0x5223,
  0x5A43, 0x5A66, 0x49C4, 0x6308, 0x5B2B, 0x1860, 0x0001, 0x0001, 0x0001, 0x0001, 0x0001, 0x0001, 0x0001, 0x0001, 0x0001, 0x0001,
  0x0001, 0x0001, 0x0004, 0x090D, 0x0177, 0x0000, 0x0000, 0x0000, 0x0000, 0x0000, 0x0000, 0x0000, 0x0000, 0x0000, 0x0000, 0x0000,
  0x0000, 0x0000, 0x0000, 0x0000, 0x0000, 0x0000, 0x0000, 0x0000, 0x0000, 0x0000, 0x09DC, 0x19D7, 0x1170, 0x0027, 0x0002, 0x0001,
  0x0001, 0x0001, 0x0001, 0x0001, 0x0001, 0x0001, 0x0001, 0x0001, 0x0001, 0x0800, 0x1000, 0x4120, 0x9303, 0xA323, 0xA302, 0xA302,
  0xA300, 0xA302, 0xA302, 0xA302, 0xA300, 0xAB41, 0xB382, 0xCC65, 0xE507, 0xE507, 0xE506, 0xE506, 0xE507, 0xE505, 0xE507, 0xE505,
  0xE507, 0xE505, 0xE505, 0xE507, 0xE507, 0xE507, 0xE507, 0xE507, 0xE507, 0xE507, 0xE507, 0xE507, 0xE507, 0xDD08, 0xDD2A, 0xE5AB,
  0xF692, 0xFED4, 0xFF16, 0xFF16, 0xF737, 0xF737, 0xF737, 0xF737, 0xF758, 0xEF37, 0xEF37, 0xEF37, 0xEF37, 0xF737, 0xF737, 0xF738,
  0xEF37, 0xEF37, 0xEF37, 0xEF37, 0xF737, 0xF737, 0xFF37, 0xFF16, 0xEE93, 0xEE10, 0xD5EE, 0xDD8D, 0xE5AB, 0xE5AB, 0xE58A, 0xE589,
  0xE589, 0xE589, 0xED88, 0xED88, 0xE567, 0xE589, 0xE589, 0xE589, 0xE58A, 0xE58A, 0xB427, 0x8B02, 0x5A01, 0x5A00, 0x5A01, 0x5A01,
  0x5A01, 0x5A22, 0x51C3, 0x41A1, 0x5223, 0x4A24, 0x5A43, 0x62E6, 0x7B06, 0x7B69, 0x840B, 0x840B, 0x9C2E, 0x94AE, 0x94AE, 0xA550,
  0xA550, 0xBCF0, 0xADB1, 0xC50D, 0x9D70, 0xBCF0, 0xA550, 0x9C2B, 0x9C2B, 0x6BEB, 0x7349, 0x62E6, 0x5A66, 0x5A43, 0x5A43, 0x5A22,
  0x5A22, 0x41A1, 0x5A00, 0x5A00, 0x5A22, 0x5A01, 0x5A01, 0x6A20, 0x6A20, 0x5A01, 0x6A20, 0x5A01, 0x5A01, 0x5A01, 0x5A00, 0x5A00,
  0x5A00, 0x6A20, 0x7AA1, 0x7AA1, 0x6A20, 0x7AA1, 0x7AA1, 0x6A20, 0x5A01, 0x5A00, 0x5A00, 0x6A20, 0x6A20, 0x5A01, 0x6A42, 0x6A42,
  0x6A42, 0x6A42, 0x6A42, 0x5A22, 0x6A20, 0x6A42, 0x6A20, 0x6A20, 0x7AA1, 0x9303, 0xB427, 0xCCE9, 0xDD2A, 0xDD2A, 0xDD2A, 0xCCE9,
  0xB427, 0xA3E2, 0x9303, 0x8B02, 0x8B02, 0x7AA1, 0x6A20, 0x6A20, 0x6A20, 0x5A01, 0x5A00, 0x5A01, 0x5A01, 0x5A22, 0x5223, 0x4A24,
  0x49C4, 0x49C4, 0x7349, 0x8C4E, 0x49C4, 0x0001, 0x0001, 0x0001, 0x0001, 0x0001, 0x0001, 0x0001, 0x0001, 0x0001, 0x0001, 0x0001,
  0x0001, 0x0002, 0x0027, 0x1193, 0x11DA, 0x0000, 0x0000, 0x0000, 0x0000, 0x0000, 0x0000, 0x0000, 0x0000, 0x0000, 0x0000, 0x0000,
  0x0000, 0x0000, 0x0000, 0x0000, 0x0000, 0x0000, 0x0000, 0x0000, 0x0000, 0x0000, 0x0000, 0x09DC, 0x0177, 0x004A, 0x0002, 0x0001,
  0x0001, 0x0001, 0x0001, 0x0001, 0x0001, 0x0001, 0x0001, 0x0001, 0x0001, 0x0800, 0x1000, 0x2020, 0x6A42, 0xA323, 0xAB42, 0xA302,
  0xA302, 0xA302, 0xA302, 0xA300, 0xA302, 0xAB41, 0xC404, 0xE507, 0xE507, 0xE507, 0xE506, 0xE506, 0xE507, 0xE507, 0xE505, 0xE507,
  0xE507, 0xE505, 0xE507, 0xE507, 0xE507, 0xE507, 0xE506, 0xE528, 0xE506, 0xE507, 0xE507, 0xE507, 0xE528, 0xDD2A, 0xDDAB, 0xE5EE,
  0xF6B3, 0xFF15, 0xFF16, 0xF737, 0xF737, 0xF738, 0xF737, 0xF737, 0xF758, 0xEF37, 0xF737, 0xEF37, 0xEF37, 0xF737, 0xF737, 0xF738,
  0xF758, 0xF758, 0xF758, 0xF758, 0xF737, 0xF737, 0xFF16, 0xFED5, 0xEE10, 0xD5EE, 0xE5EE, 0xE5AB, 0xE58A, 0xE58A, 0xE58A, 0xE589,
  0xE589, 0xED88, 0xED88, 0xE567, 0xE589, 0xE589, 0xE528, 0xE58A, 0xDDAB, 0xB427, 0x7AA1, 0x5A01, 0x5A00, 0x5A01, 0x5A01, 0x5A22,
  0x5A22, 0x5A22, 0x4A24, 0x5223, 0x5A66, 0x7349, 0x9C2B, 0x94AE, 0xADB1, 0xB5B1, 0xBDF3, 0xBDF3, 0xB5B1, 0xB5B1, 0xBDF3, 0xBDF3,
  0xCDF1, 0xBDF3, 0xBDF3, 0xBDF3, 0xADB1, 0xBDF3, 0xB5B1, 0xBDF3, 0xB5B1, 0xBCF0, 0xA550, 0x94AE, 0x9C2B, 0x840B, 0x7349, 0x62E6,
  0x62E6, 0x5A22, 0x4A24, 0x5A01, 0x5A22, 0x5A22, 0x5A22, 0x5A22, 0x5A22, 0x5A22, 0x5A01, 0x6A20, 0x5A01, 0x5A01, 0x5A00, 0x5A00,
  0x5A00, 0x5A01, 0x5A00, 0x5A00, 0x5A01, 0x5A01, 0x5A01, 0x5A01, 0x5A00, 0x5A01, 0x5A01, 0x5A01, 0x5A22, 0x6A42, 0x5A22, 0x6A42,
  0x5A43, 0x5A43, 0x5A43, 0x6A42, 0x5A22, 0x5A22, 0x5A01, 0x5A00, 0x6A20, 0x6A20, 0x7AA1, 0x9303, 0x9303, 0x9346, 0x9BE5, 0x9303,
  0x6A20, 0x6A20, 0x6A20, 0x6A20, 0x6A20, 0x5A01, 0x5A00, 0x5A01, 0x5A01, 0x5A01, 0x5A22, 0x5223, 0x5223, 0x5223, 0x4A24, 0x49C4,
  0x62E6, 0x5B2B, 0x94AE, 0x6BEB, 0x0001, 0x0001, 0x0060, 0x0001, 0x0001, 0x0001, 0x0001, 0x0001, 0x0001, 0x0001, 0x0001, 0x0001,
  0x0001, 0x0004, 0x090D, 0x19D7, 0x0000, 0x0000, 0x0000, 0x0000, 0x0000, 0x0000, 0x0000, 0x0000, 0x0000, 0x0000, 0x0000, 0x0000,
  0x0000, 0x0000, 0x0000, 0x0000, 0x0000, 0x0000, 0x0000, 0x0000, 0x0000, 0x0000, 0x0000, 0x09DC, 0x11DA, 0x00D1, 0x0004, 0x0001,
  0x0001, 0x0001, 0x0001, 0x0001, 0x0001, 0x0001, 0x0001, 0x0001, 0x0001, 0x0001, 0x0800, 0x0800, 0x2020, 0x9303, 0xA323, 0xA302,
  0xA302, 0xA300, 0xA302, 0xA302, 0xA300, 0xAB43, 0xC404, 0xE528, 0xD485, 0xE507, 0xE506, 0xE506, 0xE506, 0xE507, 0xE507, 0xE505,
  0xE507, 0xE507, 0xE507, 0xE507, 0xE507, 0xE506, 0xE506, 0xE506, 0xE528, 0xE507, 0xE507, 0xE528, 0xDD69, 0xDD2A, 0xE5EE, 0xF692,
  0xFED4, 0xFF16, 0xFF37, 0xF737, 0xF737, 0xF737, 0xEF37, 0xEF37, 0xF737, 0xEF37, 0xF758, 0xEF37, 0xF737, 0xF737, 0xF758, 0xF737,
  0xEF37, 0xEF37, 0xEF37, 0xF737, 0xF737, 0xFF37, 0xFF15, 0xF6B3, 0xEE10, 0xE5EE, 0xDD8D, 0xE5AB, 0xE58A, 0xE58A, 0xE589, 0xE589,
  0xED88, 0xE589, 0xE589, 0xE589, 0xE589, 0xE589, 0xDD69, 0xE5AB, 0xDD2A, 0xA363, 0x6A20, 0x5A01, 0x5A01, 0x5A01, 0x5A22, 0x51C3,
  0x41A1, 0x5A43, 0x5A66, 0x7B69, 0xA550, 0xB5B1, 0xBDF3, 0xCDF1, 0xBDF3, 0xBDF3, 0xB5B1, 0xB5B1, 0xBD53, 0xBDF3, 0xBDF3, 0xB5B1,
  0xADB1, 0xBDF3, 0xADB1, 0xADB1, 0xCDF1, 0xADB1, 0xADB1, 0xB5B1, 0xBDF3, 0xADB1, 0xB5B1, 0xCDF1, 0xADB1, 0xA550, 0xBCF0, 0xA550,
  0xC50D, 0x94AE, 0x7B69, 0x7349, 0x7B06, 0x62E6, 0x5A22, 0x41A1, 0x5A01, 0x5A01, 0x5223, 0x5A22, 0x5A22, 0x5A01, 0x5A22, 0x5A22,
  0x6A42, 0x5A22, 0x5A22, 0x5A22, 0x5A01, 0x5A01, 0x5A01, 0x5A22, 0x5A22, 0x5A01, 0x5A22, 0x5A22, 0x5A22, 0x5A43, 0x5A43, 0x5A43,
  0x5A43, 0x5A43, 0x5A43, 0x5A43, 0x6AC6, 0x6A42, 0x6A42, 0x5A22, 0x5A22, 0x5A01, 0x5A01, 0x5A01, 0x7AA1, 0x6A20, 0x6A20, 0x5A01,
  0x5A01, 0x6A20, 0x5A01, 0x5A01, 0x5A01, 0x5A01, 0x5A22, 0x5A01, 0x5A22, 0x5A22, 0x5223, 0x5223, 0x5A43, 0x5223, 0x4A24, 0x4A24,
  0x6308, 0x94AE, 0x8530, 0x2102, 0x0001, 0x0001, 0x0001, 0x0001, 0x0001, 0x0001, 0x0001, 0x0001, 0x0001, 0x0001, 0x0001, 0x0001,
  0x0001, 0x0027, 0x1193, 0x11DA, 0x09DC, 0x0000, 0x0000, 0x0000, 0x0000, 0x0000, 0x0000, 0x0000, 0x0000, 0x0000, 0x0000, 0x0000,
  0x0000, 0x0000, 0x0000, 0x0000, 0x0000, 0x0000, 0x0000, 0x0000, 0x0000, 0x0000, 0x0000, 0x0000, 0x09DC, 0x19D7, 0x090D, 0x0001,
  0x0001, 0x0001, 0x0001, 0x0001, 0x0001, 0x0001, 0x0001, 0x0001, 0x0001, 0x0001, 0x0001, 0x0800, 0x0800, 0x4120, 0x9B65, 0xA323,
  0xA302, 0xA302, 0xA302, 0xA300, 0xA302, 0xAB41, 0xC404, 0xE507, 0xDCE6, 0xE507, 0xE506, 0xE506, 0xE507, 0xE505, 0xE507, 0xE505,
  0xE507, 0xE505, 0xE507, 0xE507, 0xE507, 0xE506, 0xE528, 0xE506, 0xE528, 0xE507, 0xE528, 0xDD2A, 0xDD2A, 0xDD8D, 0xEE10, 0xFED4,
  0xFF16, 0xF737, 0xF737, 0xF737, 0xF737, 0xF738, 0xF737, 0xEF37, 0xF737, 0xEF37, 0xEF37, 0xEF37, 0xF758, 0xF737, 0xEF37, 0xF737,
  0xEF37, 0xF737, 0xF737, 0xF737, 0xFF37, 0xFF16, 0xF6B3, 0xE631, 0xD5EE, 0xDD8D, 0xE5AB, 0xE5AB, 0xE58A, 0xE589, 0xE589, 0xED88,
  0xE589, 0xE567, 0xE589, 0xE589, 0xE528, 0xE589, 0xE58A, 0xDDAB, 0x9BE5, 0x5A00, 0x5A01, 0x5A01, 0x5A01, 0x5A22, 0x5A01, 0x41A1,
  0x5A66, 0x7349, 0x94AE, 0xBDF3, 0xBDF3, 0xCDF1, 0xBDF3, 0xADB1, 0xBDF3, 0xBDF3, 0xBDF3, 0xADB1, 0xADB1, 0xADB1, 0xBDF3, 0xADB1,
  0xADB1, 0xADB1, 0xADB1, 0xADB1, 0xADB1, 0xADB1, 0xADB1, 0xADB1, 0xADB1, 0xADB1, 0xADB1, 0xADB1, 0xB5B1, 0xB5B1, 0xADB1, 0xB5B1,
  0xADB1, 0xADB1, 0xADB1, 0xA550, 0xA550, 0x9C2B, 0x840B, 0x7349, 0x7B69, 0x7B06, 0x62E6, 0x5A43, 0x5223, 0x5A01, 0x41A1, 0x5A22,
  0x5A22, 0x5A22, 0x5A22, 0x5A22, 0x5A22, 0x5A22, 0x5A22, 0x5A22, 0x5A22, 0x5A22, 0x5A22, 0x5223, 0x5223, 0x5223, 0x5A43, 0x5A66,
  0x5A66, 0x6AC6, 0x7349, 0x7B69, 0x9BE8, 0x840B, 0x7B69, 0x6AC6, 0x7AC3, 0x7AC3, 0x5A43, 0x5A22, 0x5A01, 0x5A22, 0x5A22, 0x5A01,
  0x5A22, 0x5A01, 0x5A22, 0x5A22, 0x5A22, 0x5A22, 0x5A43, 0x5A43, 0x5A43, 0x4A24, 0x5223, 0x4A24, 0x4A24, 0x5A66, 0x42A8, 0x6308,
  0x94AE, 0xA593, 0x31A7, 0x0001, 0x0001, 0x0001, 0x0001, 0x0001, 0x0001, 0x0001, 0x0001, 0x0001, 0x0001, 0x0001, 0x0001, 0x0001,
  0x0002, 0x090D, 0x0177, 0x0000, 0x0000, 0x0000, 0x0000, 0x0000, 0x0000, 0x0000, 0x0000, 0x0000, 0x0000, 0x0000, 0x0000, 0x0000,
  0x0000, 0x0000, 0x0000, 0x0000, 0x0000, 0x0000, 0x0000, 0x0000, 0x0000, 0x0000, 0x0000, 0x0000, 0x0000, 0x11DA, 0x1170, 0x0027,
  0x0001, 0x0001, 0x0001, 0x0001, 0x0001, 0x0001, 0x0001, 0x0001, 0x0001, 0x0001, 0x0001, 0x0001, 0x0800, 0x1000, 0x7AC3, 0x9B65,
  0xAB43, 0xA302, 0xA302, 0xA302, 0xA302, 0xAB41, 0xC402, 0xCC87, 0xE528, 0xE528, 0xE507, 0xE507, 0xE505, 0xE507, 0xE505, 0xE507,
  0xE505, 0xE566, 0xE507, 0xE505, 0xE507, 0xE506, 0xE506, 0xE528, 0xE507, 0xE507, 0xE528, 0xDD2A, 0xDDAB, 0xE5EE, 0xFED4, 0xFED4,
  0xFF16, 0xF737, 0xF737, 0xF737, 0xEF37, 0xEF37, 0xF737, 0xEF37, 0xEF37, 0xEF37, 0xEF37, 0xEF37, 0xEF37, 0xF737, 0xEF37, 0xF737,
  0xF737, 0xF737, 0xF737, 0xFF16, 0xFF16, 0xFED4, 0xE631, 0xE5EE, 0xDD8D, 0xE5AB, 0xE5AB, 0xE58A, 0xE589, 0xE589, 0xE589, 0xE589,
  0xE589, 0xE589, 0xE589, 0xE589, 0xE589, 0xDD2A, 0xDDAB, 0xCC87, 0x6A20, 0x5160, 0x5A00, 0x5A01, 0x5A22, 0x5A01, 0x4A24, 0x5A66,
  0x840B, 0xA550, 0xCDF1, 0xBDF3, 0xB5B1, 0xBDF3, 0xADB1, 0xBDF3, 0xADB1, 0xBDF3, 0xADB1, 0xADB1, 0xBDF3, 0xADB1, 0xADB1, 0xADB1,
  0xADB1, 0xADB1, 0xADB1, 0xADB1, 0xADB1, 0xADB1, 0xADB1, 0xADB1, 0xADB1, 0xA5B1, 0xA5B1, 0xADB1, 0xADB1, 0xA550, 0xADB1, 0xADB1,
  0xA550, 0xB5B1, 0xADB1, 0xB5B1, 0xB5B1, 0xB5B1, 0xA550, 0xCD6E, 0x9D70, 0x9D70, 0x9C2B, 0x840B, 0x7349, 0x7B06, 0x62E6, 0x62E6,
  0x62E6, 0x5A43, 0x4A24, 0x5223, 0x5A01, 0x4A24, 0x41A1, 0x5223, 0x41A1, 0x4A24, 0x5A43, 0x5223, 0x5A43, 0x5A66, 0x6AC6, 0x6AC6,
  0x840B, 0x9C2B, 0xA4AF, 0xA550, 0xB5B1, 0xCD71, 0xCD71, 0x94AE, 0x9C2B, 0x840B, 0x62E6, 0x5A22, 0x5A22, 0x5A22, 0x5A22, 0x5A22,
  0x5A22, 0x5A43, 0x5A22, 0x5223, 0x5A43, 0x4A24, 0x5A43, 0x4A24, 0x4A24, 0x5A66, 0x5A66, 0x6308, 0x7349, 0x840B, 0x94AE, 0x9D70,
  0xA593, 0x5B2B, 0x0001, 0x0060, 0x0001, 0x0001, 0x0001, 0x0001, 0x0001, 0x0001, 0x0001, 0x0001, 0x0001, 0x0001, 0x0001, 0x0001,
  0x0027, 0x1193, 0x11DA, 0x0000, 0x0000, 0x0000, 0x0000, 0x0000, 0x0000, 0x0000, 0x0000, 0x0000, 0x0000, 0x0000, 0x0000, 0x0000,
  0x0000, 0x0000, 0x0000, 0x0000, 0x0000, 0x0000, 0x0000, 0x0000, 0x0000, 0x0000, 0x0000, 0x0000, 0x0000, 0x09DC, 0x19D7, 0x090D,
  0x0004, 0x0001, 0x0001, 0x0001, 0x0001, 0x0001, 0x0001, 0x0001, 0x0001, 0x0001, 0x0001, 0x0001, 0x0800, 0x1000, 0x3060, 0x9B65,
  0xA323, 0xA323, 0xA302, 0xA302, 0xA301, 0xAB41, 0xC404, 0xDCE6, 0xE528, 0xE506, 0xE506, 0xE506, 0xE507, 0xE505, 0xE507, 0xE505,
  0xE507, 0xE505, 0xE507, 0xE507, 0xE507, 0xE506, 0xE528, 0xE507, 0xE528, 0xE528, 0xDD2A, 0xDD2A, 0xE5D0, 0xF692, 0xFF14, 0xFF16,
  0xF737, 0xF737, 0xF758, 0xF737, 0xEF37, 0xF758, 0xEF37, 0xEF37, 0xEF37, 0xEF37, 0xEF37, 0xF758, 0xF737, 0xEF37, 0xF737, 0xF738,
  0xF737, 0xF737, 0xFF16, 0xFF16, 0xFED4, 0xE631, 0xEE10, 0xE5EE, 0xDD8D, 0xE5AB, 0xE58A, 0xE58A, 0xE589, 0xE589, 0xE589, 0xE567,
  0xE589, 0xE589, 0xE589, 0xE589, 0xE5AB, 0xDDAB, 0xB427, 0x7AA1, 0x5160, 0x6A20, 0x5A22, 0x5A22, 0x41A1, 0x41A1, 0x4A24, 0x7349,
  0xB5B1, 0xBDF3, 0xADB1, 0xBDF3, 0xBDF3, 0xADB1, 0xADB1, 0xADB1, 0xADB1, 0xADB1, 0xADB1, 0xADB1, 0xADB1, 0xADB1, 0xADB1, 0xBDF3,
  0xA5B1, 0xBDF3, 0xA5B1, 0xADB1, 0xADB1, 0xADB1, 0xADB1, 0xADB1, 0xADB1, 0xADB1, 0xA5B1, 0xA5B1, 0xA5B1, 0xA5B1, 0x9D70, 0xADB1,
  0x9D70, 0xADB1, 0xADB1, 0xADB1, 0xADB1, 0xB5B1, 0xB5B1, 0xADB1, 0xB5B1, 0xB5B1, 0xADB1, 0xA550, 0x9D70, 0x9D70, 0x94AE, 0xB4EB,
  0x94AE, 0x9C2B, 0x840B, 0x62E6, 0x62E6, 0x62E6, 0x5A43, 0x62E6, 0x5A66, 0x5A43, 0x62E6, 0x62E6, 0x7349, 0x840B, 0x94AE, 0xA4AF,
  0xB5B1, 0xB5B1, 0xB5B1, 0xB5B1, 0xB5B1, 0xB5B1, 0xB5B1, 0xB5B1, 0xB5B1, 0xBCF0, 0x94AE, 0x9BE8, 0x62E6, 0x5223, 0x5A43, 0x4A24,
  0x5A22, 0x5A22, 0x4A24, 0x5A43, 0x4A24, 0x5A66, 0x5A66, 0x42A8, 0x7349, 0x840B, 0x840B, 0x8D4F, 0x9570, 0xA593, 0x9D91, 0x8571,
  0x9D70, 0x08E1, 0x0060, 0x0060, 0x0001, 0x0001, 0x0001, 0x0001, 0x0001, 0x0001, 0x0001, 0x0001, 0x0001, 0x0001, 0x0001, 0x0002,
  0x1170, 0x19D7, 0x09DC, 0x0000, 0x0000, 0x0000, 0x0000, 0x0000, 0x0000, 0x0000, 0x0000, 0x0000, 0x0000, 0x0000, 0x0000, 0x0000,
  0x0000, 0x0000, 0x0000, 0x0000, 0x0000, 0x0000, 0x0000, 0x0000, 0x0000, 0x0000, 0x0000, 0x0000, 0x0000, 0x0000, 0x11DA, 0x1193,
  0x0027, 0x0002, 0x0001, 0x0001, 0x0001, 0x0001, 0x0001, 0x0001, 0x0001, 0x0001, 0x0001, 0x0001, 0x0800, 0x0001, 0x0800, 0x5160,
  0x9346, 0xAB43, 0xA302, 0xAB42, 0xA302, 0xB382, 0xD485, 0xE528, 0xE528, 0xE528, 0xE506, 0xE506, 0xE507, 0xE505, 0xE505, 0xE507,
  0xE505, 0xE507, 0xE505, 0xE507, 0xE506, 0xE506, 0xE528, 0xE507, 0xE528, 0xDD69, 0xDDAB, 0xDD8D, 0xF692, 0xFF14, 0xFF15, 0xF737,
  0xF737, 0xF737, 0xEF37, 0xF737, 0xEF37, 0xEF37, 0xF758, 0xEF37, 0xF737, 0xEF37, 0xF737, 0xEF37, 0xF737, 0xF758, 0xEF37, 0xF737,
  0xF737, 0xFF16, 0xFF16, 0xFED4, 0xEE71, 0xE5D0, 0xE5AB, 0xE5AB, 0xE5AB, 0xE58A, 0xE58A, 0xE589, 0xE589, 0xE589, 0xE589, 0xE589,
  0xE589, 0xE589, 0xE589, 0xE58A, 0xE5AB, 0xCCE9, 0x9303, 0x5A00, 0x5160, 0x5A01, 0x41A1, 0x5A22, 0x41A1, 0x5A66, 0x7349, 0x9D70,
  0xB5B1, 0xCDF1, 0xADB1, 0xADB1, 0xBDF3, 0xADB1, 0xBDF3, 0xADB1, 0xBDF3, 0xBDF3, 0xADB1, 0xADB1, 0xADB1, 0xADB1, 0xADB1, 0xA5B1,
  0xA5B1, 0xA5B1, 0xA5B1, 0xADB1, 0xA5B1, 0xA5B1, 0xA5B1, 0xA5B1, 0xA5B1, 0x9D91, 0xA5B1, 0x9D70, 0xA5B1, 0xA5B1, 0x9D70, 0xADB1,
  0x9D70, 0x9D70, 0xADB1, 0xA5B1, 0xA550, 0xA550, 0x9D70, 0xADB1, 0x9D70, 0xA550, 0xADB1, 0xADB1, 0xA550, 0xB5B1, 0xA5B1, 0x9D70,
  0xADB1, 0xA5B1, 0x9D70, 0x9D70, 0x94AE, 0x9C2B, 0x840B, 0x840B, 0x840B, 0x9C2B, 0x840B, 0x94AE, 0xA4AF, 0xB5B1, 0xB5B1, 0xB5B1,
  0xB5B1, 0xADB1, 0xADB1, 0xADB1, 0xA550, 0xADB1, 0xB5B1, 0xCD71, 0xB5B1, 0xB5B1, 0xA550, 0xA550, 0x9C2B, 0x840B, 0x62E6, 0x5A66,
  0x4A24, 0x5223, 0x5223, 0x62E6, 0x7349, 0x6BEB, 0x840B, 0x8C4E, 0x94AE, 0x9D91, 0xA5B1, 0xA550, 0xA550, 0x9591, 0xA593, 0x8D71,
  0x41E7, 0x0060, 0x0001, 0x0060, 0x0001, 0x0001, 0x0001, 0x0001, 0x0001, 0x0001, 0x0001, 0x0001, 0x0001, 0x0001, 0x0001, 0x0027,
  0x1193, 0x11DA, 0x0000, 0x0000, 0x0000, 0x0000, 0x0000, 0x0000, 0x0000, 0x0000, 0x0000, 0x0000, 0x0000, 0x0000, 0x0000, 0x0000,
  0x0000, 0x0000, 0x0000, 0x0000, 0x0000, 0x0000, 0x0000, 0x0000, 0x0000, 0x0000, 0x0000, 0x0000, 0x0000, 0x0000, 0x0000, 0x11DA,
  0x1170, 0x0004, 0x0001, 0x0001, 0x0001, 0x0001, 0x0001, 0x0001, 0x0001, 0x0001, 0x0001, 0x0001, 0x0001, 0x0001, 0x0001, 0x2020,
  0x7AC3, 0x9B65, 0xAB43, 0xA302, 0xB382, 0xBC25, 0xDCE6, 0xE528, 0xE567, 0xE506, 0xE507, 0xE507, 0xE507, 0xE507, 0xE505, 0xE507,
  0xE505, 0xE505, 0xE507, 0xE507, 0xE506, 0xE506, 0xE528, 0xE507, 0xDD69, 0xD54B, 0xE5EE, 0xF692, 0xFF14, 0xFF16, 0xF737, 0xF737,
  0xEF37, 0xF737, 0xF737, 0xF737, 0xF737, 0xF758, 0xEF37, 0xEF37, 0xEF37, 0xEF37, 0xEF37, 0xEF37, 0xEF37, 0xF758, 0xF758, 0xF737,
  0xF737, 0xFF16, 0xFF15, 0xEE71, 0xEE10, 0xE5EE, 0xE5AB, 0xDD8D, 0xE589, 0xE58A, 0xE589, 0xE589, 0xED88, 0xE589, 0xE567, 0xE589,
  0xE589, 0xE589, 0xE58A, 0xE5AB, 0xDD2A, 0x9B65, 0x5A00, 0x5160, 0x5A01, 0x5A01, 0x41A1, 0x4A24, 0x4A24, 0x7B06, 0x94AE, 0xBDF3,
  0xADB1, 0xADB1, 0xBDF3, 0xADB1, 0xADB1, 0xBDF3, 0xADB1, 0xADB1, 0xA5B1, 0xA5B1, 0xA5B1, 0xADB1, 0xADB1, 0xADB1, 0xA5B1, 0xADB1,
  0xA5B1, 0xA5B1, 0xA5B1, 0xA5B1, 0xA5B1, 0xA5B1, 0xA5B1, 0xA5B1, 0xA5B1, 0x9D91, 0x9D91, 0x9D91, 0x9D91, 0x9D91, 0x9D70, 0xA5B1,
  0xA5B1, 0xA5B1, 0x9D70, 0xA5B1, 0xA5B1, 0xA5B1, 0xADB1, 0xA5B1, 0xA5B1, 0xA5B1, 0x9D70, 0xA5B1, 0xA5B1, 0xA5B1, 0x9D70, 0xADB1,
  0x9D70, 0xADB1, 0xADB1, 0xADB1, 0xADB1, 0x9D70, 0xADB1, 0xADB1, 0xADB1, 0x9D70, 0xADB1, 0xADB1, 0xB5B1, 0xADB1, 0xADB1, 0xA550,
  0xADB1, 0xA550, 0xA550, 0xADB1, 0xADB1, 0xADB1, 0xA550, 0xA550, 0xA550, 0xA550, 0xB5B1, 0xB5B1, 0xADB1, 0xA550, 0x94AE, 0x7B69,
  0x7349, 0x7349, 0x840B, 0x840B, 0x94AE, 0x8D4F, 0xA550, 0xA5B1, 0xADB1, 0xA5B1, 0xA593, 0xA550, 0xA593, 0x9591, 0xA593, 0x6BEB,
  0x1860, 0x0001, 0x0001, 0x0001, 0x0001, 0x0001, 0x0001, 0x0001, 0x0001, 0x0001, 0x0001, 0x0001, 0x0001, 0x0001, 0x0004, 0x090D,
  0x11DA, 0x0000, 0x0000, 0x0000, 0x0000, 0x0000, 0x0000, 0x0000, 0x0000, 0x0000, 0x0000, 0x0000, 0x0000, 0x0000, 0x0000, 0x0000,
  0x0000, 0x0000, 0x0000, 0x0000, 0x0000, 0x0000, 0x0000, 0x0000, 0x0000, 0x0000, 0x0000, 0x0000, 0x0000, 0x0000, 0x0000, 0x11DA,
  0x1193, 0x004A, 0x0004, 0x0001, 0x0001, 0x0001, 0x0001, 0x0001, 0x0001, 0x0001, 0x0001, 0x0001, 0x0001, 0x0001, 0x0001, 0x0001,
  0x3060, 0x9B65, 0xB386, 0xAB42, 0xB383, 0xD485, 0xE528, 0xE528, 0xE507, 0xE507, 0xE507, 0xE545, 0xE507, 0xE505, 0xE566, 0xE507,
  0xE505, 0xE507, 0xE507, 0xE505, 0xE528, 0xE506, 0xE507, 0xE528, 0xDDAB, 0xE5EE, 0xF692, 0xFED4, 0xFF15, 0xFF16, 0xFF37, 0xEF37,
  0xF737, 0xF737, 0xF737, 0xF737, 0xF737, 0xF758, 0xF758, 0xEF37, 0xEF37, 0xEF37, 0xF737, 0xF737, 0xEF37, 0xF737, 0xF737, 0xF737,
  0xFF16, 0xFF15, 0xF692, 0xEE10, 0xDD8D, 0xE5AB, 0xE5AB, 0xE58A, 0xE58A, 0xE589, 0xE589, 0xE589, 0xE589, 0xE589, 0xE589, 0xE589,
  0xE589, 0xE58A, 0xE5AB, 0xDDAB, 0x9B65, 0x6A20, 0x5160, 0x5A01, 0x41A1, 0x5A22, 0x4A24, 0x41A1, 0x62E6, 0x94AE, 0xBDF3, 0xADB1,
  0xADB1, 0xBDF3, 0xADB1, 0xADB1, 0xBDF3, 0xA5B1, 0xADB1, 0xBDF3, 0xA5B1, 0xBDF3, 0xA5B1, 0xA5B1, 0xADB1, 0xADB1, 0xA5B1, 0xA5B1,
  0xA5B1, 0xA5B1, 0xA5B1, 0xA5B1, 0xA5B1, 0xA5B1, 0xA5B1, 0x9D91, 0x9D91, 0x9570, 0x9D91, 0x9D70, 0x9D70, 0x9D91, 0x9D70, 0x9D91,
  0x9D70, 0x9D70, 0x9D91, 0x9D70, 0xA5B1, 0xA5B1, 0x9D70, 0x9D70, 0x9D70, 0x9D70, 0x9D70, 0x9D70, 0x9D70, 0x9D70, 0x9D70, 0x9D70,
  0x9D70, 0x9D70, 0x9D70, 0xA550, 0x9D70, 0xADB1, 0x9D70, 0xADB1, 0xADB1, 0xADB1, 0xADB1, 0xA550, 0x9D70, 0xADB1, 0xA550, 0x9D70,
  0x9D70, 0x9D70, 0xADB1, 0x9D70, 0xADB1, 0x9D70, 0xA5B1, 0xADB1, 0xADB1, 0xADB1, 0xADB1, 0xB5B1, 0xADB1, 0xB5B1, 0xB5B1, 0x9D70,
  0xA4AF, 0xA550, 0x9D70, 0xA5B1, 0xADB1, 0xADB1, 0xA550, 0xA5B1, 0xA5B1, 0xA550, 0xA593, 0xA593, 0x9591, 0xA593, 0x7C4E, 0x2124,
  0x0001, 0x0001, 0x0001, 0x0001, 0x0001, 0x0001, 0x0001, 0x0001, 0x0001, 0x0001, 0x0001, 0x0001, 0x0001, 0x0002, 0x004A, 0x1193,
  0x11DA, 0x0000, 0x0000, 0x0000, 0x0000, 0x0000, 0x0000, 0x0000, 0x0000, 0x0000, 0x0000, 0x0000, 0x0000, 0x0000, 0x0000, 0x0000,
  0x0000, 0x0000, 0x0000, 0x0000, 0x0000, 0x0000, 0x0000, 0x0000, 0x0000, 0x0000, 0x0000, 0x0000, 0x0000, 0x0000, 0x0000, 0x0000,
  0x11DA, 0x1170, 0x0027, 0x0001, 0x0001, 0x0001, 0x0001, 0x0001, 0x0001, 0x0001, 0x0001, 0x0001, 0x0001, 0x0001, 0x0001, 0x0001,
  0x0800, 0x4120, 0xB386, 0xBC25, 0xCC65, 0xDD08, 0xE528, 0xE507, 0xE507, 0xE507, 0xE507, 0xE507, 0xE545, 0xE545, 0xE507, 0xE505,
  0xE507, 0xE507, 0xE505, 0xE566, 0xE507, 0xE507, 0xE528, 0xDD69, 0xDD8D, 0xEE70, 0xFED4, 0xFF15, 0xFF16, 0xF737, 0xF738, 0xF737,
  0xF737, 0xF737, 0xEF37, 0xEF37, 0xEF37, 0xEF37, 0xF758, 0xF758, 0xEF37, 0xF758, 0xEF37, 0xF737, 0xF737, 0xF737, 0xF737, 0xFF37,
  0xFF15, 0xF6B3, 0xEE10, 0xD5EE, 0xE5EE, 0xE5AB, 0xE58A, 0xE58A, 0xE589, 0xE589, 0xE589, 0xE589, 0xE589, 0xE589, 0xE589, 0xE589,
  0xE589, 0xE5AB, 0xDD8D, 0xB427, 0x7AA1, 0x5160, 0x5A01, 0x5A00, 0x5A22, 0x49C4, 0x41A1, 0x62E6, 0x94AE, 0xADB1, 0xADB1, 0xBDF3,
  0xADB1, 0xADB1, 0xBDF3, 0xADB1, 0xADB1, 0xADB1, 0xA5B1, 0xA5B1, 0xA5B1, 0xA5B1, 0xA5B1, 0xA5B1, 0xA5B1, 0xA5B1, 0xA5B1, 0xA5B1,
  0xA5B1, 0x9D91, 0xA5B1, 0x9D91, 0xA5B1, 0x9D91, 0x9D91, 0x9591, 0x9D91, 0x9570, 0x9570, 0x9570, 0x9570, 0x9591, 0x9D70, 0x9570,
  0x9D70, 0x9570, 0x9570, 0x9570, 0x9D70, 0x9D70, 0x9D91, 0x9D70, 0x9D70, 0x9D70, 0x9D91, 0x9570, 0x9570, 0x9D91, 0x9D70, 0x9D91,
  0x9D70, 0x9D91, 0xA550, 0x9D91, 0xA550, 0x9D91, 0xA550, 0x9D70, 0xA550, 0xA550, 0xA550, 0xA5B1, 0xA550, 0x9D91, 0xA550, 0x9D91,
  0x9D70, 0x9D70, 0x9D70, 0x9D70, 0x9D70, 0x9D70, 0x9D70, 0x9D70, 0xADB1, 0xADB1, 0xADB1, 0xADB1, 0xA5B1, 0xADB1, 0xADB1, 0xADB1,
  0xADB1, 0xADB1, 0xADB1, 0xADB1, 0xA550, 0xA593, 0xA593, 0xA593, 0xA593, 0xA593, 0x9D70, 0x9591, 0xA593, 0x8530, 0x31A7, 0x0001,
  0x0060, 0x0001, 0x0001, 0x0001, 0x0001, 0x0001, 0x0001, 0x0001, 0x0001, 0x0001, 0x0001, 0x0001, 0x0001, 0x0004, 0x1170, 0x11DA,
  0x0000, 0x0000, 0x0000, 0x0000, 0x0000, 0x0000, 0x0000, 0x0000, 0x0000, 0x0000, 0x0000, 0x0000, 0x0000, 0x0000, 0x0000, 0x0000,
  0x0000, 0x0000, 0x0000, 0x0000, 0x0000, 0x0000, 0x0000, 0x0000, 0x0000, 0x0000, 0x0000, 0x0000, 0x0000, 0x0000, 0x0000, 0x0000,
  0x09DC, 0x19D7, 0x004A, 0x0004, 0x0001, 0x0001, 0x0001, 0x0001, 0x0001, 0x0001, 0x0001, 0x0001, 0x0001, 0x0001, 0x0001, 0x0001,
  0x0800, 0x1000, 0x5160, 0xCC87, 0xDD2A, 0xE528, 0xDD08, 0xDCE6, 0xE507, 0xE507, 0xE507, 0xE507, 0xE505, 0xE566, 0xE507, 0xE507,
  0xE505, 0xE507, 0xE507, 0xE507, 0xE507, 0xE528, 0xE568, 0xDDAB, 0xEE10, 0xFED4, 0xFF15, 0xFF16, 0xF737, 0xF737, 0xF737, 0xF738,
  0xEF37, 0xF737, 0xEF37, 0xEF37, 0xEF37, 0xEF37, 0xF737, 0xEF37, 0xEF37, 0xEF37, 0xF737, 0xF737, 0xF737, 0xF737, 0xF737, 0xFF16,
  0xF6B3, 0xEE10, 0xE5D0, 0xE5AB, 0xE5AB, 0xE5AB, 0xE58A, 0xE589, 0xE589, 0xE589, 0xE567, 0xE589, 0xE589, 0xE589, 0xE589, 0xE589,
  0xE5AB, 0xE5AB, 0xCCE9, 0x8B02, 0x5160, 0x5A01, 0x5A00, 0x51C3, 0x5A01, 0x4A24, 0x4A24, 0x7349, 0x9D70, 0xBDF3, 0xADB1, 0xADB1,
  0xADB1, 0xBDF3, 0xA5B1, 0xADB1, 0xA5B1, 0xA5B1, 0xA5B1, 0xA5B1, 0xA5B1, 0xA5B1, 0xA5B1, 0xA5B1, 0xA5B1, 0xA5B1, 0xA5B1, 0x9D91,
  0xA5B1, 0x9D91, 0x9D91, 0x9D91, 0x9D91, 0x9D91, 0x9591, 0x9591, 0x9591, 0x9570, 0x9570, 0x9591, 0x9570, 0x9570, 0x9570, 0x9570,
  0x9570, 0x9D70, 0x9570, 0x9570, 0x9570, 0x9D70, 0x9570, 0x9D91, 0x9570, 0x9570, 0x9570, 0x9570, 0x9570, 0x9570, 0x9570, 0x9570,
  0x9570, 0x9570, 0x9570, 0xA550, 0x9591, 0xA550, 0x9D91, 0xA550, 0x9D91, 0xA550, 0xA550, 0x9591, 0x9570, 0xA550, 0x9D91, 0x9D70,
  0x9D91, 0x9D70, 0x9D70, 0x9D70, 0xA5B1, 0x9D91, 0x9D70, 0x9D91, 0x9D70, 0xA5B1, 0x9D70, 0xA5B1, 0xA5B1, 0xA5B1, 0xA5B1, 0xA550,
  0xA5B1, 0xA5B1, 0x9D91, 0xA550, 0xA593, 0x9D91, 0x9D91, 0x9D91, 0x9D91, 0x9D70, 0x8530, 0xA593, 0x9591, 0x5B2B, 0x0060, 0x0001,
  0x0001, 0x0001, 0x0001, 0x0001, 0x0001, 0x0001, 0x0001, 0x0001, 0x0001, 0x0001, 0x0001, 0x0001, 0x0004, 0x090D, 0x19D7, 0x11DA,
  0x0000, 0x0000, 0x0000, 0x0000, 0x0000, 0x0000, 0x0000, 0x0000, 0x0000, 0x0000, 0x0000, 0x0000, 0x0000, 0x0000, 0x0000, 0x0000,
  0x0000, 0x0000, 0x0000, 0x0000, 0x0000, 0x0000, 0x0000, 0x0000, 0x0000, 0x0000, 0x0000, 0x0000, 0x0000, 0x0000, 0x0000, 0x0000,
  0x0000, 0x11DA, 0x1193, 0x10E9, 0x0002, 0x0001, 0x0001, 0x0001, 0x0001, 0x0001, 0x0001, 0x0001, 0x0001, 0x0001, 0x0001, 0x0001,
  0x0001, 0x0800, 0x2020, 0x9AE1, 0xCC6B, 0xE528, 0xDD08, 0xDCE6, 0xE507, 0xE507, 0xE507, 0xE507, 0xE545, 0xE507, 0xE507, 0xE506,
  0xE507, 0xE566, 0xE507, 0xE507, 0xE507, 0xE568, 0xDDAB, 0xDD8D, 0xFEF2, 0xFF15, 0xFF16, 0xFF37, 0xEF37, 0xEF37, 0xF737, 0xEF37,
  0xEF37, 0xEF37, 0xEF37, 0xEF37, 0xEF37, 0xEF37, 0xEF37, 0xF737, 0xF758, 0xF758, 0xEF37, 0xF737, 0xF737, 0xFF37, 0xFF16, 0xFF15,
  0xE631, 0xD5EE, 0xE5EE, 0xDD8D, 0xE58A, 0xE58A, 0xE58A, 0xE589, 0xE589, 0xE589, 0xE589, 0xED88, 0xE589, 0xE589, 0xE589, 0xE58A,
  0xE5AB, 0xDD2A, 0x9B65, 0x6A20, 0x5160, 0x5A01, 0x5A01, 0x41A1, 0x4A24, 0x5223, 0x7B69, 0x94AE, 0xADB1, 0xADB1, 0xADB1, 0xADB1,
  0xBDF3, 0xA5B1, 0xADB1, 0xADB1, 0xA5B1, 0xA5B1, 0xBDF3, 0xA5B1, 0xA5B1, 0xA5B1, 0xA5B1, 0xA5B1, 0xA5B1, 0xA5B1, 0x9D91, 0xA5B1,
  0x9D91, 0x9D91, 0x9D91, 0x9D91, 0x9591, 0x9591, 0x9591, 0x9591, 0x9570, 0x9591, 0x9570, 0x9570, 0x9570, 0x9570, 0x9570, 0x9591,
  0x9570, 0x9570, 0x9591, 0x9591, 0x9570, 0x9591, 0x9570, 0x9570, 0x9591, 0x9570, 0x8D70, 0x8D70, 0x9570, 0x9570, 0x9570, 0x9570,
  0x9570, 0x9570, 0x9570, 0x9591, 0x9570, 0x9591, 0x9570, 0x9570, 0x9570, 0x9570, 0x9570, 0x9570, 0x9570, 0x9570, 0x9570, 0x9570,
  0x9570, 0x9570, 0x9D91, 0x9570, 0x9D70, 0x9D91, 0x9D91, 0x9D91, 0x9D91, 0x9D91, 0xA5B1, 0xA5B1, 0xA5B1, 0xA5B1, 0x9D91, 0xA550,
  0xA550, 0xA550, 0x9D70, 0x9D91, 0x9D91, 0x9D91, 0xA550, 0x9D91, 0x9D70, 0x8530, 0x9591, 0xA593, 0x6BEB, 0x08E1, 0x0001, 0x0060,
  0x0060, 0x0001, 0x0001, 0x0001, 0x0001, 0x0001, 0x0001, 0x0001, 0x0001, 0x0001, 0x0001, 0x0001, 0x004A, 0x1193, 0x09DC, 0x0000,
  0x0000, 0x0000, 0x0000, 0x0000, 0x0000, 0x0000, 0x0000, 0x0000, 0x0000, 0x0000, 0x0000, 0x0000, 0x0000, 0x0000, 0x0000, 0x0000,
  0x0000, 0x0000, 0x0000, 0x0000, 0x0000, 0x0000, 0x0000, 0x0000, 0x0000, 0x0000, 0x0000, 0x0000, 0x0000, 0x0000, 0x0000, 0x0000,
  0x0000, 0x09DC, 0x11DA, 0x1170, 0x0027, 0x0001, 0x0001, 0x0001, 0x0001, 0x0001, 0x0001, 0x0001, 0x0001, 0x0001, 0x0001, 0x0001,
  0x0001, 0x0001, 0x1000, 0x3060, 0xB427, 0xD54B, 0xDD08, 0xE528, 0xDCE6, 0xE505, 0xE507, 0xE507, 0xE507, 0xE507, 0xE566, 0xE507,
  0xE507, 0xE507, 0xE507, 0xE507, 0xDD69, 0xDD2A, 0xDD8D, 0xEE10, 0xFF15, 0xFF16, 0xFF37, 0xEF37, 0xFF37, 0xEF37, 0xEF37, 0xEF37,
  0xEF37, 0xF737, 0xF737, 0xEF37, 0xF758, 0xF737, 0xEF37, 0xF758, 0xF758, 0xF758, 0xF737, 0xF737, 0xF737, 0xFF16, 0xFF16, 0xF6B3,
  0xE5D0, 0xE5EE, 0xE5AB, 0xE58A, 0xE58A, 0xE58A, 0xE589, 0xE589, 0xE589, 0xE589, 0xE589, 0xE589, 0xE589, 0xE589, 0xE58A, 0xE5AB,
  0xDD2A, 0x9BE5, 0x6A20, 0x5A01, 0x5A01, 0x5A01, 0x51C3, 0x41A1, 0x5A43, 0x7349, 0x94AE, 0xBDF3, 0xADB1, 0xADB1, 0xADB1, 0xBDF3,
  0xA5B1, 0xA5B1, 0xA5B1, 0xA5B1, 0xA5B1, 0xA5B1, 0xA5B1, 0xA5B1, 0xA5B1, 0xA5B1, 0xA5B1, 0xA5B1, 0xA5B1, 0xA5B1, 0x9D91, 0x9D91,
  0x9D91, 0x9D91, 0x9D91, 0x9570, 0x9591, 0x9591, 0x9591, 0x8D71, 0x9591, 0x9591, 0x9570, 0x9570, 0x9591, 0x9570, 0x9591, 0x9591,
  0x9570, 0x9591, 0x9591, 0x9570, 0x9591, 0x9591, 0x9570, 0x9570, 0x9570, 0x9570, 0x9570, 0x9570, 0x9570, 0x9570, 0x9570, 0x8D70,
  0x9570, 0x9570, 0x9570, 0x9570, 0x9570, 0x9570, 0x9570, 0x9570, 0x9570, 0x9570, 0x9570, 0x9570, 0x8D70, 0x9570, 0x9570, 0x9570,
  0x9570, 0x9570, 0x9570, 0x9570, 0x9570, 0x9591, 0x9570, 0x9591, 0x9D91, 0x9D91, 0x9D91, 0x9D91, 0x9D91, 0x9D91, 0x9D91, 0x9D91,
  0x9591, 0x9591, 0x9D70, 0x9591, 0x9D91, 0x9591, 0x9D91, 0xA550, 0x9D70, 0x8530, 0xA593, 0x7C4E, 0x29C4, 0x0001, 0x0001, 0x0060,
  0x0001, 0x0001, 0x0001, 0x0001, 0x0001, 0x0001, 0x0001, 0x0001, 0x0001, 0x0001, 0x0001, 0x0004, 0x1170, 0x19D7, 0x09DC, 0x0000,
  0x0000, 0x0000, 0x0000, 0x0000, 0x0000, 0x0000, 0x0000, 0x0000, 0x0000, 0x0000, 0x0000, 0x0000, 0x0000, 0x0000, 0x0000, 0x0000,
  0x0000, 0x0000, 0x0000, 0x0000, 0x0000, 0x0000, 0x0000, 0x0000, 0x0000, 0x0000, 0x0000, 0x0000, 0x0000, 0x0000, 0x0000, 0x0000,
  0x0000, 0x0000, 0x09DC, 0x0177, 0x004A, 0x0004, 0x0001, 0x0001, 0x0001, 0x0001, 0x0001, 0x0001, 0x0001, 0x0001, 0x0001, 0x0001,
  0x0001, 0x0001, 0x1000, 0x0800, 0x5160, 0xB427, 0xDD2A, 0xCC87, 0xE528, 0xE506, 0xE506, 0xE528, 0xE507, 0xE567, 0xE528, 0xE506,
  0xE528, 0xE507, 0xE528, 0xE528, 0xE58A, 0xD54B, 0xEE10, 0xF6B3, 0xFF15, 0xFF37, 0xEF37, 0xF737, 0xF737, 0xF758, 0xEF37, 0xEF37,
  0xF758, 0xEF37, 0xEF37, 0xEF37, 0xEF37, 0xEF37, 0xF758, 0xF758, 0xF758, 0xF758, 0xEF37, 0xF737, 0xFF16, 0xFED5, 0xFED4, 0xEE10,
  0xDD8D, 0xE5AB, 0xE5AB, 0xE58A, 0xE58A, 0xE589, 0xE589, 0xED88, 0xE589, 0xE589, 0xE589, 0xE589, 0xE589, 0xE589, 0xE5AB, 0xE5AB,
  0xB427, 0x6A20, 0x5A00, 0x5160, 0x5A01, 0x5A22, 0x41A1, 0x4A24, 0x62E6, 0x94AE, 0xADB1, 0xADB1, 0xADB1, 0xADB1, 0xBDF3, 0x9D91,
  0xA5B1, 0xA5B1, 0xA5B1, 0xA5B1, 0xA5B1, 0x9D91, 0x9D91, 0x9D91, 0xA5B1, 0x9D91, 0xA5B1, 0x9D91, 0x9D91, 0x9D91, 0x9D91, 0x9D91,
  0x9D91, 0x9591, 0x9D91, 0x9D91, 0x8D70, 0x9591, 0x8D70, 0x9591, 0x8D70, 0x9570, 0x9570, 0x9570, 0x9570, 0x9591, 0x9570, 0x9570,
  0x9570, 0x9570, 0x9591, 0x9570, 0x9570, 0x9570, 0x9570, 0x9570, 0x9570, 0x8571, 0x8550, 0x9570, 0x8571, 0x9570, 0x9570, 0x8D70,
  0x8D70, 0x8D70, 0x8D70, 0x9570, 0x9570, 0x9570, 0x8571, 0x9570, 0x9570, 0x9570, 0x8571, 0x8571, 0x8D70, 0x8D70, 0x9570, 0x8D70,
  0x8D70, 0x9570, 0x9570, 0x9570, 0x9591, 0x9570, 0x9591, 0x9570, 0x9570, 0x9570, 0x9591, 0x9591, 0x9570, 0x9591, 0x9570, 0x9D70,
  0x9570, 0x9591, 0x8571, 0x9591, 0x9591, 0x9D70, 0x9D91, 0x8571, 0x9D70, 0xA593, 0x7C4E, 0x31A7, 0x0001, 0x0001, 0x0060, 0x0001,
  0x0001, 0x0001, 0x0001, 0x0001, 0x0001, 0x0001, 0x0001, 0x0001, 0x0001, 0x0001, 0x0002, 0x090D, 0x19D7, 0x09DC, 0x0000, 0x0000,
  0x0000, 0x0000, 0x0000, 0x0000, 0x0000, 0x0000, 0x0000, 0x0000, 0x0000, 0x0000, 0x0000, 0x0000, 0x0000, 0x0000, 0x0000, 0x0000,
  0x0000, 0x0000, 0x0000, 0x0000, 0x0000, 0x0000, 0x0000, 0x0000, 0x0000, 0x0000, 0x0000, 0x0000, 0x0000, 0x0000, 0x0000, 0x0000,
  0x0000, 0x0000, 0x0000, 0x11DA, 0x1193, 0x0027, 0x0002, 0x0001, 0x0001, 0x0001, 0x0001, 0x0001, 0x0001, 0x0001, 0x0001, 0x0001,
  0x0001, 0x0001, 0x1860, 0x0001, 0x2020, 0x6A42, 0xCC6B, 0xDD08, 0xE528, 0xE528, 0xE528, 0xE506, 0xE528, 0xE528, 0xE506, 0xE528,
  0xE506, 0xE568, 0xE568, 0xDD2A, 0xE5AB, 0xE5EE, 0xF692, 0xFF15, 0xFF16, 0xF737, 0xF737, 0xF737, 0xF737, 0xF737, 0xEF37, 0xF737,
  0xEF37, 0xF737, 0xF758, 0xF758, 0xF758, 0xF758, 0xEF37, 0xF758, 0xEF37, 0xF737, 0xF737, 0xF737, 0xFF16, 0xF6B3, 0xEE71, 0xE5EE,
  0xE5EE, 0xE5AB, 0xE58A, 0xE58A, 0xE589, 0xE589, 0xE589, 0xE589, 0xE589, 0xE589, 0xE589, 0xE589, 0xE589, 0xE58A, 0xE5AB, 0xCCE9,
  0x8B02, 0x5A01, 0x5A00, 0x5A01, 0x5A22, 0x4A24, 0x4A24, 0x5223, 0x9C2E, 0xBDF3, 0xADB1, 0xADB1, 0xADB1, 0xA5B1, 0xA5B1, 0xA5B1,
  0x9D91, 0x9D91, 0xA5B1, 0x9D91, 0x9D91, 0x9D91, 0x9D91, 0x9D91, 0x9D91, 0x9D91, 0x9D91, 0x9D91, 0x9D91, 0x9591, 0x9D91, 0x9591,
  0x9591, 0x9591, 0x8D71, 0x8D70, 0x9D91, 0x8D70, 0x9D91, 0x8D70, 0x9591, 0x9570, 0x9570, 0x9570, 0x8D71, 0x9591, 0x9591, 0x9570,
  0x9570, 0x9570, 0x9570, 0x9570, 0x9570, 0x9570, 0x9570, 0x8571, 0x8D70, 0x9570, 0x8571, 0x8D4F, 0x8D70, 0x8D4F, 0x8D70, 0x8D70,
  0x8D70, 0x8D70, 0x8D70, 0x9570, 0x8D4F, 0x9570, 0x9570, 0x8571, 0x8550, 0x8550, 0x852F, 0x852F, 0x8D70, 0x8571, 0x8D70, 0x8D70,
  0x8D70, 0x8D70, 0x8D70, 0x8D70, 0x8D70, 0x8D70, 0x9591, 0x9570, 0x9570, 0x9570, 0x9570, 0x9570, 0x9570, 0x9570, 0x8530, 0x9591,
  0x8530, 0x9570, 0x8D71, 0x9570, 0x8571, 0x8571, 0x8571, 0x94AE, 0x8D71, 0x8530, 0x42A8, 0x0001, 0x0001, 0x0001, 0x0001, 0x0001,
  0x0001, 0x0001, 0x0001, 0x0001, 0x0001, 0x0001, 0x0001, 0x0001, 0x0001, 0x0002, 0x004A, 0x1193, 0x09DC, 0x0000, 0x0000, 0x0000,
  0x0000, 0x0000, 0x0000, 0x0000, 0x0000, 0x0000, 0x0000, 0x0000, 0x0000, 0x0000, 0x0000, 0x0000, 0x0000, 0x0000, 0x0000, 0x0000,
  0x0000, 0x0000, 0x0000, 0x0000, 0x0000, 0x0000, 0x0000, 0x0000, 0x0000, 0x0000, 0x0000, 0x0000, 0x0000, 0x0000, 0x0000, 0x0000,
  0x0000, 0x0000, 0x0000, 0x0000, 0x19D7, 0x1170, 0x0004, 0x0001, 0x0001, 0x0001, 0x0001, 0x0001, 0x0001, 0x0001, 0x0001, 0x0001,
  0x0001, 0x0001, 0x0001, 0x0800, 0x2020, 0x3060, 0x9303, 0xCC6B, 0xCC87, 0xDCE6, 0xE507, 0xE507, 0xE507, 0xE507, 0xE507, 0xE507,
  0xE568, 0xE528, 0xE58A, 0xDDAB, 0xDD8D, 0xF6B3, 0xFF15, 0xFF16, 0xFF37, 0xF737, 0xF737, 0xF737, 0xF737, 0xF738, 0xEF37, 0xEF37,
  0xEF37, 0xF737, 0xF758, 0xF758, 0xF758, 0xEF37, 0xF758, 0xEF37, 0xF737, 0xF737, 0xF737, 0xFF15, 0xFED5, 0xEE71, 0xE5D0, 0xE5EE,
  0xE5AB, 0xE58A, 0xE58A, 0xE589, 0xE589, 0xE589, 0xE589, 0xE589, 0xE567, 0xE589, 0xE589, 0xE589, 0xE58A, 0xE5AB, 0xDD2A, 0x9303,
  0x5A00, 0x5A00, 0x5A01, 0x5A22, 0x5223, 0x5A22, 0x4A24, 0x840B, 0xADB1, 0xADB1, 0xADB1, 0xADB1, 0xADB1, 0xA5B1, 0x9D91, 0xA5B1,
  0xA5B1, 0xA5B1, 0x9D91, 0x9591, 0x9591, 0x9D91, 0xA5B1, 0x9D91, 0x9D91, 0x9D91, 0x8D71, 0x9591, 0x9D91, 0x9D91, 0x9D91, 0x9591,
  0x9591, 0x9591, 0x9591, 0x8D71, 0x8D70, 0x8D71, 0x8D70, 0x8D70, 0x9591, 0x9570, 0x9591, 0x9591, 0x9570, 0x9591, 0x9570, 0x9570,
  0x9570, 0x9570, 0x9570, 0x9570, 0x9570, 0x9570, 0x9570, 0x8550, 0x9570, 0x8571, 0x8D70, 0x8D70, 0x9570, 0x8D70, 0x8550, 0x8550,
  0x9570, 0x9570, 0x8550, 0x8D70, 0x852F, 0x9570, 0x8571, 0x8550, 0x8550, 0x8550, 0x8550, 0x8550, 0x8550, 0x8550, 0x8550, 0x8550,
  0x852F, 0x8D70, 0x8D70, 0x8D70, 0x8D70, 0x8D70, 0x8D70, 0x8D70, 0x9570, 0x9570, 0x9570, 0x9570, 0x9570, 0x9570, 0x8D71, 0x9570,
  0x9591, 0x8571, 0x9570, 0x8530, 0x8530, 0x8530, 0x8530, 0x8D71, 0x8571, 0x5A89, 0x0060, 0x0001, 0x0060, 0x0001, 0x0001, 0x0001,
  0x0001, 0x0001, 0x0001, 0x0001, 0x0001, 0x0001, 0x0001, 0x0001, 0x0001, 0x0004, 0x1193, 0x19D7, 0x0000, 0x0000, 0x0000, 0x0000,
  0x0000, 0x0000, 0x0000, 0x0000, 0x0000, 0x0000, 0x0000, 0x0000, 0x0000, 0x0000, 0x0000, 0x0000, 0x0000, 0x0000, 0x0000, 0x0000,
  0x0000, 0x0000, 0x0000, 0x0000, 0x0000, 0x0000, 0x0000, 0x0000, 0x0000, 0x0000, 0x0000, 0x0000, 0x0000, 0x0000, 0x0000, 0x0000,
  0x0000, 0x0000, 0x0000, 0x0000, 0x09DC, 0x19D7, 0x090D, 0x0004, 0x0001, 0x0001, 0x0001, 0x0001, 0x0001, 0x0001, 0x0001, 0x0001,
  0x0001, 0x0001, 0x0001, 0x0800, 0x1000, 0x1000, 0x2020, 0x7AC3, 0xCC6B, 0xE528, 0xE528, 0xE507, 0xE506, 0xE506, 0xE566, 0xE528,
  0xE568, 0xDD2A, 0xDDAB, 0xDD8D, 0xE631, 0xFF15, 0xFF16, 0xFF16, 0xF737, 0xF737, 0xF737, 0xF737, 0xF737, 0xEF37, 0xEF37, 0xEF37,
  0xEF37, 0xEF37, 0xF758, 0xF758, 0xEF37, 0xF758, 0xEF37, 0xF737, 0xF737, 0xFF16, 0xFF16, 0xFF15, 0xEE71, 0xEE10, 0xE5EE, 0xE5EE,
  0xE5AB, 0xE58A, 0xE589, 0xE589, 0xE589, 0xE589, 0xED88, 0xE589, 0xE589, 0xE589, 0xE589, 0xE58A, 0xE5AB, 0xDD2A, 0x9B65, 0x6A20,
  0x5A00, 0x5A01, 0x5A22, 0x5223, 0x51C3, 0x4A24, 0x7349, 0x94AE, 0xBDF3, 0xADB1, 0xA5B1, 0xADB1, 0xA5B1, 0xA5B1, 0xA5B1, 0xA5B1,
  0x9D91, 0x9591, 0x9D91, 0x9591, 0x9D91, 0x9591, 0x9D91, 0x8D71, 0x9D91, 0x9D91, 0x9D91, 0x9D91, 0x9D91, 0x9591, 0x9591, 0x9591,
  0x8D71, 0x8D71, 0x8D71, 0x8D70, 0x8D71, 0x8D70, 0x9570, 0x9570, 0x9570, 0x9570, 0x9570, 0x9570, 0x8D71, 0x9570, 0x8D71, 0x9570,
  0x9570, 0x9570, 0x9570, 0x9570, 0x8D71, 0x9570, 0x9570, 0x8571, 0x8571, 0x9570, 0x8550, 0x8D70, 0x8D70, 0x852F, 0x8D70, 0x8550,
  0x8550, 0x8550, 0x8550, 0x8550, 0x852F, 0x8550, 0x852F, 0x8550, 0x852F, 0x8550, 0x8550, 0x852F, 0x8550, 0x852F, 0x8550, 0x852F,
  0x852F, 0x852F, 0x852F, 0x8550, 0x852F, 0x8550, 0x852F, 0x8D70, 0x8550, 0x9570, 0x8571, 0x8571, 0x9570, 0x8571, 0x9570, 0x9570,
  0x8530, 0x8D71, 0x8571, 0x8530, 0x8530, 0x7D2F, 0x8571, 0x8530, 0x5A89, 0x0060, 0x0001, 0x0001, 0x0001, 0x0001, 0x0001, 0x0001,
  0x0001, 0x0001, 0x0001, 0x0001, 0x0001, 0x0001, 0x0001, 0x0001, 0x0004, 0x090D, 0x19D7, 0x09DC, 0x0000, 0x0000, 0x0000, 0x0000,
  0x0000, 0x0000, 0x0000, 0x0000, 0x0000, 0x0000, 0x0000, 0x0000, 0x0000, 0x0000, 0x0000, 0x0000, 0x0000, 0x0000, 0x0000, 0x0000,
  0x0000, 0x0000, 0x0000, 0x0000, 0x0000, 0x0000, 0x0000, 0x0000, 0x0000, 0x0000, 0x0000, 0x0000, 0x0000, 0x0000, 0x0000, 0x0000,
  0x0000, 0x0000, 0x0000, 0x0000, 0x0000, 0x11DA, 0x1193, 0x004A, 0x0004, 0x0001, 0x0001, 0x0001, 0x0001, 0x0001, 0x0001, 0x0001,
  0x0001, 0x0001, 0x0001, 0x0001, 0x0800, 0x0800, 0x1000, 0x3060, 0xB386, 0xDD8D, 0xE507, 0xE566, 0xE506, 0xE506, 0xE568, 0xE568,
  0xDD2A, 0xD54B, 0xDD8D, 0xEE10, 0xFED4, 0xFF16, 0xFF37, 0xF737, 0xF737, 0xF737, 0xF737, 0xF737, 0xF738, 0xEF37, 0xF737, 0xF738,
  0xEF37, 0xEF37, 0xF758, 0xF758, 0xF758, 0xEF37, 0xF737, 0xF737, 0xF737, 0xFF16, 0xFF16, 0xEE93, 0xEE10, 0xE5EE, 0xE5EE, 0xE5AB,
  0xE58A, 0xE58A, 0xE589, 0xE589, 0xE589, 0xE589, 0xE589, 0xE567, 0xE589, 0xE589, 0xDD69, 0xE5AB, 0xCD8B, 0xB3E5, 0x7AA1, 0x5A01,
  0x5A01, 0x5A22, 0x5A22, 0x5223, 0x4A24, 0x62E6, 0x94AE, 0xBDF3, 0xA5B1, 0xADB1, 0xA5B1, 0xADB1, 0xA5B1, 0xA5B1, 0x9D91, 0x9D91,
  0x9D91, 0x9D91, 0x9D91, 0x9591, 0x9D91, 0x9D91, 0x9591, 0x9D91, 0x9D91, 0x8D71, 0x8D71, 0x8D71, 0x9591, 0x8D71, 0x9591, 0x8D71,
  0x8D71, 0x8D71, 0x9570, 0x9570, 0x8571, 0x9570, 0x8571, 0x9570, 0x8571, 0x9570, 0x8D71, 0x9570, 0x9570, 0x9570, 0x8D71, 0x9570,
  0x9570, 0x9570, 0x8571, 0x9570, 0x8571, 0x8571, 0x9570, 0x8550, 0x8D70, 0x8550, 0x8D70, 0x8550, 0x852F, 0x8D70, 0x852F, 0x8D70,
  0x852F, 0x8550, 0x8550, 0x852F, 0x8550, 0x8550, 0x8550, 0x8550, 0x852F, 0x852F, 0x852F, 0x7D2F, 0x7D2F, 0x8550, 0x852F, 0x852F,
  0x852F, 0x7D50, 0x852F, 0x852F, 0x852F, 0x852F, 0x8550, 0x8550, 0x8550, 0x8550, 0x8571, 0x8571, 0x8571, 0x8571, 0x8530, 0x8571,
  0x8530, 0x8571, 0x8530, 0x8530, 0x7D50, 0x8571, 0x9D70, 0x5B2B, 0x08E1, 0x0001, 0x0060, 0x0001, 0x0001, 0x0001, 0x0001, 0x0001,
  0x0001, 0x0001, 0x0001, 0x0001, 0x0001, 0x0001, 0x0001, 0x0002, 0x004A, 0x1193, 0x09DC, 0x0000, 0x0000, 0x0000, 0x0000, 0x0000,
  0x0000, 0x0000, 0x0000, 0x0000, 0x0000, 0x0000, 0x0000, 0x0000, 0x0000, 0x0000, 0x0000, 0x0000, 0x0000, 0x0000, 0x0000, 0x0000,
  0x0000, 0x0000, 0x0000, 0x0000, 0x0000, 0x0000, 0x0000, 0x0000, 0x0000, 0x0000, 0x0000, 0x0000, 0x0000, 0x0000, 0x0000, 0x0000,
  0x0000, 0x0000, 0x0000, 0x0000, 0x0000, 0x09DC, 0x11DA, 0x1193, 0x0027, 0x0002, 0x0001, 0x0001, 0x0001, 0x0001, 0x0001, 0x0001,
  0x0001, 0x0001, 0x0001, 0x0001, 0x0800, 0x0001, 0x1000, 0x1000, 0x3060, 0x9B87, 0xE58A, 0xE528, 0xE528, 0xE507, 0xE528, 0xDD2A,
  0xD54B, 0xDD8D, 0xEE10, 0xFED4, 0xFF16, 0xFF37, 0xFF37, 0xF737, 0xF737, 0xF737, 0xF737, 0xF737, 0xF737, 0xF737, 0xEF37, 0xF737,
  0xEF37, 0xEF37, 0xEF37, 0xEF37, 0xEF37, 0xEF37, 0xF737, 0xF737, 0xFF16, 0xFF16, 0xFF15, 0xF692, 0xE5D0, 0xE5EE, 0xE5AB, 0xE5AB,
  0xE58A, 0xE589, 0xE589, 0xE589, 0xE589, 0xE589, 0xED88, 0xE589, 0xE589, 0xE589, 0xE58A, 0xE5AB, 0xCCE9, 0x9303, 0x5A01, 0x5160,
  0x5A01, 0x5A22, 0x5223, 0x5223, 0x62E6, 0x840B, 0xBDF3, 0xBDF3, 0xA5B1, 0xADB1, 0xA5B1, 0xA5B1, 0xA5B1, 0x9D91, 0x9D91, 0x9D91,
  0x9D91, 0x9591, 0x9D91, 0x9591, 0x9591, 0x9591, 0x9591, 0x9591, 0x8D71, 0x9D91, 0x8D71, 0x9591, 0x9591, 0x9591, 0x8D71, 0x8D71,
  0x8571, 0x9570, 0x8571, 0x8571, 0x9570, 0x8571, 0x9570, 0x8571, 0x9570, 0x8D71, 0x8D71, 0x9570, 0x8D71, 0x9570, 0x8D71, 0x9570,
  0x8D71, 0x9570, 0x8D71, 0x9570, 0x8D71, 0x9570, 0x8571, 0x8571, 0x8571, 0x8D70, 0x8550, 0x8550, 0x852F, 0x852F, 0x8D70, 0x852F,
  0x8550, 0x8550, 0x8550, 0x8550, 0x852F, 0x8550, 0x7D50, 0x8550, 0x7D50, 0x7D50, 0x852F, 0x7D50, 0x7D2F, 0x7D50, 0x852F, 0x7D50,
  0x852F, 0x7D2F, 0x852F, 0x8550, 0x852F, 0x852F, 0x852F, 0x8550, 0x852F, 0x8550, 0x8550, 0x8530, 0x8571, 0x852F, 0x8571, 0x852F,
  0x8571, 0x852F, 0x8530, 0x7D50, 0x8530, 0x8D71, 0x6BEB, 0x08E1, 0x0001, 0x0001, 0x0001, 0x0001, 0x0001, 0x0001, 0x0001, 0x0001,
  0x0001, 0x0001, 0x0001, 0x0001, 0x0001, 0x0001, 0x0002, 0x0027, 0x1193, 0x11DA, 0x0000, 0x0000, 0x0000, 0x0000, 0x0000, 0x0000,
  0x0000, 0x0000, 0x0000, 0x0000, 0x0000, 0x0000, 0x0000, 0x0000, 0x0000, 0x0000, 0x0000, 0x0000, 0x0000, 0x0000, 0x0000, 0x0000,
  0x0000, 0x0000, 0x0000, 0x0000, 0x0000, 0x0000, 0x0000, 0x0000, 0x0000, 0x0000, 0x0000, 0x0000, 0x0000, 0x0000, 0x0000, 0x0000,
  0x0000, 0x0000, 0x0000, 0x0000, 0x0000, 0x0000, 0x0000, 0x11DA, 0x1170, 0x0004, 0x0001, 0x0001, 0x0001, 0x0001, 0x0001, 0x0001,
  0x0001, 0x0001, 0x0001, 0x0800, 0x0001, 0x0001, 0x0001, 0x0001, 0x1000, 0x3060, 0xB386, 0xE5AB, 0xE528, 0xDD69, 0xDD2A, 0xE5AB,
  0xDD8D, 0xEE10, 0xFED4, 0xFF16, 0xFF37, 0xFF37, 0xF737, 0xF737, 0xF737, 0xF737, 0xEF37, 0xF737, 0xF737, 0xF737, 0xF737, 0xEF37,
  0xEF37, 0xEF37, 0xEF37, 0xEF37, 0xEF37, 0xF737, 0xF737, 0xFF16, 0xFF16, 0xFF16, 0xEE93, 0xEE10, 0xDD8D, 0xE5AB, 0xE5AB, 0xE5AB,
  0xE589, 0xE589, 0xE589, 0xE589, 0xE589, 0xED88, 0xE589, 0xE589, 0xE589, 0xE58A, 0xE5AB, 0xDDAB, 0x9303, 0x6A20, 0x5A01, 0x5A00,
  0x5A22, 0x5223, 0x5223, 0x5223, 0x7B69, 0xA550, 0xBDF3, 0xADB1, 0xA5B1, 0xA5B1, 0xA593, 0xA5B1, 0x9D91, 0x9D91, 0xA5B1, 0x9591,
  0x9591, 0x9591, 0x8D70, 0x8D71, 0x9591, 0x8D71, 0x9591, 0x8D71, 0x8D71, 0x8D71, 0x8D71, 0x8D71, 0x8D71, 0x8D71, 0x8D71, 0x8571,
  0x8571, 0x8571, 0x8571, 0x8571, 0x8571, 0x8571, 0x8571, 0x9570, 0x8571, 0x9570, 0x9570, 0x8D71, 0x9570, 0x9570, 0x9570, 0x9570,
  0x8571, 0x9570, 0x8D71, 0x9570, 0x8571, 0x9570, 0x8571, 0x8D70, 0x9570, 0x8550, 0x8550, 0x8550, 0x852F, 0x8550, 0x852F, 0x8550,
  0x8550, 0x8550, 0x8550, 0x8550, 0x852F, 0x8550, 0x8550, 0x8550, 0x7D2F, 0x7D2F, 0x7D2F, 0x7D50, 0x7D2F, 0x7D2F, 0x7D50, 0x7D2F,
  0x7D2F, 0x7D2F, 0x7D2F, 0x7D2F, 0x7D2F, 0x852F, 0x852F, 0x852F, 0x8550, 0x8550, 0x8550, 0x852F, 0x8571, 0x852F, 0x852F, 0x7D50,
  0x852F, 0x7D50, 0x8530, 0x8571, 0x8D71, 0x6C4E, 0x08E1, 0x0060, 0x0060, 0x0001, 0x0001, 0x0001, 0x0001, 0x0001, 0x0001, 0x0001,
  0x0001, 0x0001, 0x0001, 0x0001, 0x0001, 0x0001, 0x0027, 0x00D1, 0x11DA, 0x0000, 0x0000, 0x0000, 0x0000, 0x0000, 0x0000, 0x0000,
  0x0000, 0x0000, 0x0000, 0x0000, 0x0000, 0x0000, 0x0000, 0x0000, 0x0000, 0x0000, 0x0000, 0x0000, 0x0000, 0x0000, 0x0000, 0x0000,
  0x0000, 0x0000, 0x0000, 0x0000, 0x0000, 0x0000, 0x0000, 0x0000, 0x0000, 0x0000, 0x0000, 0x0000, 0x0000, 0x0000, 0x0000, 0x0000,
  0x0000, 0x0000, 0x0000, 0x0000, 0x0000, 0x0000, 0x0000, 0x09DC, 0x19D7, 0x090D, 0x0004, 0x0001, 0x0001, 0x0001, 0x0001, 0x0001,
  0x0001, 0x0001, 0x0001, 0x0001, 0x0001, 0x0001, 0x0001, 0x0800, 0x0800, 0x0001, 0x4120, 0xB46A, 0xDD8D, 0xDD8D, 0xCD6E, 0xE5D0,
  0xE631, 0xF6B3, 0xEE97, 0xFF16, 0xFF37, 0xFF37, 0xF737, 0xF737, 0xF737, 0xF737, 0xEF37, 0xEF37, 0xF737, 0xF737, 0xF737, 0xF737,
  0xF737, 0xF737, 0xEF37, 0xF737, 0xF737, 0xF737, 0xF737, 0xFF16, 0xFF16, 0xF6B3, 0xEE10, 0xE5EE, 0xE5EE, 0xE5AB, 0xE5AB, 0xE589,
  0xE589, 0xE589, 0xE589, 0xE589, 0xED88, 0xE589, 0xE589, 0xE589, 0xE589, 0xE58A, 0xDD2A, 0x9BE5, 0x6A20, 0x5A01, 0x5A01, 0x5A22,
  0x5223, 0x5223, 0x5223, 0x6308, 0xA4AF, 0xADB1, 0xADB1, 0xADB1, 0xA5B1, 0xA5B1, 0x9D91, 0x9D91, 0x9D91, 0x9D91, 0x9D91, 0x9591,
  0x9591, 0x9591, 0x8D70, 0x9591, 0x9591, 0x8D70, 0x8D71, 0x8D70, 0x9591, 0x8D71, 0x8D71, 0x8D71, 0x8D71, 0x8D71, 0x8571, 0x8571,
  0x8571, 0x8550, 0x8571, 0x8550, 0x8571, 0x8571, 0x8571, 0x8571, 0x9570, 0x8571, 0x8D71, 0x8D71, 0x8D71, 0x8D71, 0x9570, 0x8571,
  0x9570, 0x8571, 0x9570, 0x8571, 0x9570, 0x8571, 0x8571, 0x8571, 0x8571, 0x8550, 0x8550, 0x8550, 0x8550, 0x8550, 0x8550, 0x852F,
  0x852F, 0x8550, 0x8550, 0x8550, 0x852F, 0x852F, 0x8550, 0x852F, 0x7D50, 0x7D2F, 0x7D2F, 0x7D2F, 0x7D50, 0x7D2F, 0x7D2F, 0x7D2F,
  0x7D2F, 0x7D2F, 0x7D2F, 0x7D2F, 0x7D2F, 0x7D2F, 0x7D2F, 0x7D2F, 0x8550, 0x7D2F, 0x7D50, 0x7D50, 0x7D50, 0x852F, 0x7D50, 0x7D50,
  0x7D50, 0x7D50, 0x7D50, 0xA593, 0x6BEB, 0x08E1, 0x0060, 0x0001, 0x0001, 0x0001, 0x0001, 0x0001, 0x0001, 0x0001, 0x0001, 0x0001,
  0x0001, 0x0001, 0x0001, 0x0001, 0x0001, 0x0004, 0x1170, 0x19D7, 0x09DC, 0x0000, 0x0000, 0x0000, 0x0000, 0x0000, 0x0000, 0x0000,
  0x0000, 0x0000, 0x0000, 0x0000, 0x0000, 0x0000, 0x0000, 0x0000, 0x0000, 0x0000, 0x0000, 0x0000, 0x0000, 0x0000, 0x0000, 0x0000,
  0x0000, 0x0000, 0x0000, 0x0000, 0x0000, 0x0000, 0x0000, 0x0000, 0x0000, 0x0000, 0x0000, 0x0000, 0x0000, 0x0000, 0x0000, 0x0000,
  0x0000, 0x0000, 0x0000, 0x0000, 0x0000, 0x0000, 0x0000, 0x0000, 0x09DC, 0x19D7, 0x0027, 0x0002, 0x0001, 0x0001, 0x0001, 0x0001,
  0x0001, 0x0001, 0x0001, 0x0001, 0x0001, 0x0001, 0x0001, 0x0001, 0x0800, 0x1000, 0x0001, 0x3060, 0x9C2B, 0xCD71, 0xCD71, 0xE5D5,
  0xE5D5, 0xEE97, 0xFF16, 0xFF37, 0xFED9, 0xF737, 0xF737, 0xF737, 0xF737, 0xEF37, 0xEF37, 0xF737, 0xF737, 0xF737, 0xF737, 0xF737,
  0xF737, 0xF737, 0xF737, 0xF737, 0xF737, 0xF737, 0xFF16, 0xFF16, 0xFED4, 0xEE71, 0xE5D0, 0xE5EE, 0xE5AB, 0xE5AB, 0xE5AB, 0xE589,
  0xE589, 0xE589, 0xE589, 0xED88, 0xED88, 0xED88, 0xE589, 0xE589, 0xE58A, 0xDDAB, 0xB3E5, 0x5A00, 0x5A00, 0x5A01, 0x5A22, 0x5223,
  0x5223, 0x5223, 0x6308, 0xA4AF, 0xBDF3, 0xA5B1, 0xA5B1, 0xA5B1, 0xA5B1, 0xA593, 0xA5B1, 0x9D91, 0x9591, 0x9591, 0x9D91, 0x8D71,
  0x8D71, 0x9591, 0x8D70, 0x8D70, 0x8D70, 0x8D71, 0x8D70, 0x8D71, 0x8D70, 0x8D71, 0x8D71, 0x8D70, 0x8D71, 0x8550, 0x8D71, 0x8550,
  0x8571, 0x8550, 0x8571, 0x8550, 0x8571, 0x8571, 0x8571, 0x8571, 0x8571, 0x8D71, 0x8D71, 0x8D71, 0x8D71, 0x8D71, 0x9570, 0x8571,
  0x9570, 0x8571, 0x9570, 0x8571, 0x8571, 0x8D71, 0x8571, 0x9570, 0x8571, 0x8550, 0x8550, 0x8550, 0x8550, 0x8550, 0x852F, 0x8550,
  0x8550, 0x852F, 0x852F, 0x8550, 0x852F, 0x8550, 0x852F, 0x7D50, 0x7D2F, 0x7D2F, 0x7D2F, 0x7D2F, 0x7D2F, 0x7D2F, 0x7D2F, 0x7D2F,
  0x7D50, 0x7D2F, 0x7D2F, 0x7D2F, 0x7D2F, 0x7D2F, 0x7D2F, 0x7D2F, 0x7D2F, 0x8550, 0x750F, 0x7D2F, 0x7D50, 0x7D50, 0x7D50, 0x7D50,
  0x7D50, 0x7D50, 0xA593, 0x6BEB, 0x08E1, 0x0001, 0x0001, 0x0001, 0x0001, 0x0001, 0x0001, 0x0001, 0x0001, 0x0001, 0x0001, 0x0001,
  0x0001, 0x0001, 0x0001, 0x0001, 0x0002, 0x006D, 0x19D7, 0x09DC, 0x0000, 0x0000, 0x0000, 0x0000, 0x0000, 0x0000, 0x0000, 0x0000,
  0x0000, 0x0000, 0x0000, 0x0000, 0x0000, 0x0000, 0x0000, 0x0000, 0x0000, 0x0000, 0x0000, 0x0000, 0x0000, 0x0000, 0x0000, 0x0000,
  0x0000, 0x0000, 0x0000, 0x0000, 0x0000, 0x0000, 0x0000, 0x0000, 0x0000, 0x0000, 0x0000, 0x0000, 0x0000, 0x0000, 0x0000, 0x0000,
  0x0000, 0x0000, 0x0000, 0x0000, 0x0000, 0x0000, 0x0000, 0x0000, 0x0000, 0x11DA, 0x1193, 0x004A, 0x0001, 0x0001, 0x0001, 0x0001,
  0x0001, 0x0001, 0x0001, 0x0001, 0x0001, 0x0001, 0x0001, 0x0001, 0x0001, 0x0800, 0x1000, 0x0001, 0x3060, 0xA42E, 0xE5D5, 0xE676,
  0xE676, 0xFED9, 0xFED9, 0xFF18, 0xF737, 0xF737, 0xF737, 0xF737, 0xEF37, 0xF737, 0xF737, 0xF737, 0xF737, 0xF737, 0xF737, 0xF737,
  0xF737, 0xF737, 0xF737, 0xF737, 0xF737, 0xFF16, 0xFF16, 0xFED5, 0xEE71, 0xE5D0, 0xE5EE, 0xE5EE, 0xE5AB, 0xE58A, 0xE589, 0xE589,
  0xE589, 0xE589, 0xE589, 0xE589, 0xE589, 0xE589, 0xE589, 0xDDAB, 0xE58A, 0x9BE5, 0x7AC3, 0x5A00, 0x5A01, 0x5A22, 0x5A22, 0x5223,
  0x4A24, 0x62E6, 0x9C2E, 0xADB1, 0xADB1, 0xA5B1, 0xA5B1, 0x9D91, 0x9D91, 0x9D91, 0x9D91, 0x8D71, 0x9D91, 0x8D71, 0x9591, 0x8D71,
  0x8D70, 0x8D71, 0x8D70, 0x8D70, 0x8D71, 0x8D70, 0x8D70, 0x8D71, 0x8D70, 0x8550, 0x8571, 0x8550, 0x8550, 0x8550, 0x8571, 0x8550,
  0x8571, 0x8571, 0x8571, 0x8571, 0x8550, 0x8571, 0x8571, 0x8571, 0x8571, 0x8571, 0x8D71, 0x8D71, 0x8D71, 0x8D71, 0x8571, 0x9570,
  0x8571, 0x8571, 0x8571, 0x9570, 0x8571, 0x8D71, 0x8571, 0x8571, 0x8571, 0x8550, 0x8571, 0x8550, 0x8550, 0x8550, 0x8550, 0x852F,
  0x8550, 0x852F, 0x8550, 0x7D50, 0x8550, 0x7D50, 0x8550, 0x7D50, 0x7D2F, 0x7D2F, 0x7D2F, 0x7D2F, 0x7D2F, 0x7D2F, 0x7D2F, 0x7D2F,
  0x7D2F, 0x7D2F, 0x750F, 0x750F, 0x7D2F, 0x7D50, 0x7D2F, 0x750F, 0x750F, 0x750F, 0x7D2F, 0x750F, 0x7D2F, 0x7D50, 0x7D2F, 0x7D50,
  0x7D50, 0x8530, 0x6BEB, 0x08E1, 0x0001, 0x0001, 0x0001, 0x0001, 0x0001, 0x0001, 0x0001, 0x0001, 0x0001, 0x0001, 0x0001, 0x0001,
  0x0001, 0x0001, 0x0001, 0x0002, 0x006D, 0x1193, 0x11DA, 0x0000, 0x0000, 0x0000, 0x0000, 0x0000, 0x0000, 0x0000, 0x0000, 0x0000,
  0x0000, 0x0000, 0x0000, 0x0000, 0x0000, 0x0000, 0x0000, 0x0000, 0x0000, 0x0000, 0x0000, 0x0000, 0x0000, 0x0000, 0x0000, 0x0000,
  0x0000, 0x0000, 0x0000, 0x0000, 0x0000, 0x0000, 0x0000, 0x0000, 0x0000, 0x0000, 0x0000, 0x0000, 0x0000, 0x0000, 0x0000, 0x0000,
  0x0000, 0x0000, 0x0000, 0x0000, 0x0000, 0x0000, 0x0000, 0x0000, 0x0000, 0x0000, 0x11DA, 0x1193, 0x0027, 0x0001, 0x0001, 0x0001,
  0x0001, 0x0001, 0x0001, 0x0001, 0x0001, 0x0001, 0x0001, 0x0001, 0x0001, 0x0001, 0x0001, 0x0800, 0x0001, 0x2080, 0xBCD1, 0xF77D,
  0xF739, 0xF739, 0xFF18, 0xFF18, 0xF738, 0xF737, 0xF737, 0xEF37, 0xF737, 0xEF37, 0xEF37, 0xF737, 0xF737, 0xF737, 0xF737, 0xF737,
  0xF737, 0xF737, 0xF737, 0xF737, 0xFF16, 0xFF16, 0xFED5, 0xF692, 0xEE10, 0xE5EE, 0xE5AB, 0xE5AB, 0xE5AB, 0xE589, 0xE589, 0xE589,
  0xE589, 0xE589, 0xE589, 0xE589, 0xE589, 0xE589, 0xE589, 0xDDAB, 0xCCE9, 0x7AA1, 0x6A20, 0x5A01, 0x5A01, 0x5223, 0x5223, 0x5223,
  0x49C4, 0x840B, 0xA5B1, 0xADB1, 0xADB1, 0xA5B1, 0x9D91, 0x9D91, 0x9D91, 0x9D91, 0x8D71, 0x8D71, 0x9591, 0x9591, 0x8D71, 0x8D70,
  0x8D71, 0x8571, 0x8550, 0x8D71, 0x8550, 0x8D71, 0x8550, 0x8550, 0x8571, 0x8550, 0x8550, 0x8550, 0x8550, 0x8550, 0x8571, 0x7530,
  0x7D50, 0x8571, 0x7530, 0x8571, 0x7530, 0x8571, 0x8571, 0x8571, 0x8571, 0x8571, 0x8571, 0x8D71, 0x8D71, 0x8D71, 0x9570, 0x8571,
  0x8571, 0x9570, 0x8571, 0x8571, 0x8D71, 0x8D71, 0x8D71, 0x8571, 0x8571, 0x8571, 0x8571, 0x8550, 0x8571, 0x8550, 0x8550, 0x8550,
  0x852F, 0x8550, 0x852F, 0x8550, 0x7D50, 0x7D50, 0x7D50, 0x7D2F, 0x8550, 0x7D2F, 0x7D50, 0x7D2F, 0x7D2F, 0x750F, 0x750F, 0x750F,
  0x750F, 0x750F, 0x6D0F, 0x750F, 0x750F, 0x750F, 0x750F, 0x750F, 0x750F, 0x7D2F, 0x6D0F, 0x7D50, 0x750F, 0x7D2F, 0x7D2F, 0x8530,
  0x8530, 0x6BEB, 0x08E1, 0x0001, 0x0001, 0x0001, 0x0001, 0x0001, 0x0001, 0x0001, 0x0001, 0x0001, 0x0001, 0x0001, 0x0001, 0x0001,
  0x0001, 0x0001, 0x0001, 0x0027, 0x1193, 0x09DC, 0x0000, 0x0000, 0x0000, 0x0000, 0x0000, 0x0000, 0x0000, 0x0000, 0x0000, 0x0000,
  0x0000, 0x0000, 0x0000, 0x0000, 0x0000, 0x0000, 0x0000, 0x0000, 0x0000, 0x0000, 0x0000, 0x0000, 0x0000, 0x0000, 0x0000, 0x0000,
  0x0000, 0x0000, 0x0000, 0x0000, 0x0000, 0x0000, 0x0000, 0x0000, 0x0000, 0x0000, 0x0000, 0x0000, 0x0000, 0x0000, 0x0000, 0x0000,
  0x0000, 0x0000, 0x0000, 0x0000, 0x0000, 0x0000, 0x0000, 0x0000, 0x0000, 0x0000, 0x09DC, 0x19D7, 0x1170, 0x0004, 0x0001, 0x0001,
  0x0001, 0x0001, 0x0001, 0x0001, 0x0001, 0x0001, 0x0001, 0x0001, 0x0001, 0x0001, 0x0001, 0x0001, 0x0800, 0x0001, 0x28E0, 0xD5F5,
  0xF739, 0xF77D, 0xFF18, 0xF738, 0xF738, 0xF738, 0xEF37, 0xF737, 0xF758, 0xF758, 0xF758, 0xEF37, 0xF737, 0xF737, 0xF737, 0xF737,
  0xF737, 0xF737, 0xF737, 0xFF16, 0xF737, 0xFED4, 0xEE71, 0xEE10, 0xD5EE, 0xE5AB, 0xDD8D, 0xE58A, 0xE58A, 0xE589, 0xE589, 0xE589,
  0xE589, 0xE589, 0xE589, 0xE589, 0xE589, 0xE589, 0xDDAB, 0xDDAB, 0x8B02, 0x6A20, 0x5A01, 0x5A01, 0x5A22, 0x5223, 0x4A24, 0x4A24,
  0x6308, 0xA550, 0xADB1, 0xA5B1, 0xA5B1, 0xA5B1, 0x9D91, 0x9D91, 0x9D91, 0x9D91, 0x8D71, 0x9591, 0x8571, 0x8D71, 0x8D71, 0x8550,
  0x8550, 0x8D71, 0x8550, 0x8550, 0x8550, 0x8550, 0x8550, 0x8550, 0x8550, 0x8550, 0x7D50, 0x7D50, 0x8550, 0x8571, 0x7530, 0x8571,
  0x750F, 0x8571, 0x750F, 0x8571, 0x7530, 0x7530, 0x8571, 0x8571, 0x8571, 0x8571, 0x8571, 0x8571, 0x8571, 0x8D71, 0x8571, 0x9570,
  0x8571, 0x8571, 0x9570, 0x8571, 0x8D71, 0x8D71, 0x8571, 0x8571, 0x8571, 0x8550, 0x8571, 0x8571, 0x8550, 0x8550, 0x8550, 0x7D50,
  0x8550, 0x7D50, 0x8550, 0x7D50, 0x8550, 0x7D50, 0x7D2F, 0x7D2F, 0x7D50, 0x7D2F, 0x750F, 0x750F, 0x750F, 0x750F, 0x750F, 0x7D2F,
  0x750F, 0x750F, 0x750F, 0x750F, 0x750F, 0x750F, 0x750F, 0x750F, 0x7D2F, 0x6D0F, 0x7D2F, 0x750F, 0x7D2F, 0x7D2F, 0x8530, 0x8D71,
  0x6BEB, 0x0060, 0x0001, 0x0001, 0x0001, 0x0001, 0x0001, 0x0001, 0x0001, 0x0001, 0x0001, 0x0001, 0x0001, 0x0001, 0x0001, 0x0001,
  0x0001, 0x0002, 0x0027, 0x1170, 0x11DA, 0x09DC, 0x0000, 0x0000, 0x0000, 0x0000, 0x0000, 0x0000, 0x0000, 0x0000, 0x0000, 0x0000,
  0x0000, 0x0000, 0x0000, 0x0000, 0x0000, 0x0000, 0x0000, 0x0000, 0x0000, 0x0000, 0x0000, 0x0000, 0x0000, 0x0000, 0x0000, 0x0000,
  0x0000, 0x0000, 0x0000, 0x0000, 0x0000, 0x0000, 0x0000, 0x0000, 0x0000, 0x0000, 0x0000, 0x0000, 0x0000, 0x0000, 0x0000, 0x0000,
  0x0000, 0x0000, 0x0000, 0x0000, 0x0000, 0x0000, 0x0000, 0x0000, 0x0000, 0x0000, 0x0000, 0x09DC, 0x19D7, 0x090D, 0x0004, 0x0001,
  0x0001, 0x0001, 0x0001, 0x0001, 0x0001, 0x0001, 0x0001, 0x0001, 0x0001, 0x0001, 0x0001, 0x0001, 0x0001, 0x0800, 0x0001, 0x2080,
  0x5B2B, 0xF739, 0xFF79, 0xEF38, 0xF738, 0xEF37, 0xEF37, 0xF758, 0xEF37, 0xEF37, 0xEF37, 0xEF37, 0xEF37, 0xF737, 0xF737, 0xF737,
  0xF737, 0xF737, 0xFF37, 0xFF16, 0xFF15, 0xEE93, 0xEE10, 0xE5EE, 0xE5AB, 0xE5AB, 0xE58A, 0xE58A, 0xE589, 0xE589, 0xE589, 0xE589,
  0xE589, 0xE589, 0xE589, 0xE589, 0xE589, 0xDDAB, 0xDDAB, 0xB427, 0x7AA1, 0x5160, 0x5A22, 0x5A22, 0x49C4, 0x5223, 0x5A66, 0x6308,
  0xA4AF, 0xADB1, 0xADB1, 0xA5B1, 0xA550, 0xA593, 0x9D91, 0x9D91, 0x9D91, 0x8D71, 0x9591, 0x8571, 0x9570, 0x8571, 0x8D71, 0x8550,
  0x8D71, 0x8550, 0x8550, 0x8550, 0x8550, 0x8550, 0x8550, 0x7530, 0x8550, 0x7530, 0x7D50, 0x7D50, 0x7530, 0x8571, 0x7530, 0x7D50,
  0x7D50, 0x7530, 0x7530, 0x7530, 0x7D50, 0x7530, 0x8571, 0x7D50, 0x8571, 0x8571, 0x8571, 0x8571, 0x8571, 0x8571, 0x8571, 0x8571,
  0x8571, 0x8571, 0x8571, 0x8D71, 0x8571, 0x8571, 0x8571, 0x8571, 0x8571, 0x8571, 0x8571, 0x8571, 0x8550, 0x8550, 0x8550, 0x7D50,
  0x8550, 0x7D50, 0x8550, 0x7D50, 0x7D2F, 0x7D2F, 0x7D2F, 0x7D2F, 0x7D2F, 0x7D50, 0x7D50, 0x750F, 0x750F, 0x750F, 0x750F, 0x750F,
  0x750F, 0x750F, 0x750F, 0x750F, 0x750F, 0x750F, 0x750F, 0x750F, 0x7D2F, 0x750F, 0x6D0F, 0x7D50, 0x7D2F, 0x8530, 0x8530, 0x5B2B,
  0x0060, 0x0060, 0x0001, 0x0001, 0x0001, 0x0001, 0x0001, 0x0001, 0x0001, 0x0001, 0x0001, 0x0001, 0x0001, 0x0001, 0x0001, 0x0001,
  0x0001, 0x0027, 0x1170, 0x11DA, 0x09DC, 0x0000, 0x0000, 0x0000, 0x0000, 0x0000, 0x0000, 0x0000, 0x0000, 0x0000, 0x0000, 0x0000,
  0x0000, 0x0000, 0x0000, 0x0000, 0x0000, 0x0000, 0x0000, 0x0000, 0x0000, 0x0000, 0x0000, 0x0000, 0x0000, 0x0000, 0x0000, 0x0000,
  0x0000, 0x0000, 0x0000, 0x0000, 0x0000, 0x0000, 0x0000, 0x0000, 0x0000, 0x0000, 0x0000, 0x0000, 0x0000, 0x0000, 0x0000, 0x0000,
  0x0000, 0x0000, 0x0000, 0x0000, 0x0000, 0x0000, 0x0000, 0x0000, 0x0000, 0x0000, 0x0000, 0x0000, 0x09DC, 0x19D7, 0x090D, 0x0004,
  0x0001, 0x0001, 0x0001, 0x0001, 0x0001, 0x0001, 0x0001, 0x0001, 0x0001, 0x0001, 0x0001, 0x0001, 0x0001, 0x0001, 0x0001, 0x0001,
  0x0800, 0x72A9, 0xE758, 0xFF79, 0xEF38, 0xEF37, 0xEF37, 0xF758, 0xF758, 0xEF37, 0xEF37, 0xEF37, 0xF737, 0xF737, 0xF737, 0xF737,
  0xF737, 0xFF16, 0xFF16, 0xFF15, 0xF6B3, 0xEE10, 0xD5EE, 0xE5EE, 0xE5AB, 0xE5AB, 0xE58A, 0xE589, 0xE589, 0xE589, 0xE589, 0xE589,
  0xE589, 0xE589, 0xE589, 0xE589, 0xDDAB, 0xE5AB, 0xCD8B, 0x8B02, 0x5A01, 0x5A01, 0x5A22, 0x51C3, 0x5223, 0x4A24, 0x5A66, 0x840B,
  0xADB1, 0xADB1, 0xA5B1, 0xA5B1, 0xA593, 0x9591, 0x9D91, 0x9D91, 0x9591, 0x9570, 0x9570, 0x9570, 0x8571, 0x8571, 0x8D71, 0x8D71,
  0x8550, 0x8571, 0x8571, 0x8550, 0x8550, 0x8550, 0x8550, 0x7530, 0x7D2F, 0x7D2F, 0x7D2F, 0x7530, 0x7530, 0x7530, 0x7D50, 0x7D50,
  0x7530, 0x7530, 0x7D50, 0x7530, 0x7530, 0x7530, 0x7530, 0x8571, 0x7530, 0x8571, 0x8571, 0x8571, 0x8571, 0x8571, 0x8571, 0x8571,
  0x8571, 0x8571, 0x8571, 0x8571, 0x8571, 0x8571, 0x8571, 0x8571, 0x8571, 0x8571, 0x8571, 0x8550, 0x8571, 0x8550, 0x8571, 0x8550,
  0x8550, 0x8550, 0x8550, 0x8550, 0x7D2F, 0x7D2F, 0x7D50, 0x7D50, 0x750F, 0x7D2F, 0x750F, 0x750F, 0x750F, 0x750F, 0x7D2F, 0x750F,
  0x750F, 0x750F, 0x750F, 0x6D0F, 0x750F, 0x750F, 0x750F, 0x6D0F, 0x750F, 0x750F, 0x750F, 0x7D2F, 0x94AE, 0x8530, 0x42A8, 0x0060,
  0x0001, 0x0001, 0x0001, 0x0001, 0x0001, 0x0001, 0x0001, 0x0001, 0x0001, 0x0001, 0x0001, 0x0001, 0x0001, 0x0001, 0x0001, 0x0002,
  0x0027, 0x1170, 0x19D7, 0x11DA, 0x0000, 0x0000, 0x0000, 0x0000, 0x0000, 0x0000, 0x0000, 0x0000, 0x0000, 0x0000, 0x0000, 0x0000,
  0x0000, 0x0000, 0x0000, 0x0000, 0x0000, 0x0000, 0x0000, 0x0000, 0x0000, 0x0000, 0x0000, 0x0000, 0x0000, 0x0000, 0x0000, 0x0000,
  0x0000, 0x0000, 0x0000, 0x0000, 0x0000, 0x0000, 0x0000, 0x0000, 0x0000, 0x0000, 0x0000, 0x0000, 0x0000, 0x0000, 0x0000, 0x0000,
  0x0000, 0x0000, 0x0000, 0x0000, 0x0000, 0x0000, 0x0000, 0x0000, 0x0000, 0x0000, 0x0000, 0x0000, 0x0000, 0x09DC, 0x19D7, 0x004A,
  0x0002, 0x0001, 0x0001, 0x0001, 0x0001, 0x0001, 0x0001, 0x0001, 0x0001, 0x0001, 0x0001, 0x0001, 0x0001, 0x0001, 0x0001, 0x0001,
  0x0001, 0x0001, 0x5A89, 0xEF38, 0xFF79, 0xE758, 0xEF37, 0xF758, 0xEEF6, 0xF758, 0xEF37, 0xF737, 0xF737, 0xF737, 0xF737, 0xF737,
  0xFF16, 0xF737, 0xFF15, 0xEE93, 0xEE10, 0xD5EE, 0xE5AB, 0xE5AB, 0xE5AB, 0xE58A, 0xE58A, 0xE589, 0xE589, 0xE58A, 0xE589, 0xE589,
  0xE589, 0xE589, 0xE589, 0xE5AB, 0xE5AB, 0xCD8B, 0x9303, 0x6A20, 0x5A01, 0x5A01, 0x5223, 0x5223, 0x5223, 0x5A66, 0x6BEB, 0xADB1,
  0xADB1, 0xA550, 0xA5B1, 0x9D91, 0x9D91, 0x9D91, 0x9591, 0x9591, 0x9591, 0x9570, 0x9570, 0x8571, 0x9570, 0x8571, 0x8571, 0x8571,
  0x8571, 0x8550, 0x8571, 0x8571, 0x8550, 0x7530, 0x7530, 0x7530, 0x750F, 0x7530, 0x7D2F, 0x7530, 0x7530, 0x750F, 0x8571, 0x750F,
  0x7530, 0x7530, 0x750F, 0x7530, 0x750F, 0x7530, 0x7530, 0x7530, 0x7D50, 0x7530, 0x8571, 0x7530, 0x8571, 0x7D50, 0x8571, 0x8571,
  0x8571, 0x8571, 0x8550, 0x8571, 0x8571, 0x8571, 0x8571, 0x8571, 0x8571, 0x8571, 0x8571, 0x8571, 0x8550, 0x8571, 0x8571, 0x8571,
  0x8550, 0x8550, 0x7D50, 0x7D50, 0x7D50, 0x7D50, 0x7D50, 0x750F, 0x7D50, 0x750F, 0x750F, 0x750F, 0x750F, 0x750F, 0x750F, 0x750F,
  0x750F, 0x750F, 0x750F, 0x750F, 0x750F, 0x750F, 0x750F, 0x750F, 0x750F, 0x7D50, 0x7D50, 0x8530, 0x8530, 0x29C4, 0x0060, 0x0001,
  0x0001, 0x0001, 0x0001, 0x0001, 0x0001, 0x0001, 0x0001, 0x0001, 0x0001, 0x0001, 0x0001, 0x0001, 0x0001, 0x0001, 0x0001, 0x0004,
  0x1170, 0x19D7, 0x09DC, 0x0000, 0x0000, 0x0000, 0x0000, 0x0000, 0x0000, 0x0000, 0x0000, 0x0000, 0x0000, 0x0000, 0x0000, 0x0000,
  0x0000, 0x0000, 0x0000, 0x0000, 0x0000, 0x0000, 0x0000, 0x0000, 0x0000, 0x0000, 0x0000, 0x0000, 0x0000, 0x0000, 0x0000, 0x0000,
  0x0000, 0x0000, 0x0000, 0x0000, 0x0000, 0x0000, 0x0000, 0x0000, 0x0000, 0x0000, 0x0000, 0x0000, 0x0000, 0x0000, 0x0000, 0x0000,
  0x0000, 0x0000, 0x0000, 0x0000, 0x0000, 0x0000, 0x0000, 0x0000, 0x0000, 0x0000, 0x0000, 0x0000, 0x0000, 0x0000, 0x11DA, 0x1193,
  0x090D, 0x0002, 0x0001, 0x0001, 0x0001, 0x0001, 0x0001, 0x0001, 0x0001, 0x0001, 0x0001, 0x0001, 0x0001, 0x0001, 0x0001, 0x0001,
  0x0800, 0x0001, 0x0001, 0x5A66, 0xDE75, 0xF77D, 0xEF37, 0xF758, 0xF758, 0xEF37, 0xF737, 0xF738, 0xF737, 0xF737, 0xF737, 0xFF16,
  0xF737, 0xFED4, 0xFED4, 0xEE10, 0xD5EE, 0xE5EE, 0xE5AB, 0xE5AB, 0xE58A, 0xE58A, 0xE589, 0xE589, 0xE5AB, 0xE589, 0xE589, 0xE589,
  0xE589, 0xE589, 0xE5AB, 0xE5AB, 0xDDAB, 0xB3E5, 0x6A20, 0x5A01, 0x5A01, 0x5A22, 0x49C4, 0x5223, 0x5223, 0x7349, 0xA550, 0xADB1,
  0xA5B1, 0xA5B1, 0xA5B1, 0x9D91, 0x9D91, 0x9591, 0x9591, 0x9591, 0x9570, 0x9570, 0x9570, 0x9570, 0x8571, 0x9570, 0x8550, 0x8571,
  0x8550, 0x8550, 0x8571, 0x7D50, 0x8550, 0x750F, 0x7530, 0x750F, 0x750F, 0x750F, 0x7530, 0x7D2F, 0x7530, 0x750F, 0x750F, 0x7530,
  0x750F, 0x750F, 0x7530, 0x750F, 0x7530, 0x750F, 0x7530, 0x7530, 0x7D50, 0x7530, 0x7530, 0x8571, 0x7D50, 0x8571, 0x7530, 0x8571,
  0x8550, 0x8571, 0x8571, 0x8571, 0x8571, 0x8571, 0x8571, 0x8571, 0x8571, 0x8571, 0x8571, 0x8571, 0x8550, 0x8571, 0x8550, 0x8530,
  0x8571, 0x750F, 0x8550, 0x7D50, 0x7D50, 0x750F, 0x750F, 0x750F, 0x750F, 0x7D50, 0x750F, 0x750F, 0x750F, 0x750F, 0x750F, 0x750F,
  0x750F, 0x750F, 0x750F, 0x750F, 0x750F, 0x750F, 0x750F, 0x750F, 0x7D50, 0x7D50, 0x8D71, 0x6C4E, 0x29C4, 0x0001, 0x0001, 0x0060,
  0x0001, 0x0001, 0x0001, 0x0001, 0x0001, 0x0001, 0x0001, 0x0001, 0x0001, 0x0001, 0x0001, 0x0001, 0x0001, 0x0002, 0x0027, 0x090D,
  0x19D7, 0x09DC, 0x09DC, 0x0000, 0x0000, 0x0000, 0x0000, 0x0000, 0x0000, 0x0000, 0x0000, 0x0000, 0x0000, 0x0000, 0x0000, 0x0000,
  0x0000, 0x0000, 0x0000, 0x0000, 0x0000, 0x0000, 0x0000, 0x0000, 0x0000, 0x0000, 0x0000, 0x0000, 0x0000, 0x0000, 0x0000, 0x0000,
  0x0000, 0x0000, 0x0000, 0x0000, 0x0000, 0x0000, 0x0000, 0x0000, 0x0000, 0x0000, 0x0000, 0x0000, 0x0000, 0x0000, 0x0000, 0x0000,
  0x0000, 0x0000, 0x0000, 0x0000, 0x0000, 0x0000, 0x0000, 0x0000, 0x0000, 0x0000, 0x0000, 0x0000, 0x0000, 0x0000, 0x0000, 0x09DC,
  0x19D7, 0x10E9, 0x0002, 0x0001, 0x0001, 0x0001, 0x0001, 0x0001, 0x0001, 0x0001, 0x0001, 0x0001, 0x0001, 0x0001, 0x0001, 0x0001,
  0x0001, 0x0001, 0x0001, 0x0001, 0x49C4, 0xB5B1, 0xFF79, 0xF739, 0xEF37, 0xF738, 0xF738, 0xF738, 0xF737, 0xF737, 0xF737, 0xFF16,
  0xFED4, 0xEE93, 0xEE70, 0xD5EE, 0xE5EE, 0xDD8D, 0xE58A, 0xE5AB, 0xE589, 0xE589, 0xE5AB, 0xE589, 0xE589, 0xE589, 0xE589, 0xE589,
  0xE589, 0xE589, 0xE5AB, 0xDDAB, 0xB427, 0x6A42, 0x5A01, 0x5A22, 0x5A22, 0x49C4, 0x5223, 0x4A24, 0x62E6, 0x94AE, 0xADB1, 0xA5B1,
  0xA5B1, 0xA5B1, 0x9D91, 0x9D91, 0x9D91, 0x9D91, 0x9591, 0x9591, 0x9570, 0x9570, 0x9570, 0x9570, 0x8571, 0x8571, 0x8571, 0x8571,
  0x8571, 0x8550, 0x7530, 0x8550, 0x750F, 0x7530, 0x750F, 0x750F, 0x750F, 0x750F, 0x750F, 0x7530, 0x750F, 0x750F, 0x750F, 0x750F,
  0x7530, 0x7530, 0x7530, 0x7530, 0x7530, 0x7530, 0x750F, 0x7530, 0x7530, 0x7530, 0x7530, 0x7530, 0x8571, 0x7D50, 0x8571, 0x8571,
  0x8571, 0x8571, 0x8571, 0x8571, 0x8571, 0x8571, 0x8571, 0x8571, 0x8571, 0x8571, 0x8571, 0x8571, 0x8550, 0x8571, 0x8571, 0x8571,
  0x7D50, 0x8571, 0x750F, 0x8550, 0x750F, 0x7D50, 0x750F, 0x7D50, 0x750F, 0x750F, 0x750F, 0x750F, 0x750F, 0x750F, 0x750F, 0x750F,
  0x750F, 0x750F, 0x750F, 0x750F, 0x750F, 0x750F, 0x7D2F, 0x750F, 0x7D50, 0x8530, 0x6BEB, 0x29C4, 0x0001, 0x0060, 0x0001, 0x0001,
  0x0001, 0x0001, 0x0001, 0x0001, 0x0001, 0x0001, 0x0001, 0x0001, 0x0001, 0x0001, 0x0001, 0x0001, 0x0001, 0x0004, 0x090D, 0x19D7,
  0x09DC, 0x0000, 0x0000, 0x0000, 0x0000, 0x0000, 0x0000, 0x0000, 0x0000, 0x0000, 0x0000, 0x0000, 0x0000, 0x0000, 0x0000, 0x0000,
  0x0000, 0x0000, 0x0000, 0x0000, 0x0000, 0x0000, 0x0000, 0x0000, 0x0000, 0x0000, 0x0000, 0x0000, 0x0000, 0x0000, 0x0000, 0x0000,
  0x0000, 0x0000, 0x0000, 0x0000, 0x0000, 0x0000, 0x0000, 0x0000, 0x0000, 0x0000, 0x0000, 0x0000, 0x0000, 0x0000, 0x0000, 0x0000,
  0x0000, 0x0000, 0x0000, 0x0000, 0x0000, 0x0000, 0x0000, 0x0000, 0x0000, 0x0000, 0x0000, 0x0000, 0x0000, 0x0000, 0x0000, 0x09DC,
  0x19D7, 0x19D7, 0x004A, 0x0002, 0x0001, 0x0001, 0x0001, 0x0001, 0x0001, 0x0001, 0x0001, 0x0001, 0x0001, 0x0001, 0x0001, 0x0001,
  0x0001, 0x0001, 0x0001, 0x0001, 0x0001, 0x3100, 0xA550, 0xFF79, 0xF739, 0xF6F7, 0xF739, 0xF739, 0xFF18, 0xFF37, 0xEEF6, 0xFF16,
  0xFED4, 0xE631, 0xEE10, 0xE5EE, 0xE5AB, 0xE5AB, 0xE58A, 0xE589, 0xE589, 0xE589, 0xE5AB, 0xE589, 0xE589, 0xE589, 0xE589, 0xE589,
  0xE589, 0xE5EE, 0xDDAB, 0xB46A, 0x7AA1, 0x5A01, 0x5A01, 0x5A01, 0x4A24, 0x5223, 0x4A24, 0x62E6, 0x8C4E, 0xADB1, 0xA5B1, 0xA5B1,
  0x9D91, 0x9D91, 0x9D91, 0x9D91, 0x9591, 0x9591, 0x9591, 0x9591, 0x9570, 0x9570, 0x9570, 0x8571, 0x8571, 0x8550, 0x8571, 0x8550,
  0x8550, 0x7530, 0x8550, 0x750F, 0x750F, 0x750F, 0x750F, 0x750F, 0x7530, 0x6D0F, 0x750F, 0x7530, 0x7530, 0x7530, 0x7530, 0x7530,
  0x6D0F, 0x7530, 0x6D0F, 0x7530, 0x6D0F, 0x7530, 0x7530, 0x750F, 0x750F, 0x7530, 0x7530, 0x7530, 0x7530, 0x8571, 0x7530, 0x8571,
  0x750F, 0x8571, 0x8550, 0x8571, 0x8571, 0x8571, 0x8571, 0x8571, 0x8571, 0x8571, 0x8550, 0x8571, 0x8550, 0x8571, 0x8550, 0x8550,
  0x8571, 0x7D50, 0x8550, 0x750F, 0x7D50, 0x7D50, 0x750F, 0x7D50, 0x750F, 0x750F, 0x750F, 0x7D50, 0x750F, 0x750F, 0x750F, 0x750F,
  0x750F, 0x750F, 0x750F, 0x7530, 0x7530, 0x750F, 0x750F, 0x8530, 0x8D71, 0x42A8, 0x0060, 0x0001, 0x0001, 0x0001, 0x0001, 0x0001,
  0x0001, 0x0001, 0x0001, 0x0001, 0x0001, 0x0001, 0x0001, 0x0001, 0x0001, 0x0001, 0x0001, 0x0001, 0x0027, 0x090D, 0x1193, 0x11DA,
  0x09DC, 0x0000, 0x0000, 0x0000, 0x0000, 0x0000, 0x0000, 0x0000, 0x0000, 0x0000, 0x0000, 0x0000, 0x0000, 0x0000, 0x0000, 0x0000,
  0x0000, 0x0000, 0x0000, 0x0000, 0x0000, 0x0000, 0x0000, 0x0000, 0x0000, 0x0000, 0x0000, 0x0000, 0x0000, 0x0000, 0x0000, 0x0000,
  0x0000, 0x0000, 0x0000, 0x0000, 0x0000, 0x0000, 0x0000, 0x0000, 0x0000, 0x0000, 0x0000, 0x0000, 0x0000, 0x0000, 0x0000, 0x0000,
  0x0000, 0x0000, 0x0000, 0x0000, 0x0000, 0x0000, 0x0000, 0x0000, 0x0000, 0x0000, 0x0000, 0x0000, 0x0000, 0x0000, 0x0000, 0x0000,
  0x0000, 0x11DA, 0x19D7, 0x10E9, 0x0002, 0x0001, 0x0001, 0x0001, 0x0001, 0x0001, 0x0001, 0x0001, 0x0001, 0x0001, 0x0001, 0x0001,
  0x0001, 0x0001, 0x0001, 0x0800, 0x0800, 0x0001, 0x1860, 0x8C4E, 0xF6F7, 0xF739, 0xF738, 0xF739, 0xFF37, 0xFF37, 0xFF16, 0xFED5,
  0xEE93, 0xEE70, 0xDD8D, 0xDDAB, 0xE5AB, 0xE589, 0xE5AB, 0xE589, 0xE589, 0xE589, 0xE589, 0xE589, 0xE589, 0xE589, 0xE589, 0xE589,
  0xE5AB, 0xDDAB, 0xCCE9, 0x7AA1, 0x5A01, 0x5A00, 0x5A22, 0x41A1, 0x5223, 0x4A24, 0x62E6, 0x94AE, 0xADB1, 0xADB1, 0xA5B1, 0xA5B1,
  0x9D91, 0x9D91, 0x9D91, 0x9D91, 0x9591, 0x9591, 0x9591, 0x9591, 0x9570, 0x9570, 0x8571, 0x9570, 0x8550, 0x8571, 0x8550, 0x8550,
  0x7530, 0x8550, 0x7530, 0x750F, 0x750F, 0x750F, 0x750F, 0x750F, 0x750F, 0x7530, 0x7530, 0x6D0F, 0x7530, 0x6D0F, 0x6D0F, 0x6D0F,
  0x6D0F, 0x6D0F, 0x6D0F, 0x6D0F, 0x6D0F, 0x7530, 0x7530, 0x7530, 0x7530, 0x750F, 0x7530, 0x7530, 0x7530, 0x7530, 0x750F, 0x7530,
  0x7D50, 0x8571, 0x8550, 0x7530, 0x7530, 0x8571, 0x7530, 0x8571, 0x8550, 0x8571, 0x8571, 0x8550, 0x8571, 0x8550, 0x8571, 0x8550,
  0x8571, 0x8550, 0x8550, 0x7530, 0x7D50, 0x7D50, 0x7D50, 0x7D50, 0x750F, 0x750F, 0x7530, 0x7530, 0x750F, 0x750F, 0x750F, 0x750F,
  0x7530, 0x7530, 0x7530, 0x750F, 0x8530, 0x750F, 0x8530, 0x6C4E, 0x42A8, 0x0060, 0x0060, 0x0001, 0x0001, 0x0001, 0x0001, 0x0001,
  0x0001, 0x0001, 0x0001, 0x0001, 0x0001, 0x0001, 0x0001, 0x0001, 0x0001, 0x0001, 0x0001, 0x0004, 0x090D, 0x1193, 0x09DC, 0x09DC,
  0x0000, 0x0000, 0x0000, 0x0000, 0x0000, 0x0000, 0x0000, 0x0000, 0x0000, 0x0000, 0x0000, 0x0000, 0x0000, 0x0000, 0x0000, 0x0000,
  0x0000, 0x0000, 0x0000, 0x0000, 0x0000, 0x0000, 0x0000, 0x0000, 0x0000, 0x0000, 0x0000, 0x0000, 0x0000, 0x0000, 0x0000, 0x0000,
  0x0000, 0x0000, 0x0000, 0x0000, 0x0000, 0x0000, 0x0000, 0x0000, 0x0000, 0x0000, 0x0000, 0x0000, 0x0000, 0x0000, 0x0000, 0x0000,
  0x0000, 0x0000, 0x0000, 0x0000, 0x0000, 0x0000, 0x0000, 0x0000, 0x0000, 0x0000, 0x0000, 0x0000, 0x0000, 0x0000, 0x0000, 0x0000,
  0x0000, 0x09DC, 0x11DA, 0x1193, 0x090D, 0x0002, 0x0001, 0x0001, 0x0001, 0x0001, 0x0001, 0x0001, 0x0001, 0x0001, 0x0001, 0x0001,
  0x0001, 0x0001, 0x0001, 0x0001, 0x0800, 0x0800, 0x0001, 0x0800, 0x62E6, 0xD5F5, 0xFF79, 0xEE97, 0xF738, 0xFF79, 0xFED5, 0xEE93,
  0xEE10, 0xEE10, 0xDDAB, 0xDDAB, 0xE5AB, 0xE589, 0xE589, 0xE5AB, 0xEEC8, 0xE589, 0xE589, 0xE589, 0xE589, 0xE589, 0xE589, 0xE58A,
  0xE5AB, 0xCCEB, 0x7AA1, 0x5A00, 0x5A01, 0x5A22, 0x41A1, 0x5223, 0x4A24, 0x5A66, 0x8C4E, 0xADB1, 0xADB1, 0xA5B1, 0xA5B1, 0x9D91,
  0x9D91, 0x9D91, 0x9D91, 0x9D91, 0x9591, 0x9591, 0x9570, 0x9570, 0x9570, 0x9570, 0x8571, 0x8571, 0x852F, 0x8571, 0x7D50, 0x8550,
  0x7D50, 0x8571, 0x7530, 0x7D50, 0x750F, 0x750F, 0x750F, 0x750F, 0x7530, 0x6D0F, 0x7530, 0x6D0F, 0x7530, 0x6D0F, 0x6D0F, 0x6D0F,
  0x6D0F, 0x6D0F, 0x7530, 0x6D0F, 0x6D0F, 0x6D0F, 0x6D0F, 0x7530, 0x6D0F, 0x750F, 0x7530, 0x7530, 0x7530, 0x7530, 0x8571, 0x7530,
  0x7D50, 0x8571, 0x8571, 0x8571, 0x8571, 0x750F, 0x8571, 0x8571, 0x8571, 0x8550, 0x7530, 0x8571, 0x8550, 0x8571, 0x8550, 0x8571,
  0x8550, 0x8571, 0x8550, 0x8550, 0x8571, 0x7D50, 0x750F, 0x7D50, 0x7530, 0x750F, 0x7530, 0x750F, 0x750F, 0x750F, 0x7D50, 0x7530,
  0x750F, 0x750F, 0x7D2F, 0x750F, 0x7C4E, 0x8D71, 0x6BEB, 0x2102, 0x0060, 0x0060, 0x0001, 0x0001, 0x0001, 0x0001, 0x0001, 0x0001,
  0x0001, 0x0001, 0x0001, 0x0001, 0x0001, 0x0001, 0x0001, 0x0001, 0x0001, 0x0001, 0x0027, 0x090D, 0x1193, 0x11DA, 0x09DC, 0x0000,
  0x0000, 0x0000, 0x0000, 0x0000, 0x0000, 0x0000, 0x0000, 0x0000, 0x0000, 0x0000, 0x0000, 0x0000, 0x0000, 0x0000, 0x0000, 0x0000,
  0x0000, 0x0000, 0x0000, 0x0000, 0x0000, 0x0000, 0x0000, 0x0000, 0x0000, 0x0000, 0x0000, 0x0000, 0x0000, 0x0000, 0x0000, 0x0000,
  0x0000, 0x0000, 0x0000, 0x0000, 0x0000, 0x0000, 0x0000, 0x0000, 0x0000, 0x0000, 0x0000, 0x0000, 0x0000, 0x0000, 0x0000, 0x0000,
  0x0000, 0x0000, 0x0000, 0x0000, 0x0000, 0x0000, 0x0000, 0x0000, 0x0000, 0x0000, 0x0000, 0x0000, 0x0000, 0x0000, 0x0000, 0x0000,
  0x0000, 0x0000, 0x0000, 0x11DA, 0x1193, 0x090D, 0x0002, 0x0001, 0x0001, 0x0001, 0x0001, 0x0001, 0x0001, 0x0001, 0x0001, 0x0001,
  0x0001, 0x0001, 0x0001, 0x0001, 0x0001, 0x0001, 0x0800, 0x0001, 0x0001, 0x3944, 0xBD53, 0xF739, 0xF739, 0xFF16, 0xEE93, 0xE631,
  0xCD6E, 0xDD8D, 0xDDAB, 0xE5AB, 0xE589, 0xE589, 0xE5AB, 0xE589, 0xED88, 0xE589, 0xE589, 0xE589, 0xE589, 0xE589, 0xE589, 0xE5AB,
  0xDD2A, 0x9303, 0x5A01, 0x5A01, 0x5A22, 0x5A22, 0x4A24, 0x4A24, 0x4A24, 0x7349, 0xA550, 0xADB1, 0xA5B1, 0xA5B1, 0xA5B1, 0x9D91,
  0x9D91, 0x9D91, 0x9591, 0x9591, 0x8D71, 0x9D91, 0x8D71, 0x9570, 0x8D71, 0x9570, 0x8550, 0x8571, 0x8571, 0x8550, 0x7D50, 0x8571,
  0x8550, 0x7D50, 0x7D50, 0x750F, 0x750F, 0x750F, 0x750F, 0x7530, 0x7530, 0x6D0F, 0x6D0F, 0x6D0F, 0x6D0F, 0x6D0F, 0x6D0F, 0x6D0F,
  0x6D0F, 0x6D0F, 0x6D0F, 0x6D0F, 0x6D0F, 0x6D0F, 0x7530, 0x7530, 0x7530, 0x7530, 0x7530, 0x750F, 0x7530, 0x750F, 0x7530, 0x7D50,
  0x8571, 0x750F, 0x8571, 0x8571, 0x8571, 0x8550, 0x8571, 0x8571, 0x8550, 0x8571, 0x8571, 0x8571, 0x8571, 0x7530, 0x8571, 0x7530,
  0x8571, 0x7530, 0x8550, 0x7530, 0x750F, 0x750F, 0x7D50, 0x7D50, 0x750F, 0x750F, 0x7530, 0x750F, 0x7530, 0x750F, 0x7D50, 0x7D50,
  0x7D2F, 0x7D50, 0x7D2F, 0x8530, 0x8530, 0x5B2B, 0x0060, 0x0001, 0x0001, 0x0001, 0x0001, 0x0001, 0x0001, 0x0001, 0x0001, 0x0001,
  0x0001, 0x0001, 0x0001, 0x0001, 0x0001, 0x0001, 0x0001, 0x0001, 0x0001, 0x0004, 0x090D, 0x1193, 0x09DC, 0x0000, 0x0000, 0x0000,
  0x0000, 0x0000, 0x0000, 0x0000, 0x0000, 0x0000, 0x0000, 0x0000, 0x0000, 0x0000, 0x0000, 0x0000, 0x0000, 0x0000, 0x0000, 0x0000,
  0x0000, 0x0000, 0x0000, 0x0000, 0x0000, 0x0000, 0x0000, 0x0000, 0x0000, 0x0000, 0x0000, 0x0000, 0x0000, 0x0000, 0x0000, 0x0000,
  0x0000, 0x0000, 0x0000, 0x0000, 0x0000, 0x0000, 0x0000, 0x0000, 0x0000, 0x0000, 0x0000, 0x0000, 0x0000, 0x0000, 0x0000, 0x0000,
  0x0000, 0x0000, 0x0000, 0x0000, 0x0000, 0x0000, 0x0000, 0x0000, 0x0000, 0x0000, 0x0000, 0x0000, 0x0000, 0x0000, 0x0000, 0x0000,
  0x0000, 0x0000, 0x0000, 0x09DC, 0x11DA, 0x1193, 0x090D, 0x0004, 0x0001, 0x0001, 0x0001, 0x0001, 0x0001, 0x0001, 0x0001, 0x0001,
  0x0001, 0x0001, 0x0001, 0x0001, 0x0001, 0x0001, 0x0800, 0x0800, 0x0800, 0x0001, 0x0001, 0x6AC6, 0xE5D5, 0xE676, 0xCDF1, 0xE5D0,
  0xD5EE, 0xDD8D, 0xE5EE, 0xDDAB, 0xE589, 0xE589, 0xEEC8, 0xED88, 0xED88, 0xE589, 0xE589, 0xE589, 0xE589, 0xE589, 0xE5AB, 0xDDAB,
  0xB46A, 0x7AC3, 0x5A01, 0x5A01, 0x5A22, 0x51C3, 0x4A24, 0x4A24, 0x62E6, 0x94AE, 0xADB1, 0xADB1, 0xA5B1, 0xA5B1, 0x9D91, 0x9D91,
  0x9D91, 0x9591, 0x9591, 0x9591, 0x8D71, 0x9570, 0x9570, 0x8D71, 0x9570, 0x8571, 0x9570, 0x8571, 0x8550, 0x852F, 0x8550, 0x8550,
  0x750F, 0x8550, 0x750F, 0x7D50, 0x750F, 0x750F, 0x7530, 0x6D0F, 0x6D0F, 0x7530, 0x6D0F, 0x6D0F, 0x6D0F, 0x6D0F, 0x6D0F, 0x6D0F,
  0x6D0F, 0x6D0F, 0x6D0F, 0x6D0F, 0x6D0F, 0x6D0F, 0x7530, 0x6D0F, 0x7530, 0x7530, 0x7530, 0x7530, 0x750F, 0x750F, 0x8571, 0x7530,
  0x750F, 0x8571, 0x7530, 0x8550, 0x7530, 0x8571, 0x7530, 0x8550, 0x7530, 0x8571, 0x8550, 0x8550, 0x8571, 0x8571, 0x8550, 0x8571,
  0x750F, 0x8550, 0x7530, 0x8571, 0x750F, 0x750F, 0x7D50, 0x7530, 0x750F, 0x7D50, 0x750F, 0x7D50, 0x750F, 0x7D50, 0x7D50, 0x7D50,
  0x7D50, 0x8530, 0x8530, 0x750F, 0x31A7, 0x0060, 0x0001, 0x0060, 0x0001, 0x0001, 0x0001, 0x0001, 0x0001, 0x0001, 0x0001, 0x0001,
  0x0001, 0x0001, 0x0001, 0x0001, 0x0001, 0x0001, 0x0001, 0x0001, 0x0004, 0x006D, 0x19D7, 0x11DA, 0x09DC, 0x0000, 0x0000, 0x0000,
  0x0000, 0x0000, 0x0000, 0x0000, 0x0000, 0x0000, 0x0000, 0x0000, 0x0000, 0x0000, 0x0000, 0x0000, 0x0000, 0x0000, 0x0000, 0x0000,
  0x0000, 0x0000, 0x0000, 0x0000, 0x0000, 0x0000, 0x0000, 0x0000, 0x0000, 0x0000, 0x0000, 0x0000, 0x0000, 0x0000, 0x0000, 0x0000,
  0x0000, 0x0000, 0x0000, 0x0000, 0x0000, 0x0000, 0x0000, 0x0000, 0x0000, 0x0000, 0x0000, 0x0000, 0x0000, 0x0000, 0x0000, 0x0000,
  0x0000, 0x0000, 0x0000, 0x0000, 0x0000, 0x0000, 0x0000, 0x0000, 0x0000, 0x0000, 0x0000, 0x0000, 0x0000, 0x0000, 0x0000, 0x0000,
  0x0000, 0x0000, 0x0000, 0x0000, 0x0000, 0x09DC, 0x19D7, 0x090D, 0x0002, 0x0001, 0x0001, 0x0001, 0x0001, 0x0001, 0x0001, 0x0001,
  0x0001, 0x0001, 0x0001, 0x0001, 0x0001, 0x0001, 0x0800, 0x0001, 0x0001, 0x1000, 0x0800, 0x0001, 0x3100, 0x9C2B, 0xE631, 0xCDF1,
  0xCD6E, 0xE5EE, 0xE5EE, 0xDDAB, 0xE589, 0xE589, 0xED88, 0xE589, 0xE589, 0xE589, 0xED88, 0xE589, 0xE589, 0xE589, 0xE5AB, 0xCD8B,
  0x8B02, 0x5A01, 0x5A01, 0x5A22, 0x41A1, 0x5223, 0x4A24, 0x4A24, 0x840B, 0xA5B1, 0xADB1, 0xA5B1, 0xA5B1, 0x9D91, 0x9D91, 0x9D91,
  0x9D91, 0x9D91, 0x9591, 0x9591, 0x9591, 0x9570, 0x9570, 0x9570, 0x9570, 0x8571, 0x8571, 0x9570, 0x8550, 0x852F, 0x8550, 0x8550,
  0x7530, 0x7530, 0x7D50, 0x750F, 0x750F, 0x750F, 0x750F, 0x6D0F, 0x7530, 0x6D0F, 0x6D0F, 0x6D0F, 0x6D0F, 0x6D0F, 0x6D0F, 0x6D0F,
  0x6D0F, 0x6D0F, 0x6D0F, 0x6D0F, 0x6D0F, 0x6D0F, 0x6D0F, 0x6D0F, 0x7530, 0x6D0F, 0x7530, 0x7530, 0x7530, 0x750F, 0x750F, 0x8571,
  0x7530, 0x7530, 0x8571, 0x7530, 0x8550, 0x7530, 0x8571, 0x7530, 0x8571, 0x8550, 0x8571, 0x8571, 0x8550, 0x8550, 0x7530, 0x8571,
  0x7530, 0x8550, 0x7530, 0x7530, 0x7530, 0x750F, 0x7D50, 0x750F, 0x7D50, 0x7D50, 0x750F, 0x750F, 0x7D50, 0x7D50, 0x7D50, 0x8530,
  0x8530, 0x8530, 0x5B2B, 0x0060, 0x0001, 0x0060, 0x0001, 0x0001, 0x0001, 0x0001, 0x0001, 0x0001, 0x0001, 0x0001, 0x0001, 0x0001,
  0x0001, 0x0001, 0x0001, 0x0001, 0x0001, 0x0001, 0x0001, 0x0002, 0x090D, 0x19D7, 0x11DA, 0x0000, 0x0000, 0x0000, 0x0000, 0x0000,
  0x0000, 0x0000, 0x0000, 0x0000, 0x0000, 0x0000, 0x0000, 0x0000, 0x0000, 0x0000, 0x0000, 0x0000, 0x0000, 0x0000, 0x0000, 0x0000,
  0x0000, 0x0000, 0x0000, 0x0000, 0x0000, 0x0000, 0x0000, 0x0000, 0x0000, 0x0000, 0x0000, 0x0000, 0x0000, 0x0000, 0x0000, 0x0000,
  0x0000, 0x0000, 0x0000, 0x0000, 0x0000, 0x0000, 0x0000, 0x0000, 0x0000, 0x0000, 0x0000, 0x0000, 0x0000, 0x0000, 0x0000, 0x0000,
  0x0000, 0x0000, 0x0000, 0x0000, 0x0000, 0x0000, 0x0000, 0x0000, 0x0000, 0x0000, 0x0000, 0x0000, 0x0000, 0x0000, 0x0000, 0x0000,
  0x0000, 0x0000, 0x0000, 0x0000, 0x0000, 0x0000, 0x11DA, 0x19D7, 0x1170, 0x0027, 0x0001, 0x0001, 0x0001, 0x0001, 0x0001, 0x0001,
  0x0001, 0x0001, 0x0001, 0x0001, 0x0001, 0x0001, 0x0001, 0x0001, 0x0001, 0x0001, 0x0001, 0x0800, 0x0001, 0x0800, 0x5A66, 0xC50D,
  0xCDF1, 0xCD6E, 0xCD8B, 0xE5EE, 0xDDAB, 0xE589, 0xE589, 0xEEC6, 0xED88, 0xEEC8, 0xED88, 0xE589, 0xE589, 0xE5AB, 0xDDAB, 0x9BE5,
  0x5A01, 0x5A01, 0x5A01, 0x5A22, 0x5223, 0x4A24, 0x4A24, 0x7349, 0xA5B1, 0xADB1, 0xA5B1, 0xA5B1, 0x9D91, 0x9D91, 0x9D91, 0x9D91,
  0x9D91, 0x9591, 0x9570, 0x9591, 0x9570, 0x9570, 0x9570, 0x8571, 0x9570, 0x8571, 0x9570, 0x8571, 0x8550, 0x852F, 0x852F, 0x8571,
  0x7D50, 0x750F, 0x7D50, 0x7530, 0x750F, 0x750F, 0x7530, 0x6D0F, 0x6D0F, 0x6D0F, 0x6D0F, 0x6D0F, 0x6D0F, 0x6D0F, 0x6D0F, 0x6D0F,
  0x6D0F, 0x6D0F, 0x6D0F, 0x6D0F, 0x6D0F, 0x6D0F, 0x7530, 0x6D0F, 0x7530, 0x6D0F, 0x6D0F, 0x750F, 0x7530, 0x750F, 0x7530, 0x750F,
  0x8571, 0x750F, 0x8550, 0x7530, 0x7530, 0x8571, 0x7530, 0x8571, 0x7530, 0x8571, 0x7530, 0x8571, 0x8571, 0x8550, 0x8571, 0x7530,
  0x8571, 0x750F, 0x750F, 0x7530, 0x7530, 0x7530, 0x750F, 0x750F, 0x7D50, 0x750F, 0x750F, 0x7D2F, 0x7D2F, 0x8530, 0x8530, 0x8530,
  0x6BEB, 0x29C4, 0x0060, 0x0001, 0x0001, 0x0001, 0x0001, 0x0001, 0x0001, 0x0001, 0x0001, 0x0001, 0x0001, 0x0001, 0x0001, 0x0001,
  0x0001, 0x0001, 0x0001, 0x0001, 0x0001, 0x0001, 0x0027, 0x090D, 0x19D7, 0x11DA, 0x09DC, 0x0000, 0x0000, 0x0000, 0x0000, 0x0000,
  0x0000, 0x0000, 0x0000, 0x0000, 0x0000, 0x0000, 0x0000, 0x0000, 0x0000, 0x0000, 0x0000, 0x0000, 0x0000, 0x0000, 0x0000, 0x0000,
  0x0000, 0x0000, 0x0000, 0x0000, 0x0000, 0x0000, 0x0000, 0x0000, 0x0000, 0x0000, 0x0000, 0x0000, 0x0000, 0x0000, 0x0000, 0x0000,
  0x0000, 0x0000, 0x0000, 0x0000, 0x0000, 0x0000, 0x0000, 0x0000, 0x0000, 0x0000, 0x0000, 0x0000, 0x0000, 0x0000, 0x0000, 0x0000,
  0x0000, 0x0000, 0x0000, 0x0000, 0x0000, 0x0000, 0x0000, 0x0000, 0x0000, 0x0000, 0x0000, 0x0000, 0x0000, 0x0000, 0x0000, 0x0000,
  0x0000, 0x0000, 0x0000, 0x0000, 0x0000, 0x0000, 0x0000, 0x09DC, 0x19D7, 0x1170, 0x0027, 0x0001, 0x0001, 0x0001, 0x0001, 0x0001,
  0x0001, 0x0001, 0x0001, 0x0001, 0x0001, 0x0001, 0x0001, 0x0001, 0x0001, 0x0001, 0x0001, 0x0001, 0x0001, 0x0001, 0x0001, 0x1860,
  0x6AC6, 0xCD6E, 0xCDF1, 0xD5EE, 0xDDAB, 0xDDAB, 0xED88, 0xED88, 0xE589, 0xED88, 0xE589, 0xE589, 0xEEC8, 0xDDAB, 0x9BE5, 0x6A20,
  0x5A01, 0x5A01, 0x5A22, 0x4A24, 0x4A24, 0x4A24, 0x6308, 0x94AE, 0xBDF3, 0xA5B1, 0xA5B1, 0xA5B1, 0x9D91, 0x9D91, 0x9D91, 0x9D91,
  0x9591, 0x9570, 0x8D71, 0x9570, 0x9570, 0x9570, 0x8571, 0x9570, 0x8571, 0x8D70, 0x9570, 0x8550, 0x852F, 0x852F, 0x8530, 0x7D50,
  0x7530, 0x8571, 0x750F, 0x750F, 0x750F, 0x7530, 0x6D0F, 0x6D0F, 0x6D0F, 0x6D0F, 0x6D0F, 0x6D0F, 0x6D0F, 0x6D0F, 0x6D0F, 0x6D0F,
  0x6D0F, 0x6D0F, 0x6D0F, 0x6D0F, 0x6D0F, 0x6D0F, 0x6D0F, 0x6D0F, 0x6D0F, 0x6D0F, 0x750F, 0x6D0F, 0x750F, 0x750F, 0x750F, 0x7530,
  0x750F, 0x7530, 0x7530, 0x8550, 0x750F, 0x7530, 0x8550, 0x8571, 0x8550, 0x7530, 0x8571, 0x7530, 0x7530, 0x8571, 0x7D50, 0x8550,
  0x7530, 0x7530, 0x750F, 0x8571, 0x750F, 0x750F, 0x750F, 0x750F, 0x750F, 0x7D50, 0x7D2F, 0x8530, 0x8530, 0x8D71, 0x7C4E, 0x42A8,
  0x0060, 0x0001, 0x0001, 0x0001, 0x0001, 0x0001, 0x0001, 0x0001, 0x0001, 0x0001, 0x0001, 0x0001, 0x0001, 0x0001, 0x0001, 0x0001,
  0x0001, 0x0001, 0x0001, 0x0001, 0x0060, 0x0027, 0x1170, 0x11DA, 0x09DC, 0x09DC, 0x0000, 0x0000, 0x0000, 0x0000, 0x0000, 0x0000,
  0x0000, 0x0000, 0x0000, 0x0000, 0x0000, 0x0000, 0x0000, 0x0000, 0x0000, 0x0000, 0x0000, 0x0000, 0x0000, 0x0000, 0x0000, 0x0000,
  0x0000, 0x0000, 0x0000, 0x0000, 0x0000, 0x0000, 0x0000, 0x0000, 0x0000, 0x0000, 0x0000, 0x0000, 0x0000, 0x0000, 0x0000, 0x0000,
  0x0000, 0x0000, 0x0000, 0x0000, 0x0000, 0x0000, 0x0000, 0x0000, 0x0000, 0x0000, 0x0000, 0x0000, 0x0000, 0x0000, 0x0000, 0x0000,
  0x0000, 0x0000, 0x0000, 0x0000, 0x0000, 0x0000, 0x0000, 0x0000, 0x0000, 0x0000, 0x0000, 0x0000, 0x0000, 0x0000, 0x0000, 0x0000,
  0x0000, 0x0000, 0x0000, 0x0000, 0x0000, 0x0000, 0x0000, 0x09DC, 0x09DC, 0x19D7, 0x1170, 0x004A, 0x0002, 0x0001, 0x0001, 0x0001,
  0x0001, 0x0001, 0x0001, 0x0001, 0x0001, 0x0001, 0x0001, 0x0001, 0x0001, 0x0001, 0x0001, 0x0001, 0x0001, 0x0001, 0x0001, 0x0001,
  0x0001, 0x3100, 0x9C2B, 0xD5EE, 0xD5EE, 0xCD8B, 0xEEC8, 0xCD8B, 0xEEC8, 0xDD69, 0xE589, 0xDDAB, 0xDDAB, 0xB427, 0x7AC3, 0x5A01,
  0x5A01, 0x5A22, 0x51C3, 0x4A24, 0x49C4, 0x62E6, 0x9C2E, 0xADB1, 0xA5B1, 0xA5B1, 0xA5B1, 0x9D91, 0x9D91, 0x9D91, 0x9D91, 0x9D91,
  0x9591, 0x9591, 0x9570, 0x9570, 0x9570, 0x9570, 0x8571, 0x9570, 0x8571, 0x9570, 0x8571, 0x8D70, 0x8550, 0x852F, 0x8530, 0x8530,
  0x8550, 0x750F, 0x7530, 0x750F, 0x750F, 0x6D0F, 0x7530, 0x6D0F, 0x6D0F, 0x6D0F, 0x6D0F, 0x6D0F, 0x6D0F, 0x6D0F, 0x6D0F, 0x6D0F,
  0x6D0F, 0x6D0F, 0x6D0F, 0x6D0F, 0x6D0F, 0x6D0F, 0x7530, 0x6D0F, 0x7530, 0x7530, 0x7530, 0x750F, 0x750F, 0x750F, 0x750F, 0x750F,
  0x7530, 0x750F, 0x8571, 0x750F, 0x8571, 0x7530, 0x750F, 0x7530, 0x8571, 0x8571, 0x7530, 0x8571, 0x7530, 0x8550, 0x7D50, 0x7530,
  0x7530, 0x750F, 0x750F, 0x750F, 0x7530, 0x7530, 0x750F, 0x750F, 0x7D50, 0x7D2F, 0x8571, 0x8D71, 0x8530, 0x5B2B, 0x08E1, 0x0001,
  0x0001, 0x0001, 0x0001, 0x0001, 0x0001, 0x0001, 0x0001, 0x0001, 0x0001, 0x0001, 0x0001, 0x0001, 0x0001, 0x0001, 0x0001, 0x0001,
  0x0001, 0x0001, 0x0001, 0x0002, 0x004A, 0x1170, 0x19D7, 0x09DC, 0x09DC, 0x0000, 0x0000, 0x0000, 0x0000, 0x0000, 0x0000, 0x0000,
  0x0000, 0x0000, 0x0000, 0x0000, 0x0000, 0x0000, 0x0000, 0x0000, 0x0000, 0x0000, 0x0000, 0x0000, 0x0000, 0x0000, 0x0000, 0x0000,
  0x0000, 0x0000, 0x0000, 0x0000, 0x0000, 0x0000, 0x0000, 0x0000, 0x0000, 0x0000, 0x0000, 0x0000, 0x0000, 0x0000, 0x0000, 0x0000,
  0x0000, 0x0000, 0x0000, 0x0000, 0x0000, 0x0000, 0x0000, 0x0000, 0x0000, 0x0000, 0x0000, 0x0000, 0x0000, 0x0000, 0x0000, 0x0000,
  0x0000, 0x0000, 0x0000, 0x0000, 0x0000, 0x0000, 0x0000, 0x0000, 0x0000, 0x0000, 0x0000, 0x0000, 0x0000, 0x0000, 0x0000, 0x0000,
  0x0000, 0x0000, 0x0000, 0x0000, 0x0000, 0x0000, 0x0000, 0x0000, 0x0000, 0x09DC, 0x11DA, 0x1193, 0x004A, 0x0004, 0x0001, 0x0001,
  0x0001, 0x0001, 0x0001, 0x0001, 0x0001, 0x0001, 0x0001, 0x0001, 0x0001, 0x0001, 0x0001, 0x0001, 0x0001, 0x0001, 0x0001, 0x0800,
  0x0001, 0x0001, 0x1000, 0x62E6, 0xB4EB, 0xCD8B, 0xCD8B, 0xCD8B, 0xDD69, 0xEEC8, 0xCD8B, 0xE589, 0xCCE9, 0x7AA1, 0x5A01, 0x5A01,
  0x51C3, 0x5A22, 0x4A24, 0x4A24, 0x62E6, 0x8C4E, 0xADB1, 0xADB1, 0xA5B1, 0xA5B1, 0x9D91, 0x9D91, 0x9D91, 0x9D91, 0x9D91, 0x9591,
  0x9591, 0x9591, 0x9570, 0x9570, 0x8571, 0x9570, 0x8571, 0x8550, 0x8571, 0x8571, 0x9570, 0x8D71, 0x8571, 0x852F, 0x7D50, 0x7D50,
  0x7D50, 0x8571, 0x750F, 0x750F, 0x750F, 0x7530, 0x6D0F, 0x6D0F, 0x6D0F, 0x6D0F, 0x6D0F, 0x6D0F, 0x6D0F, 0x6D0F, 0x6D0F, 0x6D0F,
  0x6D0F, 0x6D0F, 0x6D0F, 0x6D0F, 0x7530, 0x6D0F, 0x6D0F, 0x7530, 0x6D0F, 0x7530, 0x7530, 0x7530, 0x7530, 0x750F, 0x7530, 0x7530,
  0x750F, 0x7530, 0x7530, 0x8571, 0x750F, 0x8571, 0x7530, 0x8550, 0x7530, 0x7530, 0x8571, 0x7530, 0x8571, 0x750F, 0x8571, 0x750F,
  0x7530, 0x7530, 0x8550, 0x7530, 0x750F, 0x8571, 0x7D50, 0x7D50, 0x7D50, 0x7D50, 0x8530, 0x6BEB, 0x29C4, 0x0060, 0x0001, 0x0001,
  0x0001, 0x0001, 0x0001, 0x0001, 0x0001, 0x0001, 0x0001, 0x0001, 0x0001, 0x0001, 0x0001, 0x0001, 0x0001, 0x0001, 0x0001, 0x0001,
  0x0001, 0x0001, 0x0002, 0x10E9, 0x1193, 0x11DA, 0x09DC, 0x0000, 0x0000, 0x0000, 0x0000, 0x0000, 0x0000, 0x0000, 0x0000, 0x0000,
  0x0000, 0x0000, 0x0000, 0x0000, 0x0000, 0x0000, 0x0000, 0x0000, 0x0000, 0x0000, 0x0000, 0x0000, 0x0000, 0x0000, 0x0000, 0x0000,
  0x0000, 0x0000, 0x0000, 0x0000, 0x0000, 0x0000, 0x0000, 0x0000, 0x0000, 0x0000, 0x0000, 0x0000, 0x0000, 0x0000, 0x0000, 0x0000,
  0x0000, 0x0000, 0x0000, 0x0000, 0x0000, 0x0000, 0x0000, 0x0000, 0x0000, 0x0000, 0x0000, 0x0000, 0x0000, 0x0000, 0x0000, 0x0000,
  0x0000, 0x0000, 0x0000, 0x0000, 0x0000, 0x0000, 0x0000, 0x0000, 0x0000, 0x0000, 0x0000, 0x0000, 0x0000, 0x0000, 0x0000, 0x0000,
  0x0000, 0x0000, 0x0000, 0x0000, 0x0000, 0x0000, 0x0000, 0x0000, 0x0000, 0x0000, 0x09DC, 0x11DA, 0x19D7, 0x090D, 0x0004, 0x0002,
  0x0001, 0x0001, 0x0001, 0x0001, 0x0001, 0x0001, 0x0001, 0x0001, 0x0001, 0x0001, 0x0001, 0x0001, 0x0001, 0x0001, 0x0001, 0x0001,
  0x0001, 0x0800, 0x0001, 0x0001, 0x1860, 0x7B06, 0xB4EB, 0xD5EE, 0xDDAB, 0xDDAB, 0xCD8B, 0xCD8B, 0x9303, 0x5A01, 0x5A01, 0x5A01,
  0x5A22, 0x5223, 0x4A24, 0x5A66, 0x8C4E, 0xADB1, 0xADB1, 0xA5B1, 0xA5B1, 0x9D91, 0x9D91, 0x9D91, 0x9D91, 0x9D91, 0x9591, 0x9591,
  0x9591, 0x9591, 0x9570, 0x9570, 0x9570, 0x8571, 0x8D70, 0x852F, 0x852F, 0x8571, 0x8530, 0x8571, 0x9570, 0x8571, 0x8571, 0x9570,
  0x8571, 0x7D50, 0x7D50, 0x750F, 0x7530, 0x7530, 0x6D0F, 0x7530, 0x6D0F, 0x6D0F, 0x6D0F, 0x6D0F, 0x6D0F, 0x6D0F, 0x6D0F, 0x6D0F,
  0x6D0F, 0x6D0F, 0x6D0F, 0x6D0F, 0x6D0F, 0x6D0F, 0x6D0F, 0x6D0F, 0x6D0F, 0x7530, 0x6D0F, 0x7530, 0x7530, 0x7530, 0x6D0F, 0x7530,
  0x750F, 0x750F, 0x7530, 0x7530, 0x7530, 0x7530, 0x8571, 0x7530, 0x8571, 0x7530, 0x7530, 0x7530, 0x8550, 0x750F, 0x7530, 0x7530,
  0x8571, 0x750F, 0x7530, 0x7D50, 0x750F, 0x750F, 0x7D50, 0x7D50, 0x8530, 0x6C4E, 0x29C4, 0x0060, 0x0001, 0x0001, 0x0001, 0x0001,
  0x0001, 0x0001, 0x0001, 0x0001, 0x0001, 0x0001, 0x0001, 0x0001, 0x0001, 0x0001, 0x0001, 0x0001, 0x0001, 0x0001, 0x0001, 0x0001,
  0x0002, 0x0027, 0x090D, 0x1193, 0x11DA, 0x09DC, 0x0000, 0x0000, 0x0000, 0x0000, 0x0000, 0x0000, 0x0000, 0x0000, 0x0000, 0x0000,
  0x0000, 0x0000, 0x0000, 0x0000, 0x0000, 0x0000, 0x0000, 0x0000, 0x0000, 0x0000, 0x0000, 0x0000, 0x0000, 0x0000, 0x0000, 0x0000,
  0x0000, 0x0000, 0x0000, 0x0000, 0x0000, 0x0000, 0x0000, 0x0000, 0x0000, 0x0000, 0x0000, 0x0000, 0x0000, 0x0000, 0x0000, 0x0000,
  0x0000, 0x0000, 0x0000, 0x0000, 0x0000, 0x0000, 0x0000, 0x0000, 0x0000, 0x0000, 0x0000, 0x0000, 0x0000, 0x0000, 0x0000, 0x0000,
  0x0000, 0x0000, 0x0000, 0x0000, 0x0000, 0x0000, 0x0000, 0x0000, 0x0000, 0x0000, 0x0000, 0x0000, 0x0000, 0x0000, 0x0000, 0x0000,
  0x0000, 0x0000, 0x0000, 0x0000, 0x0000, 0x0000, 0x0000, 0x0000, 0x0000, 0x0000, 0x0000, 0x0000, 0x09DC, 0x19D7, 0x1170, 0x0027,
  0x0001, 0x0001, 0x0001, 0x0001, 0x0001, 0x0001, 0x0001, 0x0001, 0x0001, 0x0001, 0x0001, 0x0001, 0x0001, 0x0001, 0x0001, 0x0001,
  0x0001, 0x0001, 0x0001, 0x0800, 0x0800, 0x0001, 0x2080, 0x7AA1, 0xD5EE, 0xCD6E, 0xCD8B, 0x9BE5, 0x5A01, 0x5A01, 0x5A01, 0x5223,
  0x51C3, 0x49C4, 0x5A66, 0x840B, 0xA550, 0xADB1, 0x9D70, 0xA5B1, 0xA5B1, 0x9D91, 0x9D91, 0x9D91, 0x9D91, 0x9D91, 0x9591, 0x9591,
  0x9591, 0x9591, 0x9570, 0x8571, 0x8571, 0x9570, 0x8530, 0x8D71, 0x9570, 0x8530, 0x8530, 0x7D2F, 0x7C4E, 0x7D2F, 0x750F, 0x7C4E,
  0x750F, 0x7D50, 0x7D50, 0x750F, 0x7530, 0x7530, 0x7530, 0x7530, 0x6D0F, 0x6D0F, 0x6D0F, 0x6D0F, 0x6D0F, 0x6D0F, 0x6D0F, 0x6D0F,
  0x6D0F, 0x6D0F, 0x6D0F, 0x6D0F, 0x6D0F, 0x6D0F, 0x6D0F, 0x6D0F, 0x6D0F, 0x7530, 0x7530, 0x6D0F, 0x7530, 0x6D0F, 0x7530, 0x750F,
  0x7530, 0x7530, 0x7530, 0x7530, 0x8571, 0x7530, 0x7530, 0x7530, 0x7530, 0x7530, 0x7530, 0x8571, 0x750F, 0x7530, 0x7530, 0x7530,
  0x8571, 0x750F, 0x8571, 0x7D50, 0x8571, 0x7D50, 0x8530, 0x6C4E, 0x42A8, 0x08E1, 0x0001, 0x0001, 0x0001, 0x0001, 0x0001, 0x0001,
  0x0001, 0x0001, 0x0001, 0x0001, 0x0001, 0x0001, 0x0001, 0x0001, 0x0001, 0x0001, 0x0001, 0x0001, 0x0001, 0x0001, 0x0001, 0x0002,
  0x0027, 0x1170, 0x19D7, 0x09DC, 0x0000, 0x0000, 0x0000, 0x0000, 0x0000, 0x0000, 0x0000, 0x0000, 0x0000, 0x0000, 0x0000, 0x0000,
  0x0000, 0x0000, 0x0000, 0x0000, 0x0000, 0x0000, 0x0000, 0x0000, 0x0000, 0x0000, 0x0000, 0x0000, 0x0000, 0x0000, 0x0000, 0x0000,
  0x0000, 0x0000, 0x0000, 0x0000, 0x0000, 0x0000, 0x0000, 0x0000, 0x0000, 0x0000, 0x0000, 0x0000, 0x0000, 0x0000, 0x0000, 0x0000,
  0x0000, 0x0000, 0x0000, 0x0000, 0x0000, 0x0000, 0x0000, 0x0000, 0x0000, 0x0000, 0x0000, 0x0000, 0x0000, 0x0000, 0x0000, 0x0000,
  0x0000, 0x0000, 0x0000, 0x0000, 0x0000, 0x0000, 0x0000, 0x0000, 0x0000, 0x0000, 0x0000, 0x0000, 0x0000, 0x0000, 0x0000, 0x0000,
  0x0000, 0x0000, 0x0000, 0x0000, 0x0000, 0x0000, 0x0000, 0x0000, 0x0000, 0x0000, 0x0000, 0x0000, 0x09DC, 0x09DC, 0x19D7, 0x1193,
  0x004A, 0x0004, 0x0001, 0x0001, 0x0001, 0x0001, 0x0001, 0x0001, 0x0001, 0x0001, 0x0001, 0x0001, 0x0001, 0x0001, 0x0001, 0x0001,
  0x0001, 0x0001, 0x0001, 0x0800, 0x0800, 0x0800, 0x0001, 0x0800, 0x28E0, 0x7AC3, 0x7B69, 0x5A22, 0x5A22, 0x5A22, 0x51C3, 0x5223,
  0x49C4, 0x5A66, 0x6308, 0x94AE, 0xADB1, 0xA550, 0xA5B1, 0xA5B1, 0x9D91, 0x9D91, 0x9D91, 0x9D91, 0x9D91, 0x9591, 0x9591, 0x9591,
  0x9591, 0x8D71, 0x9570, 0x9591, 0x9570, 0x8D71, 0x8D71, 0x8530, 0x6C4E, 0x6BEB, 0x42A8, 0x29C4, 0x29C4, 0x2102, 0x2102, 0x08E1,
  0x08E1, 0x29C4, 0x29C4, 0x42A8, 0x6C4E, 0x7530, 0x8571, 0x750F, 0x750F, 0x750F, 0x7530, 0x6D0F, 0x6D0F, 0x6D0F, 0x6D0F, 0x6D0F,
  0x6D0F, 0x6D0F, 0x6D0F, 0x6D0F, 0x6D0F, 0x6D0F, 0x6D0F, 0x7530, 0x6D0F, 0x6D0F, 0x7530, 0x7530, 0x750F, 0x7530, 0x7530, 0x7530,
  0x7530, 0x8571, 0x750F, 0x7530, 0x7530, 0x8571, 0x7530, 0x8571, 0x7530, 0x8571, 0x750F, 0x750F, 0x750F, 0x7530, 0x7D50, 0x8571,
  0x7D50, 0x7D50, 0x8530, 0x8571, 0x8530, 0x6C4E, 0x29C4, 0x08E1, 0x0060, 0x0060, 0x0060, 0x0001, 0x0001, 0x0001, 0x0001, 0x0001,
  0x0001, 0x0001, 0x0001, 0x0001, 0x0001, 0x0001, 0x0001, 0x0001, 0x0001, 0x0001, 0x0001, 0x0001, 0x0001, 0x0002, 0x0004, 0x004A,
  0x1193, 0x19D7, 0x09DC, 0x0000, 0x0000, 0x0000, 0x0000, 0x0000, 0x0000, 0x0000, 0x0000, 0x0000, 0x0000, 0x0000, 0x0000, 0x0000,
  0x0000, 0x0000, 0x0000, 0x0000, 0x0000, 0x0000, 0x0000, 0x0000, 0x0000, 0x0000, 0x0000, 0x0000, 0x0000, 0x0000, 0x0000, 0x0000,
  0x0000, 0x0000, 0x0000, 0x0000, 0x0000, 0x0000, 0x0000, 0x0000, 0x0000, 0x0000, 0x0000, 0x0000, 0x0000, 0x0000, 0x0000, 0x0000,
  0x0000, 0x0000, 0x0000, 0x0000, 0x0000, 0x0000, 0x0000, 0x0000, 0x0000, 0x0000, 0x0000, 0x0000, 0x0000, 0x0000, 0x0000, 0x0000,
  0x0000, 0x0000, 0x0000, 0x0000, 0x0000, 0x0000, 0x0000, 0x0000, 0x0000, 0x0000, 0x0000, 0x0000, 0x0000, 0x0000, 0x0000, 0x0000,
  0x0000, 0x0000, 0x0000, 0x0000, 0x0000, 0x0000, 0x0000, 0x0000, 0x0000, 0x0000, 0x0000, 0x0000, 0x0000, 0x0000, 0x0000, 0x11DA,
  0x1193, 0x090D, 0x0004, 0x0060, 0x0001, 0x0001, 0x0001, 0x0001, 0x0001, 0x0001, 0x0001, 0x0001, 0x0001, 0x0001, 0x0001, 0x0001,
  0x0001, 0x0001, 0x0001, 0x0001, 0x0800, 0x0800, 0x1000, 0x0800, 0x0800, 0x1000, 0x2080, 0x2080, 0x51C3, 0x49C4, 0x51C3, 0x51E5,
  0x49C4, 0x5A66, 0x8C4E, 0xB5B1, 0xA550, 0xA5B1, 0xA5B1, 0xA5B1, 0x9D91, 0x9D91, 0x9D91, 0x9591, 0x9591, 0x9591, 0x9591, 0x9570,
  0x9570, 0x9570, 0x9D91, 0x8D71, 0x9591, 0x8530, 0x6BEB, 0x31A7, 0x08E1, 0x08E1, 0x0060, 0x0001, 0x0001, 0x0001, 0x0060, 0x0001,
  0x0001, 0x0001, 0x0060, 0x0060, 0x08E1, 0x29C4, 0x6308, 0x7530, 0x8D71, 0x8571, 0x7530, 0x6D0F, 0x7530, 0x6D0F, 0x6D0F, 0x6D0F,
  0x6D0F, 0x6D0F, 0x6D0F, 0x6D0F, 0x6D0F, 0x7530, 0x6D0F, 0x7530, 0x6D0F, 0x6D0F, 0x7530, 0x7530, 0x7530, 0x750F, 0x750F, 0x750F,
  0x750F, 0x750F, 0x8571, 0x750F, 0x7530, 0x7530, 0x7530, 0x8571, 0x7530, 0x7530, 0x8571, 0x750F, 0x8571, 0x7D50, 0x7D50, 0x7D50,
  0x8571, 0x8D71, 0x8D71, 0x6C4E, 0x29C4, 0x0060, 0x0060, 0x0060, 0x0060, 0x0001, 0x0001, 0x0001, 0x0001, 0x0001, 0x0001, 0x0001,
  0x0001, 0x0001, 0x0001, 0x0001, 0x0001, 0x0001, 0x0001, 0x0001, 0x0001, 0x0001, 0x0001, 0x0001, 0x0001, 0x0004, 0x090D, 0x0177,
  0x11DA, 0x0000, 0x0000, 0x0000, 0x0000, 0x0000, 0x0000, 0x0000, 0x0000, 0x0000, 0x0000, 0x0000, 0x0000, 0x0000, 0x0000, 0x0000,
  0x0000, 0x0000, 0x0000, 0x0000, 0x0000, 0x0000, 0x0000, 0x0000, 0x0000, 0x0000, 0x0000, 0x0000, 0x0000, 0x0000, 0x0000, 0x0000,
  0x0000, 0x0000, 0x0000, 0x0000, 0x0000, 0x0000, 0x0000, 0x0000, 0x0000, 0x0000, 0x0000, 0x0000, 0x0000, 0x0000, 0x0000, 0x0000,
  0x0000, 0x0000, 0x0000, 0x0000, 0x0000, 0x0000, 0x0000, 0x0000, 0x0000, 0x0000, 0x0000, 0x0000, 0x0000, 0x0000, 0x0000, 0x0000,
  0x0000, 0x0000, 0x0000, 0x0000, 0x0000, 0x0000, 0x0000, 0x0000, 0x0000, 0x0000, 0x0000, 0x0000, 0x0000, 0x0000, 0x0000, 0x0000,
  0x0000, 0x0000, 0x0000, 0x0000, 0x0000, 0x0000, 0x0000, 0x0000, 0x0000, 0x0000, 0x0000, 0x0000, 0x0000, 0x0000, 0x0000, 0x09DC,
  0x11DA, 0x19D7, 0x1170, 0x10E9, 0x0002, 0x0001, 0x0001, 0x0001, 0x0001, 0x0001, 0x0001, 0x0001, 0x0001, 0x0001, 0x0001, 0x0001,
  0x0001, 0x0001, 0x0001, 0x0001, 0x0001, 0x0001, 0x0001, 0x0800, 0x0800, 0x0800, 0x0800, 0x1000, 0x2020, 0x2080, 0x3922, 0x3944,
  0x4A24, 0x840B, 0xBD53, 0xA593, 0xA5B1, 0xA550, 0x9D91, 0xA5B1, 0x9D91, 0x9D91, 0x9570, 0x9D91, 0x9591, 0x9D91, 0x9570, 0x9591,
  0x8530, 0x9591, 0x9D91, 0x8571, 0x6C4E, 0x31A7, 0x08E1, 0x0060, 0x0060, 0x0001, 0x0001, 0x0001, 0x0001, 0x0001, 0x0001, 0x0060,
  0x0060, 0x0001, 0x0060, 0x0001, 0x0001, 0x0060, 0x0060, 0x29C4, 0x6BEB, 0x8571, 0x7D50, 0x7D50, 0x750F, 0x750F, 0x6D0F, 0x7530,
  0x6D0F, 0x6D0F, 0x6D0F, 0x6D0F, 0x6D0F, 0x6D0F, 0x6D0F, 0x7530, 0x7530, 0x7530, 0x7530, 0x6D0F, 0x6D0F, 0x750F, 0x750F, 0x750F,
  0x7530, 0x7530, 0x7530, 0x8571, 0x7530, 0x7530, 0x7530, 0x8571, 0x8571, 0x8571, 0x7D50, 0x8571, 0x7D50, 0x8571, 0x8D71, 0x8530,
  0x7C4E, 0x5B2B, 0x29C4, 0x0060, 0x0060, 0x0001, 0x0001, 0x0001, 0x0001, 0x0001, 0x0001, 0x0001, 0x0001, 0x0001, 0x0001, 0x0001,
  0x0001, 0x0001, 0x0001, 0x0001, 0x0001, 0x0001, 0x0001, 0x0001, 0x0001, 0x0001, 0x0001, 0x0004, 0x004A, 0x1170, 0x19D7, 0x11DA,
  0x09DC, 0x0000, 0x0000, 0x0000, 0x0000, 0x0000, 0x0000, 0x0000, 0x0000, 0x0000, 0x0000, 0x0000, 0x0000, 0x0000, 0x0000, 0x0000,
  0x0000, 0x0000, 0x0000, 0x0000, 0x0000, 0x0000, 0x0000, 0x0000, 0x0000, 0x0000, 0x0000, 0x0000, 0x0000, 0x0000, 0x0000, 0x0000,
  0x0000, 0x0000, 0x0000, 0x0000, 0x0000, 0x0000, 0x0000, 0x0000, 0x0000, 0x0000, 0x0000, 0x0000, 0x0000, 0x0000, 0x0000, 0x0000,
  0x0000, 0x0000, 0x0000, 0x0000, 0x0000, 0x0000, 0x0000, 0x0000, 0x0000, 0x0000, 0x0000, 0x0000, 0x0000, 0x0000, 0x0000, 0x0000,
  0x0000, 0x0000, 0x0000, 0x0000, 0x0000, 0x0000, 0x0000, 0x0000, 0x0000, 0x0000, 0x0000, 0x0000, 0x0000, 0x0000, 0x0000, 0x0000,
  0x0000, 0x0000, 0x0000, 0x0000, 0x0000, 0x0000, 0x0000, 0x0000, 0x0000, 0x0000, 0x0000, 0x0000, 0x0000, 0x0000, 0x0000, 0x0000,
  0x0000, 0x09DC, 0x11DA, 0x1193, 0x004A, 0x0004, 0x0001, 0x0001, 0x0001, 0x0001, 0x0001, 0x0001, 0x0001, 0x0001, 0x0001, 0x0001,
  0x0001, 0x0001, 0x0001, 0x0001, 0x0001, 0x0001, 0x0001, 0x0001, 0x0001, 0x0001, 0x0800, 0x0800, 0x0800, 0x1000, 0x0800, 0x28E0,
  0x2124, 0x840B, 0xA593, 0xBD53, 0xBDF3, 0xA550, 0x9D91, 0x9D91, 0x9D91, 0x9D91, 0x9570, 0x9570, 0x9591, 0x9591, 0x9591, 0x8530,
  0x9D70, 0xA593, 0x8C4E, 0x5B2B, 0x08E1, 0x0001, 0x0001, 0x0001, 0x0001, 0x0001, 0x0001, 0x0001, 0x0060, 0x0001, 0x0001, 0x0001,
  0x0001, 0x0001, 0x0001, 0x0001, 0x0001, 0x0001, 0x0001, 0x0001, 0x08E1, 0x42A8, 0x750F, 0x8530, 0x8530, 0x750F, 0x750F, 0x6D0F,
  0x6D0F, 0x6D0F, 0x6D0F, 0x6D0F, 0x6D0F, 0x6D0F, 0x7530, 0x6D0F, 0x7530, 0x6D0F, 0x7530, 0x7530, 0x7530, 0x7530, 0x750F, 0x750F,
  0x7530, 0x8571, 0x7530, 0x8571, 0x7530, 0x750F, 0x7530, 0x7530, 0x8571, 0x8571, 0x8571, 0x8530, 0x8D71, 0x8530, 0x6C4E, 0x42A8,
  0x2102, 0x0060, 0x0001, 0x0001, 0x0001, 0x0001, 0x0001, 0x0001, 0x0001, 0x0001, 0x0001, 0x0001, 0x0001, 0x0001, 0x0001, 0x0001,
  0x0001, 0x0001, 0x0001, 0x0001, 0x0001, 0x0800, 0x0001, 0x0001, 0x0001, 0x0001, 0x0027, 0x090D, 0x19D7, 0x11DA, 0x09DC, 0x0000,
  0x0000, 0x0000, 0x0000, 0x0000, 0x0000, 0x0000, 0x0000, 0x0000, 0x0000, 0x0000, 0x0000, 0x0000, 0x0000, 0x0000, 0x0000, 0x0000,
  0x0000, 0x0000, 0x0000, 0x0000, 0x0000, 0x0000, 0x0000, 0x0000, 0x0000, 0x0000, 0x0000, 0x0000, 0x0000, 0x0000, 0x0000, 0x0000,
  0x0000, 0x0000, 0x0000, 0x0000, 0x0000, 0x0000, 0x0000, 0x0000, 0x0000, 0x0000, 0x0000, 0x0000, 0x0000, 0x0000, 0x0000, 0x0000,
  0x0000, 0x0000, 0x0000, 0x0000, 0x0000, 0x0000, 0x0000, 0x0000, 0x0000, 0x0000, 0x0000, 0x0000, 0x0000, 0x0000, 0x0000, 0x0000,
  0x0000, 0x0000, 0x0000, 0x0000, 0x0000, 0x0000, 0x0000, 0x0000, 0x0000, 0x0000, 0x0000, 0x0000, 0x0000, 0x0000, 0x0000, 0x0000,
  0x0000, 0x0000, 0x0000, 0x0000, 0x0000, 0x0000, 0x0000, 0x0000, 0x0000, 0x0000, 0x0000, 0x0000, 0x0000, 0x0000, 0x0000, 0x0000,
  0x0000, 0x0000, 0x09DC, 0x11DA, 0x19D7, 0x1170, 0x004A, 0x0002, 0x0001, 0x0001, 0x0001, 0x0001, 0x0001, 0x0001, 0x0001, 0x0001,
  0x0001, 0x0001, 0x0001, 0x0001, 0x0001, 0x0001, 0x0001, 0x0001, 0x0001, 0x0001, 0x0800, 0x0800, 0x0800, 0x0800, 0x0001, 0x0001,
  0x0001, 0x1860, 0x29C4, 0x5B2B, 0x94AE, 0xA593, 0xA593, 0xA593, 0xA593, 0xA550, 0x9591, 0x9D70, 0x8571, 0x9591, 0x8530, 0x9D70,
  0xA593, 0x7C4E, 0x31A7, 0x0060, 0x0060, 0x0060, 0x0060, 0x0001, 0x0001, 0x0001, 0x0001, 0x0001, 0x0001, 0x0001, 0x0001, 0x0001,
  0x0001, 0x0001, 0x0001, 0x0001, 0x0001, 0x0001, 0x0060, 0x0060, 0x0001, 0x0001, 0x31A7, 0x6C4E, 0x8530, 0x7C4E, 0x750F, 0x750F,
  0x750F, 0x6D0F, 0x6D0F, 0x7530, 0x6D0F, 0x6D0F, 0x7530, 0x7530, 0x6D0F, 0x7530, 0x7530, 0x6D0F, 0x750F, 0x750F, 0x750F, 0x7530,
  0x8571, 0x7530, 0x8571, 0x7530, 0x7D50, 0x7D50, 0x7D50, 0x8571, 0x8571, 0x8571, 0x8530, 0x7C4E, 0x42A8, 0x29C4, 0x0060, 0x0001,
  0x0001, 0x0001, 0x0001, 0x0001, 0x0001, 0x0001, 0x0001, 0x0001, 0x0001, 0x0001, 0x0001, 0x0001, 0x0001, 0x0001, 0x0001, 0x0001,
  0x0001, 0x0001, 0x0001, 0x0001, 0x0001, 0x0001, 0x0001, 0x0001, 0x0004, 0x10E9, 0x1170, 0x19D7, 0x11DA, 0x09DC, 0x0000, 0x0000,
  0x0000, 0x0000, 0x0000, 0x0000, 0x0000, 0x0000, 0x0000, 0x0000, 0x0000, 0x0000, 0x0000, 0x0000, 0x0000, 0x0000, 0x0000, 0x0000,
  0x0000, 0x0000, 0x0000, 0x0000, 0x0000, 0x0000, 0x0000, 0x0000, 0x0000, 0x0000, 0x0000, 0x0000, 0x0000, 0x0000, 0x0000, 0x0000,
  0x0000, 0x0000, 0x0000, 0x0000, 0x0000, 0x0000, 0x0000, 0x0000, 0x0000, 0x0000, 0x0000, 0x0000, 0x0000, 0x0000, 0x0000, 0x0000,
  0x0000, 0x0000, 0x0000, 0x0000, 0x0000, 0x0000, 0x0000, 0x0000, 0x0000, 0x0000, 0x0000, 0x0000, 0x0000, 0x0000, 0x0000, 0x0000,
  0x0000, 0x0000, 0x0000, 0x0000, 0x0000, 0x0000, 0x0000, 0x0000, 0x0000, 0x0000, 0x0000, 0x0000, 0x0000, 0x0000, 0x0000, 0x0000,
  0x0000, 0x0000, 0x0000, 0x0000, 0x0000, 0x0000, 0x0000, 0x0000, 0x0000, 0x0000, 0x0000, 0x0000, 0x0000, 0x0000, 0x0000, 0x0000,
  0x0000, 0x0000, 0x0000, 0x0000, 0x09DC, 0x11DA, 0x1193, 0x090D, 0x0002, 0x0001, 0x0001, 0x0001, 0x0001, 0x0001, 0x0001, 0x0001,
  0x0001, 0x0001, 0x0001, 0x0001, 0x0001, 0x0001, 0x0001, 0x0001, 0x0001, 0x0001, 0x0001, 0x0001, 0x0001, 0x0800, 0x0001, 0x0001,
  0x0001, 0x0001, 0x0001, 0x0001, 0x1860, 0x42A8, 0x6BEB, 0x94AE, 0x94AE, 0xA593, 0xA593, 0xA593, 0x9D70, 0x8530, 0x8530, 0x8D71,
  0x7C4E, 0x29C4, 0x0060, 0x0060, 0x0060, 0x0060, 0x0060, 0x0001, 0x0001, 0x0001, 0x0001, 0x0001, 0x0001, 0x0001, 0x0001, 0x0001,
  0x0001, 0x0001, 0x0001, 0x0001, 0x0001, 0x0001, 0x0001, 0x0001, 0x0001, 0x0001, 0x0001, 0x29C4, 0x7C4E, 0x8571, 0x7530, 0x7C4E,
  0x7530, 0x6D0F, 0x6D0F, 0x6D0F, 0x7530, 0x7530, 0x6D0F, 0x7530, 0x7530, 0x7530, 0x7530, 0x7530, 0x750F, 0x750F, 0x8571, 0x7530,
  0x8571, 0x8571, 0x8571, 0x8571, 0x8571, 0x8571, 0x8D71, 0x8530, 0x750F, 0x5B2B, 0x29C4, 0x0060, 0x0001, 0x0001, 0x0001, 0x0001,
  0x0001, 0x0001, 0x0001, 0x0001, 0x0001, 0x0001, 0x0001, 0x0001, 0x0001, 0x0001, 0x0001, 0x0001, 0x0001, 0x0001, 0x0001, 0x0001,
  0x0001, 0x0001, 0x0001, 0x0001, 0x0001, 0x0001, 0x0001, 0x0027, 0x090D, 0x1193, 0x11DA, 0x09DC, 0x0000, 0x0000, 0x0000, 0x0000,
  0x0000, 0x0000, 0x0000, 0x0000, 0x0000, 0x0000, 0x0000, 0x0000, 0x0000, 0x0000, 0x0000, 0x0000, 0x0000, 0x0000, 0x0000, 0x0000,
  0x0000, 0x0000, 0x0000, 0x0000, 0x0000, 0x0000, 0x0000, 0x0000, 0x0000, 0x0000, 0x0000, 0x0000, 0x0000, 0x0000, 0x0000, 0x0000,
  0x0000, 0x0000, 0x0000, 0x0000, 0x0000, 0x0000, 0x0000, 0x0000, 0x0000, 0x0000, 0x0000, 0x0000, 0x0000, 0x0000, 0x0000, 0x0000,
  0x0000, 0x0000, 0x0000, 0x0000, 0x0000, 0x0000, 0x0000, 0x0000, 0x0000, 0x0000, 0x0000, 0x0000, 0x0000, 0x0000, 0x0000, 0x0000,
  0x0000, 0x0000, 0x0000, 0x0000, 0x0000, 0x0000, 0x0000, 0x0000, 0x0000, 0x0000, 0x0000, 0x0000, 0x0000, 0x0000, 0x0000, 0x0000,
  0x0000, 0x0000, 0x0000, 0x0000, 0x0000, 0x0000, 0x0000, 0x0000, 0x0000, 0x0000, 0x0000, 0x0000, 0x0000, 0x0000, 0x0000, 0x0000,
  0x0000, 0x0000, 0x0000, 0x0000, 0x0000, 0x09DC, 0x11DA, 0x19D7, 0x1170, 0x004A, 0x0004, 0x0001, 0x0001, 0x0001, 0x0001, 0x0001,
  0x0001, 0x0001, 0x0001, 0x0001, 0x0001, 0x0001, 0x0001, 0x0001, 0x0001, 0x0001, 0x0001, 0x0001, 0x0001, 0x0001, 0x0001, 0x0001,
  0x0001, 0x0800, 0x0001, 0x0001, 0x0001, 0x0001, 0x0060, 0x2102, 0x2102, 0x42A8, 0x6BEB, 0x94AE, 0x8D71, 0xA593, 0xA593, 0x8C4E,
  0x31A7, 0x0001, 0x0001, 0x0060, 0x0001, 0x0001, 0x0001, 0x0001, 0x0001, 0x0001, 0x0001, 0x41E7, 0x734C, 0x31A7, 0x0001, 0x0001,
  0x0001, 0x0001, 0x0001, 0x0001, 0x0001, 0x0001, 0x0001, 0x0001, 0x0001, 0x0001, 0x0001, 0x0001, 0x31A7, 0x750F, 0x8530, 0x7530,
  0x750F, 0x7530, 0x750F, 0x7530, 0x6D0F, 0x7530, 0x7530, 0x7530, 0x750F, 0x7530, 0x7530, 0x750F, 0x8571, 0x7530, 0x8571, 0x7530,
  0x8571, 0x8571, 0x8D71, 0x8530, 0x8530, 0x6C4E, 0x5B2B, 0x2124, 0x0060, 0x0001, 0x0001, 0x0001, 0x0001, 0x0001, 0x0001, 0x0001,
  0x0001, 0x0001, 0x0001, 0x0001, 0x0001, 0x0001, 0x0001, 0x0001, 0x0001, 0x0001, 0x0001, 0x0001, 0x0001, 0x0001, 0x0001, 0x0001,
  0x0001, 0x0001, 0x0001, 0x0001, 0x0001, 0x0004, 0x090D, 0x1170, 0x19D7, 0x11DA, 0x09DC, 0x09DC, 0x0000, 0x0000, 0x0000, 0x0000,
  0x0000, 0x0000, 0x0000, 0x0000, 0x0000, 0x0000, 0x0000, 0x0000, 0x0000, 0x0000, 0x0000, 0x0000, 0x0000, 0x0000, 0x0000, 0x0000,
  0x0000, 0x0000, 0x0000, 0x0000, 0x0000, 0x0000, 0x0000, 0x0000, 0x0000, 0x0000, 0x0000, 0x0000, 0x0000, 0x0000, 0x0000, 0x0000,
  0x0000, 0x0000, 0x0000, 0x0000, 0x0000, 0x0000, 0x0000, 0x0000, 0x0000, 0x0000, 0x0000, 0x0000, 0x0000, 0x0000, 0x0000, 0x0000,
  0x0000, 0x0000, 0x0000, 0x0000, 0x0000, 0x0000, 0x0000, 0x0000, 0x0000, 0x0000, 0x0000, 0x0000, 0x0000, 0x0000, 0x0000, 0x0000,
  0x0000, 0x0000, 0x0000, 0x0000, 0x0000, 0x0000, 0x0000, 0x0000, 0x0000, 0x0000, 0x0000, 0x0000, 0x0000, 0x0000, 0x0000, 0x0000,
  0x0000, 0x0000, 0x0000, 0x0000, 0x0000, 0x0000, 0x0000, 0x0000, 0x0000, 0x0000, 0x0000, 0x0000, 0x0000, 0x0000, 0x0000, 0x0000,
  0x0000, 0x0000, 0x0000, 0x0000, 0x0000, 0x0000, 0x0000, 0x09DC, 0x11DA, 0x1193, 0x090D, 0x0004, 0x0001, 0x0001, 0x0001, 0x0001,
  0x0001, 0x0001, 0x0001, 0x0001, 0x0001, 0x0001, 0x0001, 0x0001, 0x0001, 0x0001, 0x0001, 0x0001, 0x0001, 0x0001, 0x0001, 0x0001,
  0x0001, 0x0001, 0x0001, 0x0001, 0x0001, 0x0001, 0x0001, 0x0001, 0x0001, 0x0001, 0x0060, 0x2124, 0x41E7, 0x7C4E, 0x8530, 0x5A89,
  0x0001, 0x0001, 0x0001, 0x0001, 0x0001, 0x0001, 0x0001, 0x0060, 0x1860, 0x0001, 0x2102, 0xBDD7, 0xFFFF, 0xBDD7, 0x5B2B, 0x1860,
  0x0001, 0x0001, 0x0800, 0x0001, 0x0001, 0x0001, 0x0001, 0x0001, 0x0001, 0x0001, 0x0001, 0x0001, 0x0001, 0x31A7, 0x8530, 0x8530,
  0x7D50, 0x7D50, 0x7530, 0x7530, 0x6D0F, 0x7530, 0x6D0F, 0x7530, 0x7530, 0x7530, 0x7530, 0x7530, 0x7530, 0x8571, 0x8571, 0x8571,
  0x8571, 0x8530, 0x6BEB, 0x42A8, 0x2124, 0x08E1, 0x0001, 0x0060, 0x0001, 0x0001, 0x0001, 0x0001, 0x0001, 0x0001, 0x0001, 0x0001,
  0x0001, 0x0001, 0x0001, 0x0001, 0x0001, 0x0001, 0x0001, 0x0001, 0x0001, 0x0001, 0x0001, 0x0001, 0x0001, 0x0001, 0x0001, 0x0001,
  0x0001, 0x0001, 0x0001, 0x0001, 0x0027, 0x1170, 0x19D7, 0x11DA, 0x0000, 0x0000, 0x0000, 0x0000, 0x0000, 0x0000, 0x0000, 0x0000,
  0x0000, 0x0000, 0x0000, 0x0000, 0x0000, 0x0000, 0x0000, 0x0000, 0x0000, 0x0000, 0x0000, 0x0000, 0x0000, 0x0000, 0x0000, 0x0000,
  0x0000, 0x0000, 0x0000, 0x0000, 0x0000, 0x0000, 0x0000, 0x0000, 0x0000, 0x0000, 0x0000, 0x0000, 0x0000, 0x0000, 0x0000, 0x0000,
  0x0000, 0x0000, 0x0000, 0x0000, 0x0000, 0x0000, 0x0000, 0x0000, 0x0000, 0x0000, 0x0000, 0x0000, 0x0000, 0x0000, 0x0000, 0x0000,
  0x0000, 0x0000, 0x0000, 0x0000, 0x0000, 0x0000, 0x0000, 0x0000, 0x0000, 0x0000, 0x0000, 0x0000, 0x0000, 0x0000, 0x0000, 0x0000,
  0x0000, 0x0000, 0x0000, 0x0000, 0x0000, 0x0000, 0x0000, 0x0000, 0x0000, 0x0000, 0x0000, 0x0000, 0x0000, 0x0000, 0x0000, 0x0000,
  0x0000, 0x0000, 0x0000, 0x0000, 0x0000, 0x0000, 0x0000, 0x0000, 0x0000, 0x0000, 0x0000, 0x0000, 0x0000, 0x0000, 0x0000, 0x0000,
  0x0000, 0x0000, 0x0000, 0x0000, 0x0000, 0x0000, 0x0000, 0x0000, 0x09DC, 0x11DA, 0x19D7, 0x1193, 0x090D, 0x0027, 0x0002, 0x0001,
  0x0001, 0x0001, 0x0001, 0x0001, 0x0001, 0x0001, 0x0001, 0x0001, 0x0001, 0x0001, 0x0001, 0x0001, 0x0001, 0x0001, 0x0001, 0x0001,
  0x0001, 0x0001, 0x0001, 0x0001, 0x0001, 0x0001, 0x0001, 0x0001, 0x0001, 0x0001, 0x0001, 0x0001, 0x0060, 0x0001, 0x0001, 0x0001,
  0x0001, 0x0001, 0x0001, 0x0001, 0x0001, 0x0001, 0x0001, 0x0800, 0x0800, 0x0001, 0x734C, 0xFFFF, 0xFFFF, 0xFFFF, 0xFFFF, 0x8C4E,
  0x2124, 0x0001, 0x0001, 0x0001, 0x0001, 0x0001, 0x0001, 0x0001, 0x0001, 0x0001, 0x0001, 0x0001, 0x0001, 0x08E1, 0x5B2B, 0x8571,
  0x8530, 0x7D50, 0x7D50, 0x7D50, 0x7D50, 0x750F, 0x8571, 0x9591, 0x8D71, 0x9591, 0x9591, 0x9591, 0x8571, 0x6C4E, 0x5B2B, 0x29C4,
  0x29C4, 0x0060, 0x0060, 0x0001, 0x0001, 0x0001, 0x0001, 0x0001, 0x0001, 0x0001, 0x0001, 0x0001, 0x0001, 0x0001, 0x0001, 0x0001,
  0x0001, 0x0001, 0x0001, 0x0001, 0x0001, 0x0001, 0x0001, 0x0001, 0x0001, 0x0001, 0x0001, 0x0001, 0x0001, 0x0001, 0x0001, 0x0001,
  0x0002, 0x0004, 0x0027, 0x1170, 0x1193, 0x19D7, 0x11DA, 0x09DC, 0x0000, 0x0000, 0x0000, 0x0000, 0x0000, 0x0000, 0x0000, 0x0000,
  0x0000, 0x0000, 0x0000, 0x0000, 0x0000, 0x0000, 0x0000, 0x0000, 0x0000, 0x0000, 0x0000, 0x0000, 0x0000, 0x0000, 0x0000, 0x0000,
  0x0000, 0x0000, 0x0000, 0x0000, 0x0000, 0x0000, 0x0000, 0x0000, 0x0000, 0x0000, 0x0000, 0x0000, 0x0000, 0x0000, 0x0000, 0x0000,
  0x0000, 0x0000, 0x0000, 0x0000, 0x0000, 0x0000, 0x0000, 0x0000, 0x0000, 0x0000, 0x0000, 0x0000, 0x0000, 0x0000, 0x0000, 0x0000,
  0x0000, 0x0000, 0x0000, 0x0000, 0x0000, 0x0000, 0x0000, 0x0000, 0x0000, 0x0000, 0x0000, 0x0000, 0x0000, 0x0000, 0x0000, 0x0000,
  0x0000, 0x0000, 0x0000, 0x0000, 0x0000, 0x0000, 0x0000, 0x0000, 0x0000, 0x0000, 0x0000, 0x0000, 0x0000, 0x0000, 0x0000, 0x0000,
  0x0000, 0x0000, 0x0000, 0x0000, 0x0000, 0x0000, 0x0000, 0x0000, 0x0000, 0x0000, 0x0000, 0x0000, 0x0000, 0x0000, 0x0000, 0x0000,
  0x0000, 0x0000, 0x0000, 0x0000, 0x0000, 0x0000, 0x0000, 0x0000, 0x0000, 0x0000, 0x0000, 0x09DC, 0x19D7, 0x1193, 0x004A, 0x0002,
  0x0001, 0x0001, 0x0001, 0x0001, 0x0001, 0x0001, 0x0001, 0x0001, 0x0001, 0x0001, 0x0001, 0x0001, 0x0001, 0x0001, 0x0001, 0x0001,
  0x0001, 0x0001, 0x0001, 0x0001, 0x0001, 0x0001, 0x0001, 0x0001, 0x0001, 0x0001, 0x0001, 0x0001, 0x0001, 0x0001, 0x0060, 0x0060,
  0x0001, 0x0001, 0x0001, 0x0001, 0x0001, 0x0001, 0x0001, 0x0001, 0x0001, 0x31A7, 0xD699, 0xFFFF, 0xFFFF, 0xFFFF, 0xFFFF, 0xF77D,
  0x2124, 0x0001, 0x0800, 0x0001, 0x0001, 0x0001, 0x0001, 0x0001, 0x0001, 0x0001, 0x0001, 0x0001, 0x0001, 0x0001, 0x2102, 0x6D0F,
  0x8D71, 0x8571, 0x8D71, 0x9D91, 0x8D71, 0x8530, 0x8530, 0x6C4E, 0x6C4E, 0x42A8, 0x42A8, 0x29C4, 0x08E1, 0x08E1, 0x0060, 0x0060,
  0x0001, 0x0001, 0x0001, 0x0001, 0x0001, 0x0001, 0x0001, 0x0001, 0x0001, 0x0001, 0x0001, 0x0001, 0x0001, 0x0001, 0x0001, 0x0001,
  0x0001, 0x0001, 0x0001, 0x0001, 0x0001, 0x0001, 0x0001, 0x0001, 0x0001, 0x0001, 0x0001, 0x0001, 0x0001, 0x0001, 0x0001, 0x0001,
  0x0004, 0x090D, 0x1193, 0x19D7, 0x09DC, 0x09DC, 0x0000, 0x0000, 0x0000, 0x0000, 0x0000, 0x0000, 0x0000, 0x0000, 0x0000, 0x0000,
  0x0000, 0x0000, 0x0000, 0x0000, 0x0000, 0x0000, 0x0000, 0x0000, 0x0000, 0x0000, 0x0000, 0x0000, 0x0000, 0x0000, 0x0000, 0x0000,
  0x0000, 0x0000, 0x0000, 0x0000, 0x0000, 0x0000, 0x0000, 0x0000, 0x0000, 0x0000, 0x0000, 0x0000, 0x0000, 0x0000, 0x0000, 0x0000,
  0x0000, 0x0000, 0x0000, 0x0000, 0x0000, 0x0000, 0x0000, 0x0000, 0x0000, 0x0000, 0x0000, 0x0000, 0x0000, 0x0000, 0x0000, 0x0000,
  0x0000, 0x0000, 0x0000, 0x0000, 0x0000, 0x0000, 0x0000, 0x0000, 0x0000, 0x0000, 0x0000, 0x0000, 0x0000, 0x0000, 0x0000, 0x0000,
  0x0000, 0x0000, 0x0000, 0x0000, 0x0000, 0x0000, 0x0000, 0x0000, 0x0000, 0x0000, 0x0000, 0x0000, 0x0000, 0x0000, 0x0000, 0x0000,
  0x0000, 0x0000, 0x0000, 0x0000, 0x0000, 0x0000, 0x0000, 0x0000, 0x0000, 0x0000, 0x0000, 0x0000, 0x0000, 0x0000, 0x0000, 0x0000,
  0x0000, 0x0000, 0x0000, 0x0000, 0x0000, 0x0000, 0x0000, 0x0000, 0x0000, 0x0000, 0x0000, 0x09DC, 0x09DC, 0x11DA, 0x19D7, 0x1170,
  0x090D, 0x0027, 0x0002, 0x0001, 0x0001, 0x0001, 0x0001, 0x0001, 0x0001, 0x0001, 0x0001, 0x0001, 0x0001, 0x0001, 0x0001, 0x0001,
  0x0001, 0x0001, 0x0001, 0x0001, 0x0001, 0x0001, 0x0001, 0x0001, 0x0001, 0x0001, 0x0001, 0x0001, 0x0001, 0x0001, 0x0001, 0x0001,
  0x0001, 0x0001, 0x0060, 0x0001, 0x0001, 0x0001, 0x0001, 0x0001, 0x1860, 0xA593, 0xFFFF, 0xFFFF, 0xFFFF, 0xFFFF, 0xFFFF, 0xD699,
  0x31A7, 0x0001, 0x0800, 0x0001, 0x0001, 0x0001, 0x0001, 0x0001, 0x0800, 0x0001, 0x0001, 0x0001, 0x0001, 0x0001, 0x0060, 0x42A8,
  0x5B2B, 0x5B2B, 0x42A8, 0x31A7, 0x29C4, 0x2102, 0x2102, 0x0060, 0x0060, 0x0060, 0x0001, 0x0001, 0x0001, 0x0001, 0x0001, 0x0001,
  0x0001, 0x0001, 0x0001, 0x0001, 0x0001, 0x0001, 0x0001, 0x0001, 0x0001, 0x0001, 0x0001, 0x0001, 0x0001, 0x0001, 0x0001, 0x0001,
  0x0001, 0x0001, 0x0001, 0x0001, 0x0001, 0x0001, 0x0001, 0x0001, 0x0001, 0x0001, 0x0001, 0x0001, 0x0001, 0x0002, 0x0027, 0x004A,
  0x1170, 0x19D7, 0x11DA, 0x09DC, 0x0000, 0x0000, 0x0000, 0x0000, 0x0000, 0x0000, 0x0000, 0x0000, 0x0000, 0x0000, 0x0000, 0x0000,
  0x0000, 0x0000, 0x0000, 0x0000, 0x0000, 0x0000, 0x0000, 0x0000, 0x0000, 0x0000, 0x0000, 0x0000, 0x0000, 0x0000, 0x0000, 0x0000,
  0x0000, 0x0000, 0x0000, 0x0000, 0x0000, 0x0000, 0x0000, 0x0000, 0x0000, 0x0000, 0x0000, 0x0000, 0x0000, 0x0000, 0x0000, 0x0000,
  0x0000, 0x0000, 0x0000, 0x0000, 0x0000, 0x0000, 0x0000, 0x0000, 0x0000, 0x0000, 0x0000, 0x0000, 0x0000, 0x0000, 0x0000, 0x0000,
  0x0000, 0x0000, 0x0000, 0x0000, 0x0000, 0x0000, 0x0000, 0x0000, 0x0000, 0x0000, 0x0000, 0x0000, 0x0000, 0x0000, 0x0000, 0x0000,
  0x0000, 0x0000, 0x0000, 0x0000, 0x0000, 0x0000, 0x0000, 0x0000, 0x0000, 0x0000, 0x0000, 0x0000, 0x0000, 0x0000, 0x0000, 0x0000,
  0x0000, 0x0000, 0x0000, 0x0000, 0x0000, 0x0000, 0x0000, 0x0000, 0x0000, 0x0000, 0x0000, 0x0000, 0x0000, 0x0000, 0x0000, 0x0000,
  0x0000, 0x0000, 0x0000, 0x0000, 0x0000, 0x0000, 0x0000, 0x0000, 0x0000, 0x0000, 0x0000, 0x0000, 0x0000, 0x0000, 0x0000, 0x09DC,
  0x0177, 0x1170, 0x10E9, 0x0004, 0x0001, 0x0001, 0x0001, 0x0001, 0x0001, 0x0001, 0x0001, 0x0001, 0x0001, 0x0001, 0x0001, 0x0001,
  0x0001, 0x0001, 0x0001, 0x0001, 0x0001, 0x0001, 0x0001, 0x0001, 0x0001, 0x0001, 0x0001, 0x0001, 0x0001, 0x0001, 0x0001, 0x0001,
  0x0001, 0x0001, 0x0001, 0x0001, 0x0001, 0x0001, 0x0001, 0x0001, 0x734C, 0xF77D, 0xFFFF, 0xFFFF, 0xFFFF, 0xFFFF, 0xFFFF, 0xF77D,
  0x2124, 0x0001, 0x0800, 0x0001, 0x0001, 0x0001, 0x0001, 0x0060, 0x1860, 0x0001, 0x0001, 0x0001, 0x0001, 0x0001, 0x0001, 0x1860,
  0x0001, 0x0001, 0x0001, 0x0001, 0x0001, 0x0001, 0x0001, 0x0001, 0x0001, 0x0001, 0x0001, 0x0001, 0x0001, 0x0001, 0x0001, 0x0001,
  0x0001, 0x0001, 0x0001, 0x0001, 0x0001, 0x0001, 0x0001, 0x0001, 0x0001, 0x0001, 0x0001, 0x0001, 0x0001, 0x0001, 0x0001, 0x0001,
  0x0001, 0x0001, 0x0001, 0x0001, 0x0001, 0x0001, 0x0001, 0x0001, 0x0001, 0x0001, 0x0001, 0x0001, 0x0004, 0x004A, 0x1170, 0x19D7,
  0x11DA, 0x0000, 0x0000, 0x0000, 0x0000, 0x0000, 0x0000, 0x0000, 0x0000, 0x0000, 0x0000, 0x0000, 0x0000, 0x0000, 0x0000, 0x0000,
  0x0000, 0x0000, 0x0000, 0x0000, 0x0000, 0x0000, 0x0000, 0x0000, 0x0000, 0x0000, 0x0000, 0x0000, 0x0000, 0x0000, 0x0000, 0x0000,
  0x0000, 0x0000, 0x0000, 0x0000, 0x0000, 0x0000, 0x0000, 0x0000, 0x0000, 0x0000, 0x0000, 0x0000, 0x0000, 0x0000, 0x0000, 0x0000,
  0x0000, 0x0000, 0x0000, 0x0000, 0x0000, 0x0000, 0x0000, 0x0000, 0x0000, 0x0000, 0x0000, 0x0000, 0x0000, 0x0000, 0x0000, 0x0000,
  0x0000, 0x0000, 0x0000, 0x0000, 0x0000, 0x0000, 0x0000, 0x0000, 0x0000, 0x0000, 0x0000, 0x0000, 0x0000, 0x0000, 0x0000, 0x0000,
  0x0000, 0x0000, 0x0000, 0x0000, 0x0000, 0x0000, 0x0000, 0x0000, 0x0000, 0x0000, 0x0000, 0x0000, 0x0000, 0x0000, 0x0000, 0x0000,
  0x0000, 0x0000, 0x0000, 0x0000, 0x0000, 0x0000, 0x0000, 0x0000, 0x0000, 0x0000, 0x0000, 0x0000, 0x0000, 0x0000, 0x0000, 0x0000,
  0x0000, 0x0000, 0x0000, 0x0000, 0x0000, 0x0000, 0x0000, 0x0000, 0x0000, 0x0000, 0x0000, 0x0000, 0x0000, 0x0000, 0x0000, 0x09DC,
  0x11DA, 0x19D7, 0x1193, 0x1170, 0x090D, 0x0027, 0x0002, 0x0001, 0x0001, 0x0001, 0x0001, 0x0001, 0x0001, 0x0001, 0x0001, 0x0001,
  0x0001, 0x0001, 0x0001, 0x0001, 0x0001, 0x0001, 0x0001, 0x0001, 0x0001, 0x0001, 0x0001, 0x0001, 0x0001, 0x0001, 0x0001, 0x0001,
  0x0001, 0x0001, 0x0001, 0x0001, 0x0001, 0x0001, 0x0001, 0x1860, 0xD699, 0xFFFF, 0xFFFF, 0xFFFF, 0xFFFF, 0xFFFF, 0xFFFF, 0xFFFF,
  0x3944, 0x0001, 0x0001, 0x0001, 0x0001, 0x0001, 0x0001, 0x1860, 0x0001, 0x0001, 0x0001, 0x0001, 0x0001, 0x0001, 0x0001, 0x0001,
  0x0001, 0x0001, 0x0001, 0x0001, 0x0001, 0x0001, 0x0001, 0x0001, 0x0001, 0x0001, 0x0001, 0x0001, 0x0001, 0x0001, 0x0001, 0x0001,
  0x0001, 0x0001, 0x0001, 0x0001, 0x0001, 0x0001, 0x0001, 0x0001, 0x0001, 0x0001, 0x0001, 0x0001, 0x0001, 0x0001, 0x0001, 0x0001,
  0x0001, 0x0001, 0x0001, 0x0001, 0x0001, 0x0001, 0x0001, 0x0001, 0x0002, 0x0004, 0x0027, 0x004A, 0x1170, 0x19D7, 0x19D7, 0x11DA,
  0x09DC, 0x0000, 0x0000, 0x0000, 0x0000, 0x0000, 0x0000, 0x0000, 0x0000, 0x0000, 0x0000, 0x0000, 0x0000, 0x0000, 0x0000, 0x0000,
  0x0000, 0x0000, 0x0000, 0x0000, 0x0000, 0x0000, 0x0000, 0x0000, 0x0000, 0x0000, 0x0000, 0x0000, 0x0000, 0x0000, 0x0000, 0x0000,
  0x0000, 0x0000, 0x0000, 0x0000, 0x0000, 0x0000, 0x0000, 0x0000, 0x0000, 0x0000, 0x0000, 0x0000, 0x0000, 0x0000, 0x0000, 0x0000,
  0x0000, 0x0000, 0x0000, 0x0000, 0x0000, 0x0000, 0x0000, 0x0000, 0x0000, 0x0000, 0x0000, 0x0000, 0x0000, 0x0000, 0x0000, 0x0000,
  0x0000, 0x0000, 0x0000, 0x0000, 0x0000, 0x0000, 0x0000, 0x0000, 0x0000, 0x0000, 0x0000, 0x0000, 0x0000, 0x0000, 0x0000, 0x0000,
  0x0000, 0x0000, 0x0000, 0x0000, 0x0000, 0x0000, 0x0000, 0x0000, 0x0000, 0x0000, 0x0000, 0x0000, 0x0000, 0x0000, 0x0000, 0x0000,
  0x0000, 0x0000, 0x0000, 0x0000, 0x0000, 0x0000, 0x0000, 0x0000, 0x0000, 0x0000, 0x0000, 0x0000, 0x0000, 0x0000, 0x0000, 0x0000,
  0x0000, 0x0000, 0x0000, 0x0000, 0x0000, 0x0000, 0x0000, 0x0000, 0x0000, 0x0000, 0x0000, 0x0000, 0x0000, 0x0000, 0x0000, 0x0000,
  0x0000, 0x0000, 0x0000, 0x11DA, 0x19D7, 0x1193, 0x10E9, 0x0004, 0x0001, 0x0001, 0x0001, 0x0001, 0x0001, 0x0001, 0x0001, 0x0001,
  0x0001, 0x0001, 0x0001, 0x0001, 0x0001, 0x0001, 0x0001, 0x0001, 0x0001, 0x0001, 0x0001, 0x0001, 0x0001, 0x0001, 0x0001, 0x0001,
  0x0001, 0x0001, 0x0001, 0x0001, 0x0001, 0x0001, 0x0001, 0x734C, 0xFFFF, 0xFFFF, 0xFFFF, 0xFFFF, 0xFFFF, 0xFFFF, 0xFFFF, 0xF77D,
  0x31A7, 0x0001, 0x0001, 0x0001, 0x0001, 0x0001, 0x5B2B, 0xA593, 0x31A7, 0x0001, 0x0001, 0x0001, 0x0001, 0x0001, 0x0001, 0x0001,
  0x0001, 0x0001, 0x0001, 0x0001, 0x0001, 0x0001, 0x0001, 0x0001, 0x0001, 0x0001, 0x0001, 0x0001, 0x0001, 0x0001, 0x0001, 0x0001,
  0x0001, 0x0001, 0x0001, 0x0001, 0x0001, 0x0001, 0x0001, 0x0001, 0x0001, 0x0001, 0x0001, 0x0001, 0x0001, 0x0001, 0x0001, 0x0001,
  0x0001, 0x0001, 0x0001, 0x0001, 0x0001, 0x0001, 0x0001, 0x0002, 0x0004, 0x004A, 0x1170, 0x19D7, 0x11DA, 0x09DC, 0x0000, 0x0000,
  0x0000, 0x0000, 0x0000, 0x0000, 0x0000, 0x0000, 0x0000, 0x0000, 0x0000, 0x0000, 0x0000, 0x0000, 0x0000, 0x0000, 0x0000, 0x0000,
  0x0000, 0x0000, 0x0000, 0x0000, 0x0000, 0x0000, 0x0000, 0x0000, 0x0000, 0x0000, 0x0000, 0x0000, 0x0000, 0x0000, 0x0000, 0x0000,
  0x0000, 0x0000, 0x0000, 0x0000, 0x0000, 0x0000, 0x0000, 0x0000, 0x0000, 0x0000, 0x0000, 0x0000, 0x0000, 0x0000, 0x0000, 0x0000,
  0x0000, 0x0000, 0x0000, 0x0000, 0x0000, 0x0000, 0x0000, 0x0000, 0x0000, 0x0000, 0x0000, 0x0000, 0x0000, 0x0000, 0x0000, 0x0000,
  0x0000, 0x0000, 0x0000, 0x0000, 0x0000, 0x0000, 0x0000, 0x0000, 0x0000, 0x0000, 0x0000, 0x0000, 0x0000, 0x0000, 0x0000, 0x0000,
  0x0000, 0x0000, 0x0000, 0x0000, 0x0000, 0x0000, 0x0000, 0x0000, 0x0000, 0x0000, 0x0000, 0x0000, 0x0000, 0x0000, 0x0000, 0x0000,
  0x0000, 0x0000, 0x0000, 0x0000, 0x0000, 0x0000, 0x0000, 0x0000, 0x0000, 0x0000, 0x0000, 0x0000, 0x0000, 0x0000, 0x0000, 0x0000,
  0x0000, 0x0000, 0x0000, 0x0000, 0x0000, 0x0000, 0x0000, 0x0000, 0x0000, 0x0000, 0x0000, 0x0000, 0x0000, 0x0000, 0x0000, 0x0000,
  0x0000, 0x0000, 0x0000, 0x0000, 0x09DC, 0x11DA, 0x19D7, 0x1193, 0x090D, 0x004A, 0x0004, 0x0002, 0x0001, 0x0001, 0x0001, 0x0001,
  0x0001, 0x0001, 0x0001, 0x0001, 0x0001, 0x0001, 0x0001, 0x0001, 0x0001, 0x0001, 0x0001, 0x0001, 0x0001, 0x0001, 0x0001, 0x0001,
  0x0001, 0x0001, 0x0001, 0x0001, 0x0001, 0x0001, 0x31A7, 0xD699, 0xFFFF, 0xF77D, 0xFFFF, 0xFFFF, 0xFFFF, 0xFFFF, 0xFFFF, 0xFFFF,
  0x2124, 0x0001, 0x0800, 0x0001, 0x0001, 0x2124, 0xD699, 0xFFFF, 0xF77D, 0x6BEB, 0x0001, 0x0800, 0x0001, 0x0001, 0x0001, 0x0001,
  0x0001, 0x0001, 0x0001, 0x0001, 0x0001, 0x0001, 0x0001, 0x0001, 0x0001, 0x0001, 0x0001, 0x0001, 0x0001, 0x0001, 0x0001, 0x0001,
  0x0001, 0x0001, 0x0001, 0x0001, 0x0001, 0x0001, 0x0001, 0x0001, 0x0001, 0x0001, 0x0001, 0x0001, 0x0001, 0x0001, 0x0001, 0x0001,
  0x0001, 0x0001, 0x0001, 0x0001, 0x0002, 0x0004, 0x0027, 0x1170, 0x1193, 0x19D7, 0x11DA, 0x11DA, 0x09DC, 0x0000, 0x0000, 0x0000,
  0x0000, 0x0000, 0x0000, 0x0000, 0x0000, 0x0000, 0x0000, 0x0000, 0x0000, 0x0000, 0x0000, 0x0000, 0x0000, 0x0000, 0x0000, 0x0000,
  0x0000, 0x0000, 0x0000, 0x0000, 0x0000, 0x0000, 0x0000, 0x0000, 0x0000, 0x0000, 0x0000, 0x0000, 0x0000, 0x0000, 0x0000, 0x0000,
  0x0000, 0x0000, 0x0000, 0x0000, 0x0000, 0x0000, 0x0000, 0x0000, 0x0000, 0x0000, 0x0000, 0x0000, 0x0000, 0x0000, 0x0000, 0x0000,
  0x0000, 0x0000, 0x0000, 0x0000, 0x0000, 0x0000, 0x0000, 0x0000, 0x0000, 0x0000, 0x0000, 0x0000, 0x0000, 0x0000, 0x0000, 0x0000,
  0x0000, 0x0000, 0x0000, 0x0000, 0x0000, 0x0000, 0x0000, 0x0000, 0x0000, 0x0000, 0x0000, 0x0000, 0x0000, 0x0000, 0x0000, 0x0000,
  0x0000, 0x0000, 0x0000, 0x0000, 0x0000, 0x0000, 0x0000, 0x0000, 0x0000, 0x0000, 0x0000, 0x0000, 0x0000, 0x0000, 0x0000, 0x0000,
  0x0000, 0x0000, 0x0000, 0x0000, 0x0000, 0x0000, 0x0000, 0x0000, 0x0000, 0x0000, 0x0000, 0x0000, 0x0000, 0x0000, 0x0000, 0x0000,
  0x0000, 0x0000, 0x0000, 0x0000, 0x0000, 0x0000, 0x0000, 0x0000, 0x0000, 0x0000, 0x0000, 0x0000, 0x0000, 0x0000, 0x0000, 0x0000,
  0x0000, 0x0000, 0x0000, 0x0000, 0x0000, 0x0000, 0x0000, 0x09DC, 0x11DA, 0x19D7, 0x1170, 0x0027, 0x0004, 0x0060, 0x0001, 0x0001,
  0x0001, 0x0001, 0x0001, 0x0001, 0x0001, 0x0001, 0x0001, 0x0001, 0x0001, 0x0001, 0x0001, 0x0001, 0x0001, 0x0001, 0x0001, 0x0001,
  0x0001, 0x0001, 0x0001, 0x0001, 0x0001, 0x0800, 0xA593, 0xFFFF, 0xFFFF, 0xFFFF, 0xF739, 0xBDD7, 0xF77D, 0xFFFF, 0xFFFF, 0xFFFF,
  0x2124, 0x0001, 0x0800, 0x0001, 0x0800, 0xA593, 0xFFFF, 0xD699, 0xFFFF, 0xFFFF, 0x734C, 0x0001, 0x0001, 0x0001, 0x0001, 0x0001,
  0x0001, 0x0001, 0x0001, 0x0001, 0x0001, 0x0001, 0x0001, 0x0001, 0x0001, 0x0001, 0x0001, 0x0001, 0x0001, 0x0001, 0x0001, 0x0001,
  0x0001, 0x0001, 0x0001, 0x0001, 0x0001, 0x0001, 0x0001, 0x0001, 0x0001, 0x0001, 0x0001, 0x0001, 0x0001, 0x0001, 0x0001, 0x0001,
  0x0001, 0x0001, 0x0001, 0x0004, 0x0027, 0x1170, 0x1193, 0x19D7, 0x11DA, 0x0000, 0x09DC, 0x0000, 0x0000, 0x0000, 0x0000, 0x0000,
  0x0000, 0x0000, 0x0000, 0x0000, 0x0000, 0x0000, 0x0000, 0x0000, 0x0000, 0x0000, 0x0000, 0x0000, 0x0000, 0x0000, 0x0000, 0x0000,
  0x0000, 0x0000, 0x0000, 0x0000, 0x0000, 0x0000, 0x0000, 0x0000, 0x0000, 0x0000, 0x0000, 0x0000, 0x0000, 0x0000, 0x0000, 0x0000,
  0x0000, 0x0000, 0x0000, 0x0000, 0x0000, 0x0000, 0x0000, 0x0000, 0x0000, 0x0000, 0x0000, 0x0000, 0x0000, 0x0000, 0x0000, 0x0000,
  0x0000, 0x0000, 0x0000, 0x0000, 0x0000, 0x0000, 0x0000, 0x0000, 0x0000, 0x0000, 0x0000, 0x0000, 0x0000, 0x0000, 0x0000, 0x0000,
  0x0000, 0x0000, 0x0000, 0x0000, 0x0000, 0x0000, 0x0000, 0x0000, 0x0000, 0x0000, 0x0000, 0x0000, 0x0000, 0x0000, 0x0000, 0x0000,
  0x0000, 0x0000, 0x0000, 0x0000, 0x0000, 0x0000, 0x0000, 0x0000, 0x0000, 0x0000, 0x0000, 0x0000, 0x0000, 0x0000, 0x0000, 0x0000,
  0x0000, 0x0000, 0x0000, 0x0000, 0x0000, 0x0000, 0x0000, 0x0000, 0x0000, 0x0000, 0x0000, 0x0000, 0x0000, 0x0000, 0x0000, 0x0000,
  0x0000, 0x0000, 0x0000, 0x0000, 0x0000, 0x0000, 0x0000, 0x0000, 0x0000, 0x0000, 0x0000, 0x0000, 0x0000, 0x0000, 0x0000, 0x0000,
  0x0000, 0x0000, 0x0000, 0x0000, 0x0000, 0x0000, 0x0000, 0x0000, 0x09DC, 0x11DA, 0x19D7, 0x19D7, 0x1170, 0x090D, 0x0027, 0x0004,
  0x0002, 0x0001, 0x0001, 0x0001, 0x0001, 0x0001, 0x0001, 0x0001, 0x0001, 0x0001, 0x0001, 0x0001, 0x0001, 0x0001, 0x0001, 0x0001,
  0x0001, 0x0001, 0x0001, 0x0001, 0x0001, 0x5B2B, 0xFFFF, 0xFFFF, 0xFFFF, 0xFFFF, 0xBDD7, 0x2102, 0x734C, 0xFFFF, 0xFFFF, 0xFFFF,
  0x5A89, 0x0001, 0x0800, 0x0001, 0x31A7, 0xF77D, 0xFFFF, 0xFFFF, 0xFFFF, 0xBDD7, 0x0002, 0x0001, 0x0800, 0x0001, 0x0001, 0x0001,
  0x0001, 0x0001, 0x0001, 0x0001, 0x0001, 0x0001, 0x0001, 0x0001, 0x0001, 0x0001, 0x0001, 0x0001, 0x0001, 0x0001, 0x0001, 0x0001,
  0x0001, 0x0001, 0x0001, 0x0001, 0x0001, 0x0001, 0x0001, 0x0001, 0x0001, 0x0001, 0x0001, 0x0001, 0x0001, 0x0001, 0x0001, 0x0002,
  0x0027, 0x0027, 0x090D, 0x1193, 0x19D7, 0x19D7, 0x19D7, 0x09DC, 0x09DC, 0x0000, 0x0000, 0x0000, 0x0000, 0x0000, 0x0000, 0x0000,
  0x0000, 0x0000, 0x0000, 0x0000, 0x0000, 0x0000, 0x0000, 0x0000, 0x0000, 0x0000, 0x0000, 0x0000, 0x0000, 0x0000, 0x0000, 0x0000,
  0x0000, 0x0000, 0x0000, 0x0000, 0x0000, 0x0000, 0x0000, 0x0000, 0x0000, 0x0000, 0x0000, 0x0000, 0x0000, 0x0000, 0x0000, 0x0000,
  0x0000, 0x0000, 0x0000, 0x0000, 0x0000, 0x0000, 0x0000, 0x0000, 0x0000, 0x0000, 0x0000, 0x0000, 0x0000, 0x0000, 0x0000, 0x0000,
  0x0000, 0x0000, 0x0000, 0x0000, 0x0000, 0x0000, 0x0000, 0x0000, 0x0000, 0x0000, 0x0000, 0x0000, 0x0000, 0x0000, 0x0000, 0x0000,
  0x0000, 0x0000, 0x0000, 0x0000, 0x0000, 0x0000, 0x0000, 0x0000, 0x0000, 0x0000, 0x0000, 0x0000, 0x0000, 0x0000, 0x0000, 0x0000,
  0x0000, 0x0000, 0x0000, 0x0000, 0x0000, 0x0000, 0x0000, 0x0000, 0x0000, 0x0000, 0x0000, 0x0000, 0x0000, 0x0000, 0x0000, 0x0000,
  0x0000, 0x0000, 0x0000, 0x0000, 0x0000, 0x0000, 0x0000, 0x0000, 0x0000, 0x0000, 0x0000, 0x0000, 0x0000, 0x0000, 0x0000, 0x0000,
  0x0000, 0x0000, 0x0000, 0x0000, 0x0000, 0x0000, 0x0000, 0x0000, 0x0000, 0x0000, 0x0000, 0x0000, 0x0000, 0x0000, 0x0000, 0x0000,
  0x0000, 0x0000, 0x0000, 0x0000, 0x0000, 0x0000, 0x0000, 0x0000, 0x0000, 0x0000, 0x0000, 0x09DC, 0x11DA, 0x19D7, 0x1193, 0x1170,
  0x10E9, 0x0004, 0x08E1, 0x0001, 0x0001, 0x0001, 0x0001, 0x0001, 0x0001, 0x0001, 0x0001, 0x0001, 0x0001, 0x0001, 0x0001, 0x0001,
  0x0001, 0x0001, 0x0001, 0x0001, 0x1860, 0xBDD7, 0xFFFF, 0xFFFF, 0xFFFF, 0xF77D, 0x41E7, 0x0001, 0x5B2B, 0xFFFF, 0xFFFF, 0xFFFF,
  0x5A89, 0x0001, 0x0001, 0x1860, 0xBD53, 0xFFFF, 0xFFFF, 0xFFFF, 0xD699, 0x5A89, 0x0001, 0x0001, 0x0060, 0x0800, 0x0001, 0x0001,
  0x0001, 0x0001, 0x0001, 0x0001, 0x0001, 0x0001, 0x0001, 0x0001, 0x0001, 0x0001, 0x0001, 0x0001, 0x0001, 0x0001, 0x0001, 0x0001,
  0x0001, 0x0001, 0x0001, 0x0001, 0x0001, 0x0001, 0x0001, 0x0001, 0x0001, 0x0001, 0x0001, 0x0001, 0x0001, 0x0001, 0x0004, 0x10E9,
  0x1170, 0x19D7, 0x19D7, 0x11DA, 0x09DC, 0x0000, 0x0000, 0x0000, 0x0000, 0x0000, 0x0000, 0x0000, 0x0000, 0x0000, 0x0000, 0x0000,
  0x0000, 0x0000, 0x0000, 0x0000, 0x0000, 0x0000, 0x0000, 0x0000, 0x0000, 0x0000, 0x0000, 0x0000, 0x0000, 0x0000, 0x0000, 0x0000,
  0x0000, 0x0000, 0x0000, 0x0000, 0x0000, 0x0000, 0x0000, 0x0000, 0x0000, 0x0000, 0x0000, 0x0000, 0x0000, 0x0000, 0x0000, 0x0000,
  0x0000, 0x0000, 0x0000, 0x0000, 0x0000, 0x0000, 0x0000, 0x0000, 0x0000, 0x0000, 0x0000, 0x0000, 0x0000, 0x0000, 0x0000, 0x0000,
  0x0000, 0x0000, 0x0000, 0x0000, 0x0000, 0x0000, 0x0000, 0x0000, 0x0000, 0x0000, 0x0000, 0x0000, 0x0000, 0x0000, 0x0000, 0x0000,
  0x0000, 0x0000, 0x0000, 0x0000, 0x0000, 0x0000, 0x0000, 0x0000, 0x0000, 0x0000, 0x0000, 0x0000, 0x0000, 0x0000, 0x0000, 0x0000,
  0x0000, 0x0000, 0x0000, 0x0000, 0x0000, 0x0000, 0x0000, 0x0000, 0x0000, 0x0000, 0x0000, 0x0000, 0x0000, 0x0000, 0x0000, 0x0000,
  0x0000, 0x0000, 0x0000, 0x0000, 0x0000, 0x0000, 0x0000, 0x0000, 0x0000, 0x0000, 0x0000, 0x0000, 0x0000, 0x0000, 0x0000, 0x0000,
  0x0000, 0x0000, 0x0000, 0x0000, 0x0000, 0x0000, 0x0000, 0x0000, 0x0000, 0x0000, 0x0000, 0x0000, 0x0000, 0x0000, 0x0000, 0x0000,
  0x0000, 0x0000, 0x0000, 0x0000, 0x0000, 0x0000, 0x0000, 0x0000, 0x0000, 0x0000, 0x0000, 0x0000, 0x09DC, 0x09DC, 0x11DA, 0x19D7,
  0x19D7, 0x1193, 0x1170, 0x090D, 0x0027, 0x0004, 0x0002, 0x0001, 0x0001, 0x0001, 0x0001, 0x0001, 0x0001, 0x0001, 0x0001, 0x0001,
  0x0001, 0x0001, 0x0001, 0x0001, 0x734C, 0xFFFF, 0xFFFF, 0xF77D, 0xFFFF, 0x8C4E, 0x0001, 0x0001, 0x734C, 0xFFFF, 0xFFFF, 0xFFFF,
  0x5A89, 0x0001, 0x0060, 0x7C4E, 0xFFFF, 0xFFFF, 0xFFFF, 0xFFFF, 0x7C4E, 0x0001, 0x0800, 0x0001, 0x0800, 0x0001, 0x0001, 0x0001,
  0x0001, 0x0001, 0x0001, 0x0001, 0x0001, 0x0001, 0x0001, 0x0001, 0x0001, 0x0001, 0x0001, 0x0001, 0x0001, 0x0001, 0x0001, 0x0001,
  0x0001, 0x0001, 0x0001, 0x0001, 0x0001, 0x0001, 0x0001, 0x0001, 0x0001, 0x0002, 0x0004, 0x0027, 0x004A, 0x1170, 0x1193, 0x19D7,
  0x19D7, 0x11DA, 0x09DC, 0x09DC, 0x0000, 0x0000, 0x0000, 0x0000, 0x0000, 0x0000, 0x0000, 0x0000, 0x0000, 0x0000, 0x0000, 0x0000,
  0x0000, 0x0000, 0x0000, 0x0000, 0x0000, 0x0000, 0x0000, 0x0000, 0x0000, 0x0000, 0x0000, 0x0000, 0x0000, 0x0000, 0x0000, 0x0000,
  0x0000, 0x0000, 0x0000, 0x0000, 0x0000, 0x0000, 0x0000, 0x0000, 0x0000, 0x0000, 0x0000, 0x0000, 0x0000, 0x0000, 0x0000, 0x0000,
  0x0000, 0x0000, 0x0000, 0x0000, 0x0000, 0x0000, 0x0000, 0x0000, 0x0000, 0x0000, 0x0000, 0x0000, 0x0000, 0x0000, 0x0000, 0x0000,
  0x0000, 0x0000, 0x0000, 0x0000, 0x0000, 0x0000, 0x0000, 0x0000, 0x0000, 0x0000, 0x0000, 0x0000, 0x0000, 0x0000, 0x0000, 0x0000,
  0x0000, 0x0000, 0x0000, 0x0000, 0x0000, 0x0000, 0x0000, 0x0000, 0x0000, 0x0000, 0x0000, 0x0000, 0x0000, 0x0000, 0x0000, 0x0000,
  0x0000, 0x0000, 0x0000, 0x0000, 0x0000, 0x0000, 0x0000, 0x0000, 0x0000, 0x0000, 0x0000, 0x0000, 0x0000, 0x0000, 0x0000, 0x0000,
  0x0000, 0x0000, 0x0000, 0x0000, 0x0000, 0x0000, 0x0000, 0x0000, 0x0000, 0x0000, 0x0000, 0x0000, 0x0000, 0x0000, 0x0000, 0x0000,
  0x0000, 0x0000, 0x0000, 0x0000, 0x0000, 0x0000, 0x0000, 0x0000, 0x0000, 0x0000, 0x0000, 0x0000, 0x0000, 0x0000, 0x0000, 0x0000,
  0x0000, 0x0000, 0x0000, 0x0000, 0x0000, 0x0000, 0x0000, 0x0000, 0x0000, 0x0000, 0x0000, 0x0000, 0x0000, 0x0000, 0x0000, 0x0000,
  0x0000, 0x09DC, 0x11DA, 0x19D7, 0x1193, 0x1170, 0x090D, 0x0027, 0x0027, 0x08E1, 0x0001, 0x0001, 0x0001, 0x0001, 0x0001, 0x0001,
  0x0001, 0x0001, 0x0001, 0x3944, 0xF77D, 0xFFFF, 0xFFFF, 0xF77D, 0xBDD7, 0x2102, 0x0001, 0x0001, 0x5B2B, 0xFFFF, 0xFFFF, 0xFFFF,
  0x5A89, 0x0001, 0x41E7, 0xF77D, 0xFFFF, 0xFFFF, 0xFFFF, 0xD699, 0x0002, 0x0001, 0x0001, 0x0001, 0x0001, 0x0001, 0x0001, 0x0001,
  0x0001, 0x0001, 0x0001, 0x0001, 0x0001, 0x0001, 0x0001, 0x0001, 0x0001, 0x0001, 0x0001, 0x0001, 0x0001, 0x0001, 0x0001, 0x0001,
  0x0001, 0x0001, 0x0001, 0x0001, 0x0001, 0x0001, 0x0001, 0x0002, 0x0027, 0x10E9, 0x1170, 0x1193, 0x19D7, 0x19D7, 0x09DC, 0x0000,
  0x0000, 0x0000, 0x0000, 0x0000, 0x0000, 0x0000, 0x0000, 0x0000, 0x0000, 0x0000, 0x0000, 0x0000, 0x0000, 0x0000, 0x0000, 0x0000,
  0x0000, 0x0000, 0x0000, 0x0000, 0x0000, 0x0000, 0x0000, 0x0000, 0x0000, 0x0000, 0x0000, 0x0000, 0x0000, 0x0000, 0x0000, 0x0000,
  0x0000, 0x0000, 0x0000, 0x0000, 0x0000, 0x0000, 0x0000, 0x0000, 0x0000, 0x0000, 0x0000, 0x0000, 0x0000, 0x0000, 0x0000, 0x0000,
  0x0000, 0x0000, 0x0000, 0x0000, 0x0000, 0x0000, 0x0000, 0x0000, 0x0000, 0x0000, 0x0000, 0x0000, 0x0000, 0x0000, 0x0000, 0x0000,
  0x0000, 0x0000, 0x0000, 0x0000, 0x0000, 0x0000, 0x0000, 0x0000, 0x0000, 0x0000, 0x0000, 0x0000, 0x0000, 0x0000, 0x0000, 0x0000,
  0x0000, 0x0000, 0x0000, 0x0000, 0x0000, 0x0000, 0x0000, 0x0000, 0x0000, 0x0000, 0x0000, 0x0000, 0x0000, 0x0000, 0x0000, 0x0000,
  0x0000, 0x0000, 0x0000, 0x0000, 0x0000, 0x0000, 0x0000, 0x0000, 0x0000, 0x0000, 0x0000, 0x0000, 0x0000, 0x0000, 0x0000, 0x0000,
  0x0000, 0x0000, 0x0000, 0x0000, 0x0000, 0x0000, 0x0000, 0x0000, 0x0000, 0x0000, 0x0000, 0x0000, 0x0000, 0x0000, 0x0000, 0x0000,
  0x0000, 0x0000, 0x0000, 0x0000, 0x0000, 0x0000, 0x0000, 0x0000, 0x0000, 0x0000, 0x0000, 0x0000, 0x0000, 0x0000, 0x0000, 0x0000,
  0x0000, 0x0000, 0x0000, 0x0000, 0x0000, 0x0000, 0x0000, 0x0000, 0x0000, 0x0000, 0x0000, 0x0000, 0x0000, 0x0000, 0x0000, 0x0000,
  0x0000, 0x0000, 0x09DC, 0x09DC, 0x11DA, 0x11DA, 0x19D7, 0x1193, 0x1193, 0x1170, 0x090D, 0x0027, 0x0004, 0x0001, 0x0001, 0x0800,
  0x0001, 0x0001, 0x1860, 0xA593, 0xFFFF, 0xFFFF, 0xFFFF, 0xFFFF, 0x41E7, 0x0001, 0x0001, 0x0001, 0x5A89, 0xFFFF, 0xFFFF, 0xFFFF,
  0x31A7, 0x0001, 0xBD53, 0xFFFF, 0xFFFF, 0xFFFF, 0xFFFF, 0x734C, 0x0001, 0x0001, 0x0001, 0x0001, 0x0001, 0x0001, 0x0001, 0x0001,
  0x0001, 0x0001, 0x0001, 0x0001, 0x0001, 0x0001, 0x0001, 0x0001, 0x0001, 0x0001, 0x0001, 0x0001, 0x0001, 0x0001, 0x0001, 0x0001,
  0x0002, 0x0002, 0x0004, 0x0004, 0x0027, 0x004A, 0x090D, 0x1193, 0x1193, 0x19D7, 0x19D7, 0x09DC, 0x09DC, 0x09DC, 0x0000, 0x0000,
  0x0000, 0x0000, 0x0000, 0x0000, 0x0000, 0x0000, 0x0000, 0x0000, 0x0000, 0x0000, 0x0000, 0x0000, 0x0000, 0x0000, 0x0000, 0x0000,
  0x0000, 0x0000, 0x0000, 0x0000, 0x0000, 0x0000, 0x0000, 0x0000, 0x0000, 0x0000, 0x0000, 0x0000, 0x0000, 0x0000, 0x0000, 0x0000,
  0x0000, 0x0000, 0x0000, 0x0000, 0x0000, 0x0000, 0x0000, 0x0000, 0x0000, 0x0000, 0x0000, 0x0000, 0x0000, 0x0000, 0x0000, 0x0000,
  0x0000, 0x0000, 0x0000, 0x0000, 0x0000, 0x0000, 0x0000, 0x0000, 0x0000, 0x0000, 0x0000, 0x0000, 0x0000, 0x0000, 0x0000, 0x0000,
  0x0000, 0x0000, 0x0000, 0x0000, 0x0000, 0x0000, 0x0000, 0x0000, 0x0000, 0x0000, 0x0000, 0x0000, 0x0000, 0x0000, 0x0000, 0x0000,
  0x0000, 0x0000, 0x0000, 0x0000, 0x0000, 0x0000, 0x0000, 0x0000, 0x0000, 0x0000, 0x0000, 0x0000, 0x0000, 0x0000, 0x0000, 0x0000,
  0x0000, 0x0000, 0x0000, 0x0000, 0x0000, 0x0000, 0x0000, 0x0000, 0x0000, 0x0000, 0x0000, 0x0000, 0x0000, 0x0000, 0x0000, 0x0000,
  0x0000, 0x0000, 0x0000, 0x0000, 0x0000, 0x0000, 0x0000, 0x0000, 0x0000, 0x0000, 0x0000, 0x0000, 0x0000, 0x0000, 0x0000, 0x0000,
  0x0000, 0x0000, 0x0000, 0x0000, 0x0000, 0x0000, 0x0000, 0x0000, 0x0000, 0x0000, 0x0000, 0x0000, 0x0000, 0x0000, 0x0000, 0x0000,
  0x0000, 0x0000, 0x0000, 0x0000, 0x0000, 0x0000, 0x0000, 0x0000, 0x0000, 0x0000, 0x0000, 0x0000, 0x0000, 0x0000, 0x0000, 0x0000,
  0x0000, 0x0000, 0x0000, 0x0000, 0x0000, 0x0000, 0x0000, 0x0000, 0x11DA, 0x11DA, 0x19D7, 0x1193, 0x0027, 0x0002, 0x0001, 0x0800,
  0x0001, 0x0001, 0x734C, 0xFFFF, 0xFFFF, 0xF77D, 0xFFFF, 0xBDD7, 0x0001, 0x0001, 0x0001, 0x0001, 0x5A89, 0xFFFF, 0xFFFF, 0xFFFF,
  0x734C, 0x8C4E, 0xFFFF, 0xFFFF, 0xFFFF, 0xFFFF, 0xBD53, 0x0002, 0x0001, 0x0001, 0x0001, 0x0001, 0x0800, 0x0001, 0x0001, 0x0001,
  0x0001, 0x0001, 0x0001, 0x0001, 0x0001, 0x0001, 0x0001, 0x0001, 0x0001, 0x0001, 0x0001, 0x0001, 0x0001, 0x0002, 0x0004, 0x0027,
  0x0027, 0x10E9, 0x090D, 0x1170, 0x19D7, 0x19D7, 0x19D7, 0x09DC, 0x0000, 0x0000, 0x0000, 0x0000, 0x0000, 0x0000, 0x0000, 0x0000,
  0x0000, 0x0000, 0x0000, 0x0000, 0x0000, 0x0000, 0x0000, 0x0000, 0x0000, 0x0000, 0x0000, 0x0000, 0x0000, 0x0000, 0x0000, 0x0000,
  0x0000, 0x0000, 0x0000, 0x0000, 0x0000, 0x0000, 0x0000, 0x0000, 0x0000, 0x0000, 0x0000, 0x0000, 0x0000, 0x0000, 0x0000, 0x0000,
  0x0000, 0x0000, 0x0000, 0x0000, 0x0000, 0x0000, 0x0000, 0x0000, 0x0000, 0x0000, 0x0000, 0x0000, 0x0000, 0x0000, 0x0000, 0x0000,
  0x0000, 0x0000, 0x0000, 0x0000, 0x0000, 0x0000, 0x0000, 0x0000, 0x0000, 0x0000, 0x0000, 0x0000, 0x0000, 0x0000, 0x0000, 0x0000,
  0x0000, 0x0000, 0x0000, 0x0000, 0x0000, 0x0000, 0x0000, 0x0000, 0x0000, 0x0000, 0x0000, 0x0000, 0x0000, 0x0000, 0x0000, 0x0000,
  0x0000, 0x0000, 0x0000, 0x0000, 0x0000, 0x0000, 0x0000, 0x0000, 0x0000, 0x0000, 0x0000, 0x0000, 0x0000, 0x0000, 0x0000, 0x0000,
  0x0000, 0x0000, 0x0000, 0x0000, 0x0000, 0x0000, 0x0000, 0x0000, 0x0000, 0x0000, 0x0000, 0x0000, 0x0000, 0x0000, 0x0000, 0x0000,
  0x0000, 0x0000, 0x0000, 0x0000, 0x0000, 0x0000, 0x0000, 0x0000, 0x0000, 0x0000, 0x0000, 0x0000, 0x0000, 0x0000, 0x0000, 0x0000,
  0x0000, 0x0000, 0x0000, 0x0000, 0x0000, 0x0000, 0x0000, 0x0000, 0x0000, 0x0000, 0x0000, 0x0000, 0x0000, 0x0000, 0x0000, 0x0000,
  0x0000, 0x0000, 0x0000, 0x0000, 0x0000, 0x0000, 0x0000, 0x0000, 0x0000, 0x0000, 0x0000, 0x0000, 0x0000, 0x0000, 0x0000, 0x0000,
  0x0000, 0x0000, 0x0000, 0x0000, 0x0000, 0x0000, 0x0000, 0x0000, 0x09DC, 0x09DC, 0x09DC, 0x19D7, 0x090D, 0x0004, 0x0001, 0x0001,
  0x0001, 0x0001, 0x41E7, 0xD699, 0xFFFF, 0xFFFF, 0xF77D, 0x41E7, 0x0001, 0x0001, 0x0001, 0x0001, 0x41E7, 0xFFFF, 0xFFFF, 0xFFFF,
  0xF77D, 0xFFFF, 0xFFFF, 0xFFFF, 0xFFFF, 0xD699, 0x31A7, 0x0001, 0x0001, 0x0001, 0x0001, 0x0001, 0x0001, 0x0001, 0x0001, 0x0001,
  0x0001, 0x0001, 0x0001, 0x0001, 0x0001, 0x0002, 0x0002, 0x0004, 0x0027, 0x0027, 0x004A, 0x090D, 0x090D, 0x1170, 0x1193, 0x1193,
  0x1193, 0x19D7, 0x19D7, 0x11DA, 0x11DA, 0x11DA, 0x09DC, 0x0000, 0x0000, 0x0000, 0x0000, 0x0000, 0x0000, 0x0000, 0x0000, 0x0000,
  0x0000, 0x0000, 0x0000, 0x0000, 0x0000, 0x0000, 0x0000, 0x0000, 0x0000, 0x0000, 0x0000, 0x0000, 0x0000, 0x0000, 0x0000, 0x0000,
  0x0000, 0x0000, 0x0000, 0x0000, 0x0000, 0x0000, 0x0000, 0x0000, 0x0000, 0x0000, 0x0000, 0x0000, 0x0000, 0x0000, 0x0000, 0x0000,
  0x0000, 0x0000, 0x0000, 0x0000, 0x0000, 0x0000, 0x0000, 0x0000, 0x0000, 0x0000, 0x0000, 0x0000, 0x0000, 0x0000, 0x0000, 0x0000,
  0x0000, 0x0000, 0x0000, 0x0000, 0x0000, 0x0000, 0x0000, 0x0000, 0x0000, 0x0000, 0x0000, 0x0000, 0x0000, 0x0000, 0x0000, 0x0000,
  0x0000, 0x0000, 0x0000, 0x0000, 0x0000, 0x0000, 0x0000, 0x0000, 0x0000, 0x0000, 0x0000, 0x0000, 0x0000, 0x0000, 0x0000, 0x0000,
  0x0000, 0x0000, 0x0000, 0x0000, 0x0000, 0x0000, 0x0000, 0x0000, 0x0000, 0x0000, 0x0000, 0x0000, 0x0000, 0x0000, 0x0000, 0x0000,
  0x0000, 0x0000, 0x0000, 0x0000, 0x0000, 0x0000, 0x0000, 0x0000, 0x0000, 0x0000, 0x0000, 0x0000, 0x0000, 0x0000, 0x0000, 0x0000,
  0x0000, 0x0000, 0x0000, 0x0000, 0x0000, 0x0000, 0x0000, 0x0000, 0x0000, 0x0000, 0x0000, 0x0000, 0x0000, 0x0000, 0x0000, 0x0000,
  0x0000, 0x0000, 0x0000, 0x0000, 0x0000, 0x0000, 0x0000, 0x0000, 0x0000, 0x0000, 0x0000, 0x0000, 0x0000, 0x0000, 0x0000, 0x0000,
  0x0000, 0x0000, 0x0000, 0x0000, 0x0000, 0x0000, 0x0000, 0x0000, 0x0000, 0x0000, 0x0000, 0x0000, 0x0000, 0x0000, 0x0000, 0x0000,
  0x0000, 0x0000, 0x0000, 0x0000, 0x0000, 0x0000, 0x0000, 0x0000, 0x09DC, 0x09DC, 0x11DA, 0x19D7, 0x090D, 0x0004, 0x0001, 0x0800,
  0x0001, 0x0001, 0x0001, 0x1860, 0xA593, 0xFFFF, 0x8C4E, 0x0001, 0x0001, 0x0001, 0x0800, 0x0001, 0x5A89, 0xFFFF, 0xFFFF, 0xFFFF,
  0xFFFF, 0xFFFF, 0xFFFF, 0xFFFF, 0xF77D, 0x5B2B, 0x0001, 0x0001, 0x0800, 0x0001, 0x0001, 0x0001, 0x0001, 0x0001, 0x0001, 0x0001,
  0x0060, 0x2102, 0x0027, 0x2124, 0x2124, 0x10E9, 0x10E9, 0x10E9, 0x31A7, 0x1170, 0x1170, 0x1170, 0x1193, 0x1193, 0x1193, 0x19D7,
  0x19D7, 0x19D7, 0x11DA, 0x11DA, 0x11DA, 0x09DC, 0x09DC, 0x09DC, 0x0000, 0x0000, 0x0000, 0x0000, 0x0000, 0x0000, 0x0000, 0x0000,
  0x0000, 0x0000, 0x0000, 0x0000, 0x0000, 0x0000, 0x0000, 0x0000, 0x0000, 0x0000, 0x0000, 0x0000, 0x0000, 0x0000, 0x0000, 0x0000,
  0x0000, 0x0000, 0x0000, 0x0000, 0x0000, 0x0000, 0x0000, 0x0000, 0x0000, 0x0000, 0x0000, 0x0000, 0x0000, 0x0000, 0x0000, 0x0000,
  0x0000, 0x0000, 0x0000, 0x0000, 0x0000, 0x0000, 0x0000, 0x0000, 0x0000, 0x0000, 0x0000, 0x0000, 0x0000, 0x0000, 0x0000, 0x0000,
  0x0000, 0x0000, 0x0000, 0x0000, 0x0000, 0x0000, 0x0000, 0x0000, 0x0000, 0x0000, 0x0000, 0x0000, 0x0000, 0x0000, 0x0000, 0x0000,
  0x0000, 0x0000, 0x0000, 0x0000, 0x0000, 0x0000, 0x0000, 0x0000, 0x0000, 0x0000, 0x0000, 0x0000, 0x0000, 0x0000, 0x0000, 0x0000,
};
